loan_id,customer_id,branch_id,loan_type,loan_amount,interest_rate,loan_term,loan_status,disbursement_date
LOAN000001,CUST002324,BR053,Gold Loan,72962,9.6,10,Closed,2026-01-04
LOAN000002,CUST000439,BR120,Education Loan,2146655,15.35,39,Active,2024-05-06
LOAN000003,CUST003035,BR032,Personal Loan,422686,16.14,44,Active,2022-10-24
LOAN000004,CUST004112,BR052,Business Loan,3689738,9.79,32,Closed,2026-07-25
LOAN000005,CUST001132,BR021,Auto Loan,1218948,8.9,67,Active,2019-07-05
LOAN000006,CUST003934,BR048,Personal Loan,353080,,31,Closed,2015-12-17
LOAN000007,CUST000695,BR007,Personal Loan,962839,16.24,54,Active,2016-10-08
LOAN000008,CUST000721,BR117,Education Loan,1608340,11.04,103,Closed,2020-11-04
LOAN000009,CUST000726,BR088,Personal Loan,80960,14.45,23,Active,2026-07-05
LOAN000010,CUST002400,BR065,Auto Loan,1264587,12.03,56,Active,2018-10-10
LOAN000011,CUST002023,BR139,Personal Loan,250487,11.49,18,Active,2026-01-23
LOAN000012,CUST004816,BR003,Home Loan,5652388,16.44,200,Active,2018-06-01
LOAN000013,CUST002997,BR073,Auto Loan,417649,9.92,27,Active,2017-04-21
LOAN000014,CUST004012,BR129,Personal Loan,371307,14.68,19,Active,2026-06-24
LOAN000015,CUST000822,BR145,Gold Loan,292528,14.42,25,Active,2026-03-25
LOAN000016,CUST002227,BR137,Gold Loan,69087,11.56,15,Active,2019-01-25
LOAN000017,CUST000258,BR092,Personal Loan,661854,14.38,26,Active ,2024-06-16
LOAN000018,CUST002114,BR122,Home Loan,2120310,14.58,231,ACTIVE,2025-02-16
LOAN000019,CUST002307,BR135,Personal Loan,977921,9.13,33,Closed,2026-07-17
LOAN000020,CUST002401,BR076,Home Loan,8634759,8.01,208,Closed,2018-09-05
LOAN000021,CUST004899,BR071,Gold Loan,119028,11.02,14,Defaulted,2021-10-20
LOAN000022,CUST000160,BR118,Education Loan,1525692,10.49,111,Active,2024-07-12
LOAN000023,CUST003278,BR069,Personal Loan,607721,11.77,53,Active,2025-04-25
LOAN000024,CUST003218,BR111,Auto Loan,826798,9.2,61,Active,2025-04-17
LOAN000025,CUST004477,BR022,Personal Loan,414237,9.99,34,Active,2020-07-10
LOAN000026,CUST002159,BR068,Gold Loan,186489,14.0,12,Closed,2015-02-06
LOAN000027,CUST004560,BR049,Business Loan,2375086,11.39,48,Closed,2023-01-17
LOAN000028,CUST000554,BR053,Auto Loan,528673,15.07,70,Active,2026-07-25
LOAN000029,CUST004417,BR120,Home Loan,4498136,14.82,163,Closed,2019-08-27
LOAN000030,CUST000067,BR143,Home Loan,4505442,7.64,182,Active,2019-01-25
LOAN000031,CUST000557,BR092,Auto Loan,164044,12.19,49,CLOSED,2024-11-18
LOAN000032,CUST003068,BR066,Auto Loan,1543079,8.31,46,Active,2023-12-04
LOAN000033,CUST800000,BR095,Business Loan,434930,15.49,82,Active,2024-09-01
LOAN000034,CUST002973,BR021,Personal Loan,696090,8.83,49,Closed,2025-09-01
LOAN000035,CUST001985,BR114,Personal Loan,234219,7.66,17,Closed,2026-02-24
LOAN000036,CUST003849,BR020,Auto Loan,231439,9.33,58,Active,2019-06-25
LOAN000037,CUST003605,BR137,Auto Loan,1531359,12.16,58,actve,2025-05-06
LOAN000038,CUST000612,BR058,Auto Loan,,11.07,47,Active,2023-05-23
LOAN000039,CUST003332,BR065,Education Loan,867133,10.29,85,Active,2022-07-23
LOAN000040,CUST000316,BR063,Auto Loan,1099703,14.0,45,Active,2024-08-09
LOAN000041,CUST004489,BR040,Home Loan,8713762,12.16,140,Active,2015-01-07
LOAN000042,CUST004194,BR020,Personal Loan,557280,8.16,21,Defaulted,2018-08-22
LOAN000043,CUST000945,BR096,Gold Loan,329358,14.13,13,Defaulted,2026-06-15
LOAN000044,CUST000578,BR068,Auto Loan,708187,10.73,40,Active,2020-07-07
LOAN000045,CUST000085,BR105,Education Loan,421027,14.47,60,Active,2025-12-29
LOAN000046,CUST000602,BR033,Personal Loan,997100,15.27,29,Closed,2024-08-06
LOAN000047,CUST004006,BR137,Personal Loan,955889,10.65,51,Active,2020-08-18
LOAN000048,CUST004698,BR137,Gold Loan,160695,14.14,31,Closed,2022-12-22
LOAN000049,CUST002915,BR085,Business Loan,1817530,10.69,54,Active,2021-12-20
LOAN000050,CUST000616,BR094,Home Loan,8374175,10.08,212,Active ,2024-04-08
LOAN000051,CUST002554,BR062,Home Loan,7101023,13.18,159,Active,2012-01-15
LOAN000052,CUST002299,BR064,Home Loan,2083491,10.65,155,Active,2020-01-04
LOAN000053,CUST004160,BR029,Home Loan,5243633,9.46,202,Active,2022-05-03
LOAN000054,CUST004428,BR106,Gold Loan,105497,12.74,35,Pending Approval,2025-04-16
LOAN000055,CUST003314,BR148,Auto Loan,714852,8.8,76,Active,2013-11-27
LOAN000056,CUST001303,BR137,Personal Loan,563651,7.55,51,Active,2019-03-14
LOAN000057,CUST004429,BR113,Personal Loan,907383,9.35,41,Active,2021-12-05
LOAN000058,CUST002240,BR006,Gold Loan,95590,11.71,30,Active,2025-09-07
LOAN000059,CUST002718,BR027,Gold Loan,,11.37,23,Active,2023-12-02
LOAN000060,CUST004892,BR104,Education Loan,2224601,13.61,61,Active,2025-07-14
LOAN000061,CUST003382,BR004,Home Loan,5975687,16.19,180,Closed,2024-03-27
LOAN000062,CUST001471,BR054,Auto Loan,1081355,9.46,45,Active,2020-01-14
LOAN000063,CUST003176,BR094,Personal Loan,767956,7.68,30,Closed,2024-12-02
LOAN000064,CUST003829,BR093,Personal Loan,670137,9.88,51,Active,2022-07-24
LOAN000065,CUST001445,BR136,Home Loan,1766576,10.99,160,Active,2018-09-02
LOAN000066,CUST003180,BR090,Personal Loan,663353,12.61,19,Active,2025-11-12
LOAN000067,CUST004971,BR052,Business Loan,1467753,15.15,37,Active,2022-09-25
LOAN000068,CUST003607,BR013,Auto Loan,1131580,,63,Active,2026-02-18
LOAN000069,CUST001787,BR080,Home Loan,2745422,11.13,164,Active,2018-03-24
LOAN000070,CUST001874,BR101,Gold Loan,302758,9.32,19,Closed,2026-05-03
LOAN000071,CUST001244,BR130,Auto Loan,1375581,14.65,53,Pending Approval,2022-10-01
LOAN000072,CUST003582,BR028,Personal Loan,947442,16.26,54,Active,2023-09-28
LOAN000073,CUST004766,BR144,Personal Loan,546712,10.75,33,Closed,2024-10-12
LOAN000074,CUST002882,BR122,Education Loan,1467090,,98,Closed,2023-04-08
LOAN000075,CUST001001,BR092,Personal Loan,869561,8.14,53,Defaulted,2026-02-02
LOAN000076,CUST004356,BR031,Personal Loan,546357,11.64,42,Active,2021-03-24
LOAN000077,CUST000162,BR032,Education Loan,1303874,10.77,106,Closed,2017-12-03
LOAN000078,CUST001416,BR054,Gold Loan,73017,14.61,32,Active,2026-05-21
LOAN000079,CUST002458,BR146,Gold Loan,394000,9.74,8,Active,2015-02-28
LOAN000080,CUST000413,BR123,Auto Loan,1006922,15.4,76,Defaulted,2023-04-03
LOAN000081,CUST004417,BR042,Gold Loan,137977,15.95,15,Closed,2025-01-12
LOAN000082,CUST001630,BR037,Education Loan,1482268,9.96,115,Active,2022-06-04
LOAN000083,CUST001388,BR012,Gold Loan,218513,14.51,13,Active,2022-12-24
LOAN000084,CUST003736,BR092,Personal Loan,389000,9.04,18,ACTIVE,2023-08-10
LOAN000085,CUST003782,BR073,Home Loan,5216672,12.19,232,Closed,2022-12-20
LOAN000086,CUST002571,BR003,Business Loan,2985324,16.37,60,Closed,2023-10-28
LOAN000087,CUST002435,BR106,Education Loan,2011175,,78,Pending Approval,2017-04-22
LOAN000088,CUST002669,BR012,Gold Loan,402362,11.09,27,ACTIVE,2025-05-03
LOAN000089,CUST002734,BR014,Auto Loan,737938,9.98,75,Closed,2026-05-26
LOAN000090,CUST800001,BR137,Personal Loan,756641,9.08,34,Closed,2022-04-05
LOAN000091,CUST000532,BR143,Personal Loan,258840,16.04,59,Closed,2026-03-23
LOAN000092,CUST000778,BR008,Education Loan,2206305,11.32,98,Active,2017-08-18
LOAN000093,CUST001746,BR131,Auto Loan,529737,13.79,59,Active,2022-11-04
LOAN000094,CUST000760,BR038,Home Loan,6269193,10.26,171,Closed,2024-12-30
LOAN000095,CUST004343,BR077,Auto Loan,1126933,16.07,78,Active,2022-07-30
LOAN000096,CUST002250,BR126,Personal Loan,132191,10.22,18,Active,2022-02-12
LOAN000097,CUST004753,BR091,Gold Loan,418529,13.21,33,Closed,2024-09-22
LOAN000098,CUST002678,BR086,Gold Loan,307941,9.59,21,Active,2024-12-05
LOAN000099,CUST003647,BR083,Auto Loan,1735027,15.82,37,Closed,2021-07-16
LOAN000100,CUST004720,BR041,Personal Loan,225835,10.75,14,Closed,2017-06-21
LOAN000101,CUST000146,BR042,Education Loan,690437,9.29,82,Defaulted,2025-09-24
LOAN000102,CUST001561,BR037,Business Loan,2367956,9.2,84,Closed,2025-08-11
LOAN000103,CUST002955,BR128,Home Loan,8202008,13.52,189,Closed,2026-05-21
LOAN000104,CUST000509,BR040,Gold Loan,451023,14.37,7,pending approval,2026-06-09
LOAN000105,CUST000023,BR128,Home Loan,7576050,10.13,189,Active,2025-09-10
LOAN000106,CUST002292,BR049,Personal Loan,128294,16.24,56,Pending Approval,2026-07-30
LOAN000107,CUST000858,BR109,Gold Loan,470796,15.46,12,Active,2026-01-14
LOAN000108,CUST002660,BR048,Home Loan,7233790,10.55,145,Active,2019-05-25
LOAN000109,CUST002240,BR038,Home Loan,3756011,8.62,218,Closed,2026-02-03
LOAN000110,CUST002976,BR070,Personal Loan,382832,9.04,43,Closed,2019-05-22
LOAN000111,CUST002852,BR118,Auto Loan,1686739,15.17,42,actve,2026-06-21
LOAN000112,CUST004381,BR060,Auto Loan,1387285,9.78,74,Active,2022-02-10
LOAN000113,CUST001115,BR149,Personal Loan,443503,10.27,40,Active,2016-06-06
LOAN000114,CUST002163,BR118,Business Loan,1094093,10.78,88,Active,2018-04-05
LOAN000115,CUST004145,BR046,Home Loan,4417225,12.42,228,Active,2025-11-16
LOAN000116,CUST000242,BR126,Gold Loan,67780,14.18,20,Active,2024-01-01
LOAN000117,CUST002428,BR104,Home Loan,5836435,9.66,125,ACTIVE,2025-03-30
LOAN000118,CUST004461,BR080,Home Loan,7385937,11.66,129,Active,2023-02-18
LOAN000119,CUST004736,BR057,Home Loan,3978825,11.44,168,Closd,2022-08-23
LOAN000120,CUST002006,BR005,Gold Loan,325427,8.53,23,Closd,2022-03-07
LOAN000121,CUST003796,BR139,Auto Loan,1572136,12.63,77,Active,2020-11-17
LOAN000122,CUST000113,BR088,Auto Loan,1703728,8.81,56,Defaulted,2026-07-21
LOAN000123,CUST800002,BR136,Personal Loan,168193,8.45,50,Active,2018-05-16
LOAN000124,CUST001436,BR054,Auto Loan,768307,16.19,33,Active,2025-02-21
LOAN000125,CUST000925,BR134,Home Loan,2042565,,207,Active,2021-03-25
LOAN000126,CUST002277,BR031,Gold Loan,241310,15.55,13,Closed,2026-07-12
LOAN000127,CUST002693,BR107,Auto Loan,1283012,12.67,72,CLOSED,2025-05-27
LOAN000128,CUST004685,BR076,Personal Loan,681126,14.55,53,Closed,2015-05-26
LOAN000129,CUST000054,BR086,Personal Loan,505175,16.28,42,Active,2023-09-23
LOAN000130,CUST800003,BR150,Business Loan,964058,15.02,62,Closed,2018-05-19
LOAN000131,CUST000214,BR050,Education Loan,2388304,12.19,48,Active,2023-03-31
LOAN000132,CUST004368,BR046,Education Loan,109809,14.78,69,Active,2021-03-20
LOAN000133,CUST001195,BR095,Gold Loan,443050,-2.0,19,Closd,2023-03-25
LOAN000134,CUST000453,BR017,Business Loan,4073030,12.3,80,Active,2017-08-12
LOAN000135,CUST001491,BR115,Home Loan,8799205,10.5,209,Pending Approval,2024-02-10
LOAN000136,CUST003274,BR017,Gold Loan,249753,9.69,25,Active ,2026-05-23
LOAN000137,CUST001567,BR137,Gold Loan,73919,14.41,14,Active,2015-07-24
LOAN000138,CUST000754,BR049,Gold Loan,476764,15.95,13,Pending Approval,2025-10-03
LOAN000139,CUST002142,BR096,Auto Loan,207916,9.87,67,Active,2018-06-22
LOAN000140,CUST001705,BR086,Home Loan,2308478,15.88,194,Active,2026-02-07
LOAN000141,CUST001207,BR083,Auto Loan,883810,13.31,78,Active,2019-02-22
LOAN000142,CUST004302,BR020,Education Loan,551587,11.5,66,Closed,2019-11-30
LOAN000143,CUST002453,BR063,Home Loan,2446339,7.95,212,Closed,2025-10-09
LOAN000144,CUST002978,BR114,Gold Loan,45637,8.19,29,closed,2022-10-20
LOAN000145,CUST001225,BR075,Education Loan,1766832,13.84,67,Active,2025-03-15
LOAN000146,CUST004195,BR141,Home Loan,8566984,9.95,188,Closed,2024-06-19
LOAN000147,CUST004475,BR098,Personal Loan,853922,15.23,52,Closed,2026-01-13
LOAN000148,CUST001263,BR149,Auto Loan,1506002,11.5,25,Pending Approval,2025-12-21
LOAN000149,CUST003454,BR110,Home Loan,5100685,11.17,163,Active,2025-07-29
LOAN000150,CUST002400,BR083,Auto Loan,1758701,11.81,41,Active,2026-05-04
LOAN000151,CUST003205,BR020,Personal Loan,,12.08,44,Active,2020-04-07
LOAN000152,CUST001027,BR015,Education Loan,2354131,16.25,96,Active,2024-12-25
LOAN000153,CUST004825,BR032,Business Loan,4876722,7.84,73,Active,2023-10-20
LOAN000154,CUST004261,BR126,Business Loan,1213834,15.05,47,Active,2024-06-07
LOAN000155,CUST002273,BR063,Auto Loan,372664,14.5,82,Active,2012-03-19
LOAN000156,CUST002770,BR131,Business Loan,4448409,11.6,39,Active,2022-04-23
LOAN000157,CUST002376,BR074,Personal Loan,711182,14.64,37,actve,2026-07-03
LOAN000158,CUST002649,BR044,Business Loan,3800406,10.9,81,Active,2025-08-11
LOAN000159,CUST001595,BR123,Personal Loan,614218,9.16,45,Active,2019-08-21
LOAN000160,CUST001427,BR089,Gold Loan,165101,7.58,35,Active ,2015-09-01
LOAN000161,CUST000733,BR020,Auto Loan,686849,12.47,65,Active,2024-01-14
LOAN000162,CUST000531,BR047,Education Loan,1288378,13.16,40,Active,2022-04-13
LOAN000163,CUST800004,BR022,Auto Loan,1688279,8.96,42,Active,2018-09-03
LOAN000164,CUST002635,BR103,Gold Loan,281202,8.31,9,Defaulted,2023-04-07
LOAN000165,CUST002768,BR109,Gold Loan,179445,16.37,19,pending approval,2022-03-17
LOAN000166,CUST000766,BR115,Home Loan,3513739,8.63,139,Defaulted,2013-06-08
LOAN000167,CUST002787,BR900,Auto Loan,469686,8.72,42,Defaulted,2023-12-15
LOAN000168,CUST000365,BR052,Personal Loan,339227,9.93,17,Active,2013-07-08
LOAN000169,CUST002997,BR064,Home Loan,8232379,12.02,181,Active,2017-09-02
LOAN000170,CUST003573,BR004,Personal Loan,802010,7.56,18,Active,2026-04-10
LOAN000171,CUST003222,BR136,Business Loan,4007641,8.24,48,Active,2020-01-03
LOAN000172,CUST003558,BR060,Gold Loan,188043,14.79,6,actve,2025-08-09
LOAN000173,CUST000931,BR030,Personal Loan,721079,15.83,57,Closed,2026-04-11
LOAN000174,CUST000200,BR033,Home Loan,4390354,16.28,150,Closed,2015-06-17
LOAN000175,CUST003349,BR009,Personal Loan,647190,11.14,13,Active,2021-06-08
LOAN000176,CUST004096,BR063,Personal Loan,944065,13.16,26,actve,2021-05-18
LOAN000177,CUST000318,BR148,Gold Loan,38192,7.93,12,Closed,2026-03-10
LOAN000178,CUST004569,BR148,Personal Loan,865659,13.39,34,closed,2022-02-12
LOAN000179,CUST003249,BR050,Auto Loan,262466,13.78,42,Closed,2026-02-08
LOAN000180,CUST004359,BR005,Gold Loan,95719,12.57,13,Active,2022-02-27
LOAN000181,CUST002535,BR021,Auto Loan,970683,10.2,35,Active,2024-09-15
LOAN000182,CUST001072,BR050,Business Loan,842268,14.46,45,Closed,2023-02-04
LOAN000183,CUST002577,BR095,Home Loan,8417898,15.62,220,Closed,2022-12-11
LOAN000184,CUST003810,BR075,Business Loan,1484499,9.56,28,Closed,2023-07-30
LOAN000185,CUST004557,BR901,Business Loan,519058,13.24,62,DEFAULTED,2019-04-08
LOAN000186,CUST003412,BR072,Auto Loan,1283029,9.8,79,Pending Approval,2018-09-22
LOAN000187,CUST002119,BR084,Gold Loan,234848,10.33,22,Active,2026-05-03
LOAN000188,CUST003344,BR032,Business Loan,1868967,10.15,32,Closed,2026-01-29
LOAN000189,CUST001975,BR074,Business Loan,3514385,11.16,30,Active,2018-10-18
LOAN000190,CUST000451,BR116,Auto Loan,895384,10.38,37,Closed,2026-03-09
LOAN000191,CUST001692,BR025,Gold Loan,272911,10.14,8,Closed,2023-08-08
LOAN000192,CUST002132,BR045,Home Loan,1562753,12.97,151,Active,2018-03-22
LOAN000193,CUST002079,BR096,Auto Loan,202940,15.28,73,Active,2017-03-24
LOAN000194,CUST000034,BR026,Gold Loan,231423,8.11,31,Closed,2024-11-13
LOAN000195,CUST001333,BR074,Business Loan,351908,10.14,76,Closed,2021-11-17
LOAN000196,CUST004902,BR129,Gold Loan,152736,10.59,20,Active,2023-05-23
LOAN000197,CUST004976,BR043,Home Loan,6015817,12.86,124,Active,2014-09-09
LOAN000198,CUST001202,BR121,Business Loan,1877474,8.34,48,Active,2016-05-08
LOAN000199,CUST001727,BR071,Education Loan,1239178,-2.0,105,Active,2025-02-23
LOAN000200,CUST004802,BR085,Business Loan,462481,8.93,46,Active,2024-07-25
LOAN000201,CUST000984,BR072,Education Loan,1284859,10.07,71,Active,2026-02-19
LOAN000202,CUST003851,BR034,Home Loan,5217509,10.16,181,Active,2024-12-29
LOAN000203,CUST002695,BR123,Gold Loan,131991,10.6,25,Defaulted,2025-11-01
LOAN000204,CUST001057,BR142,Auto Loan,,16.2,30,Active,2025-12-24
LOAN000205,CUST004271,BR088,Personal Loan,387909,9.52,36,Closd,2025-09-30
LOAN000206,CUST002142,BR042,Home Loan,4545224,11.31,230,Active,2024-03-30
LOAN000207,CUST001506,BR055,Home Loan,5286314,13.04,131,Active,2026-04-07
LOAN000208,CUST002987,BR073,Home Loan,2138862,11.05,167,Active,2022-11-12
LOAN000209,CUST002574,BR058,Home Loan,8192449,11.3,141,Pending Approval,2024-08-01
LOAN000210,CUST000213,BR136,Personal Loan,422786,11.28,29,Active,2022-12-01
LOAN000211,CUST000880,BR036,Home Loan,3592064,16.1,159,Active,2018-10-21
LOAN000212,CUST002772,BR114,Personal Loan,331046,8.49,42,Active,2024-07-02
LOAN000213,CUST003762,BR092,Education Loan,781239,10.71,57,Active,2023-11-03
LOAN000214,CUST001746,BR073,Home Loan,4459516,14.35,148,Defaulted,2026-07-27
LOAN000215,CUST004600,BR120,Personal Loan,624026,16.16,42,Closed,2022-01-30
LOAN000216,CUST000411,BR068,Personal Loan,780238,9.89,40,Closed,2026-06-12
LOAN000217,CUST002077,BR028,Auto Loan,1049667,12.46,41,Closed,2014-02-16
LOAN000218,CUST003474,BR044,Business Loan,4796978,8.4,80,Defaulted,2026-06-30
LOAN000219,CUST000738,BR119,Gold Loan,185995,15.26,6,Closed,2022-05-18
LOAN000220,CUST002832,BR119,Home Loan,6081009,10.36,208,CLOSED,2018-10-12
LOAN000221,CUST004989,BR104,Auto Loan,480186,11.03,54,Pending Approval,2024-11-09
LOAN000222,CUST004060,BR142,Auto Loan,802596,7.9,53,Active,2021-03-04
LOAN000223,CUST001868,BR108,Personal Loan,684156,13.28,45,Closed,2019-10-17
LOAN000224,CUST004509,BR130,Home Loan,5209303,8.12,163,Active,2025-03-19
LOAN000225,CUST003993,BR043,Auto Loan,373603,11.64,44,Active,2021-05-09
LOAN000226,CUST000978,BR068,Gold Loan,433821,13.51,23,Active,2023-04-03
LOAN000227,CUST003329,BR099,Home Loan,4550158,15.12,155,actve,2024-02-13
LOAN000228,CUST003281,BR145,Personal Loan,858855,13.88,48,Closed,2022-09-07
LOAN000229,CUST001660,BR110,Personal Loan,672687,9.25,15,Active,2023-09-29
LOAN000230,CUST001599,BR003,Auto Loan,1551622,11.69,40,Active,2026-05-12
LOAN000231,CUST001166,BR108,Personal Loan,784064,9.4,30,Active,2016-05-29
LOAN000232,CUST002805,BR048,Education Loan,2333737,11.62,47,Active,2025-10-13
LOAN000233,CUST000606,BR021,Personal Loan,518008,8.31,49,Active,2022-06-08
LOAN000234,CUST000767,BR120,Gold Loan,445301,15.7,25,Active,2023-05-06
LOAN000235,CUST004081,BR106,Education Loan,366437,15.0,106,ACTIVE,2022-10-14
LOAN000236,CUST001247,BR144,Personal Loan,416166,12.12,20,Active,2015-06-18
LOAN000237,CUST003083,BR078,Auto Loan,1797618,12.45,43,Active,2019-04-09
LOAN000238,CUST004059,BR146,Auto Loan,1110518,12.27,46,Active,2015-12-24
LOAN000239,CUST000089,BR112,Education Loan,2231625,13.49,99,Active,2026-07-21
LOAN000240,CUST001043,BR077,Gold Loan,240716,14.17,12,Active,2025-10-25
LOAN000241,CUST000202,BR144,Gold Loan,457836,14.72,33,Active,2022-05-02
LOAN000242,CUST001945,BR143,Education Loan,1403884,10.13,74,Active,2019-09-28
LOAN000243,CUST001462,BR108,Personal Loan,828597,10.77,13,Active,2026-04-03
LOAN000244,CUST004274,BR091,Gold Loan,284853,15.06,24,Closed,2022-07-08
LOAN000245,CUST004146,BR030,Business Loan,1295194,8.58,48,ACTIVE,2024-08-28
LOAN000246,CUST001318,BR111,Personal Loan,842609,11.73,33,Closed,2023-02-26
LOAN000247,CUST001577,BR064,Auto Loan,769117,9.61,65,Defaulted,2022-12-23
LOAN000248,CUST002633,BR083,Education Loan,2086553,10.6,47,Active,2026-07-11
LOAN000249,CUST002737,BR037,Education Loan,767575,11.2,60,Active,2021-12-29
LOAN000250,CUST000884,BR044,Auto Loan,864791,13.93,27,actve,2023-04-13
LOAN000251,CUST003423,BR020,Personal Loan,222111,8.59,45,Active,2025-08-03
LOAN000252,CUST001004,BR028,Auto Loan,983606,10.78,39,Active,2021-11-01
LOAN000253,CUST004524,BR051,Personal Loan,456169,12.61,51,Active,2025-12-21
LOAN000254,CUST001185,BR097,Business Loan,2826267,14.78,38,Closed,2026-05-03
LOAN000255,CUST004858,BR054,Gold Loan,284271,13.35,26,Closed,2026-07-03
LOAN000256,CUST001396,BR130,Home Loan,6662874,12.43,210,Closed,2018-01-08
LOAN000257,CUST001587,BR103,Personal Loan,643331,10.01,38,Active,2026-06-22
LOAN000258,CUST000544,BR093,Auto Loan,1005143,16.28,41,Active,2026-01-24
LOAN000259,CUST000094,BR080,Education Loan,2102438,14.1,94,Active,2025-09-13
LOAN000260,CUST002926,BR087,Auto Loan,1440420,,45,Active,2019-01-05
LOAN000261,CUST004120,BR090,Business Loan,,9.47,49,Closed,2025-10-11
LOAN000262,CUST002200,BR065,Education Loan,920625,13.24,69,Closed,2023-12-28
LOAN000263,CUST000413,BR065,Auto Loan,802451,12.46,38,Active,2019-09-27
LOAN000264,CUST000097,BR056,Education Loan,1579655,12.69,95,Closed,2022-02-20
LOAN000265,CUST003344,BR091,Gold Loan,27153,10.96,23,ACTIVE,2026-04-08
LOAN000266,CUST000173,BR140,Auto Loan,1713661,,53,Active,2023-03-28
LOAN000267,CUST000137,BR073,Auto Loan,475830,9.07,49,Active,2026-02-14
LOAN000268,CUST003752,BR011,Gold Loan,199951,9.32,11,Active,2023-07-12
LOAN000269,CUST003433,BR117,Personal Loan,362224,10.45,56,Active,2023-09-09
LOAN000270,CUST004143,BR086,Personal Loan,179456,14.9,20,Pending Approval,2024-11-22
LOAN000271,CUST002453,BR013,Education Loan,2134548,15.86,106,Closed,2026-02-20
LOAN000272,CUST004920,BR022,Education Loan,1887801,10.45,62,Active,2011-11-03
LOAN000273,CUST000245,BR121,Business Loan,220311,9.41,93,Active,2020-12-24
LOAN000274,CUST000276,BR087,Gold Loan,378079,13.92,18,Active,2022-05-09
LOAN000275,CUST002243,BR062,Home Loan,4548286,14.62,212,Closed,2023-06-09
LOAN000276,CUST002469,BR053,Gold Loan,266661,13.65,16,Active,2014-07-08
LOAN000277,CUST004644,BR131,Education Loan,526617,8.35,81,Closed,2018-06-16
LOAN000278,CUST000444,BR015,Home Loan,2968145,11.17,190,Active,2021-10-22
LOAN000279,CUST004461,BR054,Personal Loan,545245,13.31,32,Closed,2022-09-12
LOAN000280,CUST002804,BR009,Home Loan,4117959,7.6,206,Active,2024-08-13
LOAN000281,CUST003578,BR135,Business Loan,3931952,7.56,29,Active,2023-02-12
LOAN000282,CUST003203,BR120,Auto Loan,1514333,11.56,69,Closed,2025-04-29
LOAN000283,CUST003359,BR041,Auto Loan,770357,8.09,29,Active,2021-10-20
LOAN000284,CUST002673,BR007,Home Loan,7055550,15.45,167,Active,2017-03-17
LOAN000285,CUST002950,BR029,Personal Loan,613248,11.35,53,Active,2020-04-04
LOAN000286,CUST001139,BR147,Gold Loan,178765,13.59,19,Pending Approval,2013-03-10
LOAN000287,CUST003057,BR138,Gold Loan,75190,16.42,31,Active,2022-01-17
LOAN000288,CUST002242,BR049,Education Loan,631163,8.53,116,Active,2026-05-27
LOAN000289,CUST004125,BR042,Education Loan,2482017,14.97,103,Defaulted,2025-05-11
LOAN000290,CUST002298,BR147,Education Loan,574965,8.76,88,Active,2024-01-29
LOAN000291,CUST001280,BR149,Gold Loan,406104,16.0,12,Active,2014-02-27
LOAN000292,CUST004602,BR061,Auto Loan,773045,13.92,60,Closed,2022-09-02
LOAN000293,CUST002313,BR147,Home Loan,8545901,9.71,222,Active,2018-10-14
LOAN000294,CUST001238,BR120,Auto Loan,580589,9.0,58,Active,2013-10-03
LOAN000295,CUST001727,BR026,Home Loan,3433345,12.69,212,Closed,2026-03-17
LOAN000296,CUST002503,BR027,Auto Loan,962249,10.13,27,Closed,2018-02-09
LOAN000297,CUST001964,BR033,Gold Loan,179033,16.35,17,Active,2025-10-19
LOAN000298,CUST004380,BR031,Auto Loan,396571,14.33,30,Active,2024-01-19
LOAN000299,CUST001067,BR055,Personal Loan,606708,15.37,41,Closed,2026-07-07
LOAN000300,CUST001907,BR093,Personal Loan,506062,8.08,25,Pending Approval,2023-02-23
LOAN000301,CUST000461,BR013,Gold Loan,25607,14.46,11,Pending Approval,2016-03-22
LOAN000302,CUST002070,BR142,Auto Loan,1086281,8.23,73,Closed,2022-10-23
LOAN000303,CUST002813,BR031,Gold Loan,338281,11.38,11,Active,2020-04-24
LOAN000304,CUST001181,BR136,Education Loan,162509,10.82,74,Active,2026-07-08
LOAN000305,CUST002877,BR015,Personal Loan,539706,0.0,16,Closed,2026-07-28
LOAN000306,CUST003154,BR115,Auto Loan,807934,16.11,64,Active,2021-10-21
LOAN000307,CUST003932,BR079,Personal Loan,155774,11.72,32,Active,2021-08-10
LOAN000308,CUST001969,BR121,Home Loan,7743787,9.77,140,Active,2023-08-05
LOAN000309,CUST001872,BR052,Home Loan,6625689,13.41,177,Closed,2020-04-15
LOAN000310,CUST003938,BR150,Personal Loan,326642,12.56,35,Closed,2023-02-26
LOAN000311,CUST002277,BR114,Education Loan,1095697,14.67,116,Active,2026-07-24
LOAN000312,CUST003090,BR114,Home Loan,8195308,9.69,218,Active,2026-07-31
LOAN000313,CUST004637,BR042,Auto Loan,1621795,12.35,64,Closed,2023-06-13
LOAN000314,CUST002921,BR058,Personal Loan,115599,11.85,58,Closed,2025-07-10
LOAN000315,CUST004454,BR014,Business Loan,1528614,9.56,53,Active,2026-02-28
LOAN000316,CUST003500,BR050,Auto Loan,1270611,12.29,26,Closed,2015-10-10
LOAN000317,CUST001400,BR039,Education Loan,690407,15.22,57,Active,2025-04-25
LOAN000318,CUST000230,BR076,Education Loan,1223252,13.64,64,Active,2021-05-22
LOAN000319,CUST004914,BR113,Personal Loan,443397,14.72,27,Defaulted,2024-11-26
LOAN000320,CUST001186,BR902,Home Loan,7079779,12.49,157,Active ,2021-05-24
LOAN000321,CUST004525,BR072,Home Loan,3446896,15.68,191,Active,2021-03-16
LOAN000322,CUST001827,BR003,Personal Loan,547077,11.02,32,Active,2024-02-21
LOAN000323,CUST000525,BR081,Auto Loan,272077,12.85,69,Active,2013-11-22
LOAN000324,CUST004015,BR139,Auto Loan,458506,12.76,69,actve,2021-08-28
LOAN000325,CUST003218,BR050,Education Loan,127871,,86,Active,2023-02-15
LOAN000326,CUST000336,BR140,Gold Loan,423052,14.93,7,Active,2013-09-07
LOAN000327,CUST001312,BR012,Personal Loan,967115,15.64,51,Active,2025-07-27
LOAN000328,CUST001623,BR019,Personal Loan,898505,12.12,56,Defaulted,2020-09-21
LOAN000329,CUST003228,BR132,Personal Loan,792524,11.79,31,Pending Approval,2024-01-18
LOAN000330,CUST003491,BR005,Home Loan,6975665,12.54,222,Active,2026-07-24
LOAN000331,CUST003195,BR079,Auto Loan,1069294,15.27,47,Active,2025-10-18
LOAN000332,CUST003075,BR092,Home Loan,4394199,8.68,128,Closed,2013-02-27
LOAN000333,CUST004674,BR133,Home Loan,4929265,8.84,169,Active,2019-01-27
LOAN000334,CUST003987,BR011,Home Loan,2988824,10.3,160,Active,2025-06-14
LOAN000335,CUST003783,BR037,Education Loan,582616,16.48,69,Closed,2023-11-20
LOAN000336,CUST002055,BR110,Auto Loan,,10.78,54,Active,2026-04-06
LOAN000337,CUST002508,BR033,Business Loan,1740427,13.14,37,Active,2026-03-01
LOAN000338,CUST001218,BR055,Business Loan,3861416,15.06,65,Active,2023-06-04
LOAN000339,CUST002919,BR022,Education Loan,434206,12.52,40,Active,2026-06-14
LOAN000340,CUST002316,BR045,Gold Loan,137206,8.28,25,Closed,2026-01-07
LOAN000341,CUST004519,BR145,Home Loan,2522432,13.56,175,Pending Approval,2023-04-23
LOAN000342,CUST001724,BR039,Gold Loan,316547,11.48,21,Active,2014-11-27
LOAN000343,CUST001685,BR114,Auto Loan,1075242,12.75,42,Defaulted,2026-07-13
LOAN000344,CUST001774,BR126,Gold Loan,413231,13.71,29,Closed,2022-05-25
LOAN000345,CUST001759,BR065,Personal Loan,645517,9.52,35,Active,2026-06-24
LOAN000346,CUST002664,BR141,Education Loan,1263970,8.08,115,Closed,2025-06-10
LOAN000347,CUST000360,BR074,Home Loan,8397222,15.81,131,CLOSED,2022-03-17
LOAN000348,CUST001754,BR014,Education Loan,1628165,14.21,69,Active,2022-07-06
LOAN000349,CUST004258,BR137,Home Loan,2608342,13.83,189,Active,2026-06-28
LOAN000350,CUST000661,BR020,Business Loan,1545397,12.56,65,Active,2020-09-22
LOAN000351,CUST004309,BR013,Business Loan,1759597,12.17,86,Active,2025-04-03
LOAN000352,CUST000190,BR110,Personal Loan,445278,14.38,53,Active,2023-04-07
LOAN000353,CUST003751,BR149,Business Loan,266080,7.82,40,Closed,2023-10-10
LOAN000354,CUST002651,BR138,Personal Loan,458524,14.15,49,Active,2021-03-23
LOAN000355,CUST004841,BR148,Auto Loan,550808,15.9,55,Active,2024-07-31
LOAN000356,CUST001447,BR139,Gold Loan,291976,14.66,13,Active,2025-04-15
LOAN000357,CUST004316,BR042,Gold Loan,398080,16.21,32,Active,2025-05-22
LOAN000358,CUST003836,BR132,Personal Loan,590042,11.77,13,Closed,2025-03-19
LOAN000359,CUST000115,BR132,Home Loan,4278847,15.38,147,Active,2024-08-17
LOAN000360,CUST003060,BR060,Personal Loan,465451,13.72,42,Pending Approval,2021-10-02
LOAN000361,CUST000424,BR108,Home Loan,2016662,15.12,183,Active,2025-02-04
LOAN000362,CUST004011,BR003,Personal Loan,80176,7.98,31,Closed,2025-08-06
LOAN000363,CUST002286,BR104,Education Loan,842014,7.51,46,Defaulted,2019-12-18
LOAN000364,CUST001570,BR002,Personal Loan,542133,14.49,13,Active,2024-02-24
LOAN000365,CUST002009,BR049,Home Loan,7545342,12.39,236,Pending Approval,2022-08-26
LOAN000366,CUST002998,BR001,Personal Loan,466051,8.39,12,Closed,2025-01-10
LOAN000367,CUST000083,BR090,Personal Loan,704670,9.15,37,Active,2013-12-28
LOAN000368,CUST004802,BR077,Auto Loan,1247232,8.88,78,Active,2026-02-10
LOAN000369,CUST002265,BR123,Home Loan,6564822,9.44,233,Active,2023-08-16
LOAN000370,CUST001194,BR044,Education Loan,533224,16.44,43,Closed,2015-12-20
LOAN000371,CUST004688,BR113,Home Loan,5991389,12.33,124,Closed,2025-01-28
LOAN000372,CUST004742,BR147,Business Loan,4975105,16.3,82,Active ,2022-07-27
LOAN000373,CUST001023,BR091,Education Loan,1627307,9.28,56,Closed,2024-10-24
LOAN000374,CUST000896,BR097,Personal Loan,935467,11.74,47,Active,2022-05-06
LOAN000375,CUST001044,BR135,Home Loan,7753127,12.2,120,Active,2019-09-09
LOAN000376,CUST000759,BR124,Auto Loan,1382786,14.88,57,Closed,2026-01-23
LOAN000377,CUST001471,BR103,Business Loan,1990292,7.71,56,Active,2022-02-27
LOAN000378,CUST003675,BR136,Personal Loan,374271,11.5,50,Closed,2022-12-14
LOAN000379,CUST004146,BR099,Auto Loan,1726280,9.53,39,Active,2024-06-21
LOAN000380,CUST004904,BR057,Personal Loan,583689,14.65,41,Closed,2026-01-09
LOAN000381,CUST004912,BR017,Auto Loan,775475,11.5,32,Active,2024-08-27
LOAN000382,CUST004063,BR018,Business Loan,2700958,7.52,61,Active,2025-03-26
LOAN000383,CUST000354,BR143,Personal Loan,367922,8.28,35,Active,2022-12-26
LOAN000384,CUST000306,BR004,Home Loan,7110016,9.03,127,Active,2025-07-02
LOAN000385,CUST002289,BR128,Auto Loan,1021667,7.68,62,Active,2022-07-12
LOAN000386,CUST000893,BR122,Education Loan,1146632,10.41,48,Closed,2024-02-28
LOAN000387,CUST001494,BR142,Gold Loan,63370,15.65,8,Defaulted,2025-12-28
LOAN000388,CUST003463,BR005,Education Loan,1277103,13.27,95,Closed,2025-02-08
LOAN000389,CUST003776,BR138,Gold Loan,432865,9.65,8,Closed,2026-04-25
LOAN000390,CUST004318,BR086,Personal Loan,764625,8.37,45,Defaulted,2024-04-27
LOAN000391,CUST000984,BR139,Home Loan,4932055,9.91,188,Defaulted,2025-12-12
LOAN000392,CUST002264,BR079,Home Loan,4678101,14.64,202,Active,2019-12-03
LOAN000393,CUST004931,BR125,Home Loan,1608397,9.12,164,Active,2023-01-18
LOAN000394,CUST003303,BR075,Personal Loan,773476,14.18,44,Active,2023-06-17
LOAN000395,CUST004557,BR055,Gold Loan,399757,14.88,30,Active,2026-03-06
LOAN000396,CUST002154,BR146,Personal Loan,698481,13.83,38,Pending Approval,2015-12-20
LOAN000397,CUST002085,BR037,Personal Loan,271066,12.24,53,Closed,2016-09-29
LOAN000398,CUST002383,BR015,Personal Loan,615343,9.75,45,Active,2023-12-19
LOAN000399,CUST004293,BR059,Business Loan,3174336,13.34,24,ACTIVE,2020-02-18
LOAN000400,CUST004225,BR092,Personal Loan,406575,12.35,34,Active,2020-01-10
LOAN000401,CUST000863,BR071,Education Loan,2299249,7.61,51,Active,2021-08-13
LOAN000402,CUST004033,BR028,Business Loan,3803441,16.31,53,Active ,2026-03-23
LOAN000403,CUST004224,BR065,Auto Loan,672903,14.31,58,Active,2026-04-13
LOAN000404,CUST002943,BR017,Auto Loan,1246318,7.79,26,Active,2024-05-08
LOAN000405,CUST002303,BR005,Auto Loan,341040,11.15,57,Active,2018-08-14
LOAN000406,CUST001040,BR093,Auto Loan,1480850,12.96,69,ACTIVE,2023-06-08
LOAN000407,CUST001718,BR073,Auto Loan,409936,15.33,82,Closed,2025-10-12
LOAN000408,CUST002241,BR065,Auto Loan,793374,13.1,46,Active,2024-06-15
LOAN000409,CUST003920,BR033,Auto Loan,1626213,,42,Active,2023-08-26
LOAN000410,CUST003492,BR009,Business Loan,1477551,13.37,88,Active,2026-06-15
LOAN000411,CUST000971,BR017,Gold Loan,236355,12.08,28,Active,2024-06-10
LOAN000412,CUST000209,BR089,Home Loan,1711774,,160,actve,2016-11-18
LOAN000413,CUST003423,BR092,Gold Loan,80600,13.08,24,actve,2025-06-28
LOAN000414,CUST003046,BR147,Home Loan,5568694,15.56,180,Pending Approval,2022-03-21
LOAN000415,CUST002126,BR080,Personal Loan,,8.1,52,Closed,2026-04-19
LOAN000416,CUST003107,BR002,Home Loan,7195183,11.07,218,Active,2023-12-16
LOAN000417,CUST003048,BR092,Personal Loan,783234,12.48,28,Closed,2026-04-23
LOAN000418,CUST002953,BR045,Personal Loan,664545,12.37,56,Closed,2022-05-28
LOAN000419,CUST002037,BR144,Gold Loan,483922,14.87,34,Active,2022-08-16
LOAN000420,CUST002475,BR103,Auto Loan,1284558,12.97,74,Defaulted,2026-07-04
LOAN000421,CUST000183,BR137,Personal Loan,805833,8.13,57,Active,2023-08-06
LOAN000422,CUST002219,BR125,Auto Loan,666901,11.19,71,pending approval,2013-11-10
LOAN000423,CUST000546,BR108,Auto Loan,678680,12.32,72,Active,2021-10-06
LOAN000424,CUST003312,BR085,Business Loan,4841076,12.72,41,Active,2025-04-22
LOAN000425,CUST000003,BR046,Home Loan,3026691,10.57,205,Active,2025-09-16
LOAN000426,CUST001803,BR055,Education Loan,149462,14.64,40,Active,2022-03-08
LOAN000427,CUST002264,BR014,Home Loan,4742487,14.9,222,Active,2026-06-21
LOAN000428,CUST004515,BR024,Personal Loan,138306,14.52,27,Closed,2020-12-29
LOAN000429,CUST001944,BR142,Personal Loan,282700,13.19,20,Active,2026-06-13
LOAN000430,CUST000210,BR025,Business Loan,3849347,11.11,38,Active,2021-10-18
LOAN000431,CUST002999,BR023,Home Loan,5183346,14.53,134,Active,2018-09-22
LOAN000432,CUST004506,BR142,Personal Loan,303539,10.13,51,Active,2025-05-10
LOAN000433,CUST002214,BR084,Personal Loan,278109,10.3,57,ACTIVE,2024-02-16
LOAN000434,CUST004482,BR001,Home Loan,2774574,9.38,236,Active,2026-03-19
LOAN000435,CUST002341,BR067,Home Loan,5401602,16.05,134,Active,2023-11-08
LOAN000436,CUST003435,BR100,Personal Loan,385751,,15,Active,2025-08-15
LOAN000437,CUST002782,BR072,Education Loan,1457451,8.44,67,actve,2025-02-28
LOAN000438,CUST004074,BR086,Business Loan,256803,16.45,75,Active,2025-07-11
LOAN000439,CUST001563,BR072,Personal Loan,639994,15.94,43,Defaulted,2019-02-13
LOAN000440,CUST002281,BR116,Business Loan,2984830,10.71,75,Active,2026-02-08
LOAN000441,CUST003281,BR019,Home Loan,8478049,10.87,157,Active,2018-06-15
LOAN000442,CUST001216,BR020,Home Loan,4830751,8.31,128,Closed,2022-03-01
LOAN000443,CUST004971,BR049,Personal Loan,283637,14.77,34,Closed,2025-03-09
LOAN000444,CUST002170,BR093,Personal Loan,248182,11.61,47,Active,2022-04-05
LOAN000445,CUST004702,BR143,Personal Loan,418741,12.63,22,Active,2023-09-06
LOAN000446,CUST004207,BR092,Gold Loan,396952,12.89,35,Closed,2026-03-22
LOAN000447,CUST002448,BR032,Auto Loan,273043,15.47,69,Defaulted,2020-06-28
LOAN000448,CUST002935,BR125,Personal Loan,744074,16.02,23,Closed,2026-01-21
LOAN000449,CUST002734,BR134,Home Loan,4969610,13.08,235,Active,2025-08-25
LOAN000450,CUST004307,BR150,Home Loan,6597434,7.57,172,Active,2022-11-26
LOAN000451,CUST003485,BR127,Home Loan,6169211,12.85,213,Closed,2025-10-31
LOAN000452,CUST003900,BR102,Personal Loan,936055,12.14,26,Active,2024-07-09
LOAN000453,CUST001948,BR057,Home Loan,8562049,8.25,152,Closed,2025-03-28
LOAN000454,CUST000957,BR097,Home Loan,3735014,9.6,208,Active,2016-06-15
LOAN000455,CUST004843,BR903,Home Loan,5408464,13.89,190,Defaulted,2025-11-04
LOAN000456,CUST004095,BR028,Gold Loan,163128,9.42,26,Closed,2026-05-03
LOAN000457,CUST003578,BR030,Auto Loan,1360152,14.49,76,Closed,2025-09-04
LOAN000458,CUST000040,BR072,Personal Loan,770665,9.33,34,Pending Approval,2026-02-01
LOAN000459,CUST000892,BR003,Personal Loan,319187,13.34,18,Active,2022-05-11
LOAN000460,CUST004875,BR114,Gold Loan,117915,12.16,17,Closd,2026-07-22
LOAN000461,CUST000440,BR141,Personal Loan,58812,15.15,16,ACTIVE,2026-02-14
LOAN000462,CUST001313,BR144,Personal Loan,955673,,50,Active,2021-02-14
LOAN000463,CUST001669,BR059,Home Loan,1810684,7.86,220,Active,2025-01-09
LOAN000464,CUST001475,BR031,Gold Loan,137065,9.13,9,Closed,2024-09-13
LOAN000465,CUST004637,BR038,Personal Loan,755822,13.34,45,Active,2025-06-21
LOAN000466,CUST001638,BR009,Auto Loan,421804,16.12,78,Pending Approval,2026-01-10
LOAN000467,CUST004872,BR124,Home Loan,5419592,8.76,203,Closed,2026-07-31
LOAN000468,CUST004716,BR116,Personal Loan,454850,10.78,31,Pending Approval,2018-02-14
LOAN000469,CUST000216,BR003,Home Loan,7245394,12.52,199,Active,2018-10-23
LOAN000470,CUST003302,BR024,Education Loan,168866,16.26,84,Active,2024-11-03
LOAN000471,CUST003913,BR025,Education Loan,2280291,11.97,113,Closed,2016-12-06
LOAN000472,CUST001440,BR099,Education Loan,1685424,,86,Active,2026-07-08
LOAN000473,CUST004788,BR010,Home Loan,3913921,11.59,209,Closed,2023-07-01
LOAN000474,CUST001573,BR037,Auto Loan,1407850,11.21,72,Active,2020-03-28
LOAN000475,CUST004741,BR044,Home Loan,3772733,13.55,126,Active ,2023-05-11
LOAN000476,CUST004161,BR143,Home Loan,4200708,13.18,135,Defaulted,2025-12-25
LOAN000477,CUST002997,BR141,Business Loan,4366051,8.95,57,Closed,2025-03-25
LOAN000478,CUST000403,BR124,Auto Loan,686844,8.72,35,Active,2018-04-20
LOAN000479,CUST001656,BR027,Auto Loan,1453830,15.94,30,Closed,2020-10-16
LOAN000480,CUST003970,BR090,Home Loan,6608591,13.01,182,Active,2025-10-16
LOAN000481,CUST003318,BR010,Home Loan,7765908,9.34,164,Closed,2025-08-12
LOAN000482,CUST003739,BR017,Gold Loan,262382,7.8,25,Active,2021-11-27
LOAN000483,CUST001624,BR077,Home Loan,2047552,15.29,213,Closed,2023-04-08
LOAN000484,CUST001737,BR089,Auto Loan,927031,14.73,33,Closed,2019-07-30
LOAN000485,CUST000438,BR113,Gold Loan,367650,11.81,11,Defaulted,2018-06-22
LOAN000486,CUST003087,BR007,Gold Loan,233543,15.72,14,Active,2020-10-12
LOAN000487,CUST001232,BR104,Personal Loan,639561,9.53,21,Active,2017-02-19
LOAN000488,CUST004007,BR013,Home Loan,7988180,16.27,160,Active,2021-01-10
LOAN000489,CUST002327,BR106,Personal Loan,934187,12.58,21,Closed,2021-11-21
LOAN000490,CUST000675,BR105,Auto Loan,180418,10.82,72,Pending Approval,2019-06-06
LOAN000491,CUST003218,BR136,Auto Loan,1019109,7.97,42,Closed,2021-07-29
LOAN000492,CUST004750,BR023,Auto Loan,1059802,8.31,47,Active,2024-12-15
LOAN000493,CUST004325,BR139,Personal Loan,239922,9.37,13,Active,2026-06-16
LOAN000494,CUST001159,BR013,Auto Loan,957047,11.72,79,Active,2025-12-05
LOAN000495,CUST004748,BR149,Personal Loan,911095,7.72,53,Closed,2021-01-16
LOAN000496,CUST003271,BR068,Gold Loan,152301,11.88,15,Active,2026-05-29
LOAN000497,CUST003060,BR103,Home Loan,6067111,15.89,193,Active,2022-03-02
LOAN000498,CUST003344,BR148,Personal Loan,307884,14.5,18,Active,2026-06-24
LOAN000499,CUST000046,BR049,Education Loan,1995646,16.47,69,Active,2021-02-17
LOAN000500,CUST001035,BR113,Business Loan,,14.42,31,Active,2024-08-28
LOAN000501,CUST002359,BR118,Personal Loan,959872,11.48,32,Active,2016-06-27
LOAN000502,CUST000563,BR077,Personal Loan,67083,10.0,45,Closed,2017-12-02
LOAN000503,CUST000618,BR067,Education Loan,2220690,16.35,43,Active,2023-07-06
LOAN000504,CUST003828,BR026,Gold Loan,235799,-2.0,26,Active,2026-07-10
LOAN000505,CUST000464,BR085,Auto Loan,1798150,10.81,50,Active,2026-03-15
LOAN000506,CUST002056,BR036,Gold Loan,446221,14.9,27,Defaulted,2025-08-30
LOAN000507,CUST003253,BR037,Gold Loan,155448,15.12,34,Active,2020-04-19
LOAN000508,CUST003339,BR122,Personal Loan,776796,11.99,30,Active,2023-06-14
LOAN000509,CUST004253,BR098,Personal Loan,184410,11.55,29,Active,2026-01-16
LOAN000510,CUST000270,BR010,Home Loan,3554490,15.63,164,Active,2026-03-08
LOAN000511,CUST000965,BR048,Home Loan,6071328,10.43,210,Active,2018-07-25
LOAN000512,CUST003877,BR085,Auto Loan,241165,15.47,24,Active,2021-09-18
LOAN000513,CUST000317,BR111,Home Loan,7786864,14.93,200,Active,2024-10-30
LOAN000514,CUST003924,BR136,Education Loan,1048328,9.07,67,Closed,2016-07-08
LOAN000515,CUST004524,BR064,Personal Loan,327234,8.77,25,Closed,2025-08-24
LOAN000516,CUST002208,BR068,Gold Loan,168987,8.48,8,Active,2022-04-28
LOAN000517,CUST003775,BR030,Auto Loan,507059,15.57,35,Closed,2024-04-10
LOAN000518,CUST001344,BR140,Personal Loan,134562,13.57,40,Active,2022-01-15
LOAN000519,CUST001176,BR039,Personal Loan,326162,9.95,49,Closed,2024-08-24
LOAN000520,CUST000233,BR111,Personal Loan,316919,12.1,15,Active,2026-02-28
LOAN000521,CUST002906,BR130,Personal Loan,862121,10.51,18,Defaulted,2022-10-01
LOAN000522,CUST001407,BR106,Education Loan,2439837,15.94,110,Closed,2026-01-03
LOAN000523,CUST000251,BR081,Personal Loan,498358,,55,Active,2024-05-07
LOAN000524,CUST001991,BR063,Home Loan,8819762,9.3,182,Active,2025-10-14
LOAN000525,CUST003247,BR078,Auto Loan,1750552,11.68,57,Active,2025-04-06
LOAN000526,CUST001210,BR026,Personal Loan,257524,7.51,51,Active,2024-03-21
LOAN000527,CUST001038,BR124,Personal Loan,859602,15.16,39,Active,2020-04-03
LOAN000528,CUST000169,BR904,Personal Loan,287595,13.3,39,Closed,2023-10-27
LOAN000529,CUST003374,BR082,Auto Loan,1571534,13.68,24,Active,2019-09-17
LOAN000530,CUST000580,BR024,Personal Loan,871761,10.38,41,Closed,2025-05-16
LOAN000531,CUST004522,BR140,Business Loan,2931564,12.29,71,Active,2014-06-08
LOAN000532,CUST003143,BR109,Personal Loan,786444,9.68,48,Closed,2025-12-03
LOAN000533,CUST003578,BR085,Personal Loan,913551,15.69,56,Defaulted,2025-11-25
LOAN000534,CUST001365,BR089,Personal Loan,778692,13.26,17,Closed,2016-05-19
LOAN000535,CUST000342,BR039,Business Loan,709536,15.32,45,Active,2015-02-14
LOAN000536,CUST004203,BR090,Home Loan,5626346,7.65,136,Closed,2025-08-31
LOAN000537,CUST001111,BR007,Home Loan,1549788,11.69,134,Active,2021-06-23
LOAN000538,CUST001002,BR049,Gold Loan,248707,12.71,33,Active,2025-01-27
LOAN000539,CUST004559,BR120,Personal Loan,736857,11.14,54,Active,2020-10-01
LOAN000540,CUST000775,BR037,Auto Loan,303040,10.6,33,Active,2025-04-24
LOAN000541,CUST000518,BR116,Personal Loan,125581,13.58,45,Active,2020-09-11
LOAN000542,CUST001942,BR115,Home Loan,8396547,16.42,231,Active,2026-06-19
LOAN000543,CUST000624,BR047,Gold Loan,240479,9.16,7,Closed,2025-11-21
LOAN000544,CUST003154,BR035,Auto Loan,1597065,11.78,30,Active,2023-01-02
LOAN000545,CUST003443,BR108,Auto Loan,1048160,9.26,64,Active,2024-06-03
LOAN000546,CUST004296,BR017,Home Loan,4217304,7.54,195,ACTIVE,2022-02-07
LOAN000547,CUST003229,BR034,Auto Loan,291934,9.03,82,Closed,2026-04-10
LOAN000548,CUST003718,BR072,Home Loan,2920386,8.48,217,Closed,2026-02-09
LOAN000549,CUST003420,BR051,Gold Loan,470313,9.89,24,Closed,2023-11-21
LOAN000550,CUST003138,BR109,Personal Loan,489401,11.31,47,Closed,2024-02-08
LOAN000551,CUST002488,BR011,Business Loan,1579106,15.52,91,Active,2026-07-03
LOAN000552,CUST001748,BR003,Personal Loan,981670,15.67,49,Active,2021-04-17
LOAN000553,CUST002242,BR026,Personal Loan,755550,9.31,17,Active,2026-07-03
LOAN000554,CUST004955,BR039,Home Loan,4917271,8.24,163,Pending Approval,2015-09-22
LOAN000555,CUST002448,BR059,Home Loan,4679164,15.94,177,Active,2026-02-19
LOAN000556,CUST001293,BR101,Auto Loan,1570532,11.48,79,Active,2023-06-10
LOAN000557,CUST001591,BR057,Home Loan,1614521,12.35,132,Active,2025-02-18
LOAN000558,CUST001091,BR062,Business Loan,2957694,10.66,62,Active,2021-08-09
LOAN000559,CUST001491,BR131,Business Loan,2867780,16.12,73,Closed,2023-09-26
LOAN000560,CUST002995,BR001,Personal Loan,525999,16.06,21,Closed,2021-04-05
LOAN000561,CUST000141,BR087,Gold Loan,39722,15.98,19,Active,2022-03-24
LOAN000562,CUST003978,BR106,Gold Loan,363542,13.76,33,Active,2024-02-26
LOAN000563,CUST003606,BR089,Home Loan,1734887,13.95,174,actve,2026-01-03
LOAN000564,CUST004875,BR031,Gold Loan,476981,9.3,31,actve,2023-04-03
LOAN000565,CUST002979,BR030,Gold Loan,101176,10.47,6,Closed,2019-01-03
LOAN000566,CUST001933,BR042,Personal Loan,771486,9.84,41,Active,2022-11-07
LOAN000567,CUST003513,BR098,Education Loan,1742528,11.98,98,Active,2024-03-02
LOAN000568,CUST001957,BR075,Personal Loan,950057,7.86,32,Pending Approval,2023-03-10
LOAN000569,CUST000966,BR133,Auto Loan,951990,15.33,69,actve,2026-07-19
LOAN000570,CUST004089,BR137,Auto Loan,803454,16.44,73,Active,2015-05-09
LOAN000571,CUST000089,BR121,Home Loan,7334793,12.42,231,Closed,2026-05-30
LOAN000572,CUST004525,BR066,Business Loan,603238,11.18,80,Pending Approval,2023-05-21
LOAN000573,CUST004231,BR044,Business Loan,3187125,14.2,31,Closed,2025-06-28
LOAN000574,CUST002894,BR011,Business Loan,804615,11.81,61,Active,2017-08-19
LOAN000575,CUST002358,BR069,Auto Loan,236739,11.79,41,Closed,2025-08-18
LOAN000576,CUST000038,BR067,Personal Loan,239976,14.42,23,Closed,2020-05-22
LOAN000577,CUST001622,BR067,Education Loan,1568287,7.66,68,Active,2024-07-24
LOAN000578,CUST002538,BR055,Auto Loan,1405924,14.03,67,Closed,2025-10-08
LOAN000579,CUST004578,BR091,Gold Loan,64786,8.91,9,Active,2019-10-21
LOAN000580,CUST001984,BR018,Gold Loan,159486,11.26,30,Active,2021-09-11
LOAN000581,CUST000357,BR014,Personal Loan,149700,10.88,25,Active,2019-08-13
LOAN000582,CUST002369,BR024,Auto Loan,509963,16.39,34,Defaulted,2016-05-10
LOAN000583,CUST001312,BR003,Personal Loan,58544,14.8,16,Active,2025-09-25
LOAN000584,CUST000912,BR090,Business Loan,4479390,9.07,33,Defaulted,2022-03-01
LOAN000585,CUST001933,BR069,Personal Loan,757455,8.83,14,Defaulted,2018-05-21
LOAN000586,CUST003387,BR148,Home Loan,8157544,9.71,211,Closed,2015-10-28
LOAN000587,CUST002980,BR108,Personal Loan,772067,13.64,54,Active,2021-04-06
LOAN000588,CUST004983,BR133,Personal Loan,92123,15.07,53,Defaulted,2021-05-22
LOAN000589,CUST001873,BR009,Home Loan,7880163,11.82,128,Closed,2020-11-10
LOAN000590,CUST003306,BR125,Gold Loan,330048,14.44,15,Active,2026-07-30
LOAN000591,CUST003163,BR058,Auto Loan,862005,9.53,52,Active,2025-05-29
LOAN000592,CUST001350,BR037,Home Loan,4371298,14.97,191,Active,2025-10-13
LOAN000593,CUST003430,BR079,Personal Loan,445449,14.06,29,Closed,2026-01-26
LOAN000594,CUST002158,BR088,Personal Loan,315180,14.4,17,Defaulted,2025-02-25
LOAN000595,CUST004899,BR012,Gold Loan,388610,8.68,22,Active,2024-01-17
LOAN000596,CUST003161,BR022,Education Loan,1092598,8.37,101,Closed,2024-10-28
LOAN000597,CUST003838,BR133,Home Loan,6723815,11.94,231,Active,2013-07-11
LOAN000598,CUST003795,BR065,Home Loan,5932015,14.34,217,Active,2022-09-11
LOAN000599,CUST002760,BR141,Gold Loan,410861,10.13,18,Closed,2022-09-15
LOAN000600,CUST004377,BR111,Business Loan,4376049,8.89,36,Closed,2025-08-05
LOAN000601,CUST002501,BR021,Business Loan,4200717,8.9,92,Active,2022-07-09
LOAN000602,CUST002269,BR033,Home Loan,5695978,10.23,209,Active,2024-03-03
LOAN000603,CUST004434,BR027,Personal Loan,208796,15.42,48,Pending Approval,2022-10-04
LOAN000604,CUST004657,BR129,Home Loan,7794810,10.99,166,Active,2018-09-21
LOAN000605,CUST001558,BR050,Business Loan,885593,8.88,39,Defaulted,2024-08-19
LOAN000606,CUST004586,BR111,Personal Loan,,10.75,36,Active,2017-09-29
LOAN000607,CUST003519,BR088,Gold Loan,230058,10.62,35,Active,2026-03-16
LOAN000608,CUST003690,BR100,Personal Loan,325251,7.83,55,Active,2025-11-19
LOAN000609,CUST004558,BR076,Home Loan,5875695,9.98,176,Active,2025-02-20
LOAN000610,CUST004420,BR133,Personal Loan,843629,7.88,53,Defaulted,2014-05-06
LOAN000611,CUST002045,BR139,Business Loan,762031,9.53,75,Closed,2026-05-04
LOAN000612,CUST002904,BR042,Gold Loan,190910,9.02,18,Closed,2019-09-24
LOAN000613,CUST002923,BR007,Auto Loan,642284,14.6,25,Active,2022-12-05
LOAN000614,CUST000001,BR142,Personal Loan,,11.42,52,Active,2020-08-30
LOAN000615,CUST000408,BR075,Home Loan,7041857,9.53,139,Active,2026-07-13
LOAN000616,CUST002485,BR059,Home Loan,7888400,11.92,151,Pending Approval,2025-06-18
LOAN000617,CUST002749,BR041,Home Loan,6722043,16.04,223,Closed,2026-04-18
LOAN000618,CUST002470,BR061,Auto Loan,184923,7.68,32,Closed,2020-10-24
LOAN000619,CUST004706,BR140,Education Loan,1603919,11.13,37,Closed,2025-08-11
LOAN000620,CUST000364,BR124,Personal Loan,696604,11.08,30,Closed,2017-06-12
LOAN000621,CUST004768,BR134,Business Loan,1191731,0.0,75,Closed,2025-08-18
LOAN000622,CUST001576,BR129,Personal Loan,403012,12.15,35,Active,2015-12-15
LOAN000623,CUST002029,BR089,Auto Loan,173166,14.64,44,Closed,2018-01-11
LOAN000624,CUST001974,BR108,Auto Loan,600369,15.14,57,Active,2021-04-10
LOAN000625,CUST000964,BR114,Education Loan,1588350,10.84,76,Active,2022-10-16
LOAN000626,CUST003321,BR059,Business Loan,4839173,13.27,37,Active,2019-05-03
LOAN000627,CUST004240,BR127,Gold Loan,210650,9.13,10,Active,2025-09-25
LOAN000628,CUST002564,BR134,Auto Loan,1092573,13.79,52,Active,2025-08-07
LOAN000629,CUST003359,BR045,Business Loan,202168,14.86,68,ACTIVE,2023-03-27
LOAN000630,CUST000091,BR118,Personal Loan,894739,8.48,20,Active,2024-08-09
LOAN000631,CUST000726,BR043,Home Loan,5255045,12.98,143,Active,2025-08-12
LOAN000632,CUST004899,BR066,Home Loan,5161551,9.11,164,Active,2016-07-29
LOAN000633,CUST004328,BR010,Business Loan,793036,,29,Active,2026-01-16
LOAN000634,CUST001655,BR058,Business Loan,4083064,10.22,66,Active,2024-06-11
LOAN000635,CUST003334,BR063,Gold Loan,172269,8.53,13,ACTIVE,2025-10-01
LOAN000636,CUST002074,BR078,Education Loan,710581,,66,Active,2018-01-02
LOAN000637,CUST002319,BR084,Auto Loan,1160667,9.68,51,Closed,2025-01-19
LOAN000638,CUST003002,BR133,Gold Loan,208570,11.96,6,Active,2026-01-06
LOAN000639,CUST004492,BR905,Personal Loan,753886,8.53,42,Active,2022-08-29
LOAN000640,CUST004810,BR125,Auto Loan,744847,16.09,64,Closed,2024-04-01
LOAN000641,CUST001879,BR029,Gold Loan,406274,14.53,20,Active ,2026-05-27
LOAN000642,CUST001785,BR007,Home Loan,4138310,8.75,180,Closed,2025-11-17
LOAN000643,CUST004758,BR039,Auto Loan,520249,14.34,55,Active,2024-03-27
LOAN000644,CUST001922,BR103,Personal Loan,543070,7.93,18,Active,2015-07-30
LOAN000645,CUST000286,BR080,Auto Loan,1097077,10.48,28,Closed,2022-10-26
LOAN000646,CUST002735,BR075,Business Loan,281063,14.89,30,Active,2025-08-06
LOAN000647,CUST004581,BR013,Education Loan,1777795,10.84,79,Active,2021-07-19
LOAN000648,CUST001093,BR022,Personal Loan,629240,9.46,30,Active,2024-03-01
LOAN000649,CUST000277,BR035,Education Loan,1427843,,60,Closed,2021-06-07
LOAN000650,CUST000605,BR002,Auto Loan,340766,13.29,80,Pending Approval,2026-01-04
LOAN000651,CUST002097,BR047,Home Loan,7148125,14.73,172,Active,2021-03-25
LOAN000652,CUST002565,BR064,Personal Loan,290990,10.7,29,Active,2022-04-03
LOAN000653,CUST002646,BR143,Home Loan,8901260,8.37,148,Closed,2023-12-15
LOAN000654,CUST004787,BR036,Personal Loan,594903,15.52,58,Active,2026-06-10
LOAN000655,CUST004346,BR081,Personal Loan,552208,13.02,49,Active,2021-04-14
LOAN000656,CUST002402,BR038,Education Loan,2372023,13.51,96,Active,2024-09-15
LOAN000657,CUST002125,BR052,Personal Loan,218714,11.93,12,Active,2022-12-05
LOAN000658,CUST001934,BR093,Personal Loan,811304,11.47,58,actve,2021-09-12
LOAN000659,CUST004413,BR104,Personal Loan,910157,12.3,33,pending approval,2024-02-24
LOAN000660,CUST000437,BR075,Home Loan,3601063,8.99,222,Closed,2020-02-09
LOAN000661,CUST004077,BR036,Education Loan,506227,13.2,68,Active,2026-07-28
LOAN000662,CUST002818,BR032,Auto Loan,1785529,12.76,72,Closed,2023-06-25
LOAN000663,CUST000293,BR066,Personal Loan,367044,14.3,27,Active,2025-09-09
LOAN000664,CUST002502,BR135,Home Loan,1906151,16.22,141,Active,2018-07-21
LOAN000665,CUST001890,BR051,Education Loan,2219919,8.81,92,Active,2017-02-08
LOAN000666,CUST002054,BR076,Education Loan,152056,14.37,62,Active,2023-08-24
LOAN000667,CUST000330,BR101,Auto Loan,1675624,11.56,38,Active,2026-06-13
LOAN000668,CUST003766,BR017,Business Loan,1133173,12.65,72,Pending Approval,2025-06-21
LOAN000669,CUST003477,BR036,Gold Loan,376006,8.79,22,Closed,2022-11-11
LOAN000670,CUST001147,BR030,Gold Loan,193774,14.25,15,Closed,2023-03-27
LOAN000671,CUST001983,BR013,Education Loan,207131,13.45,104,Active,2023-04-20
LOAN000672,CUST004075,BR146,Education Loan,2197259,13.99,84,Active,2025-08-05
LOAN000673,CUST800005,BR149,Education Loan,1782454,15.44,103,Closed,2025-02-17
LOAN000674,CUST003955,BR072,Business Loan,4237859,8.41,30,Active,2021-06-10
LOAN000675,CUST002981,BR038,Auto Loan,1697849,12.19,51,Active,2020-08-03
LOAN000676,CUST000430,BR112,Personal Loan,565118,11.46,35,Closed,2020-04-12
LOAN000677,CUST004036,BR108,Business Loan,1470127,14.63,35,Closed,2026-06-18
LOAN000678,CUST004860,BR150,Business Loan,2227835,8.53,77,Active,2022-06-09
LOAN000679,CUST003340,BR130,Gold Loan,463196,15.04,35,Active,2024-03-09
LOAN000680,CUST001109,BR050,Auto Loan,275762,15.89,70,Defaulted,2025-10-09
LOAN000681,CUST000237,BR036,Auto Loan,190750,13.57,38,Active,2020-12-17
LOAN000682,CUST002526,BR005,Personal Loan,,8.53,30,Closed,2022-07-30
LOAN000683,CUST001266,BR127,Home Loan,6310299,16.39,129,Pending Approval,2013-02-11
LOAN000684,CUST001804,BR090,Home Loan,5375315,11.34,207,Active,2021-07-09
LOAN000685,CUST004329,BR120,Home Loan,7059655,12.52,232,Closed,2025-04-07
LOAN000686,CUST002969,BR004,Home Loan,2801822,9.16,187,Defaulted,2026-07-14
LOAN000687,CUST001084,BR035,Auto Loan,785496,13.83,75,Active,2020-08-04
LOAN000688,CUST002704,BR059,Gold Loan,327098,10.84,16,Pending Approval,2023-11-18
LOAN000689,CUST004474,BR037,Personal Loan,57422,10.18,31,Pending Approval,2022-07-11
LOAN000690,CUST004952,BR030,Auto Loan,1487031,13.34,27,Active,2026-06-21
LOAN000691,CUST004302,BR141,Personal Loan,811348,10.13,55,Active,2016-04-06
LOAN000692,CUST004601,BR130,Home Loan,2470113,13.04,126,Active,2026-07-13
LOAN000693,CUST000810,BR071,Personal Loan,564565,12.75,37,Closed,2020-11-03
LOAN000694,CUST001315,BR013,Personal Loan,589399,14.25,19,PENDING,2014-08-09
LOAN000695,CUST002112,BR079,Personal Loan,892641,11.56,47,Pending Approval,2026-06-14
LOAN000696,CUST001746,BR132,Personal Loan,461916,14.62,50,Active,2025-03-22
LOAN000697,CUST004115,BR049,Home Loan,2531026,11.33,127,Closed,2023-07-09
LOAN000698,CUST004412,BR064,Auto Loan,950493,11.01,30,Pending Approval,2024-03-30
LOAN000699,CUST004165,BR098,Gold Loan,122055,7.96,34,Active,2026-05-30
LOAN000700,CUST003152,BR071,Gold Loan,55612,12.32,20,Active,2014-10-07
LOAN000701,CUST000002,BR147,Personal Loan,767802,8.84,43,Active,2022-12-07
LOAN000702,CUST003906,BR004,Personal Loan,687591,13.97,16,Closed,2026-06-16
LOAN000703,CUST003705,BR043,Personal Loan,667785,12.49,57,Active,2022-06-24
LOAN000704,CUST002867,BR108,Home Loan,,8.81,204,Active,2017-10-27
LOAN000705,CUST001006,BR075,Auto Loan,1322971,10.92,80,Defaulted,2025-11-03
LOAN000706,CUST004750,BR106,Home Loan,3864329,12.63,129,Active,2024-09-22
LOAN000707,CUST001411,BR150,Personal Loan,878269,7.97,56,Active,2025-10-18
LOAN000708,CUST002609,BR100,Auto Loan,861616,12.43,61,Pending Approval,2026-05-08
LOAN000709,CUST002975,BR093,Auto Loan,452347,16.08,44,Active,2014-08-14
LOAN000710,CUST002607,BR027,Business Loan,4314006,11.35,72,Closed,2026-05-20
LOAN000711,CUST001288,BR081,Gold Loan,332711,16.4,28,Active,2026-03-26
LOAN000712,CUST000896,BR066,Personal Loan,455859,13.57,20,Active,2023-05-23
LOAN000713,CUST003028,BR066,Gold Loan,220680,9.86,26,Active,2020-10-02
LOAN000714,CUST001332,BR124,Personal Loan,976044,10.46,22,Active,2023-08-06
LOAN000715,CUST002057,BR031,Auto Loan,332763,9.29,61,Closed,2015-02-06
LOAN000716,CUST004770,BR001,Home Loan,8465814,7.96,235,Active,2026-07-05
LOAN000717,CUST800006,BR006,Personal Loan,100700,10.15,27,Active,2022-08-14
LOAN000718,CUST003169,BR114,Auto Loan,1727887,8.32,31,Pending Approval,2026-01-14
LOAN000719,CUST001606,BR095,Gold Loan,239121,10.91,21,Active ,2026-05-11
LOAN000720,CUST002380,BR113,Business Loan,230585,14.6,82,Active,2019-11-08
LOAN000721,CUST002974,BR056,Business Loan,4337317,8.71,41,Active,2018-07-16
LOAN000722,CUST003990,BR141,Gold Loan,439940,15.6,27,Pending Approval,2025-03-19
LOAN000723,CUST003684,BR020,Home Loan,3481917,12.39,175,Closed,2011-10-21
LOAN000724,CUST004522,BR086,Gold Loan,295000,15.7,12,Active,2025-07-08
LOAN000725,CUST004438,BR104,Auto Loan,541480,10.59,53,ACTIVE,2025-05-08
LOAN000726,CUST002825,BR049,Personal Loan,106680,9.92,54,Active,2026-04-16
LOAN000727,CUST000854,BR059,Personal Loan,55033,,56,Pending Approval,2016-01-05
LOAN000728,CUST004025,BR010,Education Loan,1510785,15.29,41,Closed,2022-06-23
LOAN000729,CUST004083,BR080,Personal Loan,260367,15.64,57,Closed,2024-07-15
LOAN000730,CUST001168,BR129,Gold Loan,394094,16.11,22,Active,2024-04-10
LOAN000731,CUST004317,BR086,Business Loan,1923807,10.44,48,Active,2025-04-24
LOAN000732,CUST001080,BR082,Gold Loan,238527,11.05,10,Active,2026-02-23
LOAN000733,CUST003593,BR118,Personal Loan,475471,15.55,46,Active,2023-10-02
LOAN000734,CUST000102,BR047,Gold Loan,393666,16.38,22,Active,2013-11-14
LOAN000735,CUST003254,BR076,Auto Loan,1110998,11.21,78,Active,2026-02-06
LOAN000736,CUST001031,BR128,Home Loan,7849918,12.18,188,Active,2025-04-04
LOAN000737,CUST002938,BR086,Home Loan,4832541,11.74,167,Closed,2026-07-24
LOAN000738,CUST003912,BR106,Home Loan,4888474,14.65,120,Active,2020-10-27
LOAN000739,CUST002261,BR078,Home Loan,3743547,13.79,142,Closed,2023-09-06
LOAN000740,CUST003034,BR014,Gold Loan,285573,8.36,29,Active,2024-12-21
LOAN000741,CUST003294,BR095,Home Loan,8610432,10.55,120,Active,2025-10-07
LOAN000742,CUST003954,BR098,Gold Loan,376449,12.21,11,Active,2026-07-04
LOAN000743,CUST000115,BR011,Personal Loan,970333,14.08,49,Closed,2026-05-13
LOAN000744,CUST002509,BR126,Business Loan,202542,16.09,31,Active,2023-02-12
LOAN000745,CUST002613,BR124,Personal Loan,453341,8.76,49,Closed,2024-01-04
LOAN000746,CUST001794,BR039,Home Loan,7611194,9.45,212,Active,2020-01-04
LOAN000747,CUST004736,BR061,Personal Loan,693312,7.59,52,Closed,2020-03-17
LOAN000748,CUST000569,BR033,Home Loan,2259675,8.41,139,Active,2024-04-21
LOAN000749,CUST002828,BR131,Home Loan,5954959,10.19,129,Closd,2025-03-01
LOAN000750,CUST001957,BR143,Education Loan,1742255,9.23,117,Active,2025-11-01
LOAN000751,CUST003325,BR075,Home Loan,1775239,14.92,159,Active,2026-04-29
LOAN000752,CUST004378,BR107,Personal Loan,325572,14.87,55,Active,2020-03-18
LOAN000753,CUST003987,BR030,Gold Loan,490181,12.18,8,actve,2026-01-13
LOAN000754,CUST002023,BR134,Auto Loan,1722257,9.02,29,Closed,2019-07-30
LOAN000755,CUST000267,BR058,Education Loan,1979552,10.86,82,Pending Approval,2023-12-08
LOAN000756,CUST002824,BR054,Home Loan,8863835,8.4,186,Active,2026-07-12
LOAN000757,CUST001400,BR029,Gold Loan,147564,9.89,21,Active,2026-01-11
LOAN000758,CUST004545,BR138,Auto Loan,408119,16.45,60,Active,2024-04-30
LOAN000759,CUST003503,BR006,Home Loan,7899217,12.58,131,Active,2026-05-30
LOAN000760,CUST003216,BR089,Gold Loan,301429,13.66,8,Active,2025-04-20
LOAN000761,CUST001531,BR064,Auto Loan,1626434,14.3,57,Active,2025-04-28
LOAN000762,CUST002962,BR084,Home Loan,1663524,8.99,231,Closed,2020-12-11
LOAN000763,CUST001806,BR130,Education Loan,842997,15.53,113,Active,2022-01-20
LOAN000764,CUST004661,BR040,Business Loan,4776269,16.23,46,Active,2023-10-16
LOAN000765,CUST003028,BR077,Auto Loan,1656840,12.85,41,Active,2023-12-17
LOAN000766,CUST001594,BR004,Gold Loan,484930,10.86,8,Closed,2019-09-29
LOAN000767,CUST003328,BR098,Gold Loan,30697,15.59,28,Active,2025-01-04
LOAN000768,CUST004878,BR080,Business Loan,2364753,12.76,93,Active,2023-01-27
LOAN000769,CUST002008,BR084,Personal Loan,644373,15.99,20,Active,2020-02-05
LOAN000770,CUST004324,BR148,Personal Loan,365369,12.21,21,Closed,2021-03-21
LOAN000771,CUST004127,BR057,Personal Loan,861839,10.01,15,Active,2026-07-31
LOAN000772,CUST002808,BR059,Education Loan,1608911,8.1,66,Active,2022-07-23
LOAN000773,CUST001703,BR100,Auto Loan,284516,8.89,65,Pending Approval,2026-03-09
LOAN000774,CUST001968,BR141,Personal Loan,786297,10.45,36,Active,2018-12-17
LOAN000775,CUST003537,BR043,Business Loan,3526648,14.43,78,Active,2024-01-26
LOAN000776,CUST800007,BR010,Gold Loan,467209,11.37,13,Active,2023-10-22
LOAN000777,CUST004528,BR061,Home Loan,8445949,13.58,212,Closed,2024-05-13
LOAN000778,CUST001956,BR034,Personal Loan,448323,13.97,53,Active,2026-02-18
LOAN000779,CUST002913,BR070,Home Loan,1790896,7.75,125,Closed,2025-12-02
LOAN000780,CUST001890,BR043,Auto Loan,816954,-2.0,55,Active,2015-05-04
LOAN000781,CUST004808,BR057,Gold Loan,237785,14.76,30,Closed,2020-07-16
LOAN000782,CUST001320,BR056,Auto Loan,988162,14.23,59,Closed,2014-10-24
LOAN000783,CUST002337,BR035,Personal Loan,603333,13.57,28,Closed,2024-06-04
LOAN000784,CUST002420,BR084,Gold Loan,116711,9.78,26,Pending Approval,2023-06-14
LOAN000785,CUST003635,BR016,Gold Loan,436434,9.67,28,Active,2018-02-12
LOAN000786,CUST004884,BR126,Gold Loan,25689,7.65,34,Active,2022-05-07
LOAN000787,CUST004732,BR094,Education Loan,1779213,9.88,108,Active,2024-11-15
LOAN000788,CUST001882,BR086,Home Loan,8018085,16.34,210,Active,2023-06-16
LOAN000789,CUST002063,BR036,Auto Loan,209959,11.53,39,Active,2023-07-05
LOAN000790,CUST001570,BR019,Auto Loan,881234,8.58,35,Active,2025-12-06
LOAN000791,CUST004925,BR049,Business Loan,1614157,12.47,29,Closed,2024-05-28
LOAN000792,CUST001399,BR006,Gold Loan,351321,13.03,28,Active,2023-12-16
LOAN000793,CUST002257,BR043,Personal Loan,779990,10.27,29,Active,2023-12-12
LOAN000794,CUST000157,BR105,Education Loan,1962865,8.68,83,Active,2022-11-20
LOAN000795,CUST000515,BR108,Personal Loan,361719,12.07,20,Active,2026-03-01
LOAN000796,CUST000744,BR108,Personal Loan,423777,14.78,55,Pending Approval,2013-11-26
LOAN000797,CUST002776,BR058,Gold Loan,499508,11.51,30,Closed,2024-08-03
LOAN000798,CUST001146,BR001,Home Loan,4400458,13.28,234,Active,2013-04-02
LOAN000799,CUST002826,BR121,Home Loan,7411417,9.07,190,Active,2020-03-03
LOAN000800,CUST004282,BR014,Personal Loan,979831,9.35,57,Active,2019-12-06
LOAN000801,CUST002211,BR062,Personal Loan,192841,8.11,33,Active,2017-10-06
LOAN000802,CUST003849,BR133,Gold Loan,412298,14.36,25,Active,2023-07-17
LOAN000803,CUST002913,BR125,Auto Loan,401549,11.53,69,Active,2025-12-14
LOAN000804,CUST003647,BR089,Auto Loan,1392050,14.06,67,Active,2025-05-21
LOAN000805,CUST002890,BR094,Education Loan,1026470,15.73,97,Active,2022-06-16
LOAN000806,CUST000847,BR070,Home Loan,2554583,7.96,168,Closed,2025-09-17
LOAN000807,CUST000956,BR064,Auto Loan,1413558,11.64,69,Active,2026-05-26
LOAN000808,CUST004897,BR014,Education Loan,672985,10.36,105,Active,2019-04-13
LOAN000809,CUST000379,BR130,Gold Loan,443804,10.2,14,Closed,2018-06-27
LOAN000810,CUST004789,BR043,Home Loan,8664446,10.15,122,Closed,2023-06-05
LOAN000811,CUST001726,BR085,Personal Loan,907940,12.71,55,Active,2025-11-29
LOAN000812,CUST003283,BR108,Home Loan,4834042,14.08,178,Closed,2026-06-15
LOAN000813,CUST004090,BR128,Gold Loan,253555,15.38,7,Active,2011-11-23
LOAN000814,CUST004743,BR086,Personal Loan,90442,9.66,53,Active,2019-03-14
LOAN000815,CUST000977,BR009,Business Loan,3047410,0.0,28,Closed,2025-10-09
LOAN000816,CUST003907,BR082,Education Loan,2104117,12.53,115,actve,2022-08-25
LOAN000817,CUST001650,BR067,Gold Loan,162072,8.64,25,actve,2026-06-25
LOAN000818,CUST000635,BR120,Gold Loan,37700,9.31,31,Active,2025-01-14
LOAN000819,CUST002143,BR068,Home Loan,2816430,15.89,144,Active,2025-04-09
LOAN000820,CUST002852,BR110,Home Loan,4254269,12.58,121,Active,2026-07-02
LOAN000821,CUST004677,BR063,Auto Loan,1365372,11.02,40,Closed,2026-01-16
LOAN000822,CUST001512,BR043,Home Loan,4257946,10.79,201,Active,2026-02-22
LOAN000823,CUST004430,BR099,Auto Loan,1409466,14.88,63,Closed,2024-08-19
LOAN000824,CUST001601,BR139,Personal Loan,349664,14.48,40,Active,2025-06-14
LOAN000825,CUST002500,BR050,Business Loan,715372,7.73,67,Active,2025-08-30
LOAN000826,CUST003647,BR091,Personal Loan,774028,14.33,12,Closed,2026-04-14
LOAN000827,CUST001692,BR120,Auto Loan,1126443,10.14,51,Active,2020-05-07
LOAN000828,CUST003135,BR020,Auto Loan,396548,8.27,41,Closed,2022-09-19
LOAN000829,CUST002464,BR001,Business Loan,3350836,13.49,87,Active,2023-04-09
LOAN000830,CUST002795,BR077,Gold Loan,93194,14.54,7,Active,2020-07-23
LOAN000831,CUST001118,BR139,Education Loan,1648289,15.69,58,Closed,2022-10-24
LOAN000832,CUST004971,BR064,Personal Loan,481255,14.94,37,Active,2024-06-10
LOAN000833,CUST004666,BR026,Personal Loan,511577,9.51,53,Active,2023-05-29
LOAN000834,CUST001308,BR121,Personal Loan,962606,10.52,43,Pending Approval,2015-10-07
LOAN000835,CUST004125,BR125,Personal Loan,720699,15.05,21,Active,2018-08-11
LOAN000836,CUST004371,BR140,Gold Loan,46628,12.17,27,Defaulted,2024-08-25
LOAN000837,CUST002263,BR124,Personal Loan,522935,11.09,51,Closed,2026-01-22
LOAN000838,CUST003448,BR033,Auto Loan,1483931,9.03,30,Active,2025-08-03
LOAN000839,CUST002980,BR059,Personal Loan,414441,8.18,45,Closed,2024-12-08
LOAN000840,CUST000140,BR109,Business Loan,4823058,14.59,60,Active,2021-07-15
LOAN000841,CUST001252,BR101,Business Loan,1005140,9.77,77,Closed,2026-03-02
LOAN000842,CUST002359,BR081,Auto Loan,164058,13.81,47,Active,2024-09-10
LOAN000843,CUST001513,BR072,Business Loan,,11.8,48,Active,2018-10-19
LOAN000844,CUST000765,BR136,Gold Loan,126702,9.1,21,Active,2020-11-02
LOAN000845,CUST000664,BR121,Home Loan,8954048,8.81,233,Active,2020-03-24
LOAN000846,CUST000596,BR012,Business Loan,470000,10.1,84,Defaulted,2022-06-18
LOAN000847,CUST003521,BR099,Personal Loan,755709,7.51,37,Closed,2023-02-28
LOAN000848,CUST003466,BR107,Home Loan,5603779,14.93,233,Active,2021-07-01
LOAN000849,CUST003059,BR074,Business Loan,4889356,9.53,61,Closed,2025-10-10
LOAN000850,CUST004439,BR146,Home Loan,8650134,15.67,126,Closed,2024-05-25
LOAN000851,CUST004849,BR050,Auto Loan,1404041,11.08,73,Closed,2024-03-17
LOAN000852,CUST003398,BR087,Business Loan,4215943,12.44,43,Pending Approval,2014-11-26
LOAN000853,CUST002769,BR002,Business Loan,3051871,10.93,61,Active,2016-04-08
LOAN000854,CUST001706,BR046,Gold Loan,313340,9.16,33,Pending Approval,2026-06-24
LOAN000855,CUST004328,BR146,Gold Loan,307378,9.94,27,Closed,2025-09-30
LOAN000856,CUST000225,BR100,Personal Loan,945588,13.47,42,Active,2025-09-28
LOAN000857,CUST001875,BR102,Business Loan,399717,13.35,83,Closed,2019-10-13
LOAN000858,CUST002345,BR004,Home Loan,4964078,12.49,205,closed,2025-03-06
LOAN000859,CUST001858,BR011,Personal Loan,83286,9.28,31,Active,2022-09-28
LOAN000860,CUST000974,BR084,Home Loan,8878390,9.49,170,Active,2026-07-26
LOAN000861,CUST004799,BR017,Education Loan,756832,7.5,79,Active,2023-05-15
LOAN000862,CUST004127,BR059,Home Loan,3027633,16.03,134,Active,2026-07-23
LOAN000863,CUST004207,BR057,Personal Loan,956687,12.02,46,Active,2026-04-03
LOAN000864,CUST001744,BR018,Personal Loan,808540,11.21,30,Active,2023-11-25
LOAN000865,CUST003385,BR144,Personal Loan,212605,9.26,29,Defaulted,2026-06-15
LOAN000866,CUST004507,BR137,Home Loan,2028482,13.81,126,Active ,2024-11-18
LOAN000867,CUST003450,BR134,Personal Loan,902512,8.19,21,Active,2025-12-08
LOAN000868,CUST000615,BR072,Home Loan,1529083,10.08,136,Active,2025-02-06
LOAN000869,CUST001414,BR018,Personal Loan,599041,9.97,53,closed,2024-01-10
LOAN000870,CUST000312,BR132,Auto Loan,971503,16.32,57,Active,2025-10-22
LOAN000871,CUST000812,BR138,Personal Loan,630270,12.73,24,Active,2025-03-09
LOAN000872,CUST000018,BR039,Gold Loan,398938,13.77,20,Active,2023-08-01
LOAN000873,CUST001479,BR107,Personal Loan,903332,14.62,52,Closed,2026-07-05
LOAN000874,CUST004898,BR047,Personal Loan,94848,13.19,29,Active,2022-05-29
LOAN000875,CUST000435,BR128,Personal Loan,624144,10.09,47,pending approval,2019-09-25
LOAN000876,CUST002367,BR148,Home Loan,7447732,12.78,193,Active,2025-07-03
LOAN000877,CUST003459,BR054,Home Loan,8908222,7.72,210,Active,2019-07-05
LOAN000878,CUST003617,BR083,Business Loan,4679990,11.04,67,Active,2024-09-28
LOAN000879,CUST003131,BR091,Auto Loan,154554,8.62,83,Defaulted,2026-07-21
LOAN000880,CUST000522,BR057,Gold Loan,39492,7.84,27,Closd,2019-11-09
LOAN000881,CUST001165,BR147,Auto Loan,510379,13.12,43,Closed,2025-05-26
LOAN000882,CUST000531,BR113,Personal Loan,126241,13.61,29,Pending Approval,2022-10-11
LOAN000883,CUST002518,BR062,Business Loan,315995,13.89,81,Closed,2021-08-25
LOAN000884,CUST001344,BR009,Home Loan,7646354,,204,Active,2023-04-17
LOAN000885,CUST000171,BR036,Business Loan,2380225,9.38,40,Closed,2024-03-16
LOAN000886,CUST000545,BR116,Personal Loan,199659,15.52,50,Active,2025-02-15
LOAN000887,CUST000001,BR003,Education Loan,1947455,16.33,77,Closed,2023-02-10
LOAN000888,CUST000222,BR906,Gold Loan,96519,14.98,34,Active,2026-03-08
LOAN000889,CUST000971,BR070,Personal Loan,591502,16.18,47,Active ,2026-04-29
LOAN000890,CUST000329,BR003,Home Loan,5455947,9.19,132,Active,2024-07-11
LOAN000891,CUST000021,BR033,Education Loan,1638440,14.66,43,Closed,2018-10-28
LOAN000892,CUST002132,BR150,Education Loan,1557520,8.7,97,Closed,2015-04-18
LOAN000893,CUST000457,BR144,Personal Loan,536221,9.56,38,Active,2021-01-19
LOAN000894,CUST002144,BR031,Gold Loan,158809,8.26,9,closed,2021-12-18
LOAN000895,CUST001972,BR065,Auto Loan,1447768,15.24,36,Closed,2021-07-31
LOAN000896,CUST002489,BR135,Education Loan,1380256,7.76,70,Closed,2025-08-11
LOAN000897,CUST003248,BR011,Personal Loan,632377,8.37,59,Active,2023-03-26
LOAN000898,CUST003086,BR076,Home Loan,2795185,10.64,174,Active,2017-07-17
LOAN000899,CUST001693,BR127,Home Loan,5331385,15.99,222,Active,2026-07-07
LOAN000900,CUST800008,BR025,Auto Loan,194508,13.94,27,Closed,2023-08-30
LOAN000901,CUST001180,BR145,Business Loan,1036680,9.63,70,Active,2026-07-06
LOAN000902,CUST002643,BR079,Education Loan,273068,10.4,72,Active,2024-10-10
LOAN000903,CUST002893,BR004,Personal Loan,772421,,29,Active,2026-07-20
LOAN000904,CUST004938,BR030,Gold Loan,215042,13.63,14,Active,2024-11-02
LOAN000905,CUST001686,BR136,Personal Loan,618502,16.21,53,Active,2015-08-03
LOAN000906,CUST003240,BR012,Auto Loan,450832,10.3,43,Active ,2019-11-22
LOAN000907,CUST003539,BR111,Personal Loan,123991,8.67,59,Active,2024-08-29
LOAN000908,CUST004079,BR046,Auto Loan,1200813,13.79,57,Active,2025-05-30
LOAN000909,CUST002885,BR026,Auto Loan,745619,11.79,68,Active,2021-03-03
LOAN000910,CUST004402,BR073,Business Loan,2820659,13.76,72,Active,2021-04-27
LOAN000911,CUST003827,BR113,Personal Loan,733030,15.18,19,Active,2026-02-02
LOAN000912,CUST001108,BR100,Personal Loan,623347,14.31,54,Closed,2023-11-19
LOAN000913,CUST003380,BR047,Home Loan,7394345,12.26,196,Active,2026-05-03
LOAN000914,CUST001073,BR052,Education Loan,366298,15.74,97,Active,2026-07-25
LOAN000915,CUST003057,BR074,Business Loan,2271351,9.89,65,Active,2026-06-29
LOAN000916,CUST001066,BR044,Business Loan,4581268,13.66,79,Active,2025-11-05
LOAN000917,CUST001482,BR095,Personal Loan,236712,11.47,33,Active,2026-04-20
LOAN000918,CUST002008,BR067,Auto Loan,1576960,11.18,69,Closed,2018-08-31
LOAN000919,CUST001389,BR014,Personal Loan,532411,12.89,57,Active,2024-12-22
LOAN000920,CUST004659,BR068,Business Loan,1957584,8.79,30,Active,2021-02-09
LOAN000921,CUST003655,BR022,Home Loan,4709718,8.36,123,Active,2026-03-12
LOAN000922,CUST004331,BR125,Education Loan,1151498,10.71,66,Active,2025-03-24
LOAN000923,CUST003034,BR066,Auto Loan,1677975,-2.0,26,Active,2025-09-25
LOAN000924,CUST002143,BR016,Auto Loan,885384,12.63,57,Pending Approval,2026-04-18
LOAN000925,CUST000252,BR036,Auto Loan,370001,15.75,81,Active,2025-08-21
LOAN000926,CUST002344,BR014,Personal Loan,457919,10.92,31,Active,2025-09-25
LOAN000927,CUST002947,BR024,Auto Loan,1470393,10.69,62,Active,2025-04-13
LOAN000928,CUST004339,BR078,Education Loan,1086730,13.56,105,Pending Approval,2021-08-06
LOAN000929,CUST000480,BR015,Business Loan,1224248,14.69,28,Closed,2026-04-13
LOAN000930,CUST002778,BR088,Personal Loan,524012,9.27,37,Active,2024-02-13
LOAN000931,CUST001343,BR138,Personal Loan,993447,9.83,39,Active,2022-07-20
LOAN000932,CUST001884,BR045,Home Loan,6166609,9.27,127,Active,2025-04-26
LOAN000933,CUST002083,BR006,Auto Loan,1138488,10.27,70,Active,2020-12-27
LOAN000934,CUST000281,BR033,Gold Loan,237339,8.65,11,Active,2025-11-29
LOAN000935,CUST002945,BR121,Auto Loan,1672389,16.02,46,Active,2021-12-29
LOAN000936,CUST002191,BR129,Personal Loan,286582,16.24,50,Active,2018-10-12
LOAN000937,CUST002849,BR072,Personal Loan,946224,14.21,46,Active,2025-08-06
LOAN000938,CUST000963,BR032,Personal Loan,623185,13.7,53,Active,2024-04-22
LOAN000939,CUST004491,BR059,Personal Loan,,9.26,46,Active,2019-10-19
LOAN000940,CUST000263,BR098,Auto Loan,673829,8.9,83,Active,2025-10-04
LOAN000941,CUST002184,BR050,Auto Loan,295146,8.24,46,Active,2025-09-20
LOAN000942,CUST000316,BR106,Personal Loan,139563,8.35,48,Active,2022-09-05
LOAN000943,CUST004292,BR111,Personal Loan,209162,12.87,27,actve,2026-04-18
LOAN000944,CUST002935,BR088,Auto Loan,817068,8.76,70,Active,2025-01-22
LOAN000945,CUST003290,BR079,Gold Loan,169322,15.68,34,Active,2026-04-13
LOAN000946,CUST002128,BR060,Home Loan,5939730,11.0,161,Closed,2018-06-27
LOAN000947,CUST003260,BR073,Gold Loan,64519,7.77,18,Closed,2021-01-19
LOAN000948,CUST004169,BR124,Home Loan,3441808,15.58,202,Active,2024-08-20
LOAN000949,CUST001397,BR023,Personal Loan,257262,15.51,45,Active,2020-02-14
LOAN000950,CUST003131,BR066,Gold Loan,492240,8.92,19,Closed,2026-04-30
LOAN000951,CUST001259,BR053,Business Loan,3760788,14.65,30,Active,2022-05-13
LOAN000952,CUST000344,BR014,Education Loan,2241330,9.35,101,Active,2018-08-22
LOAN000953,CUST002359,BR009,Home Loan,7511612,9.68,211,Defaulted,2025-01-08
LOAN000954,CUST002415,BR002,Personal Loan,287765,10.15,13,Closed,2024-12-19
LOAN000955,CUST001693,BR102,Home Loan,4909346,13.6,127,Active,2026-07-08
LOAN000956,CUST002960,BR139,Auto Loan,1644098,10.23,60,Active,2016-01-17
LOAN000957,CUST001799,BR014,Personal Loan,911647,8.69,13,Pending Approval,2025-11-02
LOAN000958,CUST004188,BR125,Gold Loan,127035,9.55,14,Active,2018-05-06
LOAN000959,CUST003894,BR041,Personal Loan,932322,7.71,57,Active,2023-12-08
LOAN000960,CUST004821,BR133,Gold Loan,417467,7.88,24,Active,2017-11-19
LOAN000961,CUST002330,BR006,Personal Loan,301509,16.36,55,Active,2026-05-13
LOAN000962,CUST002183,BR039,Gold Loan,120558,10.64,32,Closd,2014-05-12
LOAN000963,CUST002694,BR065,Personal Loan,121233,13.92,25,Closed,2024-01-18
LOAN000964,CUST001209,BR041,Personal Loan,379315,14.24,42,Closed,2025-08-09
LOAN000965,CUST003401,BR147,Personal Loan,939362,11.93,27,Defaulted,2025-06-03
LOAN000966,CUST002482,BR089,Education Loan,2003733,15.25,80,Closed,2026-05-21
LOAN000967,CUST001027,BR056,Auto Loan,822498,13.05,44,Active,2026-02-18
LOAN000968,CUST001060,BR135,Business Loan,2726536,15.64,46,Active,2024-09-20
LOAN000969,CUST003275,BR146,Home Loan,3255035,12.9,197,Active,2023-05-13
LOAN000970,CUST001369,BR134,Business Loan,977666,8.1,90,Active,2025-02-04
LOAN000971,CUST003540,BR111,Home Loan,4802847,0.0,213,Active,2025-11-06
LOAN000972,CUST000732,BR049,Auto Loan,1653453,10.98,30,Closed,2026-07-14
LOAN000973,CUST003810,BR113,Home Loan,4743172,15.63,153,Active,2017-07-23
LOAN000974,CUST003221,BR130,Personal Loan,517536,15.58,21,Closed,2025-10-12
LOAN000975,CUST003544,BR066,Education Loan,1898095,11.03,78,Active,2016-12-15
LOAN000976,CUST003479,BR059,Personal Loan,592576,9.52,55,Active,2025-11-10
LOAN000977,CUST002650,BR123,Gold Loan,27109,10.41,12,Active,2016-12-12
LOAN000978,CUST001837,BR027,Education Loan,2119241,12.14,98,Active ,2025-01-25
LOAN000979,CUST002890,BR143,Auto Loan,1231298,10.34,24,Active,2025-06-19
LOAN000980,CUST000043,BR024,Business Loan,2081439,8.12,24,Active,2022-08-24
LOAN000981,CUST003837,BR110,Gold Loan,20333,15.71,31,Closed,2025-10-14
LOAN000982,CUST003021,BR088,Business Loan,1610372,13.45,54,Closed,2020-11-18
LOAN000983,CUST003012,BR018,Auto Loan,439365,15.03,63,Closed,2025-12-16
LOAN000984,CUST001176,BR012,Business Loan,4793619,8.71,80,Active,2026-04-22
LOAN000985,CUST004992,BR040,Home Loan,2128994,13.13,123,Active,2020-01-08
LOAN000986,CUST000574,BR085,Business Loan,556247,11.63,93,Active,2014-06-13
LOAN000987,CUST003284,BR086,Auto Loan,1149623,14.34,78,Defaulted,2024-04-08
LOAN000988,CUST002471,BR004,Home Loan,5675800,15.28,215,Active,2021-09-12
LOAN000989,CUST001528,BR084,Gold Loan,478689,8.62,33,Closed,2021-07-01
LOAN000990,CUST001641,BR035,Gold Loan,210232,13.22,17,Closed,2020-09-25
LOAN000991,CUST002132,BR059,Auto Loan,427450,11.63,43,Active,2024-09-22
LOAN000992,CUST001897,BR133,Personal Loan,307846,11.74,51,Active,2020-06-05
LOAN000993,CUST003810,BR108,Gold Loan,213300,11.13,32,Closed,2016-02-25
LOAN000994,CUST003846,BR136,Home Loan,2091387,7.83,221,Active,2023-01-01
LOAN000995,CUST002899,BR102,Gold Loan,227262,10.23,16,Pending Approval,2018-06-15
LOAN000996,CUST004406,BR104,Education Loan,2173999,15.24,55,Active,2019-11-07
LOAN000997,CUST002057,BR133,Auto Loan,654128,13.53,39,Defaulted,2026-07-12
LOAN000998,CUST004193,BR015,Auto Loan,1346277,14.79,79,Active,2024-11-23
LOAN000999,CUST002753,BR067,Personal Loan,195705,11.31,30,Pending Approval,2021-08-19
LOAN001000,CUST002919,BR137,Home Loan,5198515,15.4,163,Active,2026-04-13
LOAN001001,CUST004259,BR089,Auto Loan,1037743,13.42,47,Active,2023-11-08
LOAN001002,CUST000721,BR040,Personal Loan,836370,15.48,24,Active,2015-10-09
LOAN001003,CUST004690,BR101,Personal Loan,674178,11.71,31,Active,2022-03-21
LOAN001004,CUST001805,BR012,Auto Loan,912352,13.64,80,Closed,2025-09-25
LOAN001005,CUST003931,BR121,Auto Loan,337393,9.21,45,Closed,2025-03-12
LOAN001006,CUST002297,BR053,Personal Loan,970033,10.76,45,Closed,2020-01-30
LOAN001007,CUST002924,BR062,Auto Loan,518238,8.85,37,Closed,2023-07-16
LOAN001008,CUST002753,BR025,Home Loan,2622435,9.31,221,actve,2025-08-25
LOAN001009,CUST002723,BR037,Gold Loan,398625,11.17,21,Closed,2023-09-15
LOAN001010,CUST000751,BR106,Home Loan,8688561,11.13,173,Active,2021-12-23
LOAN001011,CUST001952,BR011,Gold Loan,206201,15.15,26,Active,2014-10-23
LOAN001012,CUST001496,BR049,Personal Loan,930706,11.8,40,Active,2021-03-16
LOAN001013,CUST001410,BR141,Education Loan,342295,8.77,60,Active,2023-02-25
LOAN001014,CUST004198,BR090,Auto Loan,1685498,16.11,82,Active,2024-11-26
LOAN001015,CUST001333,BR146,Auto Loan,1107232,10.17,64,Closed,2026-05-06
LOAN001016,CUST004941,BR145,Gold Loan,67346,9.45,26,Active,2025-04-12
LOAN001017,CUST000489,BR019,Home Loan,4368352,,207,Active,2025-12-03
LOAN001018,CUST001144,BR067,Business Loan,1825506,12.65,87,Closed,2026-01-29
LOAN001019,CUST000863,BR144,Gold Loan,179952,9.25,10,Active,2025-03-12
LOAN001020,CUST003769,BR048,Business Loan,3904856,11.11,90,Active,2020-10-08
LOAN001021,CUST000136,BR001,Business Loan,1732871,9.85,34,Closed,2020-02-20
LOAN001022,CUST001362,BR090,Home Loan,5340905,11.2,191,Active,2020-11-24
LOAN001023,CUST000451,BR063,Business Loan,4833895,12.08,60,Closed,2024-04-18
LOAN001024,CUST000716,BR092,Auto Loan,1479092,12.91,83,Closed,2025-07-30
LOAN001025,CUST001904,BR063,Auto Loan,857933,9.88,83,Active,2026-05-05
LOAN001026,CUST000720,BR085,Personal Loan,543163,8.92,50,Closd,2026-05-23
LOAN001027,CUST003126,BR016,Home Loan,5189927,12.28,214,Active,2026-04-12
LOAN001028,CUST004199,BR016,Home Loan,2845191,13.05,156,Active,2024-08-28
LOAN001029,CUST004771,BR015,Home Loan,5879078,,208,Active,2017-11-03
LOAN001030,CUST002299,BR003,Personal Loan,267231,12.14,38,Pending Approval,2026-04-25
LOAN001031,CUST003798,BR101,Gold Loan,451740,16.1,34,Active,2017-12-25
LOAN001032,CUST003159,BR130,Education Loan,2249060,10.3,78,Closed,2014-10-02
LOAN001033,CUST800009,BR058,Home Loan,1660565,8.75,238,Active ,2012-07-11
LOAN001034,CUST004433,BR029,Gold Loan,201224,11.66,17,Active,2024-10-28
LOAN001035,CUST003724,BR113,Auto Loan,520358,11.53,50,Closed,2023-05-11
LOAN001036,CUST002984,BR006,Personal Loan,486673,11.99,37,Closed,2021-06-18
LOAN001037,CUST003638,BR008,Personal Loan,955146,9.82,43,Closed,2026-07-21
LOAN001038,CUST000010,BR087,Home Loan,7551786,13.72,215,Closed,2016-06-29
LOAN001039,CUST002059,BR003,Personal Loan,628412,9.29,35,Closed,2014-12-23
LOAN001040,CUST003075,BR024,Personal Loan,860597,14.79,40,Active,2019-12-18
LOAN001041,CUST002775,BR043,Auto Loan,1014690,8.4,64,Active,2015-10-19
LOAN001042,CUST000341,BR144,Education Loan,901239,16.5,112,Active,2023-10-10
LOAN001043,CUST003159,BR075,Auto Loan,1098682,9.14,30,Active,2019-05-01
LOAN001044,CUST002273,BR103,Auto Loan,377509,15.96,59,Closed,2025-09-04
LOAN001045,CUST004938,BR050,Business Loan,3021909,11.03,85,Closed,2017-06-07
LOAN001046,CUST003868,BR150,Education Loan,362087,11.12,69,Active,2025-01-21
LOAN001047,CUST001576,BR135,Home Loan,5846444,15.32,233,Defaulted,2018-10-31
LOAN001048,CUST004190,BR123,Business Loan,4468695,7.71,78,Active,2022-08-10
LOAN001049,CUST003179,BR042,Personal Loan,71343,9.76,57,Closed,2019-08-02
LOAN001050,CUST002096,BR048,Personal Loan,571842,45.5,22,Closd,2025-08-01
LOAN001051,CUST002935,BR022,Gold Loan,313775,16.25,28,Active,2024-09-01
LOAN001052,CUST002936,BR103,Auto Loan,775994,13.1,56,Active,2022-02-16
LOAN001053,CUST001418,BR116,Gold Loan,345885,11.81,35,Active,2026-04-21
LOAN001054,CUST003914,BR065,Auto Loan,817357,11.0,73,Active,2025-11-16
LOAN001055,CUST001055,BR002,Education Loan,2300939,15.32,92,Active,2026-06-21
LOAN001056,CUST001484,BR036,Personal Loan,727770,7.7,54,Active,2025-08-30
LOAN001057,CUST002477,BR082,Business Loan,2561248,11.3,79,Closd,2025-09-06
LOAN001058,CUST002882,BR082,Personal Loan,301849,11.44,20,Active,2023-03-08
LOAN001059,CUST004954,BR061,Auto Loan,1299888,8.25,50,Active,2024-03-04
LOAN001060,CUST001103,BR141,Personal Loan,681320,12.22,54,Active,2026-01-25
LOAN001061,CUST004188,BR017,Home Loan,8654442,13.78,122,Active,2019-08-24
LOAN001062,CUST001083,BR002,Home Loan,4744000,13.54,194,CLOSED,2024-12-07
LOAN001063,CUST004780,BR050,Home Loan,7103904,14.72,180,Defaulted,2021-07-22
LOAN001064,CUST001265,BR139,Education Loan,992942,45.5,52,Active,2024-06-22
LOAN001065,CUST004257,BR144,Home Loan,6041920,15.83,163,Closed,2026-05-09
LOAN001066,CUST002370,BR039,Education Loan,1407640,16.39,37,Closed,2026-06-03
LOAN001067,CUST002914,BR081,Gold Loan,55382,10.05,10,Active,2020-03-17
LOAN001068,CUST000473,BR013,Personal Loan,699993,15.53,29,Active,2022-04-27
LOAN001069,CUST000273,BR055,Home Loan,8631736,12.46,135,actve,2022-08-13
LOAN001070,CUST003793,BR150,Gold Loan,261801,13.31,18,Active,2024-03-19
LOAN001071,CUST001472,BR071,Business Loan,4763257,16.41,74,Closed,2024-06-13
LOAN001072,CUST001586,BR017,Gold Loan,371034,9.45,13,Active,2016-09-02
LOAN001073,CUST002164,BR109,Personal Loan,440457,15.4,27,Active,2025-06-08
LOAN001074,CUST004037,BR146,Auto Loan,713332,,24,Active,2026-07-08
LOAN001075,CUST002101,BR048,Personal Loan,832486,15.08,17,Active,2021-10-23
LOAN001076,CUST000582,BR091,Auto Loan,571619,15.2,51,Active,2022-11-10
LOAN001077,CUST004709,BR100,Personal Loan,538786,8.31,49,Closed,2014-04-26
LOAN001078,CUST003431,BR129,Gold Loan,275366,11.25,33,Active,2020-03-28
LOAN001079,CUST001889,BR143,Business Loan,2498301,12.93,59,Active,2021-10-03
LOAN001080,CUST004706,BR096,Personal Loan,389049,7.84,57,CLOSED,2018-11-01
LOAN001081,CUST003504,BR107,Business Loan,3942819,8.78,69,Active,2023-05-08
LOAN001082,CUST004490,BR006,Gold Loan,455760,11.91,20,Active,2025-09-27
LOAN001083,CUST002898,BR047,Gold Loan,391380,11.68,16,Closed,2026-04-21
LOAN001084,CUST004508,BR114,Business Loan,3228783,13.6,88,Active,2026-05-02
LOAN001085,CUST001812,BR140,Personal Loan,462336,13.45,21,Closed,2022-01-17
LOAN001086,CUST001188,BR111,Auto Loan,,15.57,29,Active,2025-11-04
LOAN001087,CUST003280,BR048,Business Loan,4004952,14.31,83,Active,2013-05-24
LOAN001088,CUST002545,BR026,Auto Loan,1547130,10.43,74,Active,2023-09-17
LOAN001089,CUST001642,BR090,Home Loan,2676764,8.38,224,Defaulted,2018-04-18
LOAN001090,CUST004856,BR014,Education Loan,2370361,11.3,82,Closed,2025-12-15
LOAN001091,CUST003638,BR116,Business Loan,3256120,8.13,42,CLOSED,2026-02-12
LOAN001092,CUST000544,BR058,Auto Loan,883613,15.35,28,actve,2025-10-26
LOAN001093,CUST000692,BR101,Education Loan,768527,13.84,85,Closed,2024-03-09
LOAN001094,CUST004266,BR004,Personal Loan,659518,15.25,15,Active,2021-05-31
LOAN001095,CUST003433,BR041,Business Loan,3082608,7.88,41,ACTIVE,2023-09-03
LOAN001096,CUST003237,BR001,Home Loan,4096991,7.88,123,Pending Approval,2022-12-16
LOAN001097,CUST000208,BR047,Personal Loan,464243,11.32,59,Closed,2025-07-26
LOAN001098,CUST001451,BR126,Personal Loan,508178,13.87,27,Active,2025-12-28
LOAN001099,CUST002568,BR053,Education Loan,822959,12.52,80,Closed,2026-03-15
LOAN001100,CUST001176,BR123,Home Loan,5608746,7.98,185,Pending Approval,2020-05-09
LOAN001101,CUST004365,BR078,Home Loan,8008744,11.36,187,Closed,2025-03-20
LOAN001102,CUST004868,BR070,Gold Loan,153794,,29,Active,2018-01-08
LOAN001103,CUST000732,BR101,Personal Loan,182681,14.9,43,Closed,2023-06-19
LOAN001104,CUST000233,BR068,Auto Loan,1486053,13.24,59,Closed,2024-12-07
LOAN001105,CUST001795,BR086,Auto Loan,1775570,12.28,80,Pending Approval,2025-09-14
LOAN001106,CUST003029,BR057,Business Loan,1027168,13.7,59,Active,2024-05-06
LOAN001107,CUST001403,BR149,Business Loan,4377730,12.75,41,Active,2026-04-07
LOAN001108,CUST001634,BR023,Home Loan,7805302,12.2,148,Closed,2019-09-28
LOAN001109,CUST004333,BR128,Home Loan,8272626,16.46,238,Active,2025-05-09
LOAN001110,CUST003634,BR097,Home Loan,2512454,8.28,192,Closed,2024-10-01
LOAN001111,CUST000525,BR086,Education Loan,2423198,15.27,110,Active,2016-07-27
LOAN001112,CUST004319,BR050,Auto Loan,1542241,11.64,82,Closed,2022-08-09
LOAN001113,CUST002256,BR038,Personal Loan,369636,12.36,42,Closed,2015-03-25
LOAN001114,CUST004110,BR044,Auto Loan,1602142,13.86,80,Active,2026-04-12
LOAN001115,CUST003227,BR057,Auto Loan,1157447,11.75,81,Defaulted,2025-11-02
LOAN001116,CUST004195,BR012,Personal Loan,357893,11.43,30,Active,2020-08-19
LOAN001117,CUST000753,BR018,Auto Loan,431910,14.76,46,Active,2024-10-27
LOAN001118,CUST004708,BR082,Home Loan,7726568,12.39,178,Active,2025-06-14
LOAN001119,CUST001793,BR117,Auto Loan,243090,16.33,61,Active,2021-01-10
LOAN001120,CUST003975,BR148,Education Loan,623389,15.65,71,Closed,2023-04-30
LOAN001121,CUST004098,BR057,Education Loan,1198557,12.52,83,Active,2020-09-22
LOAN001122,CUST002966,BR139,Home Loan,4863008,15.05,187,Active,2013-04-30
LOAN001123,CUST000766,BR115,Personal Loan,290470,13.14,38,Closed,2014-01-05
LOAN001124,CUST001152,BR029,Business Loan,3044257,11.44,53,Active,2026-06-23
LOAN001125,CUST003820,BR037,Personal Loan,941796,9.8,27,Active,2023-01-26
LOAN001126,CUST001429,BR070,Home Loan,8940078,15.53,146,Active,2022-03-31
LOAN001127,CUST000928,BR027,Personal Loan,358588,11.48,47,Active,2019-05-23
LOAN001128,CUST000877,BR071,Auto Loan,800502,11.98,36,Closed,2022-06-26
LOAN001129,CUST002011,BR027,Business Loan,2586343,8.83,34,Defaulted,2026-02-14
LOAN001130,CUST003364,BR056,Gold Loan,104578,7.61,30,Active,2016-03-31
LOAN001131,CUST002931,BR053,Auto Loan,1267575,10.52,76,Closed,2023-10-05
LOAN001132,CUST000365,BR037,Auto Loan,1691410,10.34,54,Active,2024-09-19
LOAN001133,CUST003169,BR017,Home Loan,8661443,12.64,196,Active,2026-01-14
LOAN001134,CUST000519,BR112,Personal Loan,364638,13.42,18,ACTIVE,2023-04-26
LOAN001135,CUST001100,BR003,Personal Loan,359777,8.43,17,Active,2026-07-24
LOAN001136,CUST002548,BR057,Personal Loan,811840,13.38,38,Defaulted,2017-06-21
LOAN001137,CUST003032,BR111,Personal Loan,365101,11.82,32,Active,2025-04-11
LOAN001138,CUST001667,BR118,Business Loan,4838542,9.51,73,Active,2021-08-06
LOAN001139,CUST002483,BR059,Personal Loan,625138,13.99,52,Active,2024-04-16
LOAN001140,CUST004596,BR012,Personal Loan,866020,15.96,20,Active,2026-06-26
LOAN001141,CUST001393,BR114,Auto Loan,240408,11.65,30,Closed,2026-05-08
LOAN001142,CUST004133,BR135,Education Loan,647053,14.33,119,Active,2022-09-29
LOAN001143,CUST000612,BR027,Home Loan,6005951,16.5,142,Closed,2020-10-18
LOAN001144,CUST001993,BR114,Auto Loan,190593,16.16,33,Defaulted,2025-07-20
LOAN001145,CUST000173,BR085,Education Loan,1465652,11.38,91,Active,2021-08-28
LOAN001146,CUST004482,BR050,Personal Loan,920321,7.55,36,Active,2026-01-21
LOAN001147,CUST000076,BR145,Auto Loan,840602,11.08,58,Active,2023-04-18
LOAN001148,CUST002919,BR109,Home Loan,8441777,12.6,123,Active,2026-07-18
LOAN001149,CUST003846,BR035,Personal Loan,901187,15.55,58,Active,2024-03-13
LOAN001150,CUST002332,BR088,Personal Loan,293320,15.11,51,CLOSED,2024-07-24
LOAN001151,CUST001538,BR035,Auto Loan,1601270,15.09,81,actve,2016-03-11
LOAN001152,CUST004082,BR041,Auto Loan,1220087,45.5,30,Active,2025-09-12
LOAN001153,CUST003575,BR110,Gold Loan,149154,13.89,10,Active,2025-04-08
LOAN001154,CUST004922,BR053,Education Loan,251485,13.68,95,Closed,2024-05-28
LOAN001155,CUST001107,BR046,Home Loan,2626658,13.92,137,Closed,2024-06-19
LOAN001156,CUST800010,BR086,Personal Loan,601187,9.72,26,Active,2024-08-16
LOAN001157,CUST001002,BR036,Gold Loan,278911,14.93,18,Active,2026-06-12
LOAN001158,CUST003495,BR076,Education Loan,1828222,10.0,78,Closed,2025-07-16
LOAN001159,CUST003212,BR023,Business Loan,755268,9.12,39,Active,2021-08-10
LOAN001160,CUST003890,BR034,Personal Loan,309872,,48,Closed,2024-02-12
LOAN001161,CUST003813,BR048,Gold Loan,495759,15.1,8,Active,2024-03-08
LOAN001162,CUST002167,BR128,Auto Loan,464788,11.6,81,Active,2019-07-09
LOAN001163,CUST002317,BR045,Auto Loan,,11.65,81,Closed,2023-08-30
LOAN001164,CUST800011,BR142,Business Loan,2017082,8.63,36,Active,2023-09-18
LOAN001165,CUST000964,BR041,Personal Loan,746881,15.19,44,Active,2025-10-13
LOAN001166,CUST002539,BR102,Auto Loan,1744340,12.54,74,Closed,2022-09-15
LOAN001167,CUST001730,BR117,Education Loan,2024603,11.62,58,Active,2019-08-18
LOAN001168,CUST004499,BR091,Education Loan,277796,12.5,54,Active,2026-01-27
LOAN001169,CUST001582,BR067,Personal Loan,109347,10.19,52,Active,2026-01-26
LOAN001170,CUST004303,BR109,Personal Loan,308287,45.5,14,Closed,2024-07-22
LOAN001171,CUST004420,BR113,Home Loan,5752886,9.51,229,Active,2013-10-09
LOAN001172,CUST000529,BR034,Personal Loan,55544,15.18,52,Active,2025-12-19
LOAN001173,CUST000094,BR058,Auto Loan,948611,8.97,65,Closed,2018-01-30
LOAN001174,CUST002207,BR042,Personal Loan,521150,13.14,26,Active,2019-02-05
LOAN001175,CUST002088,BR021,Auto Loan,1606738,13.08,67,Active,2017-04-04
LOAN001176,CUST003503,BR004,Home Loan,8641504,10.09,218,Closed,2026-02-04
LOAN001177,CUST004254,BR046,Personal Loan,340528,16.19,28,Active,2024-12-14
LOAN001178,CUST000535,BR009,Auto Loan,1660510,13.55,77,actve,2024-12-22
LOAN001179,CUST002272,BR071,Education Loan,918273,12.83,100,Active,2025-01-20
LOAN001180,CUST001647,BR042,Auto Loan,1192019,14.25,61,PENDING,2024-12-16
LOAN001181,CUST000635,BR019,Personal Loan,413248,14.45,31,Active,2025-08-25
LOAN001182,CUST001776,BR019,Gold Loan,23455,7.53,16,Closed,2024-01-16
LOAN001183,CUST004537,BR042,Gold Loan,450322,12.17,7,Defaulted,2025-07-02
LOAN001184,CUST003314,BR059,Business Loan,541722,14.9,34,actve,2017-09-14
LOAN001185,CUST000578,BR062,Home Loan,1843453,,174,Closed,2022-05-16
LOAN001186,CUST000429,BR045,Home Loan,3787400,12.27,140,Closed,2024-02-27
LOAN001187,CUST003562,BR127,Auto Loan,1167906,15.11,27,Closed,2026-02-21
LOAN001188,CUST004246,BR128,Auto Loan,1460201,14.16,61,Closed,2022-03-16
LOAN001189,CUST004952,BR041,Personal Loan,186779,11.54,17,Active,2025-07-18
LOAN001190,CUST002055,BR149,Home Loan,,9.63,178,Active,2026-06-10
LOAN001191,CUST002008,BR039,Home Loan,8616792,8.08,186,Active ,2018-08-26
LOAN001192,CUST000045,BR040,Education Loan,1643394,14.88,92,Active,2023-12-02
LOAN001193,CUST002579,BR037,Personal Loan,251158,16.26,38,Active,2024-04-04
LOAN001194,CUST004662,BR028,Auto Loan,1552534,12.71,28,Active,2022-03-01
LOAN001195,CUST000337,BR049,Personal Loan,956657,15.7,58,Active,2024-01-25
LOAN001196,CUST003068,BR037,Home Loan,1971858,11.94,151,Active,2024-03-13
LOAN001197,CUST000455,BR006,Auto Loan,787549,9.44,33,Active,2013-07-13
LOAN001198,CUST000887,BR012,Home Loan,4384797,7.86,142,Closed,2026-05-03
LOAN001199,CUST003341,BR011,Business Loan,4876360,13.88,44,Closed,2026-03-10
LOAN001200,CUST800012,BR081,Personal Loan,543895,11.99,56,Closed,2022-01-24
LOAN001201,CUST000943,BR100,Gold Loan,202304,15.48,28,Active,2022-09-21
LOAN001202,CUST004068,BR127,Auto Loan,1623848,9.26,38,Active,2026-06-08
LOAN001203,CUST000619,BR067,Gold Loan,95418,15.4,13,Closed,2016-02-13
LOAN001204,CUST004317,BR048,Gold Loan,335752,14.62,7,Active,2025-06-28
LOAN001205,CUST004476,BR122,Gold Loan,341075,16.03,6,Closed,2018-01-18
LOAN001206,CUST002933,BR114,Personal Loan,972496,14.93,16,Closed,2025-12-24
LOAN001207,CUST004402,BR118,Home Loan,1751814,11.12,235,Active,2018-04-05
LOAN001208,CUST002961,BR138,Education Loan,1018721,14.6,80,Active,2025-09-28
LOAN001209,CUST000170,BR115,Personal Loan,991538,13.29,29,Active,2025-08-11
LOAN001210,CUST004242,BR003,Personal Loan,363993,15.82,13,Active,2020-12-15
LOAN001211,CUST000676,BR038,Personal Loan,104506,14.46,59,Active,2014-12-07
LOAN001212,CUST003130,BR088,Education Loan,417347,11.63,58,Closed,2024-10-20
LOAN001213,CUST001025,BR058,Gold Loan,197595,15.89,19,Active,2024-01-25
LOAN001214,CUST000011,BR041,Home Loan,4266325,12.24,189,CLOSED,2022-09-07
LOAN001215,CUST004012,BR022,Business Loan,4407501,9.85,80,Closed,2026-04-17
LOAN001216,CUST003339,BR092,Education Loan,930851,7.79,43,Closed,2026-06-09
LOAN001217,CUST002599,BR137,Home Loan,5546523,10.87,169,closed,2026-05-26
LOAN001218,CUST004729,BR007,Education Loan,1179680,15.94,77,Active ,2020-04-27
LOAN001219,CUST001642,BR036,Auto Loan,394586,15.01,45,Active,2019-12-18
LOAN001220,CUST002644,BR002,Gold Loan,347021,12.18,29,Active,2020-12-23
LOAN001221,CUST003620,BR140,Education Loan,1148517,8.02,41,Active,2026-03-03
LOAN001222,CUST000770,BR013,Personal Loan,86212,13.26,48,Defaulted,2017-12-25
LOAN001223,CUST004704,BR049,Home Loan,3068605,15.32,134,PENDING,2026-04-29
LOAN001224,CUST004982,BR116,Education Loan,2394185,9.19,52,Active,2026-07-28
LOAN001225,CUST004194,BR043,Business Loan,4423818,11.18,29,Closed,2014-09-21
LOAN001226,CUST002347,BR056,Education Loan,480416,16.09,51,Pending Approval,2015-01-29
LOAN001227,CUST800013,BR049,Education Loan,549458,11.39,87,Defaulted,2026-02-12
LOAN001228,CUST001698,BR130,Gold Loan,499016,14.6,31,Active,2015-01-16
LOAN001229,CUST002312,BR141,Education Loan,2118853,9.14,109,Active,2025-08-09
LOAN001230,CUST004488,BR036,Business Loan,1639039,12.08,76,Active,2022-01-01
LOAN001231,CUST002157,BR060,Personal Loan,944941,10.06,44,Active,2018-04-23
LOAN001232,CUST003405,BR038,Education Loan,590188,9.5,68,Active,2022-07-22
LOAN001233,CUST001371,BR017,Auto Loan,,14.87,31,Active,2026-04-01
LOAN001234,CUST002218,BR023,Home Loan,6939771,16.5,217,Closed,2023-04-17
LOAN001235,CUST003580,BR136,Personal Loan,873524,12.17,47,Active,2023-09-08
LOAN001236,CUST001859,BR134,Personal Loan,249056,10.9,15,Defaulted,2017-10-22
LOAN001237,CUST001777,BR094,Personal Loan,640004,14.99,25,Closed,2022-12-15
LOAN001238,CUST004459,BR114,Home Loan,5949595,12.44,142,Active,2021-12-23
LOAN001239,CUST004548,BR141,Home Loan,8519291,12.03,203,Pending Approval,2024-07-03
LOAN001240,CUST001583,BR907,Personal Loan,823569,8.94,41,Active,2026-06-12
LOAN001241,CUST000646,BR107,Home Loan,5278066,11.51,155,Closed,2019-04-21
LOAN001242,CUST002237,BR118,Business Loan,3685952,14.91,66,Closed,2023-02-18
LOAN001243,CUST003140,BR077,Personal Loan,149783,11.24,58,Active,2021-04-08
LOAN001244,CUST002018,BR119,Gold Loan,435310,9.09,25,Closed,2026-03-11
LOAN001245,CUST000312,BR034,Personal Loan,130362,8.05,36,Closed,2026-01-23
LOAN001246,CUST004857,BR013,Personal Loan,300893,14.32,45,closed,2023-12-16
LOAN001247,CUST000946,BR040,Education Loan,223019,12.96,86,Closed,2026-05-18
LOAN001248,CUST004391,BR018,Gold Loan,317767,10.25,17,Active,2025-07-13
LOAN001249,CUST002607,BR139,Personal Loan,168356,11.0,43,Closed,2023-12-11
LOAN001250,CUST003486,BR101,Personal Loan,438517,10.48,24,Active,2014-08-09
LOAN001251,CUST003936,BR023,Education Loan,1817243,10.2,65,Closed,2022-01-20
LOAN001252,CUST002933,BR031,Personal Loan,396733,7.81,41,Closed,2025-10-09
LOAN001253,CUST004931,BR009,Business Loan,,11.53,52,Closed,2019-08-04
LOAN001254,CUST002501,BR004,Education Loan,2099112,15.24,117,Closed,2020-11-29
LOAN001255,CUST003725,BR002,Personal Loan,303480,16.31,16,Active,2016-03-14
LOAN001256,CUST000525,BR108,Home Loan,4655328,8.46,171,Active,2017-05-08
LOAN001257,CUST004485,BR139,Education Loan,2281553,9.07,78,Closed,2025-05-27
LOAN001258,CUST004492,BR106,Personal Loan,224774,11.32,15,Active,2026-02-22
LOAN001259,CUST000314,BR013,Auto Loan,594377,8.72,48,Active,2024-07-09
LOAN001260,CUST004885,BR013,Home Loan,8735635,13.1,212,Active,2024-10-08
LOAN001261,CUST001182,BR097,Home Loan,2752694,13.76,211,Active,2023-03-16
LOAN001262,CUST003710,BR026,Personal Loan,402974,13.79,31,Pending Approval,2026-07-01
LOAN001263,CUST004809,BR011,Personal Loan,925015,15.89,21,Closed,2016-09-16
LOAN001264,CUST001430,BR030,Personal Loan,905382,8.92,21,actve,2025-11-25
LOAN001265,CUST003691,BR111,Personal Loan,631886,14.56,21,Pending Approval,2026-07-14
LOAN001266,CUST001956,BR101,Gold Loan,233545,13.07,8,Pending Approval,2026-02-18
LOAN001267,CUST003570,BR094,Home Loan,7169066,14.24,197,Closed,2025-01-02
LOAN001268,CUST004059,BR044,Auto Loan,931643,9.97,76,Closed,2021-10-15
LOAN001269,CUST001200,BR048,Personal Loan,333865,9.2,25,Active,2021-02-28
LOAN001270,CUST004177,BR044,Personal Loan,897545,13.22,57,Active,2017-06-10
LOAN001271,CUST003185,BR141,Personal Loan,546705,10.01,57,Active,2023-06-23
LOAN001272,CUST001529,BR071,Business Loan,4164843,15.28,77,Closed,2022-10-29
LOAN001273,CUST004175,BR029,Education Loan,1080722,16.5,49,Closed,2024-11-21
LOAN001274,CUST003403,BR043,Auto Loan,452183,15.15,43,Active,2023-10-14
LOAN001275,CUST000258,BR084,Business Loan,4008836,14.08,50,Active ,2018-12-06
LOAN001276,CUST004718,BR096,Personal Loan,356636,15.63,44,Closed,2025-04-14
LOAN001277,CUST002921,BR020,Education Loan,2282898,15.41,42,Active ,2026-02-26
LOAN001278,CUST003679,BR006,Home Loan,4514771,14.3,162,Active,2026-07-12
LOAN001279,CUST001834,BR050,Home Loan,4104764,12.52,232,Closed,2021-08-29
LOAN001280,CUST002042,BR090,Auto Loan,1294893,15.8,34,Closed,2026-05-22
LOAN001281,CUST001750,BR126,Education Loan,2373398,9.92,36,Active,2025-04-25
LOAN001282,CUST002510,BR023,Auto Loan,1121198,11.97,72,Pending Approval,2025-06-17
LOAN001283,CUST003986,BR120,Personal Loan,321109,9.77,38,Active,2026-06-24
LOAN001284,CUST003837,BR005,Gold Loan,291533,11.12,28,Active,2026-07-11
LOAN001285,CUST800014,BR114,Personal Loan,240755,14.35,57,Active,2014-06-13
LOAN001286,CUST000149,BR053,Personal Loan,695470,11.39,53,Active,2025-02-05
LOAN001287,CUST000339,BR015,Home Loan,6351976,8.31,159,Closed,2022-09-08
LOAN001288,CUST004365,BR127,Gold Loan,84862,8.69,32,Active,2025-06-26
LOAN001289,CUST004902,BR110,Home Loan,6825845,9.14,226,Active,2023-11-15
LOAN001290,CUST000740,BR033,Education Loan,1580322,10.48,100,Active,2017-09-21
LOAN001291,CUST002603,BR100,Personal Loan,777816,9.44,12,Active,2026-01-05
LOAN001292,CUST004445,BR028,Personal Loan,457524,12.18,44,Active,2025-12-26
LOAN001293,CUST000130,BR140,Personal Loan,556749,9.97,15,Active,2024-11-07
LOAN001294,CUST004966,BR080,Personal Loan,981184,11.25,14,Closed,2025-03-28
LOAN001295,CUST000830,BR143,Personal Loan,233411,12.46,32,Active,2023-01-11
LOAN001296,CUST000256,BR086,Gold Loan,333493,15.89,10,Active,2024-09-05
LOAN001297,CUST002544,BR069,Business Loan,4844909,12.36,54,Active,2022-03-25
LOAN001298,CUST004811,BR089,Home Loan,3578975,12.69,151,Active,2026-07-07
LOAN001299,CUST003883,BR030,Home Loan,1777473,12.29,156,Active ,2016-04-14
LOAN001300,CUST001136,BR094,Gold Loan,478933,14.4,8,Closed,2022-01-01
LOAN001301,CUST003112,BR028,Education Loan,637679,8.74,36,Closed,2021-12-15
LOAN001302,CUST002329,BR087,Auto Loan,235341,15.75,36,Active,2022-02-10
LOAN001303,CUST002277,BR019,Personal Loan,783913,8.41,24,Active,2026-07-15
LOAN001304,CUST000413,BR023,Personal Loan,583556,11.57,19,Active,2025-06-05
LOAN001305,CUST001577,BR022,Business Loan,2625134,13.74,45,Closed,2024-06-30
LOAN001306,CUST001162,BR077,Personal Loan,755864,11.82,59,Active,2021-08-04
LOAN001307,CUST004921,BR036,Personal Loan,850182,7.75,58,Active,2019-10-03
LOAN001308,CUST001223,BR033,Personal Loan,625183,12.36,50,Closed,2024-03-30
LOAN001309,CUST004285,BR058,Education Loan,770899,12.18,36,Closed,2022-10-08
LOAN001310,CUST000931,BR075,Auto Loan,1586832,12.01,27,Active,2026-07-25
LOAN001311,CUST000236,BR138,Education Loan,424478,8.16,90,Active,2025-11-09
LOAN001312,CUST004230,BR020,Auto Loan,804145,11.18,27,Closed,2024-06-19
LOAN001313,CUST002497,BR090,Education Loan,103005,7.65,118,Active,2026-07-30
LOAN001314,CUST004882,BR086,Gold Loan,423237,9.17,27,Active,2025-10-24
LOAN001315,CUST000850,BR070,Auto Loan,691871,12.86,59,Pending Approval,2026-07-23
LOAN001316,CUST001526,BR118,Personal Loan,390455,9.81,23,Active,2021-05-03
LOAN001317,CUST004920,BR111,Personal Loan,224569,8.34,20,Closed,2021-07-15
LOAN001318,CUST003696,BR136,Home Loan,7334231,12.18,228,Closed,2018-01-26
LOAN001319,CUST000991,BR147,Business Loan,4176781,9.89,45,Active,2024-02-29
LOAN001320,CUST000760,BR130,Personal Loan,564888,10.5,58,Defaulted,2024-08-07
LOAN001321,CUST002146,BR054,Gold Loan,444027,8.06,22,Active,2025-03-24
LOAN001322,CUST004728,BR027,Business Loan,399665,11.86,75,Closed,2025-12-01
LOAN001323,CUST000520,BR079,Personal Loan,463125,13.56,55,Closed,2026-06-08
LOAN001324,CUST003487,BR068,Home Loan,6356651,10.35,157,Active,2024-01-15
LOAN001325,CUST000729,BR069,Education Loan,698869,11.61,111,Defaulted,2020-12-18
LOAN001326,CUST003499,BR001,Auto Loan,1085383,9.7,74,Active,2026-07-30
LOAN001327,CUST004166,BR135,Education Loan,2401826,12.34,66,Active,2025-07-03
LOAN001328,CUST001234,BR057,Personal Loan,313439,10.21,26,Active,2024-02-29
LOAN001329,CUST003428,BR083,Home Loan,5637766,14.84,226,Closed,2024-09-13
LOAN001330,CUST002626,BR081,Education Loan,1691212,9.51,80,Pending Approval,2020-07-27
LOAN001331,CUST000302,BR144,Business Loan,,12.59,73,Pending Approval,2020-12-23
LOAN001332,CUST002036,BR111,Gold Loan,379813,9.45,7,Closed,2020-12-18
LOAN001333,CUST003792,BR033,Education Loan,1490862,7.83,59,Active,2025-04-18
LOAN001334,CUST004340,BR042,Personal Loan,234731,15.28,36,Active,2026-04-16
LOAN001335,CUST004135,BR045,Personal Loan,623040,13.89,25,Defaulted,2016-04-21
LOAN001336,CUST003282,BR062,Personal Loan,754528,8.0,25,Active,2026-03-28
LOAN001337,CUST003536,BR076,Auto Loan,1142384,8.09,57,Active,2025-06-19
LOAN001338,CUST001399,BR130,Education Loan,2245777,16.37,100,Active,2025-02-04
LOAN001339,CUST003345,BR035,Personal Loan,562583,14.0,39,Active,2021-04-28
LOAN001340,CUST000520,BR099,Personal Loan,902770,8.24,41,Closed,2026-02-07
LOAN001341,CUST001046,BR058,Auto Loan,664291,-2.0,40,Active,2026-05-26
LOAN001342,CUST004036,BR085,Personal Loan,121112,11.87,35,Closed,2024-08-31
LOAN001343,CUST001321,BR015,Business Loan,2180737,11.13,67,Closed,2018-05-12
LOAN001344,CUST000329,BR075,Personal Loan,963288,15.37,43,Closed,2025-08-17
LOAN001345,CUST000884,BR098,Business Loan,4032224,13.4,40,Closd,2025-10-25
LOAN001346,CUST002310,BR077,Home Loan,3451179,16.34,157,Closed,2026-01-08
LOAN001347,CUST002617,BR004,Auto Loan,1461777,10.01,41,Active,2020-08-14
LOAN001348,CUST003242,BR046,Gold Loan,373802,10.07,9,Active,2022-05-18
LOAN001349,CUST002842,BR050,Home Loan,2266858,13.46,201,actve,2017-08-25
LOAN001350,CUST003005,BR010,Auto Loan,855634,15.53,45,Active,2026-04-16
LOAN001351,CUST000785,BR055,Home Loan,2158795,15.34,157,Active,2022-04-25
LOAN001352,CUST000598,BR087,Home Loan,8093008,12.11,192,Active,2023-07-25
LOAN001353,CUST001645,BR061,Home Loan,7422294,10.74,163,Active,2025-12-08
LOAN001354,CUST003238,BR132,Personal Loan,375566,8.7,19,Active,2012-09-24
LOAN001355,CUST002613,BR078,Personal Loan,637528,13.95,20,Closed,2014-12-12
LOAN001356,CUST001202,BR150,Business Loan,4708469,13.37,60,Closed,2019-03-10
LOAN001357,CUST003884,BR113,Business Loan,371393,13.53,51,Closed,2023-04-08
LOAN001358,CUST002784,BR015,Personal Loan,547726,8.83,49,Active,2023-07-17
LOAN001359,CUST004025,BR092,Education Loan,2181945,12.35,58,Closed,2026-03-08
LOAN001360,CUST800015,BR031,Education Loan,1377652,15.11,114,Active,2022-10-20
LOAN001361,CUST003876,BR056,Personal Loan,76159,13.99,51,Active,2023-09-18
LOAN001362,CUST001935,BR106,Personal Loan,607289,11.78,28,Active,2025-09-24
LOAN001363,CUST000735,BR132,Education Loan,1212530,14.66,89,Closed,2026-03-29
LOAN001364,CUST003731,BR084,Personal Loan,368077,11.3,37,Active,2026-04-13
LOAN001365,CUST004370,BR074,Home Loan,1919223,,179,Active,2025-07-17
LOAN001366,CUST001268,BR131,Personal Loan,880773,13.88,28,Active,2025-11-22
LOAN001367,CUST000158,BR102,Auto Loan,1340125,15.49,67,Active,2022-06-06
LOAN001368,CUST004261,BR054,Personal Loan,198545,10.1,40,Defaulted,2022-01-02
LOAN001369,CUST002755,BR032,Personal Loan,821190,13.86,56,Defaulted,2026-05-22
LOAN001370,CUST002269,BR087,Home Loan,5925370,9.46,128,Active,2022-09-22
LOAN001371,CUST001366,BR001,Personal Loan,152181,12.06,23,Pending Approval,2025-02-25
LOAN001372,CUST004962,BR137,Education Loan,1369185,12.05,40,Active,2025-02-25
LOAN001373,CUST001436,BR138,Education Loan,1786771,16.36,45,Active,2022-12-04
LOAN001374,CUST003052,BR101,Gold Loan,249679,9.89,23,Active,2023-08-20
LOAN001375,CUST001088,BR042,Personal Loan,95008,10.29,41,Closed,2023-04-22
LOAN001376,CUST000800,BR034,Personal Loan,612366,12.87,28,Active,2020-01-24
LOAN001377,CUST002339,BR099,Personal Loan,782263,8.0,18,Active,2026-07-27
LOAN001378,CUST003745,BR117,Personal Loan,427648,8.3,32,Active,2022-05-03
LOAN001379,CUST000249,BR096,Business Loan,1106769,16.27,53,Pending Approval,2019-01-11
LOAN001380,CUST003053,BR022,Home Loan,4622709,9.26,178,Active,2023-08-02
LOAN001381,CUST001068,BR141,Education Loan,2349117,12.95,40,Active,2023-05-20
LOAN001382,CUST000592,BR016,Personal Loan,899993,12.63,33,Active,2020-05-11
LOAN001383,CUST004846,BR006,Business Loan,2471903,13.21,95,Active,2022-08-04
LOAN001384,CUST000343,BR051,Home Loan,6044720,11.61,137,Active,2026-05-09
LOAN001385,CUST000837,BR034,Education Loan,1552278,14.82,86,Active,2021-05-26
LOAN001386,CUST004124,BR074,Personal Loan,730547,8.31,56,Active,2018-08-24
LOAN001387,CUST000546,BR090,Home Loan,4027869,14.53,174,Active,2019-01-02
LOAN001388,CUST002438,BR104,Personal Loan,339945,9.71,20,Active,2019-11-30
LOAN001389,CUST001510,BR033,Personal Loan,122536,12.67,43,Active,2026-04-22
LOAN001390,CUST003469,BR119,Education Loan,2011385,8.71,65,Active,2024-01-30
LOAN001391,CUST004376,BR035,Auto Loan,178431,8.38,29,Closed,2017-07-28
LOAN001392,CUST002505,BR097,Education Loan,2341583,12.88,73,Closed,2022-08-21
LOAN001393,CUST000751,BR098,Education Loan,1286355,8.51,101,Active,2014-07-24
LOAN001394,CUST004139,BR113,Auto Loan,560184,9.42,65,Closed,2023-04-21
LOAN001395,CUST004153,BR106,Education Loan,,9.08,55,Active,2024-01-02
LOAN001396,CUST000807,BR150,Auto Loan,476967,13.81,30,Active ,2024-01-02
LOAN001397,CUST000199,BR031,Auto Loan,944031,14.64,71,Closed,2026-06-08
LOAN001398,CUST000556,BR005,Gold Loan,94971,9.4,13,Closed,2025-03-03
LOAN001399,CUST002103,BR004,Home Loan,3855448,13.91,198,Active,2026-01-12
LOAN001400,CUST001946,BR130,Business Loan,2983054,12.86,84,Active,2020-10-26
LOAN001401,CUST004718,BR123,Gold Loan,43716,9.51,33,Active,2019-01-11
LOAN001402,CUST002599,BR084,Education Loan,647338,15.2,91,Active,2026-02-01
LOAN001403,CUST004972,BR131,Gold Loan,112810,12.06,6,Closed,2021-02-22
LOAN001404,CUST003099,BR059,Home Loan,4185530,10.62,122,Closed,2017-12-07
LOAN001405,CUST004945,BR047,Auto Loan,203637,12.56,76,Closed,2023-08-11
LOAN001406,CUST001181,BR026,Personal Loan,857759,14.48,47,Closed,2026-07-16
LOAN001407,CUST003708,BR060,Auto Loan,476558,8.97,55,Defaulted,2023-02-11
LOAN001408,CUST003790,BR149,Personal Loan,,8.36,29,Defaulted,2014-08-01
LOAN001409,CUST004233,BR125,Education Loan,1274294,8.02,68,Closed,2015-03-24
LOAN001410,CUST003677,BR092,Auto Loan,699795,8.42,71,Active,2025-10-18
LOAN001411,CUST001485,BR105,Home Loan,3842913,16.44,148,Closed,2026-07-24
LOAN001412,CUST002454,BR094,Education Loan,1858987,13.82,44,Defaulted,2023-01-22
LOAN001413,CUST001588,BR018,Personal Loan,313672,13.51,34,Active,2018-02-09
LOAN001414,CUST002361,BR024,Education Loan,383082,12.59,68,Active,2024-04-22
LOAN001415,CUST002623,BR003,Auto Loan,433292,10.73,69,Closed,2015-06-19
LOAN001416,CUST003590,BR124,Business Loan,304378,9.21,58,Active,2024-07-30
LOAN001417,CUST000911,BR092,Education Loan,2461623,7.93,62,Active,2023-07-16
LOAN001418,CUST004987,BR074,Home Loan,5827535,13.02,228,Active,2026-05-12
LOAN001419,CUST001677,BR049,Personal Loan,560365,10.43,40,Active,2017-12-19
LOAN001420,CUST001893,BR017,Gold Loan,147509,13.91,34,Closed,2025-03-30
LOAN001421,CUST002725,BR016,Personal Loan,433862,13.73,40,Closed,2018-01-09
LOAN001422,CUST001372,BR011,Auto Loan,623519,0.0,49,Active,2020-05-03
LOAN001423,CUST002129,BR133,Education Loan,1072255,9.25,116,Active,2025-10-01
LOAN001424,CUST002403,BR148,Home Loan,6842692,16.08,183,Active,2025-04-26
LOAN001425,CUST000227,BR013,Home Loan,1613960,11.97,201,Active,2026-04-05
LOAN001426,CUST001229,BR003,Auto Loan,1469170,14.39,48,Active,2016-01-25
LOAN001427,CUST000124,BR003,Auto Loan,1264498,7.6,40,Active,2021-06-16
LOAN001428,CUST000300,BR131,Home Loan,8518863,13.91,150,Closed,2020-01-16
LOAN001429,CUST004880,BR150,Education Loan,1136033,10.56,69,Active,2021-08-27
LOAN001430,CUST004767,BR019,Home Loan,3907980,8.97,162,Closed,2023-02-12
LOAN001431,CUST002473,BR126,Education Loan,178788,11.94,96,Active,2024-11-08
LOAN001432,CUST001761,BR105,Home Loan,1525404,10.83,220,Active,2022-11-23
LOAN001433,CUST003029,BR091,Auto Loan,1391056,13.76,63,Active,2024-07-09
LOAN001434,CUST002554,BR033,Auto Loan,449744,9.44,75,Active,2014-01-20
LOAN001435,CUST004369,BR099,Personal Loan,553665,13.05,54,Closed,2024-11-05
LOAN001436,CUST000516,BR081,Personal Loan,487087,12.26,51,Active,2026-06-29
LOAN001437,CUST004828,BR065,Auto Loan,300425,12.17,68,Closed,2019-09-27
LOAN001438,CUST003679,BR005,Gold Loan,129545,,6,Active,2026-07-10
LOAN001439,CUST004719,BR038,Auto Loan,521157,15.01,50,Closed,2025-06-06
LOAN001440,CUST002404,BR127,Personal Loan,615491,13.7,29,Closed,2023-01-20
LOAN001441,CUST003610,BR052,Personal Loan,778519,10.19,21,Active,2020-03-23
LOAN001442,CUST000889,BR039,Auto Loan,1346292,8.33,64,Active,2021-10-19
LOAN001443,CUST003856,BR137,Auto Loan,469403,13.32,67,Closed,2020-09-03
LOAN001444,CUST001322,BR117,Business Loan,4882053,10.87,94,Defaulted,2026-02-22
LOAN001445,CUST000046,BR142,Auto Loan,1036542,12.95,66,Active,2026-02-02
LOAN001446,CUST003080,BR132,Personal Loan,535680,8.13,13,Closed,2024-09-02
LOAN001447,CUST001365,BR011,Business Loan,4274136,8.95,37,Active,2020-05-30
LOAN001448,CUST004312,BR071,Business Loan,,8.54,26,Active,2026-05-10
LOAN001449,CUST001035,BR027,Personal Loan,837752,12.64,21,Closed,2025-12-29
LOAN001450,CUST000541,BR145,Auto Loan,359871,16.12,33,Active,2022-09-06
LOAN001451,CUST001512,BR083,Home Loan,2965344,10.37,234,Closed,2026-02-10
LOAN001452,CUST000943,BR097,Business Loan,4456104,10.98,91,Active,2025-07-18
LOAN001453,CUST004460,BR131,Gold Loan,490770,13.46,15,Active,2019-05-01
LOAN001454,CUST004316,BR031,Personal Loan,222097,15.86,31,Closed,2023-07-09
LOAN001455,CUST003021,BR041,Home Loan,5277577,8.56,219,Active,2020-12-25
LOAN001456,CUST003662,BR066,Home Loan,1554936,9.4,161,Pending Approval,2025-08-10
LOAN001457,CUST001119,BR108,Gold Loan,176040,9.22,16,Active,2023-10-29
LOAN001458,CUST004635,BR044,Auto Loan,510034,14.67,50,Closed,2020-07-17
LOAN001459,CUST003834,BR040,Personal Loan,792652,16.11,17,Active,2025-04-24
LOAN001460,CUST000788,BR111,Education Loan,1938439,8.55,45,Active,2025-09-09
LOAN001461,CUST002534,BR009,Auto Loan,1315022,14.59,69,Active,2024-12-04
LOAN001462,CUST003279,BR123,Education Loan,1869561,9.97,106,Closed,2024-05-20
LOAN001463,CUST000559,BR129,Gold Loan,160283,15.45,9,Active,2022-01-07
LOAN001464,CUST001160,BR017,Personal Loan,108908,12.74,35,Active,2026-03-11
LOAN001465,CUST000331,BR094,Auto Loan,1206015,15.13,47,Active,2015-03-26
LOAN001466,CUST001513,BR032,Personal Loan,105040,14.46,35,Closed,2020-03-30
LOAN001467,CUST000547,BR031,Auto Loan,483625,10.01,63,Active,2023-06-05
LOAN001468,CUST002695,BR007,Personal Loan,856627,12.88,50,Active,2026-07-10
LOAN001469,CUST000696,BR106,Personal Loan,723556,13.35,37,Active,2023-10-11
LOAN001470,CUST001913,BR105,Gold Loan,356228,11.2,11,Active,2022-12-21
LOAN001471,CUST001238,BR040,Gold Loan,116698,7.87,33,Active,2017-08-25
LOAN001472,CUST002839,BR095,Business Loan,2616449,12.87,43,Closed,2025-10-08
LOAN001473,CUST002047,BR002,Home Loan,6130687,10.78,160,Active,2025-11-30
LOAN001474,CUST001919,BR036,Personal Loan,350732,9.48,26,Active,2021-12-02
LOAN001475,CUST002373,BR054,Gold Loan,477903,7.96,35,Defaulted,2025-12-23
LOAN001476,CUST003763,BR097,Education Loan,667430,-2.0,58,Active,2019-07-30
LOAN001477,CUST003687,BR100,Personal Loan,696033,9.09,26,Active,2014-01-19
LOAN001478,CUST001180,BR066,Personal Loan,68201,7.84,28,Active,2026-05-25
LOAN001479,CUST004257,BR050,Auto Loan,534899,8.99,51,Closed,2021-06-23
LOAN001480,CUST000362,BR105,Education Loan,2175627,10.24,99,Active,2016-07-22
LOAN001481,CUST002817,BR068,Education Loan,1976175,8.98,102,Active,2019-04-25
LOAN001482,CUST003920,BR123,Home Loan,6931293,9.16,221,Active,2026-06-04
LOAN001483,CUST003831,BR078,Personal Loan,291109,10.64,23,ACTIVE,2021-12-16
LOAN001484,CUST004473,BR028,Auto Loan,367445,10.3,29,Active,2023-12-02
LOAN001485,CUST001816,BR125,Education Loan,1293500,14.26,111,Closed,2022-11-10
LOAN001486,CUST004116,BR098,Home Loan,6117320,9.08,124,Closed,2020-01-08
LOAN001487,CUST004515,BR122,Auto Loan,1288187,11.45,43,Active,2022-12-30
LOAN001488,CUST002237,BR090,Home Loan,2295535,9.72,145,Active,2022-01-28
LOAN001489,CUST002620,BR126,Personal Loan,727643,13.73,56,Active,2026-07-23
LOAN001490,CUST002220,BR061,Personal Loan,277327,9.29,54,Active,2025-01-01
LOAN001491,CUST001687,BR047,Home Loan,5204587,12.0,137,Active,2024-07-18
LOAN001492,CUST001544,BR054,Home Loan,8288061,16.39,148,Active,2022-08-30
LOAN001493,CUST001036,BR122,Auto Loan,1057818,14.56,67,Closed,2024-07-29
LOAN001494,CUST002337,BR146,Auto Loan,1324467,8.65,72,Active,2023-02-13
LOAN001495,CUST004798,BR044,Gold Loan,435482,11.05,30,Active,2026-01-30
LOAN001496,CUST000174,BR008,Personal Loan,240896,13.14,16,Active,2020-01-26
LOAN001497,CUST000728,BR008,Home Loan,8548222,14.86,225,Pending Approval,2024-09-03
LOAN001498,CUST003351,BR100,Personal Loan,405404,10.38,20,Pending Approval,2026-05-16
LOAN001499,CUST003740,BR090,Education Loan,1188285,15.69,61,Defaulted,2019-10-21
LOAN001500,CUST003517,BR131,Home Loan,7588742,8.49,170,Active,2025-04-06
LOAN001501,CUST001300,BR144,Home Loan,5397894,9.27,133,Active,2026-01-08
LOAN001502,CUST004090,BR138,Education Loan,1399035,11.83,88,Active,2021-02-03
LOAN001503,CUST000009,BR115,Home Loan,8394034,16.36,135,Closed,2015-10-06
LOAN001504,CUST003230,BR107,Personal Loan,188709,15.31,34,Active,2025-08-29
LOAN001505,CUST004880,BR088,Personal Loan,284562,14.53,26,Closed,2023-12-17
LOAN001506,CUST000890,BR061,Home Loan,4178697,10.34,144,Active,2025-11-03
LOAN001507,CUST004931,BR010,Business Loan,1432537,14.12,54,Active,2024-11-24
LOAN001508,CUST004293,BR009,Auto Loan,1682966,8.28,32,Closed,2022-05-10
LOAN001509,CUST001436,BR011,Personal Loan,145496,14.28,58,Closed,2023-04-28
LOAN001510,CUST001877,BR099,Personal Loan,240014,13.92,27,Active,2022-12-25
LOAN001511,CUST001290,BR099,Auto Loan,362673,,74,Active,2023-07-19
LOAN001512,CUST003199,BR116,Education Loan,1093861,10.11,93,Active,2025-09-06
LOAN001513,CUST003985,BR067,Personal Loan,183858,11.61,19,Pending Approval,2020-09-23
LOAN001514,CUST001068,BR047,Auto Loan,608328,14.55,27,Closed,2025-04-10
LOAN001515,CUST003406,BR103,Personal Loan,359106,16.38,29,Active,2022-05-24
LOAN001516,CUST002050,BR069,Home Loan,7601244,15.04,239,Active,2021-12-11
LOAN001517,CUST001078,BR140,Personal Loan,703717,12.99,38,Defaulted,2026-04-14
LOAN001518,CUST003146,BR024,Auto Loan,1438487,11.06,35,Active,2024-02-03
LOAN001519,CUST002280,BR007,Personal Loan,918472,14.15,13,Pending Approval,2020-08-27
LOAN001520,CUST003281,BR028,Home Loan,5565464,8.09,199,Active,2026-02-22
LOAN001521,CUST003231,BR111,Gold Loan,189092,14.28,19,Active,2026-07-27
LOAN001522,CUST001520,BR117,Education Loan,202470,10.51,92,Closed,2020-04-23
LOAN001523,CUST001632,BR042,Gold Loan,414774,0.0,10,Active,2018-02-05
LOAN001524,CUST002986,BR039,Personal Loan,695019,14.53,41,Active,2025-11-19
LOAN001525,CUST000566,BR051,Education Loan,1282884,7.53,108,Active,2022-11-28
LOAN001526,CUST000020,BR094,Auto Loan,1050520,15.87,49,Closed,2017-09-10
LOAN001527,CUST000422,BR039,Personal Loan,920478,10.63,37,Active,2021-05-23
LOAN001528,CUST002969,BR051,Personal Loan,542789,10.93,29,Pending Approval,2026-07-20
LOAN001529,CUST003616,BR048,Auto Loan,1072607,8.41,79,Closed,2011-05-12
LOAN001530,CUST004538,BR073,Home Loan,4116361,13.33,125,Pending Approval,2020-04-27
LOAN001531,CUST003861,BR018,Home Loan,8366972,11.29,170,Active,2022-01-14
LOAN001532,CUST002657,BR090,Auto Loan,454160,16.0,48,Active ,2021-05-30
LOAN001533,CUST003517,BR148,Education Loan,1945303,10.35,105,Closed,2026-07-13
LOAN001534,CUST002199,BR118,Home Loan,1619234,7.51,154,Active,2018-09-02
LOAN001535,CUST004319,BR094,Personal Loan,121202,11.87,55,Closed,2022-06-21
LOAN001536,CUST002354,BR047,Education Loan,1358365,14.7,71,Active,2025-02-13
LOAN001537,CUST004423,BR121,Personal Loan,431966,,15,Active,2018-03-23
LOAN001538,CUST000434,BR024,Home Loan,1728793,10.47,200,Active,2022-11-07
LOAN001539,CUST002000,BR012,Auto Loan,733678,15.83,27,Active,2019-03-27
LOAN001540,CUST002106,BR060,Business Loan,3489270,9.08,49,Active,2024-10-27
LOAN001541,CUST001916,BR084,Gold Loan,323466,16.07,18,Active,2026-01-28
LOAN001542,CUST004146,BR112,Gold Loan,74108,12.91,21,Active ,2025-07-06
LOAN001543,CUST001983,BR102,Business Loan,1979045,13.99,30,Closed,2025-05-24
LOAN001544,CUST004708,BR023,Gold Loan,440251,15.96,34,Closed,2025-06-07
LOAN001545,CUST800016,BR097,Personal Loan,911488,15.21,42,Pending Approval,2026-05-01
LOAN001546,CUST000899,BR006,Gold Loan,156550,8.6,10,Active,2024-12-08
LOAN001547,CUST004782,BR045,Education Loan,905450,8.58,48,Active,2020-02-23
LOAN001548,CUST003484,BR030,Education Loan,305574,14.44,107,Active,2026-03-13
LOAN001549,CUST002581,BR107,Gold Loan,167654,11.28,32,Active,2023-08-27
LOAN001550,CUST002550,BR149,Home Loan,6164256,12.06,152,Active,2026-07-21
LOAN001551,CUST002006,BR005,Auto Loan,1193679,13.76,40,PENDING,2024-02-13
LOAN001552,CUST004705,BR039,Education Loan,1794166,14.41,75,closed,2021-02-13
LOAN001553,CUST004330,BR105,Personal Loan,79833,16.18,31,Defaulted,2025-05-05
LOAN001554,CUST002273,BR109,Home Loan,2264215,14.1,141,Active,2016-10-29
LOAN001555,CUST003571,BR044,Home Loan,5351046,16.29,220,Active,2026-04-01
LOAN001556,CUST001098,BR150,Auto Loan,544543,7.7,36,Closed,2026-07-09
LOAN001557,CUST002018,BR012,Auto Loan,193261,12.87,62,Closed,2026-03-06
LOAN001558,CUST000226,BR064,Personal Loan,316379,8.13,17,Active ,2026-04-14
LOAN001559,CUST001642,BR006,Gold Loan,345550,16.24,32,Active,2022-07-06
LOAN001560,CUST003757,BR046,Education Loan,1607027,11.31,66,Active,2026-03-29
LOAN001561,CUST001803,BR051,Auto Loan,1679253,11.05,68,Closed,2025-03-15
LOAN001562,CUST003598,BR081,Education Loan,827744,13.68,47,Closed,2025-08-15
LOAN001563,CUST004918,BR095,Personal Loan,741633,14.77,37,Closed,2015-08-06
LOAN001564,CUST004633,BR137,Personal Loan,214079,8.29,35,Active,2016-02-24
LOAN001565,CUST001755,BR117,Gold Loan,195249,12.69,23,Closed,2013-05-18
LOAN001566,CUST000303,BR042,Gold Loan,484595,15.68,31,Closed,2024-07-07
LOAN001567,CUST004509,BR097,Auto Loan,1037403,13.48,49,Active,2025-08-25
LOAN001568,CUST004913,BR113,Personal Loan,368280,9.02,53,Closed,2024-02-03
LOAN001569,CUST004681,BR014,Education Loan,200405,10.38,90,Defaulted,2024-05-01
LOAN001570,CUST000923,BR060,Education Loan,209473,8.39,112,Active,2024-12-19
LOAN001571,CUST000368,BR118,Personal Loan,224428,10.62,17,Closed,2014-05-13
LOAN001572,CUST002806,BR059,Personal Loan,633650,12.78,34,Active,2022-05-10
LOAN001573,CUST003188,BR133,Gold Loan,122308,12.36,12,Active,2020-03-04
LOAN001574,CUST002827,BR022,Gold Loan,141409,12.34,7,Active,2022-08-22
LOAN001575,CUST000244,BR007,Home Loan,7764532,15.48,143,Active,2025-10-28
LOAN001576,CUST000205,BR085,Gold Loan,153651,8.41,21,Active,2013-12-03
LOAN001577,CUST001880,BR123,Personal Loan,698173,12.26,38,Active,2026-02-06
LOAN001578,CUST003121,BR010,Personal Loan,548199,8.66,33,Closed,2024-04-05
LOAN001579,CUST001172,BR077,Personal Loan,627113,8.62,49,Active,2022-08-30
LOAN001580,CUST001698,BR098,Personal Loan,103053,13.22,59,Active,2016-02-26
LOAN001581,CUST002984,BR116,Education Loan,155887,8.06,48,Closed,2025-01-12
LOAN001582,CUST004177,BR133,Auto Loan,861595,9.78,52,Defaulted,2020-04-28
LOAN001583,CUST002638,BR007,Personal Loan,427470,15.94,53,Closed,2024-02-19
LOAN001584,CUST002663,BR043,Auto Loan,1361124,14.09,67,Active,2018-02-20
LOAN001585,CUST001251,BR150,Personal Loan,144503,15.45,33,Active,2026-03-22
LOAN001586,CUST000372,BR070,Personal Loan,678472,10.43,59,Active,2024-09-04
LOAN001587,CUST003467,BR086,Business Loan,512385,15.74,90,Active,2018-04-10
LOAN001588,CUST002820,BR061,Auto Loan,1524786,13.87,65,Pending Approval,2025-04-23
LOAN001589,CUST000941,BR111,Education Loan,244717,8.01,45,Active,2023-04-10
LOAN001590,CUST004801,BR110,Auto Loan,219735,13.1,75,Active,2012-10-22
LOAN001591,CUST002309,BR059,Auto Loan,1780538,7.79,72,Active,2025-01-17
LOAN001592,CUST004089,BR123,Auto Loan,899313,11.98,82,Active,2020-07-18
LOAN001593,CUST001455,BR070,Personal Loan,476340,8.25,22,Active,2021-08-06
LOAN001594,CUST003735,BR056,Business Loan,3746277,7.64,84,Active,2024-07-20
LOAN001595,CUST001056,BR136,Personal Loan,304791,15.5,30,Closed,2026-07-27
LOAN001596,CUST004517,BR908,Education Loan,1068332,14.19,97,Active,2026-03-28
LOAN001597,CUST003802,BR096,Auto Loan,873384,9.65,30,Closed,2025-12-11
LOAN001598,CUST003517,BR010,Personal Loan,262355,14.21,29,Active,2025-04-28
LOAN001599,CUST001859,BR148,Personal Loan,559077,7.58,43,Pending Approval,2019-12-21
LOAN001600,CUST000825,BR087,Education Loan,119604,16.19,90,Active,2023-05-10
LOAN001601,CUST003196,BR092,Home Loan,7923945,10.72,156,Closed,2026-07-04
LOAN001602,CUST001885,BR075,Gold Loan,33489,13.75,35,Active,2021-07-17
LOAN001603,CUST003309,BR071,Education Loan,584533,10.88,36,Closed,2019-04-19
LOAN001604,CUST000479,BR007,Education Loan,523223,12.38,63,Active,2026-01-21
LOAN001605,CUST001284,BR115,Home Loan,5283192,9.48,226,Active,2023-11-21
LOAN001606,CUST002468,BR130,Business Loan,4553195,15.76,41,Closed,2025-03-28
LOAN001607,CUST002711,BR061,Home Loan,5948840,13.7,139,Closed,2022-12-29
LOAN001608,CUST001265,BR066,Personal Loan,596279,8.14,48,Active,2026-03-15
LOAN001609,CUST002431,BR019,Personal Loan,698196,9.48,59,Closed,2024-01-14
LOAN001610,CUST003561,BR124,Gold Loan,164303,8.24,7,Closed,2020-01-04
LOAN001611,CUST000083,BR107,Education Loan,2147469,8.79,41,Active ,2017-06-20
LOAN001612,CUST000394,BR066,Personal Loan,707269,8.0,45,ACTIVE,2024-03-28
LOAN001613,CUST002557,BR147,Education Loan,2288757,16.28,90,Closed,2016-10-09
LOAN001614,CUST000383,BR049,Home Loan,5311442,13.44,193,Active,2023-10-13
LOAN001615,CUST000336,BR016,Personal Loan,764173,12.57,59,Active,2013-09-03
LOAN001616,CUST004757,BR069,Home Loan,6778187,13.46,191,Active,2025-03-12
LOAN001617,CUST000987,BR118,Home Loan,1834847,13.8,128,Closed,2018-03-04
LOAN001618,CUST004251,BR048,Business Loan,1487809,12.59,51,Defaulted,2025-04-18
LOAN001619,CUST002088,BR132,Auto Loan,1290114,14.63,52,Active,2018-08-04
LOAN001620,CUST001767,BR023,Home Loan,6288166,12.72,126,Active,2025-03-03
LOAN001621,CUST003146,BR071,Personal Loan,215713,8.79,49,Active,2026-03-19
LOAN001622,CUST000031,BR084,Gold Loan,465290,8.78,24,Active,2024-02-05
LOAN001623,CUST001505,BR136,Personal Loan,821425,8.27,45,Closed,2023-01-31
LOAN001624,CUST001427,BR008,Gold Loan,374189,9.27,14,Pending Approval,2020-12-02
LOAN001625,CUST000046,BR147,Home Loan,7540067,7.88,179,Closed,2016-04-10
LOAN001626,CUST001258,BR003,Personal Loan,267719,11.38,35,Active,2019-02-14
LOAN001627,CUST001720,BR064,Auto Loan,704485,9.29,40,Defaulted,2026-07-01
LOAN001628,CUST003720,BR073,Personal Loan,819560,13.08,43,Closed,2020-03-26
LOAN001629,CUST002038,BR087,Education Loan,777043,16.22,74,Active,2023-01-19
LOAN001630,CUST002362,BR103,Gold Loan,115598,10.04,12,Active,2025-12-13
LOAN001631,CUST001028,BR035,Home Loan,7953563,8.21,227,Active,2026-03-14
LOAN001632,CUST002848,BR134,Personal Loan,358877,12.91,18,Closed,2025-11-08
LOAN001633,CUST004520,BR072,Gold Loan,404892,10.25,12,Closed,2024-12-22
LOAN001634,CUST004453,BR042,Auto Loan,557181,10.67,40,Active,2025-11-24
LOAN001635,CUST004697,BR133,Personal Loan,955453,16.42,20,Active,2023-07-19
LOAN001636,CUST002082,BR082,Auto Loan,1726829,10.65,61,CLOSED,2023-12-16
LOAN001637,CUST004296,BR045,Home Loan,4692158,10.47,122,Active,2016-12-06
LOAN001638,CUST000037,BR139,Business Loan,1448758,9.35,76,Active,2026-03-16
LOAN001639,CUST002285,BR048,Education Loan,1933930,14.34,92,Defaulted,2016-05-23
LOAN001640,CUST004769,BR014,Personal Loan,654527,12.87,15,Active,2024-04-14
LOAN001641,CUST002906,BR073,Personal Loan,,8.51,41,Active,2016-08-28
LOAN001642,CUST002657,BR048,Education Loan,1681268,14.65,59,Active,2021-10-13
LOAN001643,CUST004909,BR036,Auto Loan,747475,15.08,62,Defaulted,2023-10-10
LOAN001644,CUST000561,BR027,Auto Loan,150605,11.96,80,Closed,2026-06-03
LOAN001645,CUST003940,BR109,Home Loan,2549036,8.82,199,Closed,2024-08-19
LOAN001646,CUST004186,BR094,Auto Loan,712983,13.42,33,Active,2025-08-29
LOAN001647,CUST003249,BR046,Business Loan,1935141,14.22,57,Active,2026-03-21
LOAN001648,CUST000962,BR148,Personal Loan,355603,15.82,55,Closed,2024-02-06
LOAN001649,CUST004932,BR141,Education Loan,2154796,11.16,80,Active,2018-07-08
LOAN001650,CUST003526,BR099,Home Loan,5402350,10.91,120,Active,2026-07-17
LOAN001651,CUST003265,BR031,Education Loan,1118633,11.85,108,Active,2023-02-14
LOAN001652,CUST001688,BR133,Education Loan,414797,12.99,82,Active,2026-06-24
LOAN001653,CUST000181,BR128,Home Loan,5662022,11.88,166,Closed,2024-06-10
LOAN001654,CUST004684,BR106,Business Loan,753491,13.91,85,Active,2026-02-01
LOAN001655,CUST004137,BR118,Business Loan,2317245,12.72,48,Active,2025-10-28
LOAN001656,CUST002859,BR095,Auto Loan,362495,,80,Active,2023-06-03
LOAN001657,CUST001837,BR098,Education Loan,2148184,8.78,87,Active,2024-04-26
LOAN001658,CUST001401,BR051,Personal Loan,344393,11.08,33,Active,2024-12-13
LOAN001659,CUST001722,BR120,Home Loan,4781170,7.56,137,Active,2014-11-01
LOAN001660,CUST001812,BR108,Auto Loan,466168,14.88,81,Active,2024-06-13
LOAN001661,CUST002158,BR148,Gold Loan,,14.05,34,Active,2023-02-25
LOAN001662,CUST002348,BR016,Auto Loan,358442,15.53,82,Active,2026-03-17
LOAN001663,CUST000118,BR030,Business Loan,4083355,13.98,38,Closd,2025-11-08
LOAN001664,CUST004470,BR004,Business Loan,2899674,12.49,40,Closed,2017-12-06
LOAN001665,CUST001767,BR008,Personal Loan,277523,14.29,53,Active,2026-07-05
LOAN001666,CUST002164,BR103,Education Loan,693847,10.98,40,Closed,2017-09-04
LOAN001667,CUST004750,BR037,Education Loan,2498839,10.42,46,Closed,2025-12-07
LOAN001668,CUST002918,BR137,Business Loan,483146,16.01,74,Closed,2018-07-23
LOAN001669,CUST001641,BR088,Personal Loan,566240,9.52,47,Closed,2022-12-05
LOAN001670,CUST000918,BR107,Home Loan,7235689,8.94,170,Active,2026-03-07
LOAN001671,CUST001752,BR031,Home Loan,7028095,11.42,222,Active,2026-06-08
LOAN001672,CUST000953,BR034,Auto Loan,285807,8.11,64,Pending Approval,2015-07-10
LOAN001673,CUST003081,BR129,Gold Loan,483007,11.39,12,Active,2025-09-13
LOAN001674,CUST000620,BR126,Auto Loan,1575433,14.36,25,Pending Approval,2022-08-22
LOAN001675,CUST000247,BR023,Business Loan,3076426,10.59,49,Defaulted,2025-03-07
LOAN001676,CUST000902,BR079,Gold Loan,147490,10.32,9,Active,2013-12-30
LOAN001677,CUST002552,BR075,Business Loan,4744777,10.9,93,Active,2019-02-08
LOAN001678,CUST001702,BR026,Home Loan,8963398,12.47,187,Active,2019-08-20
LOAN001679,CUST004346,BR114,Home Loan,3356830,16.22,226,Defaulted,2021-11-19
LOAN001680,CUST001599,BR094,Business Loan,2340281,9.52,44,Active,2016-04-16
LOAN001681,CUST000886,BR068,Personal Loan,897724,13.15,59,Active,2026-05-29
LOAN001682,CUST003729,BR019,Home Loan,6162665,13.17,170,Active,2024-11-23
LOAN001683,CUST003446,BR125,Personal Loan,535586,13.29,46,Active,2025-10-01
LOAN001684,CUST003196,BR036,Home Loan,3849462,14.88,174,Active,2026-07-19
LOAN001685,CUST002451,BR130,Gold Loan,135338,10.26,9,Active,2026-03-25
LOAN001686,CUST001301,BR111,Business Loan,402173,8.79,69,Active,2023-04-24
LOAN001687,CUST003648,BR015,Education Loan,1526582,11.71,77,Active,2026-07-24
LOAN001688,CUST001285,BR145,Home Loan,7685096,15.71,178,Defaulted,2011-03-30
LOAN001689,CUST002425,BR083,Education Loan,2160344,11.56,100,Active,2026-05-18
LOAN001690,CUST001413,BR053,Home Loan,3813609,11.97,215,Active,2026-05-30
LOAN001691,CUST002343,BR136,Personal Loan,623997,10.46,24,Closed,2025-07-13
LOAN001692,CUST001946,BR030,Home Loan,5762471,16.08,129,Active,2016-11-09
LOAN001693,CUST000336,BR091,Gold Loan,170681,11.96,10,Active,2019-09-30
LOAN001694,CUST002610,BR023,Personal Loan,788391,16.32,16,Active,2020-10-08
LOAN001695,CUST002864,BR099,Gold Loan,211649,-2.0,35,Closed,2023-11-04
LOAN001696,CUST003434,BR085,Home Loan,2216889,16.06,185,Active,2025-05-24
LOAN001697,CUST003336,BR144,Personal Loan,632383,11.66,12,Active,2025-10-12
LOAN001698,CUST002878,BR002,Business Loan,878774,7.65,84,Closed,2026-02-10
LOAN001699,CUST003090,BR070,Personal Loan,54872,10.7,19,Closed,2025-12-02
LOAN001700,CUST001565,BR109,Auto Loan,747379,10.65,74,Closed,2024-12-18
LOAN001701,CUST001237,BR069,Personal Loan,607188,14.98,17,Active,2025-04-07
LOAN001702,CUST002540,BR091,Home Loan,5034199,15.12,150,Active ,2023-08-02
LOAN001703,CUST000938,BR057,Gold Loan,263448,15.58,34,Active,2026-04-18
LOAN001704,CUST004361,BR104,Home Loan,8514837,9.49,212,Active,2019-11-17
LOAN001705,CUST004457,BR006,Auto Loan,591654,14.02,62,Active,2015-11-09
LOAN001706,CUST002851,BR054,Auto Loan,732073,11.77,44,Closed,2020-11-17
LOAN001707,CUST003711,BR090,Home Loan,7244093,8.49,161,Active,2021-10-14
LOAN001708,CUST000535,BR016,Gold Loan,403478,12.39,22,actve,2024-12-02
LOAN001709,CUST001854,BR142,Home Loan,7253462,7.68,163,Active,2026-05-10
LOAN001710,CUST002555,BR145,Personal Loan,311767,13.67,16,Closed,2026-02-05
LOAN001711,CUST000552,BR043,Personal Loan,193354,14.59,41,Active,2025-08-21
LOAN001712,CUST004801,BR126,Home Loan,5521610,13.94,162,Active,2021-11-23
LOAN001713,CUST004851,BR128,Personal Loan,100100,10.79,26,Active,2021-12-25
LOAN001714,CUST002763,BR082,Gold Loan,193373,11.3,33,Active,2019-05-21
LOAN001715,CUST004974,BR120,Business Loan,2421307,13.77,62,Pending Approval,2022-12-25
LOAN001716,CUST000667,BR028,Home Loan,8110524,8.81,195,Closed,2026-07-06
LOAN001717,CUST003609,BR108,Business Loan,4160714,9.26,81,Active,2026-06-07
LOAN001718,CUST004094,BR145,Education Loan,1100934,13.98,63,Active,2023-01-06
LOAN001719,CUST000956,BR093,Personal Loan,484954,8.9,17,Active,2026-05-27
LOAN001720,CUST001442,BR048,Auto Loan,1081178,12.7,46,Active,2014-06-30
LOAN001721,CUST001641,BR069,Personal Loan,367991,8.7,59,Active,2023-05-03
LOAN001722,CUST001870,BR134,Personal Loan,867258,11.01,14,Active,2026-07-07
LOAN001723,CUST001446,BR066,Gold Loan,20738,11.63,8,Active ,2026-02-19
LOAN001724,CUST004852,BR033,Home Loan,8313872,15.18,148,Closed,2024-03-23
LOAN001725,CUST000603,BR109,Personal Loan,333701,11.19,18,Active,2024-11-27
LOAN001726,CUST001000,BR044,Gold Loan,330500,12.73,26,Active,2025-09-10
LOAN001727,CUST002436,BR033,Personal Loan,509031,9.28,54,Active,2020-10-18
LOAN001728,CUST001805,BR051,Personal Loan,417785,12.42,20,Closed,2025-01-27
LOAN001729,CUST004044,BR029,Personal Loan,301513,11.84,32,Active,2022-09-21
LOAN001730,CUST004807,BR062,Business Loan,4772926,11.88,30,Closed,2021-05-12
LOAN001731,CUST001658,BR142,Auto Loan,1610390,15.37,25,Active,2023-08-09
LOAN001732,CUST004488,BR136,Home Loan,8246229,14.87,186,Active,2024-07-25
LOAN001733,CUST003253,BR055,Education Loan,2004846,13.45,44,Active,2020-05-19
LOAN001734,CUST000078,BR141,Home Loan,4082107,16.15,178,Closed,2025-02-08
LOAN001735,CUST000033,BR023,Home Loan,2972720,13.83,201,Defaulted,2023-08-26
LOAN001736,CUST003880,BR012,Auto Loan,1059265,16.36,26,Active ,2017-01-12
LOAN001737,CUST000260,BR117,Home Loan,7308019,14.64,175,Active,2026-06-05
LOAN001738,CUST000539,BR127,Home Loan,3657484,15.84,235,Active,2022-01-12
LOAN001739,CUST003652,BR029,Auto Loan,1232294,10.4,70,Closed,2026-06-07
LOAN001740,CUST002915,BR059,Business Loan,1928920,9.74,79,Active,2015-08-12
LOAN001741,CUST002441,BR063,Home Loan,6420614,14.83,129,Closed,2023-10-21
LOAN001742,CUST003541,BR091,Business Loan,3196546,10.85,70,Active,2024-02-12
LOAN001743,CUST000490,BR033,Auto Loan,358942,10.37,78,Active,2024-08-14
LOAN001744,CUST002473,BR024,Gold Loan,229776,13.0,20,Closed,2024-03-25
LOAN001745,CUST001448,BR017,Auto Loan,1692271,8.07,62,Closed,2022-09-04
LOAN001746,CUST004987,BR018,Personal Loan,299093,14.24,42,Active,2020-09-15
LOAN001747,CUST000023,BR124,Home Loan,7267790,8.26,208,Active,2023-10-16
LOAN001748,CUST002504,BR071,Auto Loan,1025040,8.54,50,CLOSED,2020-10-02
LOAN001749,CUST000201,BR143,Business Loan,4046742,8.8,91,Active,2023-06-11
LOAN001750,CUST000673,BR105,Personal Loan,304164,16.22,23,Active,2017-01-05
LOAN001751,CUST001713,BR079,Personal Loan,151438,7.67,32,Active,2022-02-10
LOAN001752,CUST000182,BR138,Personal Loan,705048,8.45,45,Active,2023-12-23
LOAN001753,CUST003213,BR064,Home Loan,2552044,9.83,224,Active,2020-10-13
LOAN001754,CUST003351,BR148,Home Loan,7342825,15.64,237,Active,2021-11-30
LOAN001755,CUST004007,BR072,Gold Loan,118865,,17,Closed,2024-03-19
LOAN001756,CUST002075,BR124,Education Loan,1270816,15.96,75,Active,2016-07-13
LOAN001757,CUST002900,BR083,Business Loan,1821781,9.04,82,Active,2021-01-01
LOAN001758,CUST003379,BR124,Gold Loan,213033,9.2,34,Active,2026-06-01
LOAN001759,CUST004182,BR012,Gold Loan,258017,7.96,23,Active,2026-07-04
LOAN001760,CUST003230,BR019,Home Loan,6538279,9.02,163,Active,2026-06-12
LOAN001761,CUST000585,BR082,Auto Loan,431070,15.47,43,Active,2025-12-08
LOAN001762,CUST001928,BR064,Personal Loan,423285,11.39,25,Active,2015-03-14
LOAN001763,CUST000484,BR125,Auto Loan,229422,13.07,70,Active,2020-11-05
LOAN001764,CUST001878,BR107,Gold Loan,496429,10.01,33,actve,2023-08-29
LOAN001765,CUST002493,BR133,Business Loan,4466208,9.17,95,Closed,2021-01-29
LOAN001766,CUST002413,BR079,Home Loan,7709077,12.0,195,Active,2026-06-25
LOAN001767,CUST000649,BR014,Education Loan,2418646,8.05,80,Active,2019-11-14
LOAN001768,CUST002283,BR034,Education Loan,1328123,15.81,74,Active,2025-02-07
LOAN001769,CUST000106,BR011,Education Loan,470809,12.1,78,Active,2025-09-22
LOAN001770,CUST001083,BR031,Personal Loan,516297,10.09,13,Active,2023-02-04
LOAN001771,CUST003833,BR010,Home Loan,5376566,7.59,162,Closed,2022-05-23
LOAN001772,CUST000074,BR082,Personal Loan,540102,8.1,38,Active,2025-09-05
LOAN001773,CUST002253,BR012,Personal Loan,226474,9.99,13,Closed,2025-01-24
LOAN001774,CUST004149,BR131,Gold Loan,265479,9.06,16,Closed,2025-11-24
LOAN001775,CUST000200,BR003,Business Loan,2993470,11.91,33,Active,2022-11-07
LOAN001776,CUST004181,BR042,Gold Loan,67314,12.03,29,Defaulted,2023-05-20
LOAN001777,CUST004146,BR123,Personal Loan,348821,8.68,13,Active,2024-11-09
LOAN001778,CUST003673,BR042,Personal Loan,434603,13.35,29,ACTIVE,2024-05-04
LOAN001779,CUST001127,BR073,Gold Loan,473185,15.83,11,Active,2024-08-04
LOAN001780,CUST001957,BR143,Personal Loan,292155,13.29,56,Active,2022-11-20
LOAN001781,CUST003611,BR017,Home Loan,7323881,11.83,224,Closed,2023-01-04
LOAN001782,CUST002584,BR042,Personal Loan,439885,9.15,54,Active,2022-05-04
LOAN001783,CUST001469,BR104,Education Loan,944153,12.25,99,Active ,2017-04-16
LOAN001784,CUST000202,BR014,Education Loan,811568,15.48,93,Active,2020-12-19
LOAN001785,CUST003731,BR125,Education Loan,1084802,14.49,37,Closed,2025-01-08
LOAN001786,CUST004766,BR061,Home Loan,8354703,11.77,184,Closed,2018-12-24
LOAN001787,CUST004442,BR004,Auto Loan,1625497,11.95,67,Active,2021-08-26
LOAN001788,CUST001578,BR108,Home Loan,2597956,15.4,198,Active,2021-02-18
LOAN001789,CUST003397,BR077,Home Loan,5152431,8.6,125,Active,2020-11-06
LOAN001790,CUST003393,BR149,Gold Loan,432949,9.77,24,Closed,2014-03-20
LOAN001791,CUST002853,BR097,Personal Loan,214357,8.6,51,Active,2023-09-09
LOAN001792,CUST002242,BR054,Education Loan,1356114,14.24,111,Closed,2026-06-29
LOAN001793,CUST003452,BR099,Education Loan,1045915,13.57,78,Closed,2014-05-21
LOAN001794,CUST000373,BR002,Home Loan,7009339,14.22,147,Active,2024-09-17
LOAN001795,CUST800017,BR111,Home Loan,8612762,12.93,148,Active,2025-03-02
LOAN001796,CUST003458,BR056,Personal Loan,859472,14.59,21,Active,2020-11-10
LOAN001797,CUST002420,BR068,Auto Loan,1409869,14.6,56,Active,2025-09-30
LOAN001798,CUST001209,BR083,Personal Loan,344905,15.25,44,Closed,2022-06-30
LOAN001799,CUST001771,BR104,Personal Loan,184921,8.21,50,Active,2025-04-22
LOAN001800,CUST003149,BR034,Home Loan,2709585,8.06,239,Closed,2023-01-06
LOAN001801,CUST004764,BR027,Auto Loan,1363929,11.91,24,Active,2022-09-24
LOAN001802,CUST004202,BR095,Personal Loan,905445,8.27,20,closed,2025-01-31
LOAN001803,CUST003201,BR120,Gold Loan,,9.17,22,Active,2021-10-05
LOAN001804,CUST001778,BR028,Home Loan,3312097,11.62,221,Active,2026-01-11
LOAN001805,CUST002729,BR033,Auto Loan,1722812,15.67,48,Closed,2024-06-25
LOAN001806,CUST004311,BR146,Auto Loan,550407,10.21,77,Closed,2020-10-24
LOAN001807,CUST002317,BR044,Auto Loan,313507,16.23,76,Active,2025-09-06
LOAN001808,CUST001835,BR024,Home Loan,4946226,15.44,195,Active,2024-12-14
LOAN001809,CUST004792,BR093,Home Loan,5326195,12.34,194,Closed,2025-07-16
LOAN001810,CUST001851,BR110,Home Loan,2484999,12.04,198,Active,2026-03-11
LOAN001811,CUST002137,BR064,Home Loan,8271178,14.7,194,Active,2020-08-17
LOAN001812,CUST004495,BR113,Personal Loan,373522,7.88,45,Active,2024-02-07
LOAN001813,CUST001565,BR033,Education Loan,675175,10.02,55,Closed,2025-12-24
LOAN001814,CUST003562,BR083,Personal Loan,559538,9.98,46,Active,2025-05-24
LOAN001815,CUST002433,BR079,Personal Loan,176943,8.45,16,Active,2026-04-04
LOAN001816,CUST002979,BR040,Personal Loan,865755,7.91,15,Pending Approval,2016-09-29
LOAN001817,CUST002966,BR006,Auto Loan,633499,14.55,24,Defaulted,2017-08-31
LOAN001818,CUST000699,BR062,Auto Loan,263446,8.27,81,Active,2020-10-03
LOAN001819,CUST002092,BR065,Personal Loan,610846,11.84,41,Active,2019-10-01
LOAN001820,CUST000231,BR113,Personal Loan,917208,13.07,38,Closed,2021-12-15
LOAN001821,CUST002273,BR031,Auto Loan,766317,12.03,72,Closed,2018-02-26
LOAN001822,CUST003573,BR060,Auto Loan,933832,14.29,42,Active,2025-12-24
LOAN001823,CUST002868,BR062,Personal Loan,699228,9.36,52,Active,2024-08-17
LOAN001824,CUST002084,BR063,Home Loan,7685251,16.15,171,Active,2022-11-05
LOAN001825,CUST001352,BR030,Gold Loan,75495,8.65,15,Closed,2026-06-09
LOAN001826,CUST000342,BR080,Gold Loan,439114,15.26,16,Active,2022-03-15
LOAN001827,CUST001613,BR143,Education Loan,2243844,11.63,119,Active,2023-06-22
LOAN001828,CUST000378,BR096,Education Loan,1348061,9.03,71,Active,2021-04-16
LOAN001829,CUST004636,BR144,Business Loan,2830269,14.14,34,Closed,2023-03-18
LOAN001830,CUST000098,BR122,Home Loan,8070862,10.96,218,Active,2020-11-03
LOAN001831,CUST001390,BR135,Home Loan,3527410,9.19,232,Active,2023-10-23
LOAN001832,CUST002547,BR136,Auto Loan,405213,15.25,55,Defaulted,2024-07-04
LOAN001833,CUST001797,BR116,Business Loan,248283,8.73,49,Active,2026-03-02
LOAN001834,CUST003933,BR005,Auto Loan,1599700,16.31,31,Active,2022-05-20
LOAN001835,CUST003152,BR045,Business Loan,1299341,15.68,61,Active,2019-08-15
LOAN001836,CUST003730,BR119,Business Loan,4298582,8.05,57,Active,2024-07-17
LOAN001837,CUST004241,BR038,Gold Loan,256826,11.97,22,Closed,2020-11-30
LOAN001838,CUST001304,BR102,Auto Loan,1075933,13.51,32,Closed,2025-12-14
LOAN001839,CUST004666,BR125,Education Loan,454423,14.71,112,Defaulted,2021-11-02
LOAN001840,CUST003403,BR142,Auto Loan,1207446,14.87,26,Closed,2021-09-23
LOAN001841,CUST000797,BR084,Personal Loan,810061,7.8,34,Defaulted,2016-11-22
LOAN001842,CUST004762,BR054,Home Loan,,14.08,163,Defaulted,2026-07-22
LOAN001843,CUST004533,BR139,Home Loan,7381457,7.59,186,Active,2024-03-25
LOAN001844,CUST004009,BR138,Home Loan,8955784,15.56,235,Active,2019-10-11
LOAN001845,CUST002522,BR061,Auto Loan,547737,15.07,76,Active,2024-07-19
LOAN001846,CUST002122,BR017,Personal Loan,446914,11.5,22,Active,2020-12-03
LOAN001847,CUST002515,BR145,Home Loan,2079344,15.41,160,Active,2015-10-26
LOAN001848,CUST003644,BR061,Education Loan,1209657,12.51,79,Active,2019-06-13
LOAN001849,CUST001082,BR074,Auto Loan,1274059,15.32,61,Active,2021-07-16
LOAN001850,CUST000821,BR064,Personal Loan,366452,12.37,21,Active,2020-08-04
LOAN001851,CUST002487,BR009,Business Loan,4050830,7.63,69,Active,2020-11-05
LOAN001852,CUST003897,BR009,Personal Loan,234746,11.98,21,Closed,2026-02-26
LOAN001853,CUST800018,BR022,Auto Loan,1463928,10.38,70,Closed,2024-07-12
LOAN001854,CUST001068,BR057,Gold Loan,153336,8.2,11,Active,2023-12-17
LOAN001855,CUST001802,BR087,Business Loan,1544261,16.05,53,Closed,2021-08-05
LOAN001856,CUST001891,BR046,Auto Loan,1264518,16.27,72,Active,2023-12-18
LOAN001857,CUST003588,BR034,Auto Loan,1060054,11.68,33,Active,2024-07-07
LOAN001858,CUST002997,BR127,Home Loan,1800292,10.61,197,Active,2014-07-04
LOAN001859,CUST001625,BR098,Home Loan,6120574,15.84,170,Active,2026-04-26
LOAN001860,CUST002801,BR082,Gold Loan,358828,,18,Closed,2023-10-26
LOAN001861,CUST001246,BR059,Personal Loan,566722,16.41,54,Active,2026-07-11
LOAN001862,CUST002817,BR011,Gold Loan,475002,11.85,7,Active,2026-05-07
LOAN001863,CUST004802,BR020,Auto Loan,367365,,33,Closed,2023-01-29
LOAN001864,CUST003918,BR065,Personal Loan,280230,14.38,21,Active,2020-02-16
LOAN001865,CUST003066,BR108,Home Loan,7697469,15.88,216,Closed,2024-12-09
LOAN001866,CUST001136,BR042,Personal Loan,305397,,19,Active,2023-12-23
LOAN001867,CUST000650,BR119,Business Loan,1708993,13.95,46,Active,2023-01-16
LOAN001868,CUST004339,BR030,Education Loan,2254344,8.46,119,Active,2018-07-08
LOAN001869,CUST002661,BR117,Personal Loan,289415,-2.0,53,Active,2023-01-31
LOAN001870,CUST000178,BR071,Home Loan,8701855,15.25,181,Active,2021-02-12
LOAN001871,CUST002288,BR039,Personal Loan,646173,13.21,13,Closed,2025-05-27
LOAN001872,CUST000754,BR049,Home Loan,7103557,13.68,124,Closed,2026-01-20
LOAN001873,CUST002663,BR040,Personal Loan,438456,14.03,39,Active,2023-09-22
LOAN001874,CUST004853,BR072,Home Loan,,8.48,226,Active,2023-03-21
LOAN001875,CUST000906,BR087,Home Loan,5785731,10.09,132,Closed,2022-10-29
LOAN001876,CUST003793,BR068,Business Loan,2602584,14.24,69,Active,2026-03-06
LOAN001877,CUST002994,BR010,Education Loan,2200037,,36,Active,2025-12-02
LOAN001878,CUST000746,BR039,Gold Loan,423929,,33,Closed,2025-05-12
LOAN001879,CUST001499,BR015,Personal Loan,230528,8.69,34,Closed,2025-03-11
LOAN001880,CUST002242,BR029,Auto Loan,1140619,12.43,32,Active ,2026-06-17
LOAN001881,CUST004138,BR148,Personal Loan,129788,8.49,17,Active,2022-07-06
LOAN001882,CUST000038,BR095,Personal Loan,261668,12.8,23,Active,2023-10-03
LOAN001883,CUST002682,BR085,Auto Loan,219821,12.88,25,Pending Approval,2025-06-05
LOAN001884,CUST002606,BR096,Business Loan,365189,9.25,88,Closed,2025-07-29
LOAN001885,CUST002691,BR019,Personal Loan,407672,16.35,14,Closed,2019-04-13
LOAN001886,CUST004913,BR034,Personal Loan,425453,9.8,31,Active,2026-04-08
LOAN001887,CUST003430,BR087,Home Loan,2294228,15.36,152,Active,2026-02-23
LOAN001888,CUST003234,BR018,Home Loan,7493749,16.28,193,Active,2020-12-28
LOAN001889,CUST001624,BR020,Personal Loan,488852,16.27,57,Active,2023-08-25
LOAN001890,CUST003047,BR116,Auto Loan,201941,14.03,29,Active,2024-11-11
LOAN001891,CUST004502,BR074,Gold Loan,400606,14.42,27,Closed,2026-04-09
LOAN001892,CUST004144,BR117,Personal Loan,392915,10.52,57,Active,2023-11-01
LOAN001893,CUST001289,BR127,Auto Loan,163771,11.0,31,Active,2023-09-19
LOAN001894,CUST002883,BR082,Home Loan,7461643,16.19,227,Closed,2024-03-24
LOAN001895,CUST002195,BR138,Home Loan,8637719,8.19,206,Active,2024-11-24
LOAN001896,CUST003213,BR082,Gold Loan,365780,12.0,24,Closed,2021-12-28
LOAN001897,CUST002770,BR022,Home Loan,6083716,9.7,195,Active,2025-02-08
LOAN001898,CUST001488,BR021,Education Loan,136779,9.06,89,Closed,2015-03-25
LOAN001899,CUST004449,BR146,Gold Loan,383542,10.14,18,Active,2024-07-27
LOAN001900,CUST002821,BR127,Business Loan,3345331,14.6,56,Active,2023-04-14
LOAN001901,CUST004681,BR099,Home Loan,2316289,13.62,195,Active,2023-06-20
LOAN001902,CUST003674,BR056,Gold Loan,38456,11.73,17,actve,2023-12-03
LOAN001903,CUST003004,BR139,Personal Loan,567246,11.43,47,Active,2023-09-03
LOAN001904,CUST002577,BR035,Home Loan,7674991,10.44,156,Closed,2018-03-24
LOAN001905,CUST000438,BR073,Auto Loan,305664,14.34,72,Active,2017-08-15
LOAN001906,CUST002032,BR065,Home Loan,1545108,8.8,149,Pending Approval,2026-07-23
LOAN001907,CUST003036,BR025,Auto Loan,652333,9.55,68,Active,2021-02-28
LOAN001908,CUST001054,BR909,Education Loan,272261,11.45,62,Pending Approval,2024-09-28
LOAN001909,CUST003335,BR102,Gold Loan,484792,9.05,22,Defaulted,2025-04-08
LOAN001910,CUST001230,BR040,Home Loan,4826048,12.55,170,Active ,2026-04-18
LOAN001911,CUST003275,BR114,Home Loan,2747654,10.24,195,Active,2024-10-14
LOAN001912,CUST004595,BR062,Auto Loan,280242,13.7,73,Active,2025-01-20
LOAN001913,CUST001054,BR137,Auto Loan,1414917,7.59,61,Active,2022-10-02
LOAN001914,CUST000651,BR034,Education Loan,,12.15,40,Pending Approval,2026-07-16
LOAN001915,CUST004841,BR058,Home Loan,5982330,16.37,190,Closed,2023-03-10
LOAN001916,CUST003148,BR039,Education Loan,1890613,14.77,79,Active,2026-05-20
LOAN001917,CUST004646,BR058,Auto Loan,1067471,8.6,60,Active,2023-12-19
LOAN001918,CUST003678,BR075,Personal Loan,67735,10.44,24,Closed,2026-05-05
LOAN001919,CUST000655,BR115,Personal Loan,141466,15.31,21,Active,2024-06-30
LOAN001920,CUST001000,BR107,Business Loan,2500244,8.13,65,Active,2026-04-09
LOAN001921,CUST003303,BR018,Education Loan,150277,13.86,75,Active,2018-06-12
LOAN001922,CUST000861,BR071,Personal Loan,281868,8.18,41,Active,2018-07-07
LOAN001923,CUST004633,BR024,Home Loan,7921084,9.75,172,Active,2024-04-14
LOAN001924,CUST001045,BR149,Education Loan,1572146,16.35,75,Active,2021-04-13
LOAN001925,CUST001038,BR014,Personal Loan,184140,15.47,38,Active,2019-02-28
LOAN001926,CUST002739,BR014,Home Loan,2290611,11.05,135,Closed,2024-06-28
LOAN001927,CUST002276,BR039,Auto Loan,1398097,13.58,51,Active,2026-02-28
LOAN001928,CUST000956,BR077,Auto Loan,1618971,11.66,47,Closed,2026-07-25
LOAN001929,CUST004318,BR086,Home Loan,5891860,7.88,126,Active,2026-05-30
LOAN001930,CUST001394,BR061,Gold Loan,315855,15.04,11,Active,2026-06-22
LOAN001931,CUST002554,BR110,Education Loan,1072806,14.6,103,Closed,2020-01-20
LOAN001932,CUST001775,BR030,Home Loan,8922822,16.14,212,Active,2022-05-26
LOAN001933,CUST003951,BR041,Business Loan,4455209,8.25,52,Closed,2026-07-31
LOAN001934,CUST000204,BR004,Personal Loan,173181,9.32,45,Active,2020-01-11
LOAN001935,CUST002878,BR088,Personal Loan,919904,10.1,51,Active,2024-10-30
LOAN001936,CUST000140,BR003,Home Loan,1956750,13.05,209,Closed,2016-05-25
LOAN001937,CUST001197,BR116,Auto Loan,420608,16.14,57,Active,2024-07-20
LOAN001938,CUST000034,BR106,Auto Loan,490503,14.95,39,Active,2026-05-02
LOAN001939,CUST002580,BR106,Personal Loan,67669,15.42,37,Active,2024-03-26
LOAN001940,CUST004423,BR090,Personal Loan,969361,16.34,51,actve,2022-08-08
LOAN001941,CUST001969,BR138,Auto Loan,1112902,14.17,72,Closed,2025-10-07
LOAN001942,CUST004591,BR094,Home Loan,6477798,,148,Active,2022-03-14
LOAN001943,CUST001151,BR121,Personal Loan,636036,9.41,54,Closed,2022-10-16
LOAN001944,CUST002854,BR039,Gold Loan,30419,10.33,30,Closed,2026-01-29
LOAN001945,CUST000849,BR042,Gold Loan,285457,13.06,13,Closed,2023-04-15
LOAN001946,CUST000214,BR090,Auto Loan,1602552,15.96,37,Closed,2021-10-29
LOAN001947,CUST000707,BR110,Business Loan,1335622,11.74,82,Closed,2026-04-11
LOAN001948,CUST002642,BR050,Business Loan,3049682,11.99,43,Active,2022-10-28
LOAN001949,CUST003661,BR072,Education Loan,1153036,12.24,115,Closed,2020-09-07
LOAN001950,CUST004389,BR141,Home Loan,2913592,14.92,188,actve,2019-09-01
LOAN001951,CUST002449,BR094,Home Loan,3975824,13.36,204,Closed,2025-05-07
LOAN001952,CUST004265,BR005,Education Loan,1039048,12.0,68,Closed,2026-05-31
LOAN001953,CUST002289,BR011,Auto Loan,1770306,12.98,56,Closed,2021-08-02
LOAN001954,CUST002954,BR146,Auto Loan,1347153,8.88,72,Closed,2022-09-01
LOAN001955,CUST004545,BR116,Auto Loan,397536,7.74,42,Defaulted,2025-10-21
LOAN001956,CUST000587,BR147,Home Loan,5961413,10.52,160,Closed,2018-10-04
LOAN001957,CUST004857,BR130,Home Loan,8112642,16.31,183,Active,2023-11-27
LOAN001958,CUST001719,BR145,Personal Loan,212574,13.41,50,Pending Approval,2025-05-29
LOAN001959,CUST000395,BR086,Auto Loan,728311,8.25,76,Active,2020-03-18
LOAN001960,CUST004946,BR129,Auto Loan,227735,12.2,78,Closed,2022-10-02
LOAN001961,CUST000768,BR038,Home Loan,4996086,8.75,151,Closed,2024-01-30
LOAN001962,CUST004128,BR054,Personal Loan,287388,13.84,40,Defaulted,2021-09-24
LOAN001963,CUST002033,BR090,Home Loan,4361454,12.7,223,Active,2026-07-29
LOAN001964,CUST003588,BR134,Personal Loan,682952,13.6,38,Active,2023-04-16
LOAN001965,CUST003815,BR024,Personal Loan,318518,14.31,35,Active,2023-03-09
LOAN001966,CUST001584,BR038,Personal Loan,,11.2,51,Closed,2026-07-31
LOAN001967,CUST002418,BR053,Gold Loan,192357,9.76,29,Active,2026-07-29
LOAN001968,CUST000930,BR052,Home Loan,3594483,8.24,189,Active,2018-03-14
LOAN001969,CUST001057,BR102,Home Loan,7265606,15.91,231,actve,2026-05-10
LOAN001970,CUST002141,BR150,Personal Loan,802506,7.63,40,Closed,2019-01-24
LOAN001971,CUST000114,BR080,Education Loan,602079,14.15,85,Active,2018-08-16
LOAN001972,CUST001170,BR036,Gold Loan,490485,15.63,24,Closed,2025-09-17
LOAN001973,CUST004494,BR019,Personal Loan,632014,11.87,24,Active,2025-06-15
LOAN001974,CUST001678,BR046,Gold Loan,60140,7.59,13,Active,2022-07-05
LOAN001975,CUST004988,BR005,Auto Loan,444139,13.6,68,Closed,2016-08-31
LOAN001976,CUST004055,BR116,Gold Loan,405363,9.58,9,Closed,2026-05-22
LOAN001977,CUST002828,BR016,Personal Loan,730615,10.17,12,Defaulted,2026-05-30
LOAN001978,CUST000859,BR120,Personal Loan,561963,12.48,20,Closed,2020-05-04
LOAN001979,CUST003973,BR077,Education Loan,1250888,8.94,56,Active,2025-12-06
LOAN001980,CUST001253,BR052,Auto Loan,945265,10.54,59,Active,2017-07-01
LOAN001981,CUST003326,BR099,Auto Loan,406510,13.47,24,Closed,2021-04-28
LOAN001982,CUST001277,BR124,Education Loan,673989,13.74,55,Active,2025-06-02
LOAN001983,CUST002527,BR081,Auto Loan,1391302,15.62,26,Closed,2026-07-14
LOAN001984,CUST004570,BR082,Personal Loan,999735,13.47,59,Closed,2023-09-01
LOAN001985,CUST002823,BR005,Home Loan,4365104,8.17,204,Active,2026-07-14
LOAN001986,CUST000513,BR097,Home Loan,3169272,8.49,137,Pending Approval,2023-08-20
LOAN001987,CUST001166,BR144,Education Loan,1812023,14.62,38,Closd,2024-06-18
LOAN001988,CUST002297,BR132,Auto Loan,1778411,12.44,72,Active,2020-11-10
LOAN001989,CUST000448,BR052,Personal Loan,332570,8.82,37,Active,2020-12-21
LOAN001990,CUST004655,BR064,Home Loan,6807849,45.5,206,Closed,2026-06-07
LOAN001991,CUST000491,BR133,Home Loan,5353133,9.58,230,Active,2024-08-02
LOAN001992,CUST004304,BR021,Auto Loan,1541998,8.03,81,Active,2014-09-12
LOAN001993,CUST003864,BR022,Home Loan,5414279,9.94,172,Active,2026-03-18
LOAN001994,CUST003293,BR130,Auto Loan,713348,10.26,39,Closed,2025-01-31
LOAN001995,CUST001862,BR031,Personal Loan,52362,11.57,37,Active,2018-02-22
LOAN001996,CUST003483,BR087,Education Loan,1188857,16.12,104,Closed,2026-07-26
LOAN001997,CUST001451,BR098,Gold Loan,347907,12.3,28,Active,2024-07-15
LOAN001998,CUST003501,BR142,Gold Loan,421603,16.29,21,Closed,2020-04-28
LOAN001999,CUST002142,BR138,Business Loan,2116965,11.83,48,Closed,2017-04-23
LOAN002000,CUST000615,BR091,Personal Loan,917697,13.05,27,Active,2025-12-31
LOAN002001,CUST003693,BR138,Education Loan,2060621,14.01,44,Closed,2016-12-05
LOAN002002,CUST000306,BR015,Auto Loan,688612,9.6,55,Active,2025-11-30
LOAN002003,CUST002287,BR065,Auto Loan,1405640,15.22,71,Pending Approval,2026-01-21
LOAN002004,CUST000032,BR047,Auto Loan,825705,7.53,57,Active,2022-01-07
LOAN002005,CUST000780,BR142,Education Loan,1537191,13.93,69,Active,2026-04-28
LOAN002006,CUST002444,BR118,Gold Loan,50190,12.69,9,Active,2017-08-05
LOAN002007,CUST001845,BR053,Personal Loan,902753,14.6,25,Closed,2024-08-08
LOAN002008,CUST003507,BR044,Home Loan,6943571,16.1,203,Active,2023-01-07
LOAN002009,CUST003149,BR123,Home Loan,6674113,14.06,152,Active,2019-06-23
LOAN002010,CUST002388,BR125,Education Loan,1899305,10.39,51,Active,2024-08-28
LOAN002011,CUST003877,BR082,Auto Loan,238490,15.97,59,Active,2019-02-14
LOAN002012,CUST000043,BR138,Auto Loan,1366392,8.97,53,Active,2017-12-22
LOAN002013,CUST001320,BR061,Education Loan,539659,11.7,68,Active,2018-05-01
LOAN002014,CUST003514,BR067,Home Loan,2323281,7.86,184,Active,2025-05-11
LOAN002015,CUST004882,BR091,Education Loan,126898,12.06,81,Closed,2016-02-29
LOAN002016,CUST001976,BR123,Home Loan,1684382,13.11,126,Active,2021-11-27
LOAN002017,CUST002350,BR071,Auto Loan,1783992,14.37,67,Active,2022-03-02
LOAN002018,CUST004019,BR037,Home Loan,6890019,9.25,166,Active,2025-08-18
LOAN002019,CUST002693,BR141,Personal Loan,494277,16.47,19,Active,2022-10-22
LOAN002020,CUST004678,BR064,Auto Loan,454492,10.38,62,Closed,2026-04-22
LOAN002021,CUST001457,BR147,Business Loan,3164516,12.37,88,Active,2025-01-23
LOAN002022,CUST002300,BR114,Personal Loan,565268,15.86,16,Active,2016-05-30
LOAN002023,CUST004304,BR003,Auto Loan,1153082,12.54,31,Active,2022-08-29
LOAN002024,CUST002332,BR027,Gold Loan,219755,10.17,11,Closed,2025-04-14
LOAN002025,CUST001858,BR006,Personal Loan,106780,11.25,36,Active,2019-04-19
LOAN002026,CUST001992,BR051,Gold Loan,246886,9.78,34,Closed,2023-09-18
LOAN002027,CUST000164,BR059,Education Loan,423294,7.64,44,Closed,2022-03-22
LOAN002028,CUST002115,BR048,Personal Loan,710590,9.7,41,Closed,2025-12-03
LOAN002029,CUST001841,BR068,Personal Loan,788882,14.07,25,Active,2023-06-11
LOAN002030,CUST003099,BR144,Gold Loan,449674,8.02,31,Defaulted,2021-09-28
LOAN002031,CUST004485,BR041,Personal Loan,282107,14.34,46,Active,2024-06-22
LOAN002032,CUST003690,BR075,Education Loan,1503138,13.45,74,Active ,2022-05-06
LOAN002033,CUST004914,BR111,Personal Loan,342471,14.39,59,Active,2024-10-22
LOAN002034,CUST001995,BR048,Personal Loan,750198,10.8,18,Active,2024-11-16
LOAN002035,CUST002159,BR121,Education Loan,2292723,12.76,49,Closd,2023-07-25
LOAN002036,CUST001206,BR048,Personal Loan,984484,15.33,40,Active,2026-04-11
LOAN002037,CUST002707,BR118,Education Loan,2389013,11.5,69,Closed,2023-02-25
LOAN002038,CUST000535,BR057,Business Loan,2126277,14.54,29,CLOSED,2025-11-10
LOAN002039,CUST001293,BR026,Business Loan,3374876,15.07,53,Closed,2026-05-13
LOAN002040,CUST003666,BR043,Personal Loan,712539,13.7,18,Active,2026-05-25
LOAN002041,CUST000576,BR071,Auto Loan,1544464,12.83,77,Defaulted,2025-09-22
LOAN002042,CUST002071,BR046,Personal Loan,604795,8.33,26,Closed,2025-11-29
LOAN002043,CUST000110,BR006,Auto Loan,264626,13.65,63,Active,2025-10-21
LOAN002044,CUST003558,BR065,Gold Loan,47645,12.58,22,Active,2026-06-17
LOAN002045,CUST001701,BR049,Home Loan,3714835,9.81,189,Closed,2023-03-09
LOAN002046,CUST001799,BR104,Home Loan,2913052,12.19,124,actve,2024-01-22
LOAN002047,CUST000657,BR126,Personal Loan,322588,12.78,58,Closed,2023-11-25
LOAN002048,CUST003273,BR037,Auto Loan,913408,10.68,47,Closed,2025-10-24
LOAN002049,CUST000845,BR129,Home Loan,5099135,9.72,139,Active,2020-06-25
LOAN002050,CUST002161,BR088,Personal Loan,429341,15.28,40,Active,2021-06-22
LOAN002051,CUST001607,BR063,Home Loan,7981336,10.32,184,Closed,2014-12-21
LOAN002052,CUST004685,BR112,Business Loan,487132,14.07,59,Closed,2016-11-18
LOAN002053,CUST003911,BR028,Auto Loan,759990,13.24,54,Active,2025-05-23
LOAN002054,CUST002385,BR030,Auto Loan,,8.26,56,Active,2024-07-16
LOAN002055,CUST004186,BR057,Home Loan,8124037,16.49,158,Defaulted,2022-09-20
LOAN002056,CUST003364,BR107,Home Loan,3003495,10.73,232,Active,2016-09-15
LOAN002057,CUST001374,BR092,Personal Loan,653713,12.2,36,Active,2023-11-30
LOAN002058,CUST002848,BR095,Home Loan,3739588,10.35,238,Active,2025-12-24
LOAN002059,CUST000453,BR048,Home Loan,8464831,11.92,185,Active,2023-08-18
LOAN002060,CUST004153,BR047,Personal Loan,548983,14.69,52,Active,2024-03-13
LOAN002061,CUST001239,BR003,Business Loan,1834681,15.5,74,Active,2020-09-07
LOAN002062,CUST003570,BR089,Business Loan,328306,,67,Closed,2025-11-25
LOAN002063,CUST002018,BR058,Auto Loan,1361245,15.01,73,Active,2026-01-17
LOAN002064,CUST002045,BR150,Personal Loan,124159,12.14,27,Active,2024-08-25
LOAN002065,CUST000309,BR095,Personal Loan,835338,12.06,18,Defaulted,2022-11-01
LOAN002066,CUST000786,BR078,Business Loan,3636553,10.63,65,Closed,2021-12-02
LOAN002067,CUST004106,BR118,Personal Loan,630537,12.69,23,Active,2024-01-23
LOAN002068,CUST002126,BR125,Personal Loan,414659,15.41,46,Closed,2026-07-06
LOAN002069,CUST000122,BR028,Auto Loan,215889,,42,Defaulted,2024-02-10
LOAN002070,CUST004561,BR105,Education Loan,1535040,8.12,69,Active,2015-01-08
LOAN002071,CUST004267,BR005,Home Loan,3147208,8.22,186,Active,2026-06-14
LOAN002072,CUST003759,BR116,Personal Loan,505053,16.46,36,Closed,2026-05-16
LOAN002073,CUST002600,BR019,Home Loan,3932025,9.45,205,closed,2024-01-17
LOAN002074,CUST002067,BR014,Home Loan,6107684,16.26,179,Active,2026-02-14
LOAN002075,CUST002677,BR060,Education Loan,2306720,16.05,107,Active,2025-04-18
LOAN002076,CUST001890,BR136,Auto Loan,1351428,15.15,70,Active,2017-05-09
LOAN002077,CUST000941,BR040,Auto Loan,768589,11.64,31,Active,2025-09-10
LOAN002078,CUST000248,BR026,Personal Loan,69856,13.1,17,Active,2020-03-17
LOAN002079,CUST002238,BR044,Business Loan,2163975,9.22,67,Closed,2023-11-22
LOAN002080,CUST001516,BR047,Business Loan,3865155,10.81,84,Closed,2026-04-14
LOAN002081,CUST002340,BR025,Personal Loan,984267,10.91,26,Closed,2024-11-29
LOAN002082,CUST003243,BR103,Home Loan,8030492,9.71,167,Active,2023-01-30
LOAN002083,CUST002662,BR034,Personal Loan,282241,11.87,22,Active,2019-12-08
LOAN002084,CUST004507,BR051,Auto Loan,1369215,11.16,59,Closed,2023-12-28
LOAN002085,CUST001659,BR086,Education Loan,204175,13.95,78,Active,2025-05-31
LOAN002086,CUST003343,BR068,Home Loan,4343346,16.07,122,Closed,2025-11-19
LOAN002087,CUST004448,BR037,Gold Loan,410543,12.21,18,Defaulted,2021-06-28
LOAN002088,CUST000166,BR059,Personal Loan,212757,8.95,33,Active ,2025-02-03
LOAN002089,CUST002812,BR141,Gold Loan,94078,9.25,25,Active,2024-06-25
LOAN002090,CUST001629,BR136,Auto Loan,1670549,14.97,56,Active,2025-07-15
LOAN002091,CUST003007,BR052,Auto Loan,516794,7.61,55,Active,2026-04-05
LOAN002092,CUST003893,BR049,Home Loan,4330243,8.46,207,Active,2025-09-06
LOAN002093,CUST002694,BR024,Auto Loan,339683,12.99,43,Active,2023-06-24
LOAN002094,CUST004160,BR027,Personal Loan,645050,15.14,34,Closed,2022-12-31
LOAN002095,CUST000017,BR090,Auto Loan,832995,13.92,42,Active,2023-03-18
LOAN002096,CUST000468,BR021,Business Loan,4477454,8.97,64,Active,2025-12-24
LOAN002097,CUST004288,BR124,Home Loan,5504743,15.86,181,Closed,2024-10-16
LOAN002098,CUST001322,BR013,Education Loan,513586,0.0,91,Closed,2025-11-12
LOAN002099,CUST003406,BR033,Auto Loan,1347168,12.83,70,Closed,2017-09-27
LOAN002100,CUST001617,BR137,Business Loan,962576,14.19,65,Active,2025-02-25
LOAN002101,CUST000733,BR125,Personal Loan,316214,12.55,31,Active,2022-12-11
LOAN002102,CUST004461,BR112,Gold Loan,29171,15.08,28,Closed,2023-07-08
LOAN002103,CUST002057,BR132,Home Loan,6074466,9.98,203,Active,2017-09-28
LOAN002104,CUST002880,BR092,Auto Loan,1754714,8.38,70,Defaulted,2024-06-18
LOAN002105,CUST004497,BR099,Auto Loan,436710,9.61,59,Closed,2022-09-29
LOAN002106,CUST000935,BR116,Personal Loan,682054,12.27,34,Active,2022-11-16
LOAN002107,CUST003524,BR085,Personal Loan,707535,13.96,47,Closed,2026-07-09
LOAN002108,CUST002893,BR089,Business Loan,4316425,16.06,80,Active,2025-11-19
LOAN002109,CUST004306,BR077,Education Loan,118341,9.12,118,Active,2026-03-20
LOAN002110,CUST003633,BR133,Education Loan,1570537,11.86,67,Active,2024-06-05
LOAN002111,CUST002390,BR095,Education Loan,1782788,15.31,59,PENDING,2020-03-27
LOAN002112,CUST001807,BR039,Personal Loan,762453,14.55,55,Closed,2023-06-04
LOAN002113,CUST003513,BR079,Home Loan,7529792,13.43,132,Active,2023-06-22
LOAN002114,CUST004706,BR096,Home Loan,7099007,8.8,152,ACTIVE,2017-01-22
LOAN002115,CUST003417,BR043,Auto Loan,1642406,12.54,74,Active,2020-07-31
LOAN002116,CUST004142,BR123,Personal Loan,,9.85,19,Active,2024-03-16
LOAN002117,CUST001777,BR013,Personal Loan,774371,11.37,13,Closed,2024-10-19
LOAN002118,CUST003120,BR008,Home Loan,2426910,8.91,173,Active,2023-12-27
LOAN002119,CUST004116,BR083,Personal Loan,295572,12.32,39,Active,2021-05-21
LOAN002120,CUST001897,BR023,Personal Loan,234281,12.04,15,Active,2025-03-19
LOAN002121,CUST000904,BR063,Auto Loan,1783086,9.02,28,Closed,2024-03-15
LOAN002122,CUST000056,BR121,Auto Loan,337724,7.68,71,Active,2017-11-09
LOAN002123,CUST002332,BR115,Education Loan,1292755,11.34,107,Closed,2026-04-27
LOAN002124,CUST000359,BR005,Education Loan,491542,9.93,92,Active,2021-10-04
LOAN002125,CUST004572,BR117,Education Loan,2249929,10.49,57,Closed,2026-07-10
LOAN002126,CUST004027,BR122,Home Loan,7599926,14.49,234,Active,2026-05-18
LOAN002127,CUST003442,BR055,Auto Loan,938372,9.14,72,Closed,2022-01-14
LOAN002128,CUST004477,BR088,Gold Loan,258517,9.06,16,Active,2021-06-22
LOAN002129,CUST002115,BR005,Business Loan,812554,11.86,54,Defaulted,2024-06-12
LOAN002130,CUST000620,BR088,Home Loan,2791391,14.24,152,Closed,2025-12-13
LOAN002131,CUST003339,BR011,Personal Loan,100737,12.67,37,Active,2024-10-14
LOAN002132,CUST000450,BR085,Personal Loan,920891,15.64,19,Closed,2025-02-19
LOAN002133,CUST000610,BR028,Home Loan,2545286,14.24,207,Active,2023-09-21
LOAN002134,CUST003439,BR117,Auto Loan,909129,11.38,46,Closed,2025-06-30
LOAN002135,CUST001478,BR036,Personal Loan,736876,10.67,56,Defaulted,2020-01-16
LOAN002136,CUST002790,BR105,Gold Loan,466470,15.46,6,ACTIVE,2024-09-26
LOAN002137,CUST000942,BR064,Auto Loan,884154,16.38,73,Active,2026-05-01
LOAN002138,CUST001843,BR037,Personal Loan,185652,13.19,58,Active,2020-01-03
LOAN002139,CUST002467,BR002,Home Loan,3376089,13.83,225,Active,2023-01-02
LOAN002140,CUST001549,BR117,Home Loan,1670387,11.43,185,Closed,2020-11-14
LOAN002141,CUST004881,BR107,Personal Loan,190673,12.84,47,Active ,2020-11-16
LOAN002142,CUST001222,BR105,Personal Loan,872100,13.41,26,Active,2025-11-02
LOAN002143,CUST002850,BR002,Home Loan,3627503,16.45,188,Active,2024-10-13
LOAN002144,CUST000999,BR128,Personal Loan,336138,10.77,36,Active,2026-06-11
LOAN002145,CUST002655,BR098,Gold Loan,262026,12.79,16,Closed,2026-04-18
LOAN002146,CUST001139,BR126,Personal Loan,565151,7.68,43,Active,2013-01-13
LOAN002147,CUST000904,BR106,Home Loan,8010062,15.63,212,Closed,2023-07-24
LOAN002148,CUST001656,BR050,Gold Loan,196350,16.32,27,Active,2018-11-28
LOAN002149,CUST004269,BR073,Personal Loan,929637,12.8,22,Active,2026-07-03
LOAN002150,CUST002556,BR084,Personal Loan,951035,11.1,28,Closed,2013-01-20
LOAN002151,CUST002262,BR007,Home Loan,4567483,14.81,171,Active,2022-11-16
LOAN002152,CUST004893,BR114,Auto Loan,239768,8.08,70,Active,2020-02-22
LOAN002153,CUST003482,BR072,Education Loan,1170479,12.91,79,Active,2026-02-02
LOAN002154,CUST000144,BR055,Personal Loan,378855,10.7,57,Active,2018-04-18
LOAN002155,CUST002298,BR073,Personal Loan,,9.25,59,Active,2024-03-19
LOAN002156,CUST003816,BR148,Business Loan,2829619,8.72,95,Defaulted,2012-04-28
LOAN002157,CUST001228,BR061,Auto Loan,,14.24,50,Defaulted,2021-04-23
LOAN002158,CUST000526,BR092,Gold Loan,493538,,25,Closed,2024-01-18
LOAN002159,CUST001820,BR050,Personal Loan,578451,15.8,43,Active,2025-01-16
LOAN002160,CUST002752,BR132,Personal Loan,138650,12.55,21,Active,2025-10-14
LOAN002161,CUST001960,BR117,Home Loan,1575275,8.57,233,Active,2025-12-20
LOAN002162,CUST000948,BR097,Personal Loan,70920,10.76,26,actve,2015-08-09
LOAN002163,CUST004406,BR142,Personal Loan,550866,10.55,36,Closed,2023-05-08
LOAN002164,CUST000064,BR010,Personal Loan,785373,11.63,47,Active,2023-07-21
LOAN002165,CUST001090,BR032,Personal Loan,697316,11.33,16,Closed,2026-03-03
LOAN002166,CUST000632,BR114,Auto Loan,645338,8.33,28,Active,2025-05-27
LOAN002167,CUST001242,BR003,Education Loan,1163456,11.85,41,Active,2015-02-07
LOAN002168,CUST001124,BR036,Business Loan,1959900,13.46,85,Active,2025-03-30
LOAN002169,CUST003052,BR010,Home Loan,2076334,7.66,177,Active,2021-07-20
LOAN002170,CUST001474,BR118,Personal Loan,830936,7.75,39,Closed,2017-12-04
LOAN002171,CUST003077,BR014,Personal Loan,333091,13.05,58,Pending Approval,2026-06-15
LOAN002172,CUST800019,BR037,Personal Loan,408513,12.68,50,Active,2019-05-08
LOAN002173,CUST004678,BR028,Home Loan,6634518,13.48,124,Active,2026-04-14
LOAN002174,CUST001505,BR018,Personal Loan,695469,13.71,43,Closed,2024-09-01
LOAN002175,CUST002394,BR015,Personal Loan,657847,15.09,51,Active,2024-03-20
LOAN002176,CUST001489,BR105,Auto Loan,537208,-2.0,24,Active,2018-12-13
LOAN002177,CUST001395,BR117,Home Loan,4052834,14.2,205,Active,2026-06-01
LOAN002178,CUST004542,BR061,Auto Loan,1338626,8.99,56,Defaulted,2024-06-29
LOAN002179,CUST002047,BR087,Business Loan,1568805,7.52,41,Active,2026-03-29
LOAN002180,CUST003832,BR003,Education Loan,1652793,9.08,52,Active,2026-01-15
LOAN002181,CUST003945,BR040,Auto Loan,802681,14.04,34,Active,2024-02-10
LOAN002182,CUST000933,BR137,Auto Loan,1191897,15.58,30,Closed,2021-06-05
LOAN002183,CUST000741,BR109,Personal Loan,948545,8.41,26,Active,2018-07-24
LOAN002184,CUST003235,BR084,Personal Loan,740241,11.51,39,Active,2025-06-04
LOAN002185,CUST001149,BR138,Auto Loan,1304074,12.65,44,defaulted,2025-06-08
LOAN002186,CUST002052,BR090,Personal Loan,507741,15.51,39,Active,2023-05-13
LOAN002187,CUST004624,BR137,Education Loan,2481057,9.46,91,Active,2025-03-13
LOAN002188,CUST002313,BR057,Personal Loan,240040,13.4,28,Closed,2016-07-28
LOAN002189,CUST001764,BR103,Personal Loan,691652,15.02,34,Closed,2024-11-27
LOAN002190,CUST001665,BR054,Education Loan,1317506,8.1,64,Closed,2024-10-15
LOAN002191,CUST003615,BR025,Auto Loan,258655,9.45,32,Active,2023-02-15
LOAN002192,CUST003283,BR023,Education Loan,222923,8.72,44,Active,2022-02-02
LOAN002193,CUST003602,BR018,Gold Loan,377875,13.89,9,Active,2016-02-27
LOAN002194,CUST000126,BR013,Auto Loan,1485400,10.11,81,Active,2023-06-12
LOAN002195,CUST000746,BR075,Personal Loan,182207,8.12,19,Active,2026-02-15
LOAN002196,CUST001882,BR078,Business Loan,4325031,,84,Active,2023-04-29
LOAN002197,CUST003613,BR116,Gold Loan,53469,13.67,19,Closed,2024-10-28
LOAN002198,CUST003843,BR100,Education Loan,316587,12.73,61,Pending Approval,2024-08-08
LOAN002199,CUST002146,BR018,Auto Loan,1556928,10.49,35,Active,2025-11-12
LOAN002200,CUST004970,BR085,Home Loan,5724309,15.73,221,Active,2024-05-15
LOAN002201,CUST002696,BR093,Home Loan,4154761,7.73,138,Active,2023-04-25
LOAN002202,CUST000677,BR148,Education Loan,,9.6,93,Active ,2019-06-13
LOAN002203,CUST004382,BR013,Home Loan,8462222,12.44,217,Active,2025-06-02
LOAN002204,CUST001672,BR110,Auto Loan,714738,16.05,33,Active,2023-03-13
LOAN002205,CUST001450,BR069,Auto Loan,757358,15.46,57,Closed,2026-03-25
LOAN002206,CUST001937,BR129,Auto Loan,509432,14.06,37,Active,2026-04-09
LOAN002207,CUST004395,BR051,Auto Loan,1298763,11.82,54,Active,2026-03-27
LOAN002208,CUST002735,BR005,Education Loan,,11.42,68,Pending Approval,2022-01-02
LOAN002209,CUST002062,BR097,Personal Loan,850237,13.89,44,Closed,2022-05-26
LOAN002210,CUST002423,BR011,Home Loan,8009035,13.6,198,Closed,2024-06-22
LOAN002211,CUST004905,BR072,Gold Loan,338613,11.06,14,Active,2024-01-06
LOAN002212,CUST004147,BR018,Home Loan,6188692,15.41,182,Active,2025-11-20
LOAN002213,CUST000607,BR013,Auto Loan,511101,14.8,67,Active,2026-07-16
LOAN002214,CUST003198,BR099,Home Loan,8982506,16.37,215,Active,2025-11-13
LOAN002215,CUST004283,BR034,Auto Loan,1702293,11.06,47,Pending Approval,2024-09-17
LOAN002216,CUST004080,BR137,Personal Loan,427562,9.4,14,Closed,2024-12-09
LOAN002217,CUST001495,BR145,Auto Loan,1586743,9.32,66,Active,2026-07-09
LOAN002218,CUST003581,BR031,Personal Loan,757809,13.28,18,Closed,2014-02-12
LOAN002219,CUST002731,BR035,Business Loan,857086,9.3,81,Active,2019-03-24
LOAN002220,CUST004728,BR131,Personal Loan,180706,14.15,42,Closed,2026-06-06
LOAN002221,CUST002897,BR037,Personal Loan,412468,16.03,50,Closed,2024-04-18
LOAN002222,CUST003686,BR032,Personal Loan,376533,7.75,46,Closed,2023-04-24
LOAN002223,CUST001071,BR045,Home Loan,4766599,15.39,187,Closed,2024-02-27
LOAN002224,CUST000499,BR102,Gold Loan,294380,9.56,12,Closed,2022-05-23
LOAN002225,CUST003274,BR146,Home Loan,5265927,12.47,236,Active,2025-08-18
LOAN002226,CUST003449,BR008,Home Loan,5631789,9.9,226,actve,2023-01-20
LOAN002227,CUST004492,BR028,Home Loan,8537390,10.24,152,Active ,2021-05-15
LOAN002228,CUST000165,BR050,Home Loan,5146435,14.92,204,Closed,2015-10-27
LOAN002229,CUST002375,BR095,Personal Loan,932434,10.12,35,Active,2023-09-13
LOAN002230,CUST000884,BR078,Home Loan,8296164,15.02,140,Defaulted,2023-08-02
LOAN002231,CUST000859,BR145,Gold Loan,410989,10.36,23,Active,2024-09-17
LOAN002232,CUST004682,BR088,Business Loan,2783058,9.58,75,Active,2025-01-21
LOAN002233,CUST003868,BR073,Home Loan,5823218,,230,Defaulted,2024-06-12
LOAN002234,CUST004778,BR049,Home Loan,8269959,10.18,147,Active,2024-07-29
LOAN002235,CUST003165,BR047,Personal Loan,398437,7.72,45,Active,2023-10-27
LOAN002236,CUST000541,BR068,Auto Loan,,9.64,33,Active,2023-07-25
LOAN002237,CUST004128,BR019,Personal Loan,704044,14.81,20,Active,2024-08-10
LOAN002238,CUST001986,BR013,Personal Loan,861759,13.08,56,Closed,2016-06-05
LOAN002239,CUST000304,BR103,Personal Loan,813111,11.12,56,Active,2022-02-21
LOAN002240,CUST004943,BR058,Gold Loan,86201,12.22,8,Active,2023-07-21
LOAN002241,CUST004952,BR007,Personal Loan,760775,9.2,38,Active,2021-10-08
LOAN002242,CUST000369,BR055,Home Loan,5929440,9.87,153,Active,2026-06-15
LOAN002243,CUST001274,BR139,Education Loan,260379,8.26,70,Active,2025-01-31
LOAN002244,CUST004558,BR005,Personal Loan,677226,10.01,28,Active,2025-05-24
LOAN002245,CUST000647,BR138,Gold Loan,248017,9.84,26,Active,2023-01-03
LOAN002246,CUST004915,BR083,Education Loan,2280965,11.43,88,Closed,2019-06-04
LOAN002247,CUST001424,BR007,Home Loan,8481207,13.3,138,Active ,2018-06-25
LOAN002248,CUST004412,BR145,Personal Loan,338766,12.6,56,Closed,2025-02-18
LOAN002249,CUST001675,BR107,Auto Loan,281181,,69,Active,2023-10-01
LOAN002250,CUST004090,BR081,Education Loan,689976,9.92,69,Pending Approval,2022-09-05
LOAN002251,CUST001221,BR075,Personal Loan,918796,9.08,30,Pending Approval,2025-10-29
LOAN002252,CUST002857,BR007,Auto Loan,1609787,13.73,65,Defaulted,2019-12-05
LOAN002253,CUST003951,BR118,Home Loan,1605366,8.18,220,Active,2026-07-31
LOAN002254,CUST004561,BR011,Home Loan,4147156,8.4,166,Active,2022-06-10
LOAN002255,CUST001014,BR075,Personal Loan,440065,14.17,46,Active,2026-01-03
LOAN002256,CUST000505,BR117,Personal Loan,750036,15.14,52,Active,2025-07-29
LOAN002257,CUST002991,BR022,Auto Loan,270202,7.9,33,Active,2026-07-19
LOAN002258,CUST000567,BR093,Home Loan,1937970,10.14,220,Active,2025-01-02
LOAN002259,CUST001234,BR028,Business Loan,2361823,,85,Closed,2025-10-24
LOAN002260,CUST003458,BR095,Home Loan,1838844,10.97,201,Closed,2025-02-14
LOAN002261,CUST001068,BR130,Gold Loan,71983,15.62,32,Closed,2021-01-11
LOAN002262,CUST000044,BR126,Business Loan,3956597,9.82,46,Defaulted,2022-07-27
LOAN002263,CUST000711,BR106,Personal Loan,881078,16.39,50,Closed,2022-09-04
LOAN002264,CUST003199,BR022,Gold Loan,29883,10.28,10,Active,2024-11-30
LOAN002265,CUST000298,BR087,Auto Loan,1576629,7.96,79,Closed,2026-03-07
LOAN002266,CUST003088,BR149,Home Loan,3984546,10.54,166,Active,2023-07-05
LOAN002267,CUST001284,BR130,Home Loan,1852990,11.87,161,Active,2022-07-25
LOAN002268,CUST003060,BR095,Personal Loan,220987,13.29,37,Active,2023-06-13
LOAN002269,CUST004670,BR111,Personal Loan,406550,13.28,30,Closed,2026-07-13
LOAN002270,CUST000863,BR148,Education Loan,1625415,10.07,65,Pending Approval,2015-12-11
LOAN002271,CUST001602,BR143,Personal Loan,373139,16.14,13,Active,2022-08-09
LOAN002272,CUST004576,BR086,Home Loan,3804817,8.0,153,Closed,2012-10-12
LOAN002273,CUST001990,BR051,Education Loan,1282301,12.83,119,Active,2023-11-03
LOAN002274,CUST003671,BR124,Auto Loan,600734,13.02,39,Active,2018-04-12
LOAN002275,CUST002996,BR066,Auto Loan,508592,10.49,75,Active,2018-08-18
LOAN002276,CUST001406,BR083,Personal Loan,870204,14.37,44,Active,2025-06-11
LOAN002277,CUST004805,BR002,Personal Loan,435898,9.94,40,Defaulted,2024-07-11
LOAN002278,CUST002993,BR036,Home Loan,1654628,9.61,220,Active,2023-07-07
LOAN002279,CUST003208,BR007,Education Loan,2316444,13.45,114,Active,2024-08-24
LOAN002280,CUST800020,BR137,Home Loan,3055564,12.69,181,Active,2026-05-29
LOAN002281,CUST003556,BR108,Education Loan,953174,14.16,108,Closed,2026-05-05
LOAN002282,CUST003808,BR073,Personal Loan,631262,12.04,46,Active,2018-02-02
LOAN002283,CUST002700,BR077,Home Loan,3986817,7.86,148,Active,2026-02-08
LOAN002284,CUST002475,BR047,Gold Loan,61044,,12,Pending Approval,2026-05-12
LOAN002285,CUST002301,BR103,Gold Loan,133254,12.17,12,Active,2015-11-12
LOAN002286,CUST001449,BR131,Home Loan,7020633,15.77,132,Defaulted,2026-07-29
LOAN002287,CUST002930,BR120,Home Loan,6402557,11.17,132,Closed,2026-06-16
LOAN002288,CUST004083,BR066,Personal Loan,826933,7.76,26,Active,2026-02-07
LOAN002289,CUST004809,BR113,Personal Loan,468694,15.79,55,Closed,2024-11-22
LOAN002290,CUST001990,BR048,Auto Loan,1719613,15.33,33,Active,2026-02-18
LOAN002291,CUST004379,BR036,Education Loan,872607,12.81,90,Active,2026-04-17
LOAN002292,CUST004979,BR116,Business Loan,4173352,12.77,31,Active,2021-10-17
LOAN002293,CUST002586,BR093,Auto Loan,551755,16.17,61,Closed,2023-07-19
LOAN002294,CUST001961,BR055,Auto Loan,1439387,8.85,58,Active,2020-06-25
LOAN002295,CUST002597,BR017,Business Loan,3690291,13.93,62,Active,2021-07-04
LOAN002296,CUST002850,BR055,Personal Loan,193593,9.13,20,Active,2024-03-06
LOAN002297,CUST002486,BR036,Business Loan,1048835,7.78,27,Active,2019-06-13
LOAN002298,CUST002000,BR131,Personal Loan,79025,8.68,41,Active,2025-09-09
LOAN002299,CUST004816,BR104,Education Loan,2352739,8.63,43,Closed,2023-01-10
LOAN002300,CUST002675,BR112,Education Loan,1280253,7.6,87,Active,2023-07-24
LOAN002301,CUST000124,BR121,Gold Loan,292726,12.81,34,Active,2019-11-30
LOAN002302,CUST004956,BR034,Home Loan,7092757,13.83,120,Active,2023-06-21
LOAN002303,CUST000597,BR023,Auto Loan,1074249,14.66,73,Active,2024-05-16
LOAN002304,CUST000560,BR015,Home Loan,2115601,9.49,229,Active,2026-05-29
LOAN002305,CUST002281,BR053,Gold Loan,286891,11.13,22,Active,2024-08-31
LOAN002306,CUST004071,BR065,Personal Loan,931810,10.45,16,Closed,2016-06-29
LOAN002307,CUST004093,BR053,Gold Loan,57149,11.13,22,Active,2016-05-07
LOAN002308,CUST004442,BR075,Auto Loan,1071669,16.19,26,Active,2024-05-06
LOAN002309,CUST002839,BR045,Auto Loan,1638928,11.19,56,Active,2025-11-21
LOAN002310,CUST003355,BR033,Personal Loan,286814,11.5,54,Closed,2023-11-28
LOAN002311,CUST001285,BR053,Auto Loan,788158,15.18,44,Active,2017-04-04
LOAN002312,CUST002459,BR150,Education Loan,2003173,12.17,54,Active,2024-08-05
LOAN002313,CUST004972,BR036,Auto Loan,388097,11.37,64,Active,2020-10-13
LOAN002314,CUST002710,BR043,Auto Loan,394063,8.92,54,Pending Approval,2024-12-16
LOAN002315,CUST000863,BR032,Auto Loan,942470,13.94,40,Closed,2023-10-31
LOAN002316,CUST003426,BR022,Home Loan,1627492,13.69,188,Active,2026-03-14
LOAN002317,CUST003633,BR058,Home Loan,4132688,15.56,151,Closed,2025-11-20
LOAN002318,CUST004765,BR018,Gold Loan,158286,12.58,8,Closed,2026-05-26
LOAN002319,CUST004344,BR096,Auto Loan,1208208,8.71,26,Closed,2020-03-16
LOAN002320,CUST001728,BR018,Education Loan,1607002,15.02,49,Closed,2025-04-04
LOAN002321,CUST004244,BR128,Education Loan,115272,8.29,119,Pending Approval,2026-06-03
LOAN002322,CUST004577,BR047,Gold Loan,357794,10.34,17,Closed,2023-10-29
LOAN002323,CUST004434,BR051,Gold Loan,197485,12.86,14,Active,2026-03-06
LOAN002324,CUST001401,BR026,Home Loan,3796593,12.19,175,actve,2022-02-10
LOAN002325,CUST002078,BR076,Auto Loan,1084436,13.65,58,Active,2019-03-15
LOAN002326,CUST002243,BR100,Personal Loan,50262,12.71,42,Pending Approval,2026-05-30
LOAN002327,CUST004525,BR034,Education Loan,1965526,12.62,75,Active,2026-02-03
LOAN002328,CUST002201,BR097,Gold Loan,305135,12.72,29,Defaulted,2024-11-16
LOAN002329,CUST001483,BR131,Gold Loan,31655,10.45,30,Active,2021-04-25
LOAN002330,CUST000871,BR017,Home Loan,5284969,15.69,181,Active,2025-06-20
LOAN002331,CUST002883,BR106,Auto Loan,1577373,10.18,73,Active,2024-03-25
LOAN002332,CUST000948,BR125,Home Loan,4968706,11.6,139,Closed,2023-07-30
LOAN002333,CUST000329,BR150,Auto Loan,994400,15.66,76,Closed,2025-05-25
LOAN002334,CUST004307,BR114,Personal Loan,602882,8.38,43,Active,2024-02-21
LOAN002335,CUST000801,BR086,Home Loan,1818994,12.15,225,Closed,2026-05-19
LOAN002336,CUST004952,BR062,Home Loan,4283273,9.37,183,Closed,2025-10-02
LOAN002337,CUST002382,BR148,Personal Loan,274268,14.42,23,Pending Approval,2024-03-08
LOAN002338,CUST004735,BR054,Personal Loan,919408,11.41,37,Active,2026-02-07
LOAN002339,CUST002607,BR129,Business Loan,275413,15.72,70,Closed,2025-09-11
LOAN002340,CUST001060,BR029,Personal Loan,894035,10.88,48,Closed,2019-11-01
LOAN002341,CUST002473,BR033,Gold Loan,273370,15.93,15,Active,2025-03-31
LOAN002342,CUST001441,BR067,Auto Loan,1063284,11.3,78,Active,2026-02-06
LOAN002343,CUST001478,BR072,Personal Loan,296298,16.49,45,Active,2024-04-02
LOAN002344,CUST000630,BR069,Personal Loan,345705,9.92,28,Closed,2024-05-22
LOAN002345,CUST002711,BR057,Home Loan,1512219,12.11,178,Active,2023-05-24
LOAN002346,CUST003480,BR061,Personal Loan,246747,12.81,43,actve,2024-01-22
LOAN002347,CUST003208,BR147,Personal Loan,153763,14.57,22,Closed,2026-01-25
LOAN002348,CUST000022,BR023,Personal Loan,561485,8.4,49,Closed,2021-11-28
LOAN002349,CUST000598,BR129,Education Loan,1805275,13.91,37,Active,2023-09-23
LOAN002350,CUST003397,BR019,Auto Loan,1350801,10.84,38,Closed,2024-11-26
LOAN002351,CUST002703,BR089,Personal Loan,96246,10.97,56,Active,2023-08-11
LOAN002352,CUST001325,BR128,Business Loan,2623201,8.68,65,Active,2023-03-22
LOAN002353,CUST002882,BR056,Gold Loan,384014,9.21,14,Closed,2023-08-10
LOAN002354,CUST003602,BR023,Auto Loan,1708038,13.18,80,Closed,2022-10-14
LOAN002355,CUST001253,BR095,Gold Loan,404785,7.79,13,Closed,2022-11-10
LOAN002356,CUST000924,BR130,Gold Loan,163927,-2.0,28,Pending Approval,2026-06-30
LOAN002357,CUST000452,BR013,Personal Loan,158433,15.71,44,Active,2024-08-16
LOAN002358,CUST004666,BR096,Business Loan,1147530,7.51,26,Closed,2020-03-10
LOAN002359,CUST001074,BR150,Auto Loan,1330255,8.72,57,Defaulted,2021-10-26
LOAN002360,CUST000556,BR102,Home Loan,6275306,11.99,170,Active,2014-10-01
LOAN002361,CUST001880,BR089,Personal Loan,926250,9.48,38,Closed,2025-12-19
LOAN002362,CUST000182,BR057,Education Loan,921025,11.14,64,Active,2025-06-27
LOAN002363,CUST000710,BR095,Personal Loan,957311,13.19,50,Closed,2025-11-28
LOAN002364,CUST000584,BR023,Gold Loan,224645,9.97,32,Closed,2023-01-28
LOAN002365,CUST003332,BR084,Education Loan,1437166,8.49,73,ACTIVE,2022-06-24
LOAN002366,CUST001217,BR065,Auto Loan,1491315,8.99,50,Active,2026-03-28
LOAN002367,CUST000925,BR119,Personal Loan,54135,8.57,28,Active,2021-12-21
LOAN002368,CUST003403,BR093,Home Loan,3323466,12.07,132,Defaulted,2020-03-01
LOAN002369,CUST002704,BR060,Business Loan,2453890,8.4,73,Active,2023-10-09
LOAN002370,CUST002198,BR075,Personal Loan,598838,11.03,43,Active,2024-09-18
LOAN002371,CUST000137,BR035,Personal Loan,731275,8.91,48,Active,2024-10-25
LOAN002372,CUST002301,BR133,Personal Loan,904200,16.42,58,Active,2016-10-14
LOAN002373,CUST000887,BR101,Personal Loan,317164,15.17,22,Active,2025-01-21
LOAN002374,CUST002956,BR018,Business Loan,1277036,14.61,65,Active,2020-10-20
LOAN002375,CUST000475,BR067,Home Loan,6436059,13.94,166,Active,2023-03-20
LOAN002376,CUST003382,BR110,Gold Loan,360207,16.01,10,Closed,2019-04-03
LOAN002377,CUST002172,BR079,Home Loan,7081689,9.75,221,Active,2017-07-31
LOAN002378,CUST003593,BR081,Personal Loan,495068,15.78,53,Pending Approval,2024-02-26
LOAN002379,CUST002254,BR044,Gold Loan,352700,,11,Closed,2024-07-08
LOAN002380,CUST002115,BR090,Gold Loan,201239,8.55,14,Closed,2024-08-03
LOAN002381,CUST004774,BR073,Business Loan,1595691,12.59,66,Closed,2023-03-28
LOAN002382,CUST000631,BR027,Auto Loan,641931,14.36,36,Active,2019-07-24
LOAN002383,CUST002904,BR082,Education Loan,2319226,14.12,69,Closed,2019-08-09
LOAN002384,CUST000472,BR098,Business Loan,1710133,11.23,84,Pending Approval,2016-09-09
LOAN002385,CUST000611,BR109,Personal Loan,197889,11.49,52,Active,2025-12-17
LOAN002386,CUST001288,BR079,Personal Loan,717719,13.53,47,Pending Approval,2024-03-06
LOAN002387,CUST000594,BR064,Auto Loan,330645,10.73,61,Defaulted,2023-09-18
LOAN002388,CUST000857,BR146,Gold Loan,323853,14.89,32,Active,2024-12-27
LOAN002389,CUST004000,BR029,Personal Loan,180841,11.16,50,Active,2020-01-16
LOAN002390,CUST001930,BR093,Education Loan,120651,9.39,92,Active,2025-11-14
LOAN002391,CUST003690,BR081,Gold Loan,258046,8.2,7,Active,2023-05-29
LOAN002392,CUST004960,BR079,Auto Loan,1115202,8.94,66,Active,2025-07-12
LOAN002393,CUST001104,BR059,Home Loan,3757944,12.6,202,Closed,2022-04-08
LOAN002394,CUST001507,BR030,Education Loan,1676206,8.63,66,Active,2024-06-13
LOAN002395,CUST001207,BR031,Business Loan,2413521,-2.0,86,Active,2014-08-13
LOAN002396,CUST004719,BR024,Personal Loan,646526,11.54,19,Active,2016-04-10
LOAN002397,CUST000005,BR005,Home Loan,5222838,8.58,218,Active,2026-07-11
LOAN002398,CUST003228,BR070,Business Loan,2790408,12.0,30,Closed,2024-02-06
LOAN002399,CUST001111,BR910,Home Loan,2510340,14.23,120,Active,2015-12-30
LOAN002400,CUST000255,BR105,Gold Loan,98105,13.72,12,Active,2020-04-11
LOAN002401,CUST002582,BR110,Personal Loan,111241,8.55,29,pending approval,2025-04-01
LOAN002402,CUST003772,BR019,Auto Loan,899192,11.05,30,Active,2026-06-11
LOAN002403,CUST004492,BR094,Personal Loan,492512,9.41,47,Defaulted,2024-02-17
LOAN002404,CUST003584,BR135,Personal Loan,295379,7.72,51,Active,2025-12-13
LOAN002405,CUST000047,BR137,Home Loan,8591420,14.28,194,Closed,2026-01-15
LOAN002406,CUST003518,BR128,Auto Loan,550265,,56,Defaulted,2025-12-05
LOAN002407,CUST000426,BR088,Education Loan,510603,9.93,103,Defaulted,2026-07-08
LOAN002408,CUST000691,BR003,Home Loan,5948507,9.69,176,Active,2016-11-06
LOAN002409,CUST000503,BR097,Education Loan,827404,10.3,117,Active,2024-03-24
LOAN002410,CUST000104,BR119,Personal Loan,206603,13.45,30,Pending Approval,2025-02-22
LOAN002411,CUST004633,BR104,Personal Loan,893300,16.19,20,Active,2019-08-11
LOAN002412,CUST004128,BR140,Home Loan,4239859,12.98,209,Active,2020-11-23
LOAN002413,CUST004124,BR064,Education Loan,1677962,16.45,68,Closed,2022-11-12
LOAN002414,CUST003729,BR093,Home Loan,6980152,10.94,126,Closed,2025-11-11
LOAN002415,CUST002501,BR070,Personal Loan,578065,8.31,49,Active,2023-03-23
LOAN002416,CUST002915,BR103,Home Loan,7245533,13.03,133,Closed,2021-12-12
LOAN002417,CUST003107,BR074,Business Loan,4140897,10.29,54,Active,2020-01-06
LOAN002418,CUST003809,BR028,Auto Loan,1612609,14.37,80,Closed,2018-11-30
LOAN002419,CUST000353,BR033,Education Loan,1245529,10.39,90,Active,2026-02-16
LOAN002420,CUST002886,BR080,Business Loan,4089810,11.95,33,Active,2026-04-02
LOAN002421,CUST001474,BR005,Personal Loan,717007,11.29,36,Active,2025-08-13
LOAN002422,CUST002964,BR068,Auto Loan,400793,14.23,36,Active,2026-03-28
LOAN002423,CUST001074,BR016,Home Loan,5007932,15.44,165,Closed,2025-09-15
LOAN002424,CUST004810,BR047,Personal Loan,296427,8.97,18,Closed,2025-02-01
LOAN002425,CUST000146,BR008,Education Loan,837522,16.45,73,Active,2026-01-15
LOAN002426,CUST000727,BR073,Home Loan,4721480,,135,Active,2025-08-14
LOAN002427,CUST004435,BR131,Home Loan,5505703,14.58,194,Active,2022-05-16
LOAN002428,CUST001495,BR004,Personal Loan,851382,8.84,46,Active,2026-07-11
LOAN002429,CUST002599,BR122,Home Loan,,10.14,231,Active,2022-09-17
LOAN002430,CUST000562,BR037,Gold Loan,25952,16.44,30,Active,2021-06-19
LOAN002431,CUST003290,BR110,Gold Loan,249843,11.37,25,Active,2026-05-02
LOAN002432,CUST001164,BR051,Personal Loan,787698,8.69,41,Closed,2019-11-03
LOAN002433,CUST003747,BR041,Personal Loan,865936,10.21,12,Active,2025-05-14
LOAN002434,CUST004223,BR028,Auto Loan,1546977,16.06,48,Active,2023-06-02
LOAN002435,CUST002029,BR087,Education Loan,414029,9.12,105,Active,2018-09-03
LOAN002436,CUST003592,BR024,Education Loan,1462762,13.2,55,Closed,2026-02-04
LOAN002437,CUST001983,BR062,Auto Loan,1044733,13.29,76,Active,2022-08-02
LOAN002438,CUST002852,BR082,Personal Loan,99525,11.04,17,Active,2025-07-02
LOAN002439,CUST000161,BR004,Auto Loan,1478794,13.03,44,Active,2024-11-20
LOAN002440,CUST001058,BR143,Auto Loan,1067935,12.05,61,Active,2022-10-03
LOAN002441,CUST002494,BR150,Home Loan,7851513,16.19,237,Active,2026-04-16
LOAN002442,CUST002404,BR081,Home Loan,3799384,14.38,204,Active,2019-05-25
LOAN002443,CUST001405,BR019,Auto Loan,176373,15.1,51,Active,2025-12-24
LOAN002444,CUST002795,BR113,Personal Loan,346525,8.11,55,Active,2023-11-10
LOAN002445,CUST001236,BR115,Home Loan,4430262,11.21,231,Active,2020-06-08
LOAN002446,CUST000643,BR052,Home Loan,4307401,12.38,184,Closed,2020-03-23
LOAN002447,CUST004429,BR141,Home Loan,1766656,11.79,121,Active,2022-10-01
LOAN002448,CUST000371,BR147,Home Loan,1891079,11.31,155,Active,2026-07-13
LOAN002449,CUST000995,BR005,Education Loan,958143,16.03,78,Defaulted,2014-09-25
LOAN002450,CUST000912,BR054,Business Loan,1296672,13.65,41,Active,2024-06-22
LOAN002451,CUST004667,BR064,Home Loan,5667106,14.36,140,Closed,2019-09-20
LOAN002452,CUST003963,BR142,Education Loan,1326476,12.38,90,Active,2026-04-15
LOAN002453,CUST004080,BR021,Auto Loan,1279264,13.0,35,Active,2024-02-19
LOAN002454,CUST002837,BR130,Education Loan,923204,15.65,37,Active,2019-09-12
LOAN002455,CUST004084,BR043,Home Loan,3817345,15.2,169,PENDING,2022-05-30
LOAN002456,CUST003253,BR126,Home Loan,7562251,8.99,197,Closed,2021-08-27
LOAN002457,CUST003853,BR911,Gold Loan,458815,13.28,20,Active,2023-12-17
LOAN002458,CUST000531,BR144,Gold Loan,431326,13.67,34,Defaulted,2022-04-19
LOAN002459,CUST001274,BR125,Business Loan,2661083,7.81,86,Pending Approval,2025-08-26
LOAN002460,CUST001570,BR131,Home Loan,2227517,12.94,233,Active,2025-09-03
LOAN002461,CUST003313,BR028,Auto Loan,894955,14.94,80,Active,2016-05-30
LOAN002462,CUST001188,BR140,Personal Loan,836853,9.66,39,Active,2025-02-08
LOAN002463,CUST000464,BR048,Gold Loan,320484,10.2,32,Closed,2025-09-27
LOAN002464,CUST003931,BR075,Auto Loan,1700329,15.27,51,ACTIVE,2024-09-04
LOAN002465,CUST001854,BR028,Home Loan,5151646,13.11,133,Active,2026-05-23
LOAN002466,CUST800021,BR035,Personal Loan,370203,16.18,24,Pending Approval,2025-12-24
LOAN002467,CUST004570,BR055,Auto Loan,255346,15.77,53,Active,2014-05-02
LOAN002468,CUST001342,BR099,Auto Loan,754480,7.79,42,actve,2020-01-23
LOAN002469,CUST003380,BR052,Education Loan,1505703,10.0,66,Active,2025-07-23
LOAN002470,CUST003476,BR069,Business Loan,2981735,9.2,47,Closed,2025-10-15
LOAN002471,CUST004133,BR016,Personal Loan,172788,9.31,18,Active,2022-08-21
LOAN002472,CUST003275,BR013,Personal Loan,371166,14.04,42,Active,2020-05-22
LOAN002473,CUST002746,BR134,Auto Loan,669437,,68,Closed,2017-09-20
LOAN002474,CUST004372,BR132,Education Loan,2455535,13.47,49,actve,2024-07-01
LOAN002475,CUST000165,BR004,Personal Loan,923805,14.78,22,closed,2017-03-02
LOAN002476,CUST004234,BR001,Auto Loan,1316537,8.68,30,Closed,2018-11-01
LOAN002477,CUST004543,BR110,Personal Loan,863906,10.59,13,Active,2026-06-12
LOAN002478,CUST004199,BR047,Personal Loan,71705,10.76,56,Defaulted,2020-10-10
LOAN002479,CUST003465,BR106,Auto Loan,1360637,8.59,28,Active,2025-11-08
LOAN002480,CUST003769,BR005,Personal Loan,540396,15.02,23,Active,2023-08-08
LOAN002481,CUST004196,BR137,Auto Loan,1602531,15.06,37,Active,2025-10-20
LOAN002482,CUST000752,BR058,Personal Loan,218249,14.57,38,Active,2016-09-26
LOAN002483,CUST003274,BR150,Business Loan,3444559,8.75,75,Active,2024-04-07
LOAN002484,CUST002722,BR016,Auto Loan,1076420,10.3,30,Active,2014-07-29
LOAN002485,CUST003779,BR083,Home Loan,3874220,0.0,195,Active,2021-07-23
LOAN002486,CUST000577,BR113,Education Loan,1922708,15.61,57,Active,2023-01-18
LOAN002487,CUST800022,BR106,Personal Loan,465012,12.26,30,Closed,2020-08-31
LOAN002488,CUST002495,BR104,Personal Loan,453646,9.06,35,Pending Approval,2026-05-06
LOAN002489,CUST000395,BR133,Gold Loan,130099,9.29,33,Closed,2019-10-11
LOAN002490,CUST800023,BR004,Auto Loan,213844,9.91,45,Active,2015-11-09
LOAN002491,CUST001291,BR053,Home Loan,5533950,13.87,202,Closed,2021-06-09
LOAN002492,CUST002554,BR024,Auto Loan,814733,12.29,35,Closed,2017-05-20
LOAN002493,CUST000298,BR073,Home Loan,5446271,14.75,197,Pending Approval,2026-05-21
LOAN002494,CUST001728,BR022,Auto Loan,668365,12.8,52,Closed,2023-04-17
LOAN002495,CUST003388,BR119,Auto Loan,418528,11.75,52,Active,2021-12-29
LOAN002496,CUST004996,BR119,Personal Loan,282094,12.66,20,closed,2024-10-06
LOAN002497,CUST003267,BR065,Gold Loan,413229,14.99,14,Active,2018-07-10
LOAN002498,CUST001546,BR089,Personal Loan,314989,13.87,20,Active,2024-11-09
LOAN002499,CUST002939,BR022,Personal Loan,67628,11.92,18,Closed,2020-04-25
LOAN002500,CUST000918,BR074,Personal Loan,209254,14.58,36,Active,2025-03-06
LOAN002501,CUST002351,BR060,Auto Loan,479806,8.64,38,Active,2025-07-21
LOAN002502,CUST002549,BR134,Personal Loan,977973,7.52,28,Closed,2024-03-16
LOAN002503,CUST000598,BR031,Personal Loan,203258,13.37,55,Active,2024-07-17
LOAN002504,CUST002264,BR039,Education Loan,1606137,15.71,87,Closed,2021-06-06
LOAN002505,CUST003802,BR059,Business Loan,269772,9.54,50,Active,2026-05-14
LOAN002506,CUST001710,BR043,Personal Loan,118814,9.72,27,Active,2024-07-07
LOAN002507,CUST000435,BR049,Auto Loan,545838,,49,Active,2016-05-24
LOAN002508,CUST001360,BR120,Education Loan,1887809,13.0,66,Active,2026-04-10
LOAN002509,CUST003815,BR096,Education Loan,414517,14.0,90,Active,2021-08-31
LOAN002510,CUST004973,BR007,Education Loan,813875,11.88,62,Closed,2024-03-25
LOAN002511,CUST004388,BR055,Education Loan,641541,16.1,101,Active,2014-07-24
LOAN002512,CUST001827,BR105,Business Loan,2869711,13.08,68,Active,2024-06-17
LOAN002513,CUST800024,BR110,Gold Loan,268821,8.15,24,Closed,2020-02-05
LOAN002514,CUST002769,BR082,Auto Loan,1501169,8.09,42,Active,2020-12-28
LOAN002515,CUST003437,BR028,Personal Loan,522182,13.17,43,Active,2025-12-16
LOAN002516,CUST000432,BR070,Business Loan,2879039,10.78,82,Pending Approval,2018-11-26
LOAN002517,CUST002450,BR010,Personal Loan,754839,9.07,27,Active,2021-11-04
LOAN002518,CUST002326,BR006,Personal Loan,218434,10.42,36,Active,2023-03-12
LOAN002519,CUST001114,BR141,Home Loan,2450590,16.22,159,Defaulted,2023-01-14
LOAN002520,CUST002515,BR026,Business Loan,4712610,9.92,53,Active,2015-08-17
LOAN002521,CUST000272,BR048,Gold Loan,64953,14.91,10,Active,2020-08-11
LOAN002522,CUST001755,BR051,Personal Loan,634802,10.57,15,Active,2020-03-31
LOAN002523,CUST003434,BR083,Personal Loan,143118,8.48,13,Active,2024-11-09
LOAN002524,CUST000191,BR096,Personal Loan,903038,9.89,44,Defaulted,2025-02-07
LOAN002525,CUST000592,BR149,Business Loan,1059254,9.85,36,Active,2022-03-20
LOAN002526,CUST002642,BR032,Home Loan,3994445,15.93,215,Active,2024-08-10
LOAN002527,CUST002630,BR016,Home Loan,8202068,8.74,193,Active,2017-02-28
LOAN002528,CUST000216,BR150,Education Loan,1131772,10.01,111,Active,2017-02-25
LOAN002529,CUST001060,BR005,Home Loan,8770073,12.22,236,Active,2012-12-27
LOAN002530,CUST001107,BR912,Home Loan,5535302,9.33,156,Active,2022-07-26
LOAN002531,CUST000167,BR126,Auto Loan,856269,,36,Closed,2024-04-21
LOAN002532,CUST004696,BR116,Personal Loan,78864,8.88,35,Active,2025-07-23
LOAN002533,CUST800025,BR050,Personal Loan,87564,12.81,43,Active,2025-01-13
LOAN002534,CUST001724,BR104,Home Loan,5636750,10.5,182,Closed,2021-12-06
LOAN002535,CUST002165,BR060,Home Loan,2394094,12.7,159,Active,2025-07-11
LOAN002536,CUST002102,BR116,Gold Loan,343379,8.98,18,Closed,2019-10-03
LOAN002537,CUST000098,BR118,Business Loan,4958951,45.5,55,Active,2024-12-03
LOAN002538,CUST002628,BR109,Personal Loan,411118,12.87,19,Active,2025-09-18
LOAN002539,CUST001369,BR069,Gold Loan,284744,8.48,9,Active,2021-10-20
LOAN002540,CUST004381,BR072,Gold Loan,270772,11.57,30,Active,2017-11-27
LOAN002541,CUST002801,BR010,Gold Loan,380182,15.94,18,Pending Approval,2025-09-30
LOAN002542,CUST001294,BR016,Business Loan,3787906,11.04,55,Active,2025-05-11
LOAN002543,CUST003174,BR913,Business Loan,2811529,14.84,24,Closed,2025-06-24
LOAN002544,CUST004770,BR027,Personal Loan,976138,10.32,57,Active,2025-11-08
LOAN002545,CUST004432,BR134,Home Loan,1737157,8.54,122,Closed,2021-12-05
LOAN002546,CUST003727,BR129,Personal Loan,175750,15.06,50,Closed,2014-01-17
LOAN002547,CUST002655,BR005,Education Loan,1147283,7.82,113,Active,2025-09-21
LOAN002548,CUST000628,BR137,Personal Loan,940075,15.95,16,Active,2012-04-28
LOAN002549,CUST001504,BR099,Auto Loan,1717747,15.55,74,Active,2021-12-22
LOAN002550,CUST003772,BR067,Personal Loan,450923,14.75,48,closed,2025-10-21
LOAN002551,CUST001278,BR009,Personal Loan,404773,8.73,26,Defaulted,2024-01-06
LOAN002552,CUST003627,BR108,Personal Loan,331327,14.82,16,Active,2026-06-28
LOAN002553,CUST003855,BR074,Gold Loan,115779,15.8,16,Active,2019-01-02
LOAN002554,CUST003119,BR117,Gold Loan,315933,7.98,15,Defaulted,2025-02-08
LOAN002555,CUST001865,BR070,Business Loan,2932377,15.28,93,Active,2024-03-16
LOAN002556,CUST001987,BR089,Personal Loan,439701,15.44,36,Active,2026-07-31
LOAN002557,CUST003856,BR045,Personal Loan,666406,8.36,20,Pending Approval,2021-09-06
LOAN002558,CUST003969,BR013,Education Loan,2289561,,47,Active,2015-02-25
LOAN002559,CUST000371,BR141,Auto Loan,1550893,14.85,44,Active,2021-11-10
LOAN002560,CUST004299,BR006,Personal Loan,816235,7.62,57,Closed,2016-01-15
LOAN002561,CUST003198,BR026,Home Loan,3959086,10.24,206,Pending Approval,2025-08-01
LOAN002562,CUST000352,BR032,Auto Loan,1770251,16.38,26,Active,2025-05-29
LOAN002563,CUST000549,BR064,Business Loan,1759194,9.45,63,Active,2019-11-28
LOAN002564,CUST001860,BR042,Education Loan,675874,8.97,115,Active,2025-07-12
LOAN002565,CUST004085,BR002,Personal Loan,557785,16.37,44,Active,2026-05-29
LOAN002566,CUST002690,BR028,Auto Loan,284176,9.69,28,Closed,2024-01-25
LOAN002567,CUST002782,BR150,Home Loan,8525618,13.44,127,Defaulted,2020-01-03
LOAN002568,CUST004904,BR068,Education Loan,2108036,14.42,69,Active,2019-07-30
LOAN002569,CUST000228,BR033,Auto Loan,573049,7.56,28,Active,2023-06-03
LOAN002570,CUST002466,BR087,Personal Loan,867549,12.3,23,Active,2024-08-04
LOAN002571,CUST000672,BR021,Business Loan,1278443,8.01,62,Active,2025-11-12
LOAN002572,CUST001621,BR024,Personal Loan,795508,15.52,49,Active,2026-01-07
LOAN002573,CUST000287,BR052,Personal Loan,376106,9.28,39,Closed,2021-06-25
LOAN002574,CUST000485,BR100,Personal Loan,,14.77,57,Closed,2023-07-25
LOAN002575,CUST004534,BR042,Business Loan,2547273,7.61,89,Closed,2024-02-17
LOAN002576,CUST003046,BR119,Personal Loan,357060,11.01,34,Closed,2021-12-16
LOAN002577,CUST004685,BR056,Auto Loan,1038946,15.41,25,Closed,2020-01-05
LOAN002578,CUST004022,BR146,Personal Loan,69438,15.92,38,Active,2024-11-30
LOAN002579,CUST001915,BR121,Home Loan,2225005,45.5,149,actve,2016-10-31
LOAN002580,CUST004952,BR118,Personal Loan,439311,15.52,55,Active,2026-05-25
LOAN002581,CUST000303,BR067,Gold Loan,482900,10.82,21,Active,2021-09-03
LOAN002582,CUST003207,BR108,Personal Loan,145546,13.87,26,Active,2021-05-06
LOAN002583,CUST000108,BR020,Auto Loan,1426820,9.8,72,Closed,2026-03-11
LOAN002584,CUST003063,BR017,Education Loan,2483482,15.63,100,Active,2023-03-29
LOAN002585,CUST003436,BR011,Auto Loan,1521374,7.99,63,Active,2022-04-24
LOAN002586,CUST002830,BR110,Personal Loan,409077,13.26,12,Active,2018-09-06
LOAN002587,CUST001511,BR050,Business Loan,2661527,10.5,81,Closed,2025-09-10
LOAN002588,CUST003802,BR103,Personal Loan,412508,10.56,18,Active,2025-05-03
LOAN002589,CUST003478,BR052,Home Loan,1667108,13.86,204,Active,2024-04-22
LOAN002590,CUST002532,BR063,Education Loan,1712026,9.1,88,Active,2026-03-03
LOAN002591,CUST002155,BR021,Home Loan,3530170,10.94,173,Active,2025-06-19
LOAN002592,CUST001384,BR147,Personal Loan,913726,7.97,33,Closed,2026-01-21
LOAN002593,CUST002243,BR023,Personal Loan,429308,16.25,49,Active,2023-08-13
LOAN002594,CUST001785,BR037,Personal Loan,62038,12.88,21,Closed,2026-07-14
LOAN002595,CUST003434,BR139,Personal Loan,974199,8.85,20,Active,2023-04-10
LOAN002596,CUST003519,BR121,Auto Loan,1275701,15.8,37,Active,2022-05-15
LOAN002597,CUST004444,BR132,Personal Loan,523120,11.28,46,Active,2021-05-19
LOAN002598,CUST004125,BR095,Gold Loan,211028,14.25,7,Closed,2023-11-12
LOAN002599,CUST002495,BR040,Business Loan,1913498,9.59,57,Active ,2026-04-12
LOAN002600,CUST003092,BR049,Home Loan,2839188,13.31,136,Active,2013-07-28
LOAN002601,CUST004888,BR096,Gold Loan,404364,15.95,30,Active,2025-02-26
LOAN002602,CUST003644,BR136,Auto Loan,268612,9.55,71,Active,2025-03-17
LOAN002603,CUST000764,BR150,Personal Loan,469497,7.71,32,Pending Approval,2024-09-30
LOAN002604,CUST000006,BR043,Education Loan,2026004,14.35,117,Active,2025-10-14
LOAN002605,CUST003211,BR003,Education Loan,252583,12.75,79,ACTIVE,2017-11-30
LOAN002606,CUST004815,BR018,Gold Loan,433693,13.56,10,Defaulted,2013-09-19
LOAN002607,CUST003801,BR052,Home Loan,6166467,12.2,229,Active,2023-01-25
LOAN002608,CUST000931,BR140,Home Loan,6387497,12.01,162,Active,2026-06-13
LOAN002609,CUST000003,BR099,Education Loan,220658,14.56,78,Defaulted,2022-07-02
LOAN002610,CUST001318,BR056,Auto Loan,1494653,11.37,41,Active,2023-01-28
LOAN002611,CUST003545,BR110,Gold Loan,415001,12.4,19,PENDING,2025-01-23
LOAN002612,CUST001296,BR038,Gold Loan,214290,10.44,29,Active,2020-07-07
LOAN002613,CUST001792,BR004,Personal Loan,802971,14.26,53,Defaulted,2023-05-23
LOAN002614,CUST001400,BR042,Personal Loan,72537,12.45,54,Defaulted,2025-09-21
LOAN002615,CUST003688,BR114,Personal Loan,739086,14.43,16,Closed,2025-10-19
LOAN002616,CUST000925,BR021,Personal Loan,892216,8.0,19,Closed,2026-02-10
LOAN002617,CUST001912,BR120,Home Loan,3046747,10.18,196,Defaulted,2018-08-11
LOAN002618,CUST000110,BR115,Gold Loan,430027,14.42,14,Active,2024-07-10
LOAN002619,CUST001113,BR103,Home Loan,8635324,9.56,234,Closed,2025-04-29
LOAN002620,CUST004740,BR042,Home Loan,4760881,9.08,215,Closed,2021-04-29
LOAN002621,CUST000708,BR114,Home Loan,8255709,15.78,159,Active,2026-02-11
LOAN002622,CUST002066,BR002,Personal Loan,245844,14.01,51,Active,2026-04-07
LOAN002623,CUST001259,BR022,Home Loan,5581740,11.67,162,Closed,2023-12-09
LOAN002624,CUST000744,BR150,Home Loan,3805706,13.03,203,Active,2020-09-26
LOAN002625,CUST001168,BR143,Auto Loan,503279,15.24,61,Closed,2024-09-09
LOAN002626,CUST002235,BR106,Gold Loan,211661,9.96,21,Active,2021-08-29
LOAN002627,CUST000246,BR061,Business Loan,4932647,9.38,56,Active,2020-05-01
LOAN002628,CUST002813,BR006,Personal Loan,887445,12.76,15,Active,2021-03-28
LOAN002629,CUST002160,BR089,Personal Loan,970905,9.73,36,Closed,2017-08-29
LOAN002630,CUST003757,BR145,Personal Loan,133023,9.92,51,Active,2025-11-30
LOAN002631,CUST003037,BR146,Personal Loan,495313,15.38,34,Active ,2026-03-22
LOAN002632,CUST002558,BR135,Auto Loan,1760183,8.29,42,Active,2021-10-08
LOAN002633,CUST002248,BR146,Gold Loan,286312,12.24,12,Active,2026-07-02
LOAN002634,CUST003260,BR088,Personal Loan,890592,10.88,47,Closed,2014-07-20
LOAN002635,CUST003379,BR003,Gold Loan,457400,13.01,22,Active,2021-04-23
LOAN002636,CUST000979,BR080,Auto Loan,1464987,8.98,64,Active,2019-05-20
LOAN002637,CUST800026,BR012,Gold Loan,218477,12.76,11,Active,2022-07-20
LOAN002638,CUST004312,BR064,Personal Loan,870336,14.15,57,Closed,2025-05-31
LOAN002639,CUST003060,BR098,Personal Loan,451067,11.07,40,Closed,2025-09-20
LOAN002640,CUST004285,BR098,Home Loan,4909288,9.52,150,Active,2022-06-16
LOAN002641,CUST000731,BR096,Personal Loan,883903,13.05,50,Defaulted,2020-06-23
LOAN002642,CUST000405,BR012,Personal Loan,689380,16.1,30,Active,2021-12-12
LOAN002643,CUST003531,BR017,Business Loan,350382,16.5,94,Closed,2019-09-22
LOAN002644,CUST001857,BR139,Education Loan,525797,8.59,82,Defaulted,2026-07-18
LOAN002645,CUST002127,BR009,Business Loan,2418628,7.63,51,Pending Approval,2019-11-30
LOAN002646,CUST004165,BR003,Education Loan,707009,12.77,57,Active,2025-12-20
LOAN002647,CUST001000,BR033,Personal Loan,863912,10.16,35,Active,2026-06-22
LOAN002648,CUST001396,BR008,Auto Loan,1155486,14.58,83,Active,2021-06-26
LOAN002649,CUST001271,BR017,Education Loan,2456777,15.14,50,Active,2021-01-18
LOAN002650,CUST000488,BR128,Education Loan,1140398,10.57,63,Closed,2021-07-23
LOAN002651,CUST004505,BR109,Education Loan,418016,16.2,91,Pending Approval,2025-12-16
LOAN002652,CUST000264,BR102,Home Loan,8405049,10.35,202,Closed,2025-12-27
LOAN002653,CUST003988,BR067,Personal Loan,650552,8.76,54,Active,2021-09-09
LOAN002654,CUST000983,BR066,Home Loan,3719307,10.76,120,Active,2019-12-02
LOAN002655,CUST001609,BR052,Personal Loan,417371,14.61,38,Active,2024-04-14
LOAN002656,CUST001106,BR034,Education Loan,380240,15.68,78,Active,2026-07-05
LOAN002657,CUST000335,BR073,Personal Loan,321940,14.72,32,Closed,2023-07-07
LOAN002658,CUST003730,BR083,Home Loan,6917302,15.42,121,Active,2024-10-07
LOAN002659,CUST000544,BR055,Business Loan,3203262,10.47,54,Active,2026-05-18
LOAN002660,CUST000074,BR105,Home Loan,2875122,15.23,217,Active,2023-10-17
LOAN002661,CUST001773,BR136,Personal Loan,812793,15.0,38,Active,2026-06-27
LOAN002662,CUST002782,BR024,Home Loan,3498362,13.82,170,Closed,2014-08-10
LOAN002663,CUST000950,BR068,Gold Loan,226196,15.54,32,Closed,2024-12-01
LOAN002664,CUST004609,BR125,Personal Loan,,10.4,37,Active,2026-01-27
LOAN002665,CUST001310,BR136,Personal Loan,72524,11.51,18,Active,2017-09-17
LOAN002666,CUST004706,BR012,Gold Loan,116616,,22,Closed,2018-02-03
LOAN002667,CUST001130,BR088,Auto Loan,701286,12.52,66,Active,2026-03-16
LOAN002668,CUST003010,BR123,Business Loan,2678096,7.99,33,Active,2023-11-21
LOAN002669,CUST000545,BR128,Education Loan,2053673,7.76,110,Active,2025-04-06
LOAN002670,CUST001994,BR096,Personal Loan,420966,8.27,16,Active,2026-05-25
LOAN002671,CUST004025,BR053,Personal Loan,235114,9.57,34,Defaulted,2025-03-26
LOAN002672,CUST001630,BR035,Personal Loan,643071,8.96,41,Active,2019-04-10
LOAN002673,CUST001294,BR001,Auto Loan,,15.26,58,Defaulted,2023-10-31
LOAN002674,CUST002650,BR057,Personal Loan,901103,15.45,30,Active,2013-03-14
LOAN002675,CUST001594,BR007,Auto Loan,223406,12.55,34,Closed,2020-11-07
LOAN002676,CUST004224,BR091,Business Loan,763203,10.38,46,Active,2026-03-02
LOAN002677,CUST001471,BR007,Personal Loan,421291,9.82,29,Active,2024-04-28
LOAN002678,CUST001190,BR038,Personal Loan,786895,11.66,57,Active,2023-04-20
LOAN002679,CUST001910,BR076,Education Loan,743207,15.81,103,Active,2023-10-27
LOAN002680,CUST000905,BR050,Gold Loan,479650,13.42,9,Active,2021-06-15
LOAN002681,CUST002972,BR043,Personal Loan,924785,15.54,48,Closed,2024-11-17
LOAN002682,CUST000912,BR114,Gold Loan,,13.23,13,Active,2024-10-12
LOAN002683,CUST001464,BR068,Gold Loan,308537,9.51,20,Pending Approval,2025-10-28
LOAN002684,CUST002486,BR008,Personal Loan,362415,9.26,34,Active,2021-02-26
LOAN002685,CUST001359,BR019,Personal Loan,608430,13.58,24,Active,2026-02-27
LOAN002686,CUST001749,BR103,Education Loan,1804780,0.0,39,Closed,2021-03-08
LOAN002687,CUST001049,BR046,Education Loan,326536,10.57,102,Closed,2026-01-30
LOAN002688,CUST004656,BR053,Education Loan,1765799,9.93,79,Active,2025-10-04
LOAN002689,CUST002676,BR094,Home Loan,5684414,15.52,208,Closed,2026-01-26
LOAN002690,CUST002009,BR038,Education Loan,2236645,12.94,100,Active,2023-03-16
LOAN002691,CUST001097,BR005,Business Loan,670159,16.32,60,Active,2014-07-05
LOAN002692,CUST003338,BR045,Personal Loan,888315,12.0,47,Active,2025-07-09
LOAN002693,CUST002744,BR092,Home Loan,2891556,12.23,226,Active,2026-05-30
LOAN002694,CUST004209,BR135,Auto Loan,1780335,13.47,56,ACTIVE,2020-12-02
LOAN002695,CUST000013,BR128,Home Loan,4250654,14.29,163,Active,2024-12-08
LOAN002696,CUST004121,BR130,Home Loan,4305567,16.0,236,Active,2025-02-05
LOAN002697,CUST003825,BR005,Home Loan,8663874,7.57,185,Active,2026-06-11
LOAN002698,CUST000920,BR076,Personal Loan,953822,9.37,14,Closed,2025-02-12
LOAN002699,CUST002564,BR074,Auto Loan,1687042,10.92,41,Active,2025-09-07
LOAN002700,CUST003629,BR035,Personal Loan,93478,12.94,54,Closed,2025-08-14
LOAN002701,CUST003246,BR115,Auto Loan,566516,7.65,78,Active,2024-08-06
LOAN002702,CUST003141,BR134,Education Loan,1171939,15.29,66,Active,2025-07-19
LOAN002703,CUST000740,BR033,Personal Loan,413712,13.54,24,Closed,2025-05-21
LOAN002704,CUST002286,BR037,Gold Loan,170317,13.4,22,Active,2014-11-20
LOAN002705,CUST004278,BR051,Home Loan,8729846,14.24,163,Closed,2020-08-01
LOAN002706,CUST004150,BR073,Business Loan,413557,10.59,34,Active,2020-05-28
LOAN002707,CUST000598,BR132,Home Loan,6110294,13.97,155,PENDING,2025-10-14
LOAN002708,CUST001823,BR073,Auto Loan,1514288,9.68,43,Active,2026-06-28
LOAN002709,CUST004329,BR119,Auto Loan,405271,9.6,68,Closed,2024-08-23
LOAN002710,CUST000304,BR092,Personal Loan,291354,15.27,35,Active,2025-08-21
LOAN002711,CUST002946,BR058,Home Loan,8478974,,129,Active,2026-05-24
LOAN002712,CUST000104,BR097,Home Loan,6956493,15.15,147,Active,2026-07-02
LOAN002713,CUST004734,BR012,Education Loan,2188945,11.92,84,Closed,2023-01-11
LOAN002714,CUST003182,BR103,Home Loan,2315270,8.18,157,Active,2022-05-02
LOAN002715,CUST004189,BR031,Auto Loan,546045,8.82,25,Defaulted,2023-01-29
LOAN002716,CUST002314,BR114,Home Loan,8532108,10.17,139,Closed,2023-10-04
LOAN002717,CUST000137,BR062,Auto Loan,300762,13.18,44,Active,2025-01-04
LOAN002718,CUST003834,BR046,Home Loan,7908323,12.28,129,Closed,2026-02-27
LOAN002719,CUST004870,BR034,Personal Loan,760886,16.42,34,Active,2025-08-12
LOAN002720,CUST004481,BR126,Auto Loan,1645884,16.4,54,Active,2025-05-19
LOAN002721,CUST000773,BR057,Gold Loan,114915,10.23,19,Closed,2026-04-07
LOAN002722,CUST800027,BR091,Business Loan,3565195,10.92,92,Active,2026-07-12
LOAN002723,CUST000557,BR115,Gold Loan,463242,7.64,34,Active,2025-05-11
LOAN002724,CUST002769,BR148,Personal Loan,232757,12.4,40,Active,2020-12-26
LOAN002725,CUST001966,BR064,Home Loan,8363154,8.87,217,Closed,2018-02-06
LOAN002726,CUST000913,BR084,Personal Loan,517807,11.12,15,Active,2025-02-18
LOAN002727,CUST002803,BR086,Business Loan,665778,10.08,30,Closed,2022-07-09
LOAN002728,CUST002822,BR123,Business Loan,1905580,12.89,68,Active,2017-04-30
LOAN002729,CUST002624,BR052,Business Loan,3186638,9.67,56,Closed,2019-12-26
LOAN002730,CUST002542,BR016,Education Loan,471972,11.43,52,Pending Approval,2022-12-31
LOAN002731,CUST001722,BR090,Personal Loan,87095,11.87,58,Pending Approval,2016-06-12
LOAN002732,CUST003038,BR914,Gold Loan,182936,11.64,24,Closed,2025-01-19
LOAN002733,CUST000054,BR079,Gold Loan,373670,11.58,10,Active,2020-06-28
LOAN002734,CUST002449,BR029,Personal Loan,922181,10.68,18,Active,2025-06-11
LOAN002735,CUST002519,BR021,Personal Loan,956004,10.47,12,Closd,2022-06-09
LOAN002736,CUST002860,BR037,Business Loan,3860266,10.23,50,ACTIVE,2024-09-29
LOAN002737,CUST004643,BR017,Auto Loan,525338,12.91,52,Closed,2023-03-13
LOAN002738,CUST003772,BR128,Business Loan,2748788,11.55,65,Active,2022-01-24
LOAN002739,CUST003851,BR052,Auto Loan,1613957,,83,Closed,2023-05-14
LOAN002740,CUST004458,BR040,Business Loan,1799814,14.95,31,Active,2018-03-17
LOAN002741,CUST004737,BR088,Auto Loan,535689,10.73,34,Active,2017-08-27
LOAN002742,CUST002597,BR020,Gold Loan,273270,8.05,26,Active,2019-12-11
LOAN002743,CUST002444,BR086,Auto Loan,1455407,14.08,37,Closed,2025-11-18
LOAN002744,CUST004296,BR014,Gold Loan,495952,10.71,14,Closed,2026-05-23
LOAN002745,CUST004171,BR008,Personal Loan,522239,11.3,29,Active,2019-12-08
LOAN002746,CUST002995,BR017,Auto Loan,471067,7.9,45,Active,2015-04-05
LOAN002747,CUST003871,BR095,Home Loan,7640374,7.81,182,Closed,2026-07-14
LOAN002748,CUST001773,BR099,Gold Loan,126353,9.44,27,Closed,2026-03-14
LOAN002749,CUST001036,BR018,Personal Loan,836639,10.41,12,Closed,2019-11-17
LOAN002750,CUST001836,BR056,Home Loan,7631135,13.89,157,Closed,2024-04-27
LOAN002751,CUST003368,BR127,Home Loan,6904775,8.3,143,Active,2014-07-25
LOAN002752,CUST003819,BR029,Gold Loan,269260,10.85,6,Pending Approval,2024-06-29
LOAN002753,CUST002386,BR022,Personal Loan,458777,12.99,38,Active,2023-05-06
LOAN002754,CUST002415,BR006,Home Loan,6193864,15.16,130,ACTIVE,2025-02-22
LOAN002755,CUST004210,BR037,Auto Loan,1372127,10.71,83,Pending Approval,2021-08-13
LOAN002756,CUST003892,BR142,Business Loan,2324990,9.46,88,Defaulted,2019-07-25
LOAN002757,CUST002439,BR119,Education Loan,930484,16.48,83,Active,2016-05-15
LOAN002758,CUST002860,BR022,Auto Loan,196788,14.15,63,Active,2023-10-26
LOAN002759,CUST003122,BR139,Auto Loan,1076089,10.76,63,Active,2024-01-23
LOAN002760,CUST000218,BR082,Auto Loan,423714,12.47,59,Active,2017-01-06
LOAN002761,CUST002261,BR140,Personal Loan,781478,14.85,34,Active,2015-10-15
LOAN002762,CUST002423,BR081,Personal Loan,654540,10.53,52,Pending Approval,2025-03-18
LOAN002763,CUST004755,BR110,Auto Loan,276849,9.98,57,Active,2020-02-04
LOAN002764,CUST002474,BR062,Home Loan,4560381,7.71,237,DEFAULTED,2025-08-08
LOAN002765,CUST800028,BR004,Home Loan,4564705,10.04,138,Closed,2012-08-09
LOAN002766,CUST003548,BR094,Auto Loan,251316,15.14,53,Pending Approval,2018-09-02
LOAN002767,CUST004152,BR018,Personal Loan,838057,15.57,12,Active,2026-05-08
LOAN002768,CUST003969,BR052,Education Loan,2237886,10.17,102,Active,2026-05-04
LOAN002769,CUST003733,BR007,Education Loan,335093,16.29,102,Defaulted,2025-07-06
LOAN002770,CUST000596,BR019,Gold Loan,345014,16.45,10,Active,2017-03-17
LOAN002771,CUST002621,BR032,Personal Loan,,10.3,29,Active,2020-08-18
LOAN002772,CUST003092,BR045,Gold Loan,442171,7.71,17,ACTIVE,2022-03-16
LOAN002773,CUST004500,BR144,Auto Loan,764245,14.11,50,Active,2025-09-25
LOAN002774,CUST003496,BR147,Business Loan,3019153,8.14,55,Closed,2025-02-19
LOAN002775,CUST002903,BR059,Personal Loan,355511,7.96,36,Closed,2023-08-09
LOAN002776,CUST004193,BR103,Auto Loan,1340647,13.19,45,Active,2023-11-06
LOAN002777,CUST001731,BR144,Personal Loan,422027,15.54,52,Active,2019-09-06
LOAN002778,CUST002487,BR047,Gold Loan,319311,7.89,17,Closed,2020-10-10
LOAN002779,CUST004430,BR016,Education Loan,1528992,14.0,74,Active,2023-09-18
LOAN002780,CUST000203,BR024,Auto Loan,318783,14.21,47,Active,2014-07-03
LOAN002781,CUST003768,BR084,Home Loan,5111870,9.56,153,Active,2015-07-19
LOAN002782,CUST000389,BR097,Personal Loan,249581,9.13,42,Active,2024-08-20
LOAN002783,CUST001154,BR004,Business Loan,3526004,16.31,34,Pending Approval,2025-06-25
LOAN002784,CUST002144,BR055,Business Loan,512327,9.18,24,Pending Approval,2025-06-09
LOAN002785,CUST001461,BR029,Business Loan,767732,10.28,68,Closed,2018-12-21
LOAN002786,CUST003616,BR036,Business Loan,2870079,9.55,48,Active,2011-12-26
LOAN002787,CUST002068,BR087,Education Loan,675288,10.02,118,Pending Approval,2026-02-01
LOAN002788,CUST004737,BR066,Auto Loan,823611,11.77,64,Closed,2022-11-10
LOAN002789,CUST003500,BR133,Gold Loan,,10.07,12,Pending Approval,2023-02-26
LOAN002790,CUST001873,BR041,Personal Loan,283688,9.45,40,Pending Approval,2019-11-15
LOAN002791,CUST000462,BR087,Personal Loan,946534,15.38,25,Active,2026-01-26
LOAN002792,CUST003200,BR047,Gold Loan,248872,11.07,19,Active,2019-05-18
LOAN002793,CUST000110,BR044,Home Loan,5683727,11.16,143,Closd,2023-10-24
LOAN002794,CUST003590,BR040,Personal Loan,379569,10.35,19,Defaulted,2024-12-29
LOAN002795,CUST000347,BR115,Gold Loan,233514,7.74,33,Active,2024-11-22
LOAN002796,CUST000364,BR094,Gold Loan,495263,11.2,19,Active,2015-06-17
LOAN002797,CUST003408,BR134,Personal Loan,218326,12.92,28,Active,2026-03-13
LOAN002798,CUST002609,BR127,Personal Loan,815235,9.03,45,Active,2024-10-21
LOAN002799,CUST004693,BR081,Personal Loan,208534,16.39,45,Closed,2025-08-28
LOAN002800,CUST000392,BR085,Education Loan,2428794,16.34,83,Active,2023-11-12
LOAN002801,CUST001547,BR131,Personal Loan,474359,14.46,47,Pending Approval,2016-08-19
LOAN002802,CUST002342,BR127,Personal Loan,941961,13.15,23,Active,2024-11-08
LOAN002803,CUST004636,BR069,Personal Loan,197347,9.05,38,Active,2024-12-13
LOAN002804,CUST004383,BR098,Gold Loan,398034,12.27,19,Active,2026-04-21
LOAN002805,CUST004859,BR064,Business Loan,963439,11.89,26,Active ,2024-06-23
LOAN002806,CUST003995,BR088,Home Loan,3526921,9.29,169,Active,2021-10-21
LOAN002807,CUST002124,BR116,Personal Loan,187709,14.4,23,Active,2023-10-20
LOAN002808,CUST003432,BR145,Auto Loan,1538932,9.52,29,Closed,2023-09-01
LOAN002809,CUST003437,BR028,Personal Loan,391159,8.49,48,Active,2026-04-01
LOAN002810,CUST004531,BR118,Personal Loan,656113,15.56,17,Closed,2025-06-08
LOAN002811,CUST000175,BR009,Home Loan,4947860,15.25,147,Active,2018-01-28
LOAN002812,CUST001505,BR029,Personal Loan,550708,13.63,21,Defaulted,2024-07-17
LOAN002813,CUST001628,BR137,Personal Loan,548411,8.8,36,Closed,2025-09-27
LOAN002814,CUST002272,BR089,Home Loan,7096273,-2.0,230,Active,2024-02-11
LOAN002815,CUST003688,BR126,Auto Loan,1202177,8.74,67,Closed,2018-09-03
LOAN002816,CUST001420,BR019,Auto Loan,1171374,13.65,66,Active,2023-02-21
LOAN002817,CUST001650,BR084,Business Loan,2288771,8.59,82,Active,2024-06-26
LOAN002818,CUST001668,BR001,Personal Loan,607172,11.72,22,Active,2015-09-01
LOAN002819,CUST002541,BR096,Personal Loan,396771,10.06,20,Closed,2025-12-21
LOAN002820,CUST003298,BR064,Home Loan,6037851,8.02,232,Active,2022-01-25
LOAN002821,CUST001707,BR016,Education Loan,1777467,14.1,36,Active,2026-02-03
LOAN002822,CUST003385,BR041,Home Loan,7260292,15.74,206,Active,2025-12-25
LOAN002823,CUST003393,BR016,Business Loan,2243703,,87,Closed,2014-01-05
LOAN002824,CUST000619,BR139,Personal Loan,656558,13.33,44,Active,2025-03-06
LOAN002825,CUST000012,BR066,Home Loan,7243010,8.05,138,Pending Approval,2021-06-26
LOAN002826,CUST004275,BR133,Auto Loan,1364871,9.05,82,Active,2021-10-04
LOAN002827,CUST003871,BR017,Auto Loan,828188,7.66,51,Active,2026-03-23
LOAN002828,CUST001264,BR099,Auto Loan,1247052,15.47,50,Active,2020-01-03
LOAN002829,CUST002240,BR098,Personal Loan,329903,8.37,46,Closed,2025-05-03
LOAN002830,CUST001203,BR005,Gold Loan,87458,13.84,21,Closed,2026-01-08
LOAN002831,CUST000007,BR117,Home Loan,8154531,8.19,125,Active,2022-11-13
LOAN002832,CUST001771,BR017,Business Loan,3420235,14.6,72,Active,2025-12-02
LOAN002833,CUST001139,BR135,Personal Loan,373044,16.42,31,Active,2012-12-26
LOAN002834,CUST001920,BR039,Personal Loan,999721,13.89,56,Closed,2024-08-26
LOAN002835,CUST004993,BR098,Auto Loan,171822,8.43,38,Active,2018-11-09
LOAN002836,CUST003279,BR098,Personal Loan,257841,11.56,53,Active ,2022-09-24
LOAN002837,CUST002595,BR140,Home Loan,8933905,10.59,205,Closed,2026-06-13
LOAN002838,CUST003450,BR082,Personal Loan,545064,12.01,44,Active,2025-10-12
LOAN002839,CUST002497,BR118,Education Loan,2142361,,71,Closed,2025-09-07
LOAN002840,CUST003409,BR013,Gold Loan,231501,15.77,32,Active,2024-04-16
LOAN002841,CUST002582,BR147,Personal Loan,389889,9.68,48,Closed,2025-01-13
LOAN002842,CUST002673,BR109,Auto Loan,895213,13.82,44,Closed,2022-03-22
LOAN002843,CUST004678,BR106,Personal Loan,174142,11.79,16,Active,2025-12-02
LOAN002844,CUST001177,BR007,Home Loan,7135732,15.3,183,Active,2026-02-28
LOAN002845,CUST003614,BR035,Personal Loan,426768,13.96,43,Active,2025-02-22
LOAN002846,CUST001224,BR108,Personal Loan,258955,16.43,48,Active,2022-03-16
LOAN002847,CUST000661,BR133,Education Loan,1629438,15.12,117,Active,2021-03-27
LOAN002848,CUST004746,BR142,Home Loan,8578466,9.9,123,Closd,2020-02-13
LOAN002849,CUST003708,BR145,Personal Loan,198056,7.53,43,Active,2022-01-15
LOAN002850,CUST000862,BR057,Auto Loan,938527,11.46,70,Active,2021-10-12
LOAN002851,CUST004437,BR015,Home Loan,4236150,10.51,145,Active,2026-01-20
LOAN002852,CUST002268,BR125,Personal Loan,773221,8.09,40,Active,2025-11-14
LOAN002853,CUST001774,BR079,Personal Loan,998970,13.06,45,CLOSED,2022-12-15
LOAN002854,CUST004079,BR148,Home Loan,3062205,16.41,203,Active,2025-08-26
LOAN002855,CUST003005,BR009,Personal Loan,393336,10.77,15,Active,2026-02-13
LOAN002856,CUST002612,BR015,Auto Loan,1561565,8.88,76,Defaulted,2013-08-31
LOAN002857,CUST002451,BR149,Education Loan,2431351,11.8,64,Active,2026-04-28
LOAN002858,CUST004788,BR014,Personal Loan,461340,13.01,33,Active,2024-10-24
LOAN002859,CUST001789,BR120,Home Loan,4963447,15.97,142,Active,2026-02-08
LOAN002860,CUST004846,BR075,Auto Loan,843071,8.34,39,Active,2026-03-13
LOAN002861,CUST002430,BR021,Personal Loan,441347,8.22,42,Pending Approval,2015-07-04
LOAN002862,CUST004206,BR146,Personal Loan,239564,14.87,58,Active,2023-10-05
LOAN002863,CUST000259,BR080,Gold Loan,405510,15.31,22,Closed,2021-01-03
LOAN002864,CUST002034,BR100,Personal Loan,866451,13.46,56,Closed,2023-05-05
LOAN002865,CUST002339,BR016,Gold Loan,437194,14.77,35,Closed,2026-07-14
LOAN002866,CUST004273,BR034,Personal Loan,892140,7.77,29,Active,2024-05-11
LOAN002867,CUST000729,BR138,Education Loan,2039473,15.8,58,Active,2019-08-18
LOAN002868,CUST003460,BR048,Personal Loan,687244,13.45,13,Active,2024-11-04
LOAN002869,CUST004560,BR057,Business Loan,3603669,15.77,65,Closed,2020-03-06
LOAN002870,CUST004430,BR007,Education Loan,1721722,11.78,67,Active,2020-12-07
LOAN002871,CUST002351,BR115,Personal Loan,177135,15.0,58,Active,2025-01-30
LOAN002872,CUST001274,BR029,Personal Loan,600145,15.68,17,Pending Approval,2025-05-18
LOAN002873,CUST004205,BR089,Gold Loan,151985,8.81,12,Active,2025-04-10
LOAN002874,CUST000486,BR118,Auto Loan,865788,7.52,24,Active,2023-06-11
LOAN002875,CUST004449,BR094,Gold Loan,486382,10.56,27,Active,2022-11-16
LOAN002876,CUST002758,BR148,Personal Loan,744213,9.96,34,Active,2025-06-09
LOAN002877,CUST001061,BR104,Education Loan,245908,7.77,119,Active,2023-08-12
LOAN002878,CUST002319,BR139,Home Loan,2453932,16.23,152,Closed,2026-05-22
LOAN002879,CUST001193,BR069,Gold Loan,99925,13.99,35,Active,2025-04-23
LOAN002880,CUST002945,BR043,Auto Loan,913836,9.19,52,Active ,2024-09-17
LOAN002881,CUST001280,BR150,Home Loan,5349555,16.33,221,Active,2023-11-20
LOAN002882,CUST004367,BR140,Personal Loan,825076,9.47,37,Active,2016-05-14
LOAN002883,CUST004458,BR039,Personal Loan,116524,14.93,47,Active,2020-06-26
LOAN002884,CUST004180,BR032,Auto Loan,934975,10.17,59,Active,2026-07-04
LOAN002885,CUST002396,BR130,Education Loan,492579,11.58,100,Closed,2024-07-19
LOAN002886,CUST000383,BR034,Auto Loan,1650774,11.33,34,Defaulted,2026-06-22
LOAN002887,CUST000384,BR034,Education Loan,1133990,11.67,44,Active,2018-02-21
LOAN002888,CUST000762,BR020,Gold Loan,356319,12.31,24,Active,2025-07-22
LOAN002889,CUST001083,BR096,Auto Loan,508435,7.73,30,Closed,2023-01-17
LOAN002890,CUST003433,BR107,Home Loan,3945031,16.13,214,Active,2025-09-02
LOAN002891,CUST000903,BR005,Auto Loan,1261481,12.55,80,Active,2022-10-30
LOAN002892,CUST002703,BR039,Personal Loan,546623,11.89,38,Active,2022-08-23
LOAN002893,CUST004240,BR106,Home Loan,3071966,9.31,209,Active,2026-07-08
LOAN002894,CUST000871,BR072,Personal Loan,558776,,57,Active,2025-06-30
LOAN002895,CUST001829,BR015,Gold Loan,491933,16.18,19,Active,2023-12-14
LOAN002896,CUST000112,BR049,Personal Loan,350649,8.12,36,Closed,2021-09-05
LOAN002897,CUST004317,BR130,Personal Loan,828671,14.46,12,Active,2025-09-02
LOAN002898,CUST001464,BR019,Home Loan,6965412,16.29,239,Closed,2024-08-15
LOAN002899,CUST002230,BR050,Auto Loan,866466,12.69,25,Active,2026-07-31
LOAN002900,CUST001266,BR028,Personal Loan,736301,13.06,37,Active,2024-08-12
LOAN002901,CUST004016,BR118,Auto Loan,545023,12.52,55,Active,2026-02-08
LOAN002902,CUST000579,BR024,Home Loan,6792155,11.6,217,Active,2023-10-07
LOAN002903,CUST004620,BR040,Personal Loan,197834,11.04,43,Active,2018-04-04
LOAN002904,CUST004935,BR034,Education Loan,1446162,10.57,113,Closed,2020-12-16
LOAN002905,CUST004972,BR084,Home Loan,1700115,7.56,134,Active,2019-03-05
LOAN002906,CUST004646,BR052,Home Loan,7646429,8.52,140,Active,2026-06-04
LOAN002907,CUST000032,BR027,Business Loan,3841902,14.57,28,Active,2021-06-10
LOAN002908,CUST000883,BR077,Home Loan,4336954,14.56,213,Closed,2025-07-07
LOAN002909,CUST001166,BR082,Education Loan,1334439,9.46,114,Active,2025-07-06
LOAN002910,CUST003389,BR033,Personal Loan,735301,13.52,51,Active,2025-06-11
LOAN002911,CUST002988,BR087,Personal Loan,73709,14.72,12,Active,2025-11-08
LOAN002912,CUST003878,BR099,Education Loan,1804234,10.16,51,Closed,2022-09-02
LOAN002913,CUST003256,BR025,Gold Loan,64346,15.14,8,Closed,2024-11-10
LOAN002914,CUST002534,BR039,Personal Loan,322690,9.33,33,Active,2026-07-12
LOAN002915,CUST004487,BR009,Home Loan,1957980,,163,Pending Approval,2024-02-10
LOAN002916,CUST002542,BR031,Gold Loan,341932,9.14,28,Defaulted,2023-11-11
LOAN002917,CUST002342,BR010,Gold Loan,247449,8.2,24,Closed,2022-01-16
LOAN002918,CUST001421,BR134,Auto Loan,454984,7.68,30,Active,2023-03-06
LOAN002919,CUST004416,BR031,Personal Loan,697102,9.65,36,Closed,2024-04-10
LOAN002920,CUST003551,BR036,Business Loan,1770109,11.98,43,Active,2026-01-27
LOAN002921,CUST003539,BR006,Personal Loan,907457,14.56,17,Closed,2024-06-19
LOAN002922,CUST000033,BR046,Gold Loan,298520,8.73,10,Active,2022-04-13
LOAN002923,CUST000041,BR105,Personal Loan,651838,14.18,21,Active ,2025-11-06
LOAN002924,CUST002694,BR072,Gold Loan,239308,8.51,14,Active,2024-07-30
LOAN002925,CUST003060,BR136,Education Loan,2123734,10.26,74,Active,2022-09-06
LOAN002926,CUST002028,BR135,Personal Loan,640673,12.76,36,ACTIVE,2026-04-20
LOAN002927,CUST003761,BR115,Home Loan,5532070,10.49,157,Active,2024-09-24
LOAN002928,CUST004215,BR125,Personal Loan,798635,10.72,20,Closed,2023-07-12
LOAN002929,CUST002391,BR066,Gold Loan,374220,15.92,33,Closed,2018-07-09
LOAN002930,CUST004228,BR035,Auto Loan,1301157,11.42,37,Active,2021-03-10
LOAN002931,CUST001296,BR060,Personal Loan,294308,12.15,20,Active,2023-09-23
LOAN002932,CUST002876,BR002,Auto Loan,524758,13.98,36,Active,2026-06-09
LOAN002933,CUST001335,BR043,Business Loan,228114,9.82,56,Closed,2026-06-07
LOAN002934,CUST001474,BR058,Personal Loan,340986,16.48,55,Active,2020-10-22
LOAN002935,CUST003383,BR146,Personal Loan,524410,7.83,37,Active,2023-12-02
LOAN002936,CUST002980,BR057,Gold Loan,286377,7.61,17,Closed,2019-12-02
LOAN002937,CUST002420,BR019,Auto Loan,591577,9.66,53,Defaulted,2021-06-23
LOAN002938,CUST002929,BR032,Auto Loan,1687403,14.17,50,Closed,2025-12-11
LOAN002939,CUST002303,BR094,Business Loan,3850108,13.58,68,Defaulted,2024-06-23
LOAN002940,CUST002814,BR084,Personal Loan,82877,9.28,17,Active,2017-02-12
LOAN002941,CUST003258,BR072,Education Loan,831932,11.97,41,Defaulted,2019-09-19
LOAN002942,CUST002375,BR138,Gold Loan,235551,10.37,23,actve,2024-01-17
LOAN002943,CUST003648,BR127,Auto Loan,685899,11.0,54,Closed,2026-07-05
LOAN002944,CUST000758,BR008,Auto Loan,334053,12.35,35,Closed,2026-01-30
LOAN002945,CUST002838,BR120,Personal Loan,341765,13.37,35,Active ,2021-12-09
LOAN002946,CUST002872,BR115,Home Loan,2798334,11.0,186,Closed,2026-01-30
LOAN002947,CUST000935,BR101,Personal Loan,747350,14.67,41,Active,2023-10-07
LOAN002948,CUST001834,BR019,Personal Loan,706406,8.12,38,Active,2022-07-19
LOAN002949,CUST004756,BR021,Personal Loan,201871,13.95,34,Active,2024-09-25
LOAN002950,CUST002497,BR128,Personal Loan,570630,12.74,37,Closed,2026-06-18
LOAN002951,CUST003710,BR120,Gold Loan,130518,13.85,11,Active,2026-07-21
LOAN002952,CUST003833,BR115,Auto Loan,1141379,15.38,50,Active,2025-04-29
LOAN002953,CUST001321,BR109,Business Loan,3310964,13.35,32,Active,2019-01-08
LOAN002954,CUST003155,BR091,Personal Loan,181531,10.21,19,Active,2017-06-22
LOAN002955,CUST001762,BR131,Auto Loan,708380,9.81,50,Active,2025-10-11
LOAN002956,CUST004285,BR131,Auto Loan,206925,10.42,45,Closed,2024-02-15
LOAN002957,CUST004986,BR062,Business Loan,3981467,8.59,94,Active,2016-12-01
LOAN002958,CUST001549,BR107,Home Loan,4152321,15.04,164,Active,2018-07-30
LOAN002959,CUST001522,BR043,Personal Loan,204000,8.87,50,Active,2019-12-22
LOAN002960,CUST001861,BR135,Education Loan,1836306,8.72,97,Active,2026-07-11
LOAN002961,CUST003528,BR002,Education Loan,840668,8.47,107,Closed,2025-03-04
LOAN002962,CUST001887,BR090,Home Loan,1922582,11.59,238,Active,2025-10-01
LOAN002963,CUST800029,BR019,Auto Loan,986513,15.68,82,Closd,2025-08-27
LOAN002964,CUST000605,BR029,Personal Loan,272551,8.1,46,Active,2023-11-25
LOAN002965,CUST002241,BR052,Gold Loan,258024,16.44,29,Closed,2025-12-30
LOAN002966,CUST000675,BR073,Education Loan,503412,15.44,73,Active,2015-01-30
LOAN002967,CUST003406,BR112,Auto Loan,477778,11.98,47,Pending Approval,2023-10-22
LOAN002968,CUST004334,BR039,Auto Loan,1103934,13.73,41,Closed,2022-03-29
LOAN002969,CUST000918,BR069,Business Loan,2797616,8.67,53,Active,2026-01-18
LOAN002970,CUST004650,BR139,Home Loan,8084031,13.97,140,Closed,2026-02-04
LOAN002971,CUST004580,BR100,Auto Loan,1301691,15.08,70,Active,2015-04-13
LOAN002972,CUST000687,BR047,Home Loan,,7.69,137,Closed,2022-09-29
LOAN002973,CUST002117,BR020,Business Loan,3271543,13.34,89,Active,2017-02-07
LOAN002974,CUST000378,BR089,Personal Loan,729270,8.34,19,Active,2023-12-25
LOAN002975,CUST001221,BR007,Personal Loan,648953,8.6,35,Active,2025-08-04
LOAN002976,CUST001385,BR063,Home Loan,4323571,9.22,188,ACTIVE,2017-08-25
LOAN002977,CUST000479,BR118,Home Loan,7271960,8.7,142,Active,2026-06-15
LOAN002978,CUST004009,BR014,Business Loan,4937157,14.86,60,Active,2017-02-13
LOAN002979,CUST004037,BR097,Education Loan,796796,7.72,110,Closed,2026-07-19
LOAN002980,CUST003550,BR034,Business Loan,2016607,7.9,84,Active,2018-02-01
LOAN002981,CUST003954,BR084,Personal Loan,307257,14.05,57,Active,2025-09-24
LOAN002982,CUST004921,BR024,Personal Loan,71368,9.28,32,Closed,2018-02-02
LOAN002983,CUST000260,BR036,Education Loan,978033,45.5,43,Active,2026-03-13
LOAN002984,CUST004964,BR062,Education Loan,2155181,10.46,64,Active,2025-11-20
LOAN002985,CUST001277,BR048,Business Loan,3036863,15.59,26,Active,2024-12-29
LOAN002986,CUST001568,BR072,Home Loan,8385294,11.01,121,Active,2025-04-24
LOAN002987,CUST002228,BR016,Auto Loan,1020820,7.78,25,Closed,2026-07-06
LOAN002988,CUST001246,BR041,Auto Loan,1001015,16.38,38,Closed,2026-06-27
LOAN002989,CUST004890,BR148,Education Loan,1429775,15.8,37,actve,2023-12-21
LOAN002990,CUST000591,BR134,Business Loan,367155,10.86,88,Closed,2023-07-22
LOAN002991,CUST002572,BR097,Gold Loan,402659,9.1,6,Active,2019-10-13
LOAN002992,CUST002580,BR013,Education Loan,825338,12.41,49,Active,2020-04-26
LOAN002993,CUST000211,BR015,Personal Loan,166076,14.72,52,Active,2024-01-05
LOAN002994,CUST004115,BR065,Personal Loan,527256,10.62,19,Active,2026-01-23
LOAN002995,CUST002539,BR121,Auto Loan,1528593,11.95,77,Defaulted,2025-04-28
LOAN002996,CUST003650,BR009,Personal Loan,235248,10.75,35,Active,2026-01-30
LOAN002997,CUST004046,BR014,Education Loan,525046,11.71,45,Active,2026-04-14
LOAN002998,CUST001070,BR102,Business Loan,2736738,15.28,57,Closed,2021-11-13
LOAN002999,CUST001737,BR035,Auto Loan,1664983,7.96,59,Closed,2023-08-09
LOAN003000,CUST002017,BR053,Auto Loan,1009497,7.78,36,Closed,2026-01-02
LOAN000243,CUST001462,BR108,Personal Loan,828597,10.77,13,Active,2026-04-03
LOAN001127,CUST000928,BR027,Personal Loan,358588,11.48,47,Active,2019-05-23
LOAN001205,CUST004476,BR122,Gold Loan,341075,16.03,6,Closed,2018-01-18
LOAN001219,CUST001642,BR036,Auto Loan,394586,15.01,45,Active,2019-12-18
LOAN000264,CUST000097,BR056,Education Loan,1579655,12.69,95,Closed,2022-02-20
LOAN000035,CUST001985,BR114,Personal Loan,234219,7.66,17,Closed,2026-02-24
LOAN000443,CUST004971,BR049,Personal Loan,283637,14.77,34,Closed,2025-03-09
LOAN000062,CUST001471,BR054,Auto Loan,1081355,9.46,45,Active,2020-01-14
LOAN000492,CUST004750,BR023,Auto Loan,1059802,8.31,47,Active,2024-12-15
LOAN002306,CUST004071,BR065,Personal Loan,931810,10.45,16,Closed,2016-06-29
LOAN001201,CUST000943,BR100,Gold Loan,202304,15.48,28,Active,2022-09-21
LOAN001808,CUST001835,BR024,Home Loan,4946226,15.44,195,Active,2024-12-14
LOAN001638,CUST000037,BR139,Business Loan,1448758,9.35,76,Active,2026-03-16
LOAN000950,CUST003131,BR066,Gold Loan,492240,8.92,19,Closed,2026-04-30
LOAN000931,CUST001343,BR138,Personal Loan,993447,9.83,39,Active,2022-07-20
LOAN002812,CUST001505,BR029,Personal Loan,550708,13.63,21,Defaulted,2024-07-17
LOAN001815,CUST002433,BR079,Personal Loan,176943,8.45,16,Active,2026-04-04
LOAN001355,CUST002613,BR078,Personal Loan,637528,13.95,20,Closed,2014-12-12
LOAN000172,CUST003558,BR060,Gold Loan,188043,14.79,6,actve,2025-08-09
LOAN002234,CUST004778,BR049,Home Loan,8269959,10.18,147,Active,2024-07-29
LOAN001968,CUST000930,BR052,Home Loan,3594483,8.24,189,Active,2018-03-14
LOAN001894,CUST002883,BR082,Home Loan,7461643,16.19,227,Closed,2024-03-24
LOAN002329,CUST001483,BR131,Gold Loan,31655,10.45,30,Active,2021-04-25
LOAN001726,CUST001000,BR044,Gold Loan,330500,12.73,26,Active,2025-09-10
LOAN000075,CUST001001,BR092,Personal Loan,869561,8.14,53,Defaulted,2026-02-02
LOAN002397,CUST000005,BR005,Home Loan,5222838,8.58,218,Active,2026-07-11
LOAN001554,CUST002273,BR109,Home Loan,2264215,14.1,141,Active,2016-10-29
LOAN001203,CUST000619,BR067,Gold Loan,95418,15.4,13,Closed,2016-02-13
LOAN001766,CUST002413,BR079,Home Loan,7709077,12.0,195,Active,2026-06-25
LOAN001765,CUST002493,BR133,Business Loan,4466208,9.17,95,Closed,2021-01-29
