account_id,customer_id,branch_id,account_number,account_type,balance,currency,opened_date,status
ACC000001,CUST003455,BR041,31204800000000,Current,112999.44,INR,2012-11-21,Active
ACC000002,CUST003114,BR047,20215300000001,Savings,189693.39,INR,2020-08-02,Active
ACC000003,CUST004916,BR064,49359100000002,Salary,98504.72,INR,2026-01-11,Active
ACC000004,CUST001147,BR098,89423200000003,Salary,115465.4,eur,2024-04-29,Active
ACC000005,CUST003663,BR097,67386800000004,Savings,61677.29,INR,06/12/2016,Active
ACC000006,CUST002225,BR050,89972700000005,Savings,10851.68,INR,2025-06-06,Active
ACC000007,CUST001792,BR044,85495200000006,Savings,42216.12,INR,2022-12-03,Active
ACC000008,CUST003605,BR116,12758800000007,Savings,7156.6,INR,2014-06-01,Dormant
ACC000009,CUST004387,BR115,72750000000008,Savings,34914.65,INR,2016-06-17,Active
ACC000010,CUST001255,BR105,41175500000009,Savings,20819.83,INR,2026-06-29,Active
ACC000011,CUST001485,BR104,98961400000010,Savings,24572.03,INR,2024-03-19,Active
ACC000012,CUST002185,BR037,29356200000011,Savings,170018.42,INR,2021-08-18,Active
ACC000013,CUST001657,BR100,68374900000012,Savings,104115.44,INR,2024-02-09,Active
ACC000014,CUST004033,BR049,98511800000013,Current,22195.68,INR,2023-06-11,Active
ACC000015,CUST004792,BR080,78572400000014,Savings,51277.88,INR,2025-09-16,Active
ACC000016,CUST002886,BR083,36583200000015,Savings,6113.69,INR,2025-06-01,Dormant
ACC000017,CUST004245,BR120,96628300000016,Savings,57454.02,INR,2026-06-20,Active
ACC000018,CUST003352,BR137,59366200000017,Savings,18618.99,INR,2020-12-13,Active
ACC000019,CUST000379,BR063,83768300000018,Savings,142748.6,INR,2023-09-30,Active
ACC000020,CUST001347,BR017,48140200000019,Current,180150.47,EUR,2025.02.12,Active
ACC000021,CUST003591,BR003,68648400000020,Savings,185853.39,INR,2017-04-14,Active
ACC000022,CUST000478,BR054,57311400000021,Current,30369.8,INR,2021-01-25,Active
ACC000023,CUST003323,BR065,65484600000022,Savings,21330.16,INR,2022-10-11,Active
ACC000024,CUST003888,BR090,70742100000023,Savings,54258.2,INR,2026-06-13,Active
ACC000025,CUST003158,BR054,85901400000024,Savings,53103.51,INR,2025-07-01,Closed
ACC000026,CUST002895,BR049,42341800000025,Current,9964.14,INR,2017-02-17,Active
ACC000027,CUST004527,BR111,66810100000026,Current,38119.12,INR,2021-04-05,Active
ACC000028,CUST000766,BR044,90652500000027,Salary,57922.58,INR,2018-11-15,Dormant
ACC000029,CUST004109,BR007,82694500000028,Savings,18637.86,INR,2025-07-09,Active
ACC000030,CUST000891,BR065,30797100000029,Salary,30255.45,USD,2026-03-11,Active
ACC000031,CUST001224,BR093,36640700000030,Salary,78145.32,GBP,2023-08-11,Active
ACC000032,CUST000924,BR029,87738900000031,Savings,76863.95,INR,2026-07-13,Active
ACC000033,CUST003062,BR002,95778900000032,Salary,125970.66,INR,2023-03-22,Active
ACC000034,CUST003975,BR091,60762200000033,Savings,10579.29,USD,2021-10-25,Active
ACC000035,CUST004799,BR029,46565700000034,Salary,69403.03,INR,2023-09-24,active
ACC000036,CUST004402,BR132,93311900000035,Salary,100518.67,INR,2021-11-23,Dormant
ACC000037,CUST003297,BR051,18853800000036,Savings,173787.08,INR,2022-07-30,Active
ACC000038,CUST000153,BR137,85460000000037,Savings,48589.36,INR,2026-06-15,Dormant
ACC000039,CUST003219,BR014,96882200000038,Current,58333.7,GBP,2021-07-09,Active
ACC000040,CUST002008,BR071,77988900000039,Savings,48044.83,INR,2021-10-12,Active
ACC000041,CUST000706,BR062,43603200000040,Current,65097.11,INR,2026-03-23,Active
ACC000042,CUST002313,BR045,40344700000041,Savings,131445.21,INR,2024-10-27,Active
ACC000043,CUST003765,BR055,41803100000042,Savings,118919.5,INR,2015-06-10,Active
ACC000044,CUST004253,BR058,29706500000043,Savings,34349.29,INR,2020-04-21,Active
ACC000045,CUST004182,BR009,34249800000044,Salary,60911.66,INR,2026-07-07,Active
ACC000046,CUST004782,BR035,91424100000045,Current,47453.22,INR,2022-12-14,Active
ACC000047,CUST004949,BR042,62795000000046,Current,45711.23,INR,2025-09-10,Active
ACC000048,CUST000324,BR090,23367200000047,Salary,94278.3,INR,03/22/2022,Dormant
ACC000049,CUST000977,BR044,29775800000048,Salary,48789.78,INR,2026-03-22,Active
ACC000050,CUST002461,BR021,12582400000049,Savings,96319.97,INR,2025-08-24,Active
ACC000051,CUST001468,BR104,82672400000050,Savings,50027.99,GBP,10/12/2021,Active
ACC000052,CUST001604,BR048,85416300000051,Savings,42516.83,INR,2021-11-17,Dormant
ACC000053,CUST003028,BR004,69845800000052,Savings,59237.71,INR,2020-01-09,Active
ACC000054,CUST003110,BR026,83687400000053,Savings,243878.61,INR,2025-10-31,DORMANT
ACC000055,CUST000417,BR083,38855300000054,Salary,31252.31,Inr,2018-03-11,Active
ACC000056,CUST003666,BR031,92567000000055,Savings,37676.27,INR,2026-05-05,Active
ACC000057,CUST003925,BR139,92015400000056,Savings,15142.49,INR,2025-12-09,Active
ACC000058,CUST004422,BR101,76959200000057,Current,41235.82,INR,2024-09-08,Active
ACC000059,CUST003846,BR045,24622600000058,Current,12468.91,INR,2026-06-18,Active
ACC000060,CUST003107,BR149,85441900000059,Savings,12873.54,INR,2021-12-31,Active
ACC000061,CUST003730,BR108,43550700000060,Salary,83055.85,INR,2023-08-08,Dormant
ACC000062,CUST004543,BR102,21632200000061,Salary,104447.58,INR,2025-05-23,Active
ACC000063,CUST003634,BR012,92611000000062,Savings,196322.23,inr,2017-12-19,Active
ACC000064,CUST003547,BR037,64747700000063,Salary,32145.02,INR,2022-11-22,Active
ACC000065,CUST004411,BR091,56653900000064,Savings,31021.86,INR,2024-04-16,Active
ACC000066,CUST003421,BR062,92375800000065,Savings,136289.6,INR,2022-06-23,Active
ACC000067,CUST001829,BR128,23834400000066,Salary,69020.89,INR,2020-12-06,Active
ACC000068,CUST000177,BR095,91399700000067,Salary,33123.23,INR,2026-07-22,Closed
ACC000069,CUST002348,BR012,41875200000068,Current,-106792.95,INR,2025-12-27,Active 
ACC000070,CUST000800,BR131,90875400000069,Savings,63283.12,INR,2015-11-19,Active
ACC000071,CUST003072,BR141,11502100000070,Savings,61839.76,Inr,2024-08-05,active
ACC000072,CUST004421,BR108,74067300000071,Savings,164377.06,Inr,11/12/2025,Active
ACC000073,CUST001560,BR116,40293100000072,Savings,86992.75,EUR,2021-09-06,Dormant
ACC000074,CUST001011,BR022,42809200000073,Savings,88916.01,USD,2024-03-18,Active
ACC000075,CUST003425,BR111,96590600000074,Salary,106176.16,INR,2024-05-31,Active
ACC000076,CUST001119,BR091,27422000000075,Savings,61116.18,INR,2019-06-16,Active
ACC000077,CUST002671,BR019,24553300000076,Current,104940.01,INR,2023-01-07,Active
ACC000078,CUST002297,BR030,17128400000077,Current,169778.78,INR,2023-10-26,Active
ACC000079,CUST002391,BR083,73036000000078,Current,62029.23,INR,2019-12-27,Active
ACC000080,CUST004102,BR057,18706400000079,Salary,81198.11,INR,2016-07-05,Active
ACC000081,CUST000545,BR087,99205300000080,Salary,33700.59,inr,2025-10-20,Active
ACC000082,CUST002421,BR145,24194500000081,Savings,38849.67,INR,2024-12-11,Active
ACC000083,CUST000175,BR095,63475600000082,Salary,54977.31,INR,2026-03-10,Active
ACC000084,CUST001794,BR134,60652900000083,Salary,57929.54,INR,2021-05-26,Active
ACC000085,CUST003415,BR005,45309900000084,Savings,17021.49,INR,2024-01-28,Active
ACC000086,CUST003459,BR039,12659700000085,Savings,176686.15,INR,2022-11-28,Active
ACC000087,CUST003394,BR134,74952700000086,Savings,109371.5,INR,2026-07-14,Active
ACC000088,CUST002201,BR110,25838900000087,Savings,75663.58,INR,2026-05-04,Active
ACC000089,CUST003265,BR054,32880500000088,Salary,32257.09,INR,2021-12-05,Active
ACC000090,CUST002258,BR050,42180100000089,Salary,79499.75,INR,2022-03-27,Active
ACC000091,CUST001365,BR112,61890400000090,Savings,51400.82,Inr,2016-08-02,Active
ACC000092,CUST002643,BR002,67905800000091,Savings,93806.87,INR,2022-04-22,Active
ACC000093,CUST001018,BR013,93172700000092,Savings,24836.25,INR,2023-04-04,Active
ACC000094,CUST002448,BR128,86765300000093,Salary,141886.46,Inr,2017-05-13,Active
ACC000095,CUST004635,BR113,61738200000094,Savings,57373.39,INR,2024-12-16,Active
ACC000096,CUST003840,BR124,46722400000095,Current,135375.25,INR,2018-07-12,Active
ACC000097,CUST002985,BR072,93029300000096,Current,262745.59,INR,2021-03-27,Dormant
ACC000098,CUST003809,BR045,41613900000097,Savings,32014.58,INR,2024-05-07,Closed
ACC000099,CUST004037,BR059,55311700000098,Savings,56779.65,INR,2026-06-19,Active
ACC000100,CUST002512,BR116,56686100000099,Salary,25157.63,INR,2012-11-21,Active
ACC000101,CUST001897,BR036,36606900000100,Savings,39439.73,INR,2022-11-18,Closed
ACC000102,CUST800000,BR005,63664500000101,Savings,73369.53,INR,2025-06-22,Active
ACC000103,CUST003433,BR075,72238800000102,Savings,21050.14,INR,2023-05-06,Active
ACC000104,CUST003423,BR081,42251900000103,Savings,160654.75,INR,2025-04-13,Active
ACC000105,CUST002588,BR063,11650100000104,Savings,45829.29,INR,2023-06-20,Active
ACC000106,CUST004107,BR148,68128600000105,Savings,92236.22,INR,2020-07-07,Dormant
ACC000107,CUST003644,BR091,25826800000106,Savings,169614.69,INR,2020-05-08,Active
ACC000108,CUST003418,BR119,45985200000107,Savings,23773.35,INR,2023-11-12,Dormant
ACC000109,CUST000636,BR036,92330800000108,Current,98609.79,INR,2025-02-25,Active
ACC000110,CUST000610,BR087,27595800000109,Savings,112619.86,INR,2021-05-08,Active
ACC000111,CUST000721,BR054,16443500000110,Savings,22749.14,INR,28/11/2015,Dormant
ACC000112,CUST004712,BR055,86235500000111,Salary,27608.92,INR,03/14/2025,Active
ACC000113,CUST003492,BR016,87752300000112,Savings,74461.56,INR,2026-07-22,Active
ACC000114,CUST001168,BR111,28633100000113,Salary,159143.05,EUR,2024-07-31,Active
ACC000115,CUST000539,BR069,27532700000114,Salary,122218.24,INR,2019-06-05,Active
ACC000116,CUST001968,BR147,81144500000115,Savings,36315.35,INR,2019-07-10,Active
ACC000117,CUST004034,BR088,63157200000116,Savings,108696.26,INR,2023-04-08,Active
ACC000118,CUST004454,BR029,62779000000117,Salary,164539.83,INR,2025-12-24,Dormant
ACC000119,CUST002660,BR108,84287600000118,Savings,-41104.61,INR,2023-08-17,Active
ACC000120,CUST001544,BR008,77995900000119,Savings,45055.73,INR,2025-02-09,Active
ACC000121,CUST000464,BR113,40266100000120,Savings,18169.55,INR,2026-06-25,Active
ACC000122,CUST004574,BR057,10743300000121,,31730.7,INR,2025-04-01,Active
ACC000123,CUST000336,BR006,35370200000122,Savings,70983.55,Inr,2013-12-16,Active
ACC000124,CUST004822,BR078,29488900000123,Salary,41305.8,INR,2026-07-21,Active
ACC000125,CUST003090,BR073,69646500000124,Savings,17217.82,INR,2023-11-21,Active
ACC000126,CUST000029,BR037,49743800000125,Savings,41099.22,INR,2019-04-13,Active
ACC000127,CUST004506,BR017,15452700000126,Savings,221614.43,INR,2024-03-20,Active
ACC000128,CUST001666,BR093,88051300000127,Savings,162992.8,INR,2023-03-26,Dormant
ACC000129,CUST004122,BR069,18865900000128,Savings,86851.58,EUR,2026-03-09,Active
ACC000130,CUST004070,BR046,19162100000129,Current,82312.86,INR,2025-12-04,Active
ACC000131,CUST000116,BR085,93159600000130,Current,156619.48,INR,2025-12-11,Active
ACC000132,CUST004441,BR148,60969500000131,Savings,88913.87,INR,2024-12-16,Active
ACC000133,CUST002089,BR131,84656800000132,Savings,70786.43,INR,2018-09-06,Active
ACC000134,CUST001602,BR040,85658400000133,Current,98687.32,INR,2022-10-27,Closed
ACC000135,CUST001476,BR056,22431100000134,Savings,36069.23,INR,2023-05-17,Closed
ACC000136,CUST002142,BR121,11430200000135,Salary,71841.63,INR,2024-06-07,Active
ACC000137,CUST000442,BR020,46481700000136,Savings,80399.19,INR,2021-05-05,Active
ACC000138,CUST000543,BR145,13338700000137,Salary,57561.95,INR,2024-03-04,Active
ACC000139,CUST002668,BR062,36911600000138,Savings,-74324.53,INR,2018-09-30,Active
ACC000140,CUST004878,BR075,45692400000139,Savings,49378.75,INR,2023-05-13,active
ACC000141,CUST004926,BR146,49956400000140,Savings,28963.99,INR,2025-10-28,Active
ACC000142,CUST003717,BR030,18254900000141,Savings,43523.0,INR,2018-06-24,Active
ACC000143,CUST001296,BR025,29376100000142,Savings,76474.05,INR,2025-11-22,Active
ACC000144,CUST004051,BR134,17702200000143,Savings,70396.39,inr,2026-03-17,Active
ACC000145,CUST001155,BR109,67575000000144,Savings,76717.02,INR,2026-06-29,Active
ACC000146,CUST003135,BR061,29199600000145,Savings,55158.2,INR,2021-07-05,Closed
ACC000147,CUST002710,BR016,62814100000146,Savings,,INR,2017-04-14,Active
ACC000148,CUST001787,BR082,52977000000147,Salary,92741.58,INR,2019-05-29,Active
ACC000149,CUST004970,BR115,75653900000148,Salary,63371.45,INR,2024-11-15,Active
ACC000150,CUST002594,BR008,39990100000149,Savings,93238.2,INR,2019-12-01,Active
ACC000151,CUST003491,BR033,10049400000150,,72822.28,inr,2026-07-16,Active
ACC000152,CUST004187,BR053,97516200000151,Savings,43694.05,INR,2024-10-07,Active
ACC000153,CUST004584,BR043,94019100000152,Salary,66643.97,INR,2020-04-27,Active
ACC000154,CUST004252,BR084,50272300000153,Salary,239570.25,INR,2025-09-27,Dormant
ACC000155,CUST004678,BR148,15469500000154,Salary,-129894.1,INR,2026-03-24,Active
ACC000156,CUST002829,BR104,61818100000155,Current,81666.2,INR,2026-07-26,Active
ACC000157,CUST003496,BR078,63094000000156,Current,297906.03,INR,2025-11-02,Active
ACC000158,CUST003385,BR143,43823000000157,Savings,38516.69,Inr,2023-04-22,Active
ACC000159,CUST001231,BR123,32922700000158,Savings,54863.9,INR,2022-03-13,Active
ACC000160,CUST003443,BR088,19355200000159,,70551.13,INR,2023-06-18,Active
ACC000161,CUST004298,BR008,53948600000160,Savings,30873.08,INR,2022-06-24,Active
ACC000162,CUST001930,BR041,47754500000161,Savings,207396.61,INR,2026-02-20,Active
ACC000163,CUST003040,BR139,59308000000162,Salary,220052.49,INR,2022-07-02,Active
ACC000164,CUST001447,BR084,50573100000163,Salary,105891.16,Inr,2017-11-16,Active
ACC000165,CUST002130,BR139,97422400000164,Savings,,INR,2017-11-08,Active
ACC000166,CUST004607,BR011,95648000000165,Savings,19414.63,INR,2016-11-22,active
ACC000167,CUST003039,BR028,99391200000166,Savings,-84614.8,INR,2025-04-17,active
ACC000168,CUST001773,BR023,90418200000167,Savings,163662.74,INR,2026-01-22,Active
ACC000169,CUST001878,BR015,91684800000168,Savings,48935.56,INR,12/10/2023,Active
ACC000170,CUST002158,BR053,10412900000169,Current,90656.83,INR,2015-02-22,Active
ACC000171,CUST004894,BR150,90643500000170,Savings,151024.46,INR,2025-05-22,Active
ACC000172,CUST004748,BR004,34900500000171,Salary,36452.27,INR,2025-07-12,Active
ACC000173,CUST003217,BR141,31416300000172,Savings,142196.49,GBP,28/03/2026,Closed
ACC000174,CUST004995,BR012,61878300000173,Savings,55102.46,EUR,2017.03.28,Active
ACC000175,CUST000498,BR003,58765500000174,Savings,60106.57,Inr,2025-08-10,Active
ACC000176,CUST003967,BR002,73592200000175,Current,81253.7,INR,2024-07-18,Active
ACC000177,CUST003295,BR116,87274800000176,Salary,29131.47,GBP,2016-06-11,Active
ACC000178,CUST003845,BR028,50241700000177,Savings,94917.32,INR,2024-07-07,Closed
ACC000179,CUST004285,BR017,84783300000178,Savings,40998.24,INR,2023-03-08,Active
ACC000180,CUST000922,BR124,74084900000179,Savings,32872.67,INR,07/30/2020,Closed
ACC000181,CUST000400,BR097,72389600000180,Savings,52390.37,INR,2023-09-26,Active
ACC000182,CUST001199,BR053,74693800000181,Savings,26581.83,INR,2022-11-27,Active
ACC000183,CUST001006,BR115,53172600000182,Savings,30176.82,INR,2026-07-11,Active
ACC000184,CUST003897,BR136,73974600000183,Salary,114952.68,INR,2020-08-21,Active
ACC000185,CUST000342,BR081,64830900000184,,89734.39,INR,2016-09-12,active
ACC000186,CUST001242,BR133,32688500000185,Salary,60343.85,INR,2019-09-08,Active
ACC000187,CUST000955,BR052,71001700000186,Salary,32325.05,INR,2018-12-26,Active
ACC000188,CUST004072,BR130,10814300000187,Salary,101288.98,INR,2024-12-03,Active
ACC000189,CUST003355,BR097,88147600000188,Savings,138924.62,INR,2023-02-14,Dormant
ACC000190,CUST003394,BR032,27444900000189,Savings,306181.07,INR,2026-07-28,Active
ACC000191,CUST000061,BR095,83968700000190,Savings,147061.36,INR,2022-03-10,Active
ACC000192,CUST000123,BR052,41642000000191,Savings,49239.02,INR,17/01/2026,Active
ACC000193,CUST003186,BR011,75984100000192,Savings,28167.82,INR,2020-05-09,Active
ACC000194,CUST004863,BR071,50318500000193,,63473.22,INR,2020-07-21,Active 
ACC000195,CUST001984,BR010,73073800000194,Current,138550.89,INR,2025-03-31,Active
ACC000196,CUST001905,BR065,18052700000195,Savings,49081.66,INR,2022-12-26,active
ACC000197,CUST000108,BR135,76357600000196,Savings,16263.65,INR,2023-02-08,Closed
ACC000198,CUST000222,BR012,72524000000197,Savings,91120.81,INR,2026-02-16,Active
ACC000199,CUST004736,BR102,91727800000198,Savings,51715.72,INR,2019-03-07,Active
ACC000200,CUST001612,BR036,22920700000199,Savings,31691.5,INR,2016-10-08,Active
ACC000201,CUST001798,BR090,50998500000200,Savings,,INR,2021-11-25,Active
ACC000202,CUST000768,BR094,35856900000201,Salary,33561.37,INR,2024-05-04,Dormant
ACC000203,CUST002360,BR114,99077900000202,Current,47916.37,INR,2021-10-12,Active
ACC000204,CUST004038,BR102,39048300000203,Salary,42614.31,INR,2020-08-28,Active
ACC000205,CUST003974,BR038,67996800000204,Savings,17124.58,eur,2025-07-15,Active
ACC000206,CUST001694,BR055,62893800000205,Salary,59064.29,USD,2017-11-02,Active
ACC000207,CUST004961,BR086,57754000000206,Current,15228.07,INR,2022-02-24,Active
ACC000208,CUST003308,BR045,76053500000207,Salary,27097.31,INR,2024-08-10,Active
ACC000209,CUST000428,BR127,18107900000208,Savings,31614.74,INR,2019-09-17,Active
ACC000210,CUST000202,BR088,37824600000209,Salary,21195.66,inr,2021-03-02,Closed
ACC000211,CUST002606,BR103,70363300000210,Savings,86517.87,INR,2023-02-18,Active
ACC000212,CUST800001,BR100,85414500000211,Savings,73370.33,INR,2023-01-10,Active
ACC000213,CUST003542,BR054,60998300000212,Savings,93274.11,INR,2026-07-05,Dormant
ACC000214,CUST001322,BR107,41975900000213,Savings,18025.35,USD,2025-01-26,Active
ACC000215,CUST004492,BR098,65841000000214,Salary,121394.25,INR,2025-06-27,Active
ACC000216,CUST003705,BR122,82592200000215,Salary,124957.81,INR,2025-05-02,Active
ACC000217,CUST000758,BR051,34307000000216,Current,134285.09,INR,2026-07-09,Active
ACC000218,CUST004927,BR088,24350300000217,Savings,67315.09,INR,2020-11-08,Active
ACC000219,CUST001360,BR135,86489000000218,Savings,63838.32,INR,2026-04-25,Active
ACC000220,CUST002547,BR057,42289900000219,Savings,92865.31,EUR,2019-10-25,Active
ACC000221,CUST003347,BR126,96990800000220,Current,145897.26,Gbp,2024-02-12,Active
ACC000222,CUST002016,BR053,62475100000221,Savings,63214.15,INR,2021-11-27,Active
ACC000223,CUST003563,BR020,79533600000222,Current,54434.89,INR,2016-08-13,Active
ACC000224,CUST004990,BR006,55363000000223,Savings,77480.76,INR,2024-01-11,Active
ACC000225,CUST000697,BR074,25200900000224,Savings,63722.52,INR,2021-10-18,Active
ACC000226,CUST001562,BR063,42530500000225,Savings,14073.56,INR,2016-10-09,Active
ACC000227,CUST000930,BR038,10516300000226,Savings,56447.85,Inr,2020-01-20,Active
ACC000228,CUST002534,BR131,29078600000227,Salary,68912.26,INR,2024-11-28,Closed
ACC000229,CUST004553,BR126,72865100000228,Savings,85657.97,Inr,2025-03-28,Active
ACC000230,CUST003549,BR095,55378900000229,Savings,87643.76,INR,2020-01-14,Dormant
ACC000231,CUST003648,BR116,96494700000230,Savings,74236.19,INR,2026.06.15,Closed
ACC000232,CUST001895,BR089,18324700000231,Salary,109439.43,INR,2026-04-15,Active
ACC000233,CUST002358,BR097,19443500000232,Savings,199824.37,INR,2025-10-11,Active
ACC000234,CUST003069,BR034,45611800000233,Savings,61727.51,Inr,2023-04-20,Active
ACC000235,CUST004844,BR003,87528100000234,Current,86884.53,GBP,07/21/2022,Active
ACC000236,CUST000052,BR090,16360400000235,Savings,157702.63,INR,2023-07-19,Active
ACC000237,CUST001565,BR018,58395100000236,,61031.91,INR,2025-01-08,Active
ACC000238,CUST003995,BR028,48956200000237,Salary,70708.95,INR,2022.09.19,Active
ACC000239,CUST002452,BR078,80184700000238,Savings,13385.14,INR,2019-08-28,Active
ACC000240,CUST003696,BR052,96651600000239,Savings,54238.32,INR,2019-06-07,Active
ACC000241,CUST001176,BR060,57350200000240,Savings,79976.67,USD,2019-06-18,Active
ACC000242,CUST003599,BR088,53692600000241,Current,76333.78,USD,2025-01-19,Active
ACC000243,CUST002841,BR128,34877500000242,Savings,64455.76,INR,2020-04-11,Active
ACC000244,CUST002220,BR007,62853100000243,Salary,49179.48,INR,2019-08-25,Active
ACC000245,CUST003453,BR042,23156000000244,Current,78834.68,INR,2020-05-05,Active
ACC000246,CUST004335,BR047,55182300000245,Savings,141517.58,INR,2024-04-14,Active
ACC000247,CUST001038,BR037,15419100000246,Savings,50835.85,INR,2024-07-02,Active
ACC000248,CUST002747,BR014,29602700000247,Savings,28716.27,USD,2022-03-02,Active
ACC000249,CUST004913,BR041,25381600000248,Savings,135361.28,inr,2026-01-08,Closed
ACC000250,CUST004485,BR025,19731700000249,Salary,82601.65,INR,2024-06-20,Active
ACC000251,CUST001945,BR132,15932200000250,Current,25755.22,GBP,2018-12-11,Active
ACC000252,CUST004870,BR053,40031700000251,Current,100600.6,INR,2025-09-16,Active
ACC000253,CUST004160,BR052,36425700000252,Savings,110521.42,INR,2021-12-18,Active
ACC000254,CUST002341,BR104,56294400000253,Savings,-22697.25,INR,2023-11-03,Active
ACC000255,CUST002285,BR090,47278600000254,Savings,93441.99,INR,2018-06-04,Active
ACC000256,CUST003553,BR041,72727000000255,Salary,123936.69,GBP,2026-03-16,Active
ACC000257,CUST000883,BR045,70158600000256,Current,34490.38,INR,2025-06-15,Active
ACC000258,CUST002896,BR004,68271700000257,Savings,49201.28,INR,2026-01-19,Dormant
ACC000259,CUST002309,BR033,94116000000258,Salary,135812.72,GBP,2025-07-02,Active
ACC000260,CUST002533,BR060,57496400000259,Savings,118651.42,INR,2026-07-25,Active
ACC000261,CUST002532,BR064,56416300000260,Current,57273.66,INR,2022-07-04,Active
ACC000262,CUST004623,BR034,41983000000261,Salary,94776.38,INR,2021-12-23,Active
ACC000263,CUST001680,BR131,55543000000262,Current,50271.39,INR,2026-07-13,Active
ACC000264,CUST003277,BR117,33370600000263,Salary,137992.11,INR,2023-07-01,Active
ACC000265,CUST003584,BR066,99135000000264,Salary,23990.03,INR,12/18/2025,Closed
ACC000266,CUST004428,BR124,76889700000265,Savings,22564.27,INR,2020-03-14,Dormant
ACC000267,CUST003305,BR047,48138900000266,Current,79450.2,INR,2026-06-29,Active
ACC000268,CUST000413,BR101,90159500000267,Current,-69998.69,INR,2017-08-31,Active
ACC000269,CUST002888,BR119,85253000000268,Savings,309507.06,inr,2026-06-18,Active
ACC000270,CUST001160,BR092,66866800000269,Salary,89592.84,INR,2025-04-20,Active
ACC000271,CUST003621,BR047,36451800000270,Salary,29908.25,INR,2025-03-15,Active
ACC000272,CUST001472,BR110,19027900000271,Savings,46384.73,INR,2026-05-23,Active
ACC000273,CUST001890,BR017,19835000000272,Savings,38719.32,INR,2024-01-26,Active
ACC000274,CUST800002,BR057,81553500000273,Savings,35621.17,INR,2022-10-23,Active
ACC000275,CUST004067,BR128,21817200000274,Savings,80639.23,INR,2019-05-12,Active
ACC000276,CUST000548,BR098,63124800000275,Savings,57248.77,INR,2023-09-19,Active
ACC000277,CUST003190,BR054,53058500000276,Current,48913.96,INR,2023-09-06,Active
ACC000278,CUST001172,BR063,68845600000277,Savings,166301.93,inr,2021-08-16,Active
ACC000279,CUST003155,BR061,15453600000278,Savings,73308.05,INR,2020-01-13,Active
ACC000280,CUST002433,BR065,72256800000279,Savings,4010.5,INR,2025-12-10,Active
ACC000281,CUST000305,BR035,19831800000280,Salary,131657.96,INR,2026-01-19,Active
ACC000282,CUST003320,BR119,51600200000281,Salary,252640.94,INR,2015-03-25,Active
ACC000283,CUST003088,BR014,48420500000282,Savings,31185.16,INR,2025-04-15,Active
ACC000284,CUST003168,BR119,55921900000283,Savings,144866.33,Inr,2023-05-08,Active
ACC000285,CUST001549,BR083,14848800000284,Salary,26081.52,INR,2024-08-01,Active
ACC000286,CUST003570,BR061,38088000000285,Savings,14058.46,INR,2025-04-11,Active
ACC000287,CUST001757,BR120,45833100000286,Salary,30469.46,INR,2023-08-07,Closed
ACC000288,CUST004887,BR141,66334400000287,Savings,60474.81,INR,2021-10-05,Active
ACC000289,CUST001407,BR064,33408200000288,Savings,102651.59,Inr,2025-12-23,Active
ACC000290,CUST001216,BR082,54497200000289,Current,37934.04,INR,2014-03-12,Active
ACC000291,CUST001534,BR067,57329000000290,Savings,40513.75,Inr,2022-05-26,Dormant
ACC000292,CUST004010,BR074,40833400000291,Salary,65031.34,INR,2024-12-25,Active
ACC000293,CUST000673,BR054,13752400000292,Salary,55828.7,INR,2019-03-29,Active
ACC000294,CUST004778,BR076,30735600000293,Savings,179599.54,USD,2023-07-29,Active
ACC000295,CUST002553,BR004,47839800000294,Savings,85689.0,INR,2026-06-08,Active
ACC000296,CUST000255,BR117,66510100000295,Current,58904.92,INR,2022-03-11,Active
ACC000297,CUST000635,BR014,18589000000296,Salary,148939.42,Inr,2025-06-27,Active
ACC000298,CUST004310,BR146,50379000000297,Savings,142708.82,INR,2020-04-28,Active
ACC000299,CUST000750,BR059,41710600000298,Savings,58218.97,INR,2023-07-21,Active
ACC000300,CUST000446,BR104,28325000000299,Savings,147079.15,INR,2022-05-22,Active
ACC000301,CUST002154,BR005,70672600000300,Savings,121069.67,Inr,04/22/2015,Active
ACC000302,CUST001447,BR052,80130700000301,Salary,110512.71,INR,2015-08-16,Active
ACC000303,CUST003102,BR143,60100900000302,Salary,30932.71,INR,2023-09-22,Active
ACC000304,CUST002177,BR078,58613500000303,Salary,59858.69,INR,2023-12-07,Active
ACC000305,CUST000790,BR068,59493600000304,Current,72306.3,INR,2025-07-01,active
ACC000306,CUST003979,BR047,66887900000305,Salary,52190.76,USD,2014-09-07,Active
ACC000307,CUST004723,BR104,78851100000306,Savings,66023.3,GBP,2022-08-07,Active
ACC000308,CUST000548,BR099,60640500000307,Savings,82614.56,INR,2025-12-04,Active
ACC000309,CUST000218,BR079,87176100000308,Savings,14201.01,INR,2024-08-10,Active
ACC000310,CUST000477,BR150,66306500000309,Savings,66259.17,INR,2019-12-17,Active
ACC000311,CUST002681,BR083,51640200000310,Salary,141669.65,INR,2023-12-23,Dormant
ACC000312,CUST004160,BR130,18007400000311,Salary,-152627.18,INR,17/02/2022,Active
ACC000313,CUST004297,BR071,29870400000312,Savings,14635.87,INR,2019-01-09,Active
ACC000314,CUST001854,BR071,35722900000313,Savings,154781.89,INR,2026-06-25,Active
ACC000315,CUST000375,BR089,57075700000314,Savings,28698.25,INR,2022-04-05,Active
ACC000316,CUST003390,BR052,79608100000315,Savings,105495.4,INR,2022-02-02,Active
ACC000317,CUST001955,BR119,55894700000316,Current,80699.55,inr,2026-06-20,Active
ACC000318,CUST004848,BR068,81845300000317,Salary,215135.37,INR,2021-11-12,Active
ACC000319,CUST003364,BR041,86585000000318,Savings,21061.05,INR,2022-07-10,Dormant
ACC000320,CUST003637,BR048,14574300000319,Salary,322593.57,INR,2023-09-01,Active
ACC000321,CUST003493,BR050,64168200000320,Current,112586.82,INR,2025-10-28,Active
ACC000322,CUST003813,BR149,75978400000321,Savings,86355.47,GBP,2020-07-15,Dormant
ACC000323,CUST004354,BR048,96182600000322,Savings,37732.22,INR,2025-02-16,Active
ACC000324,CUST001921,BR031,30441000000323,Savings,37602.54,INR,2016-03-05,Active
ACC000325,CUST000098,BR103,71754800000324,Current,147008.69,INR,2022-02-19,Active
ACC000326,CUST000968,BR122,85103800000325,Salary,-85295.64,INR,2016-04-29,Active
ACC000327,CUST001346,BR064,54586300000326,Current,14977.37,INR,2023-01-28,Active
ACC000328,CUST003972,BR063,44843900000327,Salary,62267.72,inr,2023-02-20,Active
ACC000329,CUST001047,BR091,39688500000328,Savings,157471.03,INR,2018-05-31,Active
ACC000330,CUST003603,BR098,36906900000329,Savings,19307.44,INR,2024-10-02,Active
ACC000331,CUST001528,BR017,63049200000330,Savings,103589.68,inr,2021-12-10,Active
ACC000332,CUST000226,BR139,36210800000331,Salary,96010.08,INR,06/14/2024,Active
ACC000333,CUST001067,BR057,99260900000332,Savings,135555.37,INR,2026-06-30,Active
ACC000334,CUST000782,BR089,71573900000333,Salary,71375.34,INR,2023-08-16,Active
ACC000335,CUST002868,BR008,51217100000334,Savings,39405.48,INR,2023-01-26,Active
ACC000336,CUST001756,BR093,71266600000335,Savings,130676.93,INR,2025-08-13,Active
ACC000337,CUST002039,BR016,48204800000336,Current,68840.3,INR,2016-08-03,Active
ACC000338,CUST001007,BR006,64072300000337,Current,36155.27,INR,2023-03-21,Active
ACC000339,CUST000671,BR144,52961200000338,Current,77844.75,INR,2023-09-22,Active
ACC000340,CUST001353,BR020,95604300000339,Savings,163970.71,INR,2026-05-20,Active
ACC000341,CUST001214,BR113,29263800000340,Savings,9519.47,INR,2025-10-06,Active
ACC000342,CUST001584,BR082,37725700000341,Savings,,INR,2026-04-06,Active
ACC000343,CUST004499,BR037,74462900000342,Savings,73909.61,INR,2024-06-19,Active
ACC000344,CUST002675,BR056,65229200000343,Savings,117042.45,INR,2022-01-31,Active
ACC000345,CUST000412,BR022,32370700000344,Savings,47652.79,INR,2023-07-27,Active
ACC000346,CUST003802,BR092,49679100000345,Current,44484.79,INR,2024-11-12,Active
ACC000347,CUST003505,BR125,69913100000346,Savings,43466.85,INR,2023-02-08,Active
ACC000348,CUST002875,BR058,61046100000347,Savings,-51532.08,INR,2017-09-15,Active
ACC000349,CUST000528,BR140,93976800000348,Salary,107151.84,inr,03/04/2026,Active
ACC000350,CUST000906,BR027,23194400000349,Savings,47998.17,INR,2025-02-24,Active
ACC000351,CUST000639,BR142,35501100000350,Savings,48617.27,INR,2024-09-14,Active
ACC000352,CUST003623,BR120,92355800000351,Savings,25825.53,INR,2021-12-31,Active
ACC000353,CUST001301,BR010,71416900000352,Savings,35825.92,INR,2021-05-09,Active
ACC000354,CUST002698,BR127,88522200000353,Current,85822.15,INR,2024-06-22,Active
ACC000355,CUST001508,BR010,35585100000354,Savings,87780.03,INR,2025-12-03,Active
ACC000356,CUST004010,BR146,96056400000355,Savings,64187.81,INR,2025-12-17,Active
ACC000357,CUST000187,BR102,48888700000356,Savings,65204.37,INR,2026-06-21,Active
ACC000358,CUST001444,BR031,76380400000357,Savings,32200.2,USD,2023-02-28,Active
ACC000359,CUST000389,BR137,46135000000358,Savings,104008.8,INR,2013-11-22,Closed
ACC000360,CUST004316,BR047,73262800000359,Savings,55190.0,USD,2022-08-31,Active
ACC000361,CUST002508,BR018,90337800000360,Savings,83963.97,INR,2026-06-05,Active
ACC000362,CUST002632,BR043,14770700000361,Salary,146440.53,INR,2026-07-30,Closed
ACC000363,CUST002465,BR130,94475400000362,Savings,100943.22,EUR,2026-02-03,Active
ACC000364,CUST004672,BR140,49750400000363,Savings,79053.09,INR,2022-12-29,Active
ACC000365,CUST004094,BR139,57917600000364,Savings,67405.59,INR,2022-06-04,Dormant
ACC000366,CUST002277,BR090,13234600000365,Savings,46836.82,INR,2026-07-23,Active
ACC000367,CUST000896,BR028,14360200000366,Savings,46733.45,USD,2025-02-21,Closed
ACC000368,CUST001860,BR139,93516700000367,Savings,-39984.84,INR,2025-02-24,Active
ACC000369,CUST000420,BR079,94708700000368,Savings,134377.23,INR,2025-08-31,Active
ACC000370,CUST000042,BR134,63114400000369,Savings,33473.76,INR,2023-07-23,Active
ACC000371,CUST000775,BR015,66978900000370,Savings,50549.46,INR,2025-04-28,Active
ACC000372,CUST004525,BR037,15496900000371,Savings,69675.36,INR,2016.10.02,Active 
ACC000373,CUST004959,BR035,70224900000372,Savings,201486.34,INR,2020-10-27,Active
ACC000374,CUST000772,BR065,63866200000373,Savings,24486.02,INR,2024-10-05,Active
ACC000375,CUST800003,BR128,93340100000374,Salary,26256.97,INR,2026-04-27,Active
ACC000376,CUST001413,BR063,68121700000375,Current,130244.48,Inr,03/12/2024,Active
ACC000377,CUST003206,BR092,89087300000376,Current,93512.55,INR,2022-07-12,Active
ACC000378,CUST003178,BR074,98267200000377,Savings,78627.0,INR,2016-12-05,Active
ACC000379,CUST000182,BR144,94354200000378,Savings,112319.46,Inr,2024-07-27,Active
ACC000380,CUST002780,BR150,69111800000379,Current,34035.57,Inr,2022-12-17,Active
ACC000381,CUST001392,BR131,91536900000380,Savings,113233.31,INR,2022-07-26,Active
ACC000382,CUST003339,BR027,82715900000381,Salary,93033.45,INR,2022-04-28,Active
ACC000383,CUST004104,BR129,24669300000382,Salary,51348.96,INR,2020-04-12,Active
ACC000384,CUST001330,BR116,79805600000383,Savings,68042.99,INR,2019-03-06,Dormant
ACC000385,CUST004061,BR053,56677900000384,Savings,32740.59,inr,2023-11-06,Active
ACC000386,CUST004876,BR035,74952800000385,Savings,107933.1,INR,2022-07-01,active
ACC000387,CUST003926,BR149,64993000000386,Savings,25832.63,INR,2020-09-26,Active
ACC000388,CUST004625,BR111,19732900000387,Salary,27706.39,Inr,2023-07-04,Active
ACC000389,CUST000573,BR039,65216600000388,Savings,48592.74,INR,2025-09-10,Active
ACC000390,CUST002900,BR031,40092100000389,Savings,8922.79,INR,02/12/2022,Dormant
ACC000391,CUST004259,BR090,81555400000390,Savings,70662.09,INR,2024-05-09,Active
ACC000392,CUST003796,BR080,77806600000391,Current,82316.86,INR,2019-07-29,Active
ACC000393,CUST000642,BR125,90391400000392,Savings,145758.38,EUR,2024-12-10,Active
ACC000394,CUST003750,BR101,90404000000393,Savings,55833.95,INR,2026-06-27,Active
ACC000395,CUST003650,BR122,87640400000394,Current,,INR,2025-12-19,Active
ACC000396,CUST000066,BR065,24704000000395,Current,67336.3,INR,04/27/2013,Active
ACC000397,CUST000915,BR146,60608900000396,Current,122781.0,INR,2019-07-31,Active
ACC000398,CUST002823,BR145,10012200000397,Current,190688.26,INR,2026-07-18,active
ACC000399,CUST004638,BR142,38314100000398,Current,,INR,25/12/2025,Active
ACC000400,CUST003913,BR106,86558700000399,Salary,55213.67,USD,2019-08-29,Active
ACC000401,CUST002181,BR057,70980000000400,Current,79726.24,INR,2025-09-17,Active
ACC000402,CUST004771,BR024,31249600000401,Savings,66670.3,INR,2017-09-18,Dormant
ACC000403,CUST004132,BR084,84375300000402,Salary,26686.08,GBP,2016-06-16,Active
ACC000404,CUST001120,BR056,57370500000403,Salary,47659.61,INR,2026-07-02,Active
ACC000405,CUST001096,BR026,79971800000404,Savings,90780.13,INR,2022-12-06,Active
ACC000406,CUST004722,BR048,99227300000405,Salary,116485.25,INR,2018-01-15,Active
ACC000407,CUST000956,BR121,53220800000406,Salary,214969.09,INR,2026-07-21,Active
ACC000408,CUST004310,BR045,77174500000407,Savings,20064.18,INR,2025-10-14,Active
ACC000409,CUST003187,BR015,56324700000408,Savings,90977.63,INR,2021-11-19,Active
ACC000410,CUST004529,BR032,24619400000409,Savings,22499.59,INR,2024-02-11,Active
ACC000411,CUST003537,BR027,70520000000410,Current,174360.69,INR,2025-07-26,Active
ACC000412,CUST003755,BR028,93413400000411,Salary,62130.74,inr,2024-06-29,Dormant
ACC000413,CUST004053,BR065,86174300000412,Savings,104369.85,Inr,2026-07-23,Active
ACC000414,CUST004241,BR131,29412000000413,Salary,15466.92,INR,2026-03-15,Active
ACC000415,CUST003760,BR057,89107300000414,Salary,85522.84,INR,2017-02-12,Active
ACC000416,CUST003955,BR149,84333700000415,Current,149287.45,INR,2026-02-04,Active
ACC000417,CUST003081,BR131,28717800000416,Savings,128095.05,INR,2019-04-02,Active
ACC000418,CUST000945,BR025,10992100000417,Savings,75751.45,INR,2025-04-25,Active
ACC000419,CUST001116,BR091,91526700000418,Savings,35967.0,INR,2022-10-28,Active
ACC000420,CUST003665,BR119,31171100000419,Savings,97396.68,INR,2026-05-01,Active
ACC000421,CUST001237,BR107,11491300000420,Savings,83569.46,INR,2024-12-17,Active
ACC000422,CUST800004,BR035,19962800000421,Savings,143511.4,inr,2026-03-24,Dormant
ACC000423,CUST003099,BR107,98766300000422,Current,35749.87,INR,2024-07-02,Active
ACC000424,CUST003179,BR079,60166900000423,Salary,88669.78,INR,2021-08-03,Active
ACC000425,CUST003820,BR036,45995300000424,Savings,105053.68,INR,2026-01-15,Active
ACC000426,CUST000843,BR030,64286000000425,Current,15359.82,INR,2023-03-06,Dormant
ACC000427,CUST002980,BR056,31785400000426,Savings,48404.11,INR,2021-03-28,Active
ACC000428,CUST001862,BR041,73609100000427,Savings,101566.73,GBP,2020-09-11,Active
ACC000429,CUST001672,BR082,14018900000428,Savings,41048.77,INR,2024-09-21,active
ACC000430,CUST001887,BR062,36385900000429,Savings,147174.67,INR,2023-10-08,Active
ACC000431,CUST002175,BR018,37918500000430,Salary,154899.91,INR,2026-01-13,Active
ACC000432,CUST000649,BR106,95405000000431,Savings,59731.02,INR,2020-06-13,Active
ACC000433,CUST001429,BR010,68511600000432,Savings,10497.51,INR,2015-08-24,Active
ACC000434,CUST004267,BR072,11224700000433,Savings,61116.19,INR,2024-08-04,Active
ACC000435,CUST004336,BR009,32997300000434,Salary,,INR,2021-05-18,Active
ACC000436,CUST000322,BR122,38742200000435,Savings,194475.0,GBP,2025-09-05,Active
ACC000437,CUST003999,BR049,81747700000436,Salary,41816.89,INR,2026-07-03,Active
ACC000438,CUST003693,BR015,15282700000437,Savings,54517.62,INR,2025-12-15,Active
ACC000439,CUST000248,BR038,90140700000438,Savings,57337.9,INR,2024-05-02,Closed
ACC000440,CUST001457,BR086,43042400000439,Savings,57994.07,INR,2025-05-04,Active
ACC000441,CUST003754,BR118,41374400000440,Salary,30073.09,INR,2023-04-15,Active
ACC000442,CUST002211,BR017,95148700000441,Salary,15614.58,INR,2025-10-14,Active
ACC000443,CUST000864,BR048,22664400000442,Savings,43374.6,INR,2022.03.15,Active
ACC000444,CUST001362,BR018,37141600000443,Savings,80478.81,INR,2026-01-06,Active
ACC000445,CUST004565,BR037,59373500000444,Savings,127567.24,INR,2026-07-17,Dormant
ACC000446,CUST003693,BR047,37475700000445,Salary,54104.8,INR,2021-11-28,Active
ACC000447,CUST003716,BR089,64045200000446,Current,62583.32,INR,2026-07-22,Active
ACC000448,CUST001861,BR016,36369100000447,Savings,39127.79,GBP,2025-12-07,Active
ACC000449,CUST000081,BR092,27882800000448,Savings,89099.32,INR,2023-01-12,Active
ACC000450,CUST001783,BR117,84345400000449,Savings,81482.13,INR,2023-08-04,Active
ACC000451,CUST001329,BR142,88002200000450,Salary,146653.6,inr,2022-09-05,Active
ACC000452,CUST001913,BR077,63042500000451,Savings,13123.2,INR,2026-02-09,Active
ACC000453,CUST002951,BR073,76958600000452,Savings,78354.7,INR,2024-09-25,Closed
ACC000454,CUST004542,BR097,47520500000453,Current,114554.47,INR,2019-05-10,Active
ACC000455,CUST004777,BR150,74283600000454,Savings,57735.34,INR,2023-05-18,Active
ACC000456,CUST004532,BR009,43048900000455,Current,22091.59,INR,2024-01-21,Dormant
ACC000457,CUST004680,BR028,40358500000456,Savings,49323.37,INR,2025-05-01,Active
ACC000458,CUST003925,BR034,71481200000457,Salary,219428.41,INR,2025-12-16,Active
ACC000459,CUST001698,BR028,71609300000458,Savings,124796.73,INR,2023-06-15,Active
ACC000460,CUST003403,BR079,98408600000459,Savings,75856.53,INR,29/07/2022,Active
ACC000461,CUST002734,BR008,15121000000460,Salary,64320.36,INR,2023-10-22,Active
ACC000462,CUST003002,BR013,50506900000461,Salary,36920.85,INR,2026-06-13,Active
ACC000463,CUST000565,BR101,40312300000462,Savings,76377.18,INR,2025-08-15,Active
ACC000464,CUST003478,BR025,30226100000463,Current,150408.66,INR,2025-10-16,Active
ACC000465,CUST003621,BR050,40311300000464,Savings,68312.58,INR,2026-04-21,Active
ACC000466,CUST001135,BR004,45743500000465,Savings,150952.28,INR,2026-06-24,Active 
ACC000467,CUST004528,BR115,82159400000466,Savings,255788.62,INR,2024-09-18,Active
ACC000468,CUST002880,BR137,26165700000467,Savings,44204.95,inr,2026-06-20,Dormant
ACC000469,CUST001846,BR104,83657600000468,Savings,45348.44,INR,2020-11-03,Active
ACC000470,CUST002081,BR065,69527100000469,Salary,32091.17,INR,2023-08-16,Active
ACC000471,CUST000766,BR060,98934400000470,,47272.02,INR,2018-04-24,Active
ACC000472,CUST000813,BR007,11973100000471,Savings,43981.98,INR,2025-03-25,Active
ACC000473,CUST002619,BR039,87988800000472,Current,47828.2,inr,2025-02-01,Active
ACC000474,CUST001281,BR070,49655200000473,Savings,16544.38,INR,2026-02-15,Active
ACC000475,CUST001578,BR008,21431000000474,Savings,54002.98,INR,2021-06-11,Active
ACC000476,CUST003261,BR134,12619600000475,Savings,150401.38,INR,2025-12-14,Active
ACC000477,CUST004916,BR094,18028600000476,Savings,89841.38,inr,2026-07-02,Active
ACC000478,CUST004754,BR029,13112700000477,Salary,52143.89,GBP,2025-08-16,Active
ACC000479,CUST003977,BR133,62031100000478,Savings,93945.2,INR,2021-08-29,Active
ACC000480,CUST004132,BR036,44118100000479,Salary,105557.18,INR,2022-04-29,Active
ACC000481,CUST004497,BR099,54887500000480,Savings,51639.44,INR,2026-05-28,Active
ACC000482,CUST001542,BR148,77959900000481,Savings,100862.3,inr,2012-09-06,Active
ACC000483,CUST001712,BR055,73945300000482,Savings,4755.28,INR,2026-01-19,Active
ACC000484,CUST800005,BR129,70095600000483,Current,177465.99,INR,2026-04-02,Active
ACC000485,CUST004946,BR139,52972800000484,Savings,79419.69,Inr,2021-04-01,Active
ACC000486,CUST003114,BR083,90943800000485,Savings,113326.12,INR,2019.10.24,Active
ACC000487,CUST004018,BR098,65006600000486,Savings,118736.27,INR,2025-12-11,Active
ACC000488,CUST004155,BR028,48556800000487,Current,315347.06,Inr,2013-11-20,Active
ACC000489,CUST001516,BR127,80043200000488,Savings,260602.05,INR,2026-03-28,Active
ACC000490,CUST000761,BR033,24605400000489,Salary,53412.71,INR,2020-06-19,Active
ACC000491,CUST003282,BR045,94609700000490,Savings,92371.24,INR,2026-06-06,Active
ACC000492,CUST000295,BR130,16824600000491,Savings,131479.11,INR,2024-07-18,Active
ACC000493,CUST000869,BR032,56456800000492,,102233.74,INR,2026-07-06,Active
ACC000494,CUST000169,BR102,32120800000493,Savings,23579.79,Inr,2026-07-25,Active
ACC000495,CUST002684,BR055,78608900000494,Savings,71243.42,INR,2022-10-10,Active
ACC000496,CUST003362,BR053,55232200000495,Current,172245.5,inr,2025-06-23,Active
ACC000497,CUST001012,BR137,79516700000496,Savings,52997.13,inr,2025-08-31,Dormant
ACC000498,CUST002831,BR004,35046100000497,Savings,67698.34,INR,2019-05-19,Active
ACC000499,CUST000425,BR113,80514400000498,Savings,50286.71,INR,2025-04-01,Active
ACC000500,CUST003181,BR021,78301600000499,Salary,90183.39,inr,2023-10-16,Active
ACC000501,CUST002525,BR121,84007400000500,Savings,104680.77,INR,2020-01-30,Active
ACC000502,CUST002899,BR110,69363500000501,Current,25941.62,INR,2021-01-27,Active
ACC000503,CUST003821,BR093,81040800000502,Salary,88630.56,INR,2026-07-15,Dormant 
ACC000504,CUST000837,BR098,48539100000503,Current,32589.49,inr,2024-07-20,Active
ACC000505,CUST000596,BR003,66403200000504,Savings,21129.91,EUR,2020-05-28,Active
ACC000506,CUST003237,BR054,74223900000505,Salary,141080.34,INR,2022-01-18,Dormant
ACC000507,CUST003472,BR110,78545000000506,Salary,114009.9,INR,2026-06-23,Active
ACC000508,CUST003446,BR089,51481700000507,Savings,44953.72,INR,2026-05-08,Active
ACC000509,CUST004907,BR030,74519600000508,Current,135630.28,INR,2023-02-17,Active
ACC000510,CUST001923,BR114,13931800000509,Savings,15208.17,INR,2021-03-05,Active
ACC000511,CUST002638,BR045,20062300000510,,33808.79,Inr,2022-12-23,Active
ACC000512,CUST003156,BR097,76363700000511,Current,40147.98,INR,2019-12-12,Active
ACC000513,CUST004228,BR096,11717900000512,Savings,78043.03,INR,2023-06-04,Active
ACC000514,CUST001560,BR036,69498200000513,Savings,239618.26,INR,2026-03-29,Active
ACC000515,CUST001147,BR008,74905500000514,Savings,23672.09,INR,31/10/2024,Active
ACC000516,CUST002046,BR143,56917400000515,Savings,32009.88,Inr,2020-02-22,Active
ACC000517,CUST003468,BR114,60915400000516,Salary,117426.54,Eur,2023-01-02,Active
ACC000518,CUST003151,BR004,23163100000517,Salary,65352.37,INR,2023-01-17,Active
ACC000519,CUST001259,BR030,39238700000518,Current,102932.04,INR,2023-02-26,Active
ACC000520,CUST000351,BR084,56321600000519,Salary,82491.01,INR,2021-01-20,Closed
ACC000521,CUST002369,BR133,83683700000520,Savings,94534.08,Eur,2016-10-25,Active
ACC000522,CUST001056,BR034,33409000000521,Savings,11570.59,INR,2026-03-12,Active
ACC000523,CUST003750,BR079,90774100000522,Salary,62524.8,USD,2025-11-04,Active
ACC000524,CUST001321,BR107,97458100000523,Current,158124.54,INR,2025-08-18,Active
ACC000525,CUST000362,BR132,61951200000524,Salary,237564.44,INR,2022-05-26,Active
ACC000526,CUST004045,BR085,51865500000525,Current,95080.07,inr,2025-11-26,Active
ACC000527,CUST002186,BR063,81167700000526,Savings,231214.96,INR,2025-10-17,active
ACC000528,CUST003059,BR030,80646700000527,Current,,INR,2026-05-27,Active
ACC000529,CUST000601,BR083,65435800000528,Savings,88690.85,INR,2026-02-15,Active
ACC000530,CUST003495,BR076,61446600000529,Savings,94725.11,INR,2024-12-25,Dormant
ACC000531,CUST003899,BR134,69444900000530,Current,39395.31,INR,2025-10-28,Active
ACC000532,CUST003143,BR078,83856400000531,Current,42492.67,INR,2025-01-26,Active
ACC000533,CUST003924,BR116,44424200000532,Savings,34362.66,INR,2018-08-28,Active
ACC000534,CUST000402,BR064,51765800000533,Current,37203.36,INR,2022-03-05,Active
ACC000535,CUST002686,BR075,59931200000534,Salary,23394.54,INR,2019-08-23,Active
ACC000536,CUST001150,BR007,61954400000535,Savings,84352.55,INR,2026-01-24,active
ACC000537,CUST002347,BR075,27691900000536,Savings,,INR,2018-10-14,Active
ACC000538,CUST001551,BR032,53434400000537,Savings,58665.11,INR,2026-06-03,Active
ACC000539,CUST000970,BR049,73951100000538,Savings,-79311.79,INR,2025-12-18,Dormant
ACC000540,CUST000197,BR146,94895400000539,Savings,158029.94,INR,2025-03-18,Active
ACC000541,CUST001954,BR102,11473500000540,Savings,24558.81,INR,2021-03-27,Dormant
ACC000542,CUST000523,BR029,21588600000541,Savings,103163.7,INR,2024-07-28,Active
ACC000543,CUST002608,BR084,48528000000542,Savings,62060.32,INR,2026-05-27,Active
ACC000544,CUST004140,BR069,41432400000543,Savings,32232.46,INR,2023-08-13,Active
ACC000545,CUST002363,BR114,84702200000544,Salary,62230.65,INR,2024-09-12,Active
ACC000546,CUST001489,BR045,59592700000545,Savings,116200.58,inr,2020-02-10,Active
ACC000547,CUST003459,BR097,50615400000546,Savings,116091.28,INR,2023-10-01,Dormant
ACC000548,CUST004759,BR114,18061500000547,Savings,33269.21,INR,2018-04-28,Active
ACC000549,CUST001293,BR109,13182500000548,Salary,67615.7,INR,2025-10-25,Dormant
ACC000550,CUST003193,BR087,85651400000549,Savings,67674.43,INR,2024-02-03,Active
ACC000551,CUST000429,BR003,61209000000550,Salary,22409.03,Inr,2022-08-15,Active
ACC000552,CUST001607,BR108,88437900000551,Savings,50638.73,INR,2022-04-26,Active
ACC000553,CUST004994,BR145,50929600000552,Savings,58292.85,INR,2025-09-20,Active
ACC000554,CUST003483,BR096,28695700000553,Savings,206631.85,INR,2026-07-23,Active
ACC000555,CUST002748,BR089,64777500000554,Current,98591.92,EUR,2025-04-30,Active
ACC000556,CUST004968,BR076,94633700000555,Salary,70760.61,INR,2026-05-31,Active
ACC000557,CUST001724,BR014,20230500000556,Savings,102770.04,INR,2015-06-23,Active
ACC000558,CUST003458,BR145,65272800000557,Salary,50655.79,INR,2023-05-16,Active
ACC000559,CUST001060,BR057,36052300000558,Savings,92925.77,INR,2023.12.02,Active
ACC000560,CUST002336,BR106,63372200000559,Savings,27809.99,INR,2026-06-28,Active 
ACC000561,CUST000144,BR083,56434400000560,Salary,41533.55,INR,2024-10-21,Active
ACC000562,CUST002710,BR104,41373100000561,Savings,46795.09,INR,16/01/2018,Active
ACC000563,CUST001137,BR013,37682700000562,Salary,12121.77,INR,2024-01-12,Active
ACC000564,CUST004819,BR104,61265900000563,Savings,124604.0,EUR,2024-12-12,Active
ACC000565,CUST001335,BR083,59185900000564,Savings,123230.71,INR,2025-06-30,Active
ACC000566,CUST003171,BR071,33221200000565,Savings,33222.45,Inr,2026-01-25,Active
ACC000567,CUST003633,BR113,38211300000566,Salary,18808.95,INR,2021-09-22,Active
ACC000568,CUST000080,BR097,13128600000567,Salary,95308.11,INR,2026-07-14,Active
ACC000569,CUST002854,BR114,42536700000568,Salary,36063.95,INR,2025-10-04,Active
ACC000570,CUST000482,BR091,76197200000569,Current,106654.69,INR,2026-07-21,Closed
ACC000571,CUST800006,BR118,83189900000570,Current,95095.48,INR,2021-02-10,Active
ACC000572,CUST000914,BR134,96200900000571,Savings,139211.79,INR,26/12/2020,Active
ACC000573,CUST000943,BR123,63857800000572,Current,41422.39,INR,2018-12-08,Active
ACC000574,CUST003087,BR147,18046500000573,Savings,48804.99,INR,2026-03-04,Active
ACC000575,CUST003730,BR081,18902500000574,Savings,36124.13,INR,2022-11-08,Active
ACC000576,CUST002562,BR073,63634600000575,Current,13422.93,INR,2024-06-26,Closed
ACC000577,CUST004193,BR011,26448900000576,Savings,64545.59,INR,2023-04-14,Active
ACC000578,CUST003805,BR091,33013000000577,Savings,158806.74,INR,2025-06-26,Active
ACC000579,CUST004520,BR103,44615000000578,Salary,62524.46,INR,2024-08-07,Active
ACC000580,CUST001209,BR044,43736700000579,Salary,36392.56,INR,2024-06-05,Active
ACC000581,CUST000633,BR007,66601000000580,Savings,4032.79,INR,2025-10-20,Dormant
ACC000582,CUST001186,BR127,35384600000581,Savings,39967.89,INR,2022-03-01,Closed
ACC000583,CUST004379,BR019,66242800000582,Savings,49133.75,INR,2023-07-11,Active
ACC000584,CUST002058,BR107,16105900000583,Savings,94150.97,inr,2024-11-28,Active
ACC000585,CUST004672,BR147,80530900000584,Savings,118232.43,EUR,2024-02-20,Active
ACC000586,CUST002035,BR139,98796500000585,Salary,16615.07,INR,2026-04-25,Closed
ACC000587,CUST004965,BR033,21728600000586,Savings,45572.86,INR,2023-09-14,Dormant
ACC000588,CUST003135,BR091,61647200000587,Savings,78676.47,INR,2017-02-13,Active
ACC000589,CUST000799,BR142,86935800000588,Savings,122636.28,Inr,2019-02-27,Active
ACC000590,CUST004810,BR107,60626300000589,Salary,43964.68,INR,2024-02-16,Active
ACC000591,CUST002590,BR044,90478500000590,Current,131432.67,INR,2020-10-08,Active
ACC000592,CUST000763,BR015,61994400000591,Salary,82386.68,INR,2023-05-06,Active
ACC000593,CUST001170,BR078,13867300000592,Current,67979.23,INR,2023-02-06,Active
ACC000594,CUST003202,BR092,17482100000593,Savings,42902.71,INR,2017-11-28,Active
ACC000595,CUST000506,BR029,76228200000594,Savings,86403.2,INR,2021-01-14,Active
ACC000596,CUST001569,BR057,45608100000595,Savings,12464.41,INR,2017-04-19,Active
ACC000597,CUST004783,BR063,88191100000596,Savings,61887.55,INR,2025-05-31,Active
ACC000598,CUST002459,BR077,93207100000597,Savings,108573.86,INR,2015-04-28,Active
ACC000599,CUST004122,BR009,27201300000598,Salary,75406.96,INR,2025-09-29,Active
ACC000600,CUST001475,BR049,59570600000599,Savings,70273.58,INR,2019-06-05,Closed
ACC000601,CUST001078,BR127,72657000000600,Savings,42246.28,INR,2026-01-23,Closed
ACC000602,CUST003909,BR044,45836700000601,Savings,78645.42,INR,2023-09-27,Closed
ACC000603,CUST002478,BR121,89384600000602,Savings,,INR,2020-01-19,Dormant
ACC000604,CUST001624,BR124,29153800000603,Savings,-70595.98,INR,14/10/2019,Active
ACC000605,CUST000963,BR130,35862400000604,Salary,107594.72,INR,2026-04-20,Active
ACC000606,CUST001942,BR084,32276900000605,Savings,4079.12,INR,2026-05-24,Active
ACC000607,CUST001482,BR055,26420000000606,Current,10443.45,INR,2026-03-06,Active
ACC000608,CUST004405,BR038,82421200000607,Current,71882.94,INR,2012-01-02,Active
ACC000609,CUST003647,BR081,84459800000608,Savings,93338.52,Inr,2022-05-22,Active
ACC000610,CUST004963,BR116,67618300000609,Savings,135657.34,INR,2023-03-24,Active
ACC000611,CUST003656,BR125,28179100000610,Savings,123310.38,INR,2025-11-12,Active
ACC000612,CUST004653,BR012,39560600000611,Salary,224033.46,INR,2026-05-17,Dormant
ACC000613,CUST000819,BR140,20817500000612,Current,,Inr,2022-05-20,Active
ACC000614,CUST000219,BR044,90800900000613,Savings,43194.98,GBP,2019-11-05,Active
ACC000615,CUST002241,BR039,56390700000614,Savings,70324.66,INR,2020-11-02,active
ACC000616,CUST000888,BR051,11797400000615,Current,23149.7,INR,2026-02-10,Active
ACC000617,CUST002280,BR055,93495800000616,Savings,23715.0,INR,07/11/2022,Active
ACC000618,CUST004143,BR027,78616500000617,Savings,32136.33,INR,2025-03-02,Active
ACC000619,CUST002814,BR049,69080700000618,,40386.72,INR,2025-02-12,Active
ACC000620,CUST003348,BR127,57710500000619,Salary,20426.7,EUR,2017-04-22,Active
ACC000621,CUST004675,BR004,16822300000620,Salary,82244.92,INR,2022-05-04,Active
ACC000622,CUST004427,BR102,90516700000621,Current,39435.3,INR,2021-12-29,Active
ACC000623,CUST002434,BR132,17846500000622,Salary,96237.53,GBP,2024-05-15,Active
ACC000624,CUST001643,BR101,88813600000623,Savings,53766.97,INR,2023-02-07,Active
ACC000625,CUST004035,BR072,17415400000624,Savings,31551.84,INR,2015-09-19,Active
ACC000626,CUST004266,BR089,38721700000625,Savings,84359.38,INR,2025-09-17,Active
ACC000627,CUST000345,BR081,99986300000626,Current,293637.05,EUR,2024-03-31,Active
ACC000628,CUST001163,BR057,13123600000627,Salary,47197.64,INR,2026-05-20,Active
ACC000629,CUST003762,BR128,47953300000628,Salary,121421.41,INR,2022-11-16,Active
ACC000630,CUST004873,BR099,88470700000629,Savings,13748.34,INR,2020-01-09,Active
ACC000631,CUST004946,BR009,10314900000630,Savings,57828.89,Inr,2021-06-07,Active
ACC000632,CUST003036,BR111,84397400000631,Savings,65459.62,INR,2015-05-28,Active
ACC000633,CUST002555,BR037,36004300000632,Current,139821.73,INR,2025-10-11,Active
ACC000634,CUST800007,BR081,24401900000633,Current,131468.77,INR,2022-11-17,Dormant
ACC000635,CUST004618,BR026,96835000000634,Current,45831.75,INR,2026-06-02,Active
ACC000636,CUST004279,BR071,57988200000635,Savings,136157.29,INR,2025-10-20,Closed
ACC000637,CUST003843,BR022,55866500000636,Savings,33331.75,inr,2022-10-17,Active
ACC000638,CUST003912,BR034,43788500000637,Savings,66547.66,INR,2025-11-13,Active
ACC000639,CUST000604,BR131,90162400000638,Savings,206412.56,INR,2019-11-05,Active
ACC000640,CUST002492,BR013,75439500000639,Savings,38359.41,INR,2021-01-18,Dormant
ACC000641,CUST004462,BR046,74456200000640,Salary,116922.43,INR,27/11/2024,Active
ACC000642,CUST004589,BR007,88313200000641,Salary,37748.89,INR,2025-05-27,Active
ACC000643,CUST003651,BR029,41500600000642,Current,110291.52,INR,2018-11-12,Active
ACC000644,CUST000807,BR108,66213000000643,Savings,77137.49,eur,2022-10-28,Active
ACC000645,CUST004955,BR083,19453900000644,Savings,54982.73,INR,2021-08-26,Dormant
ACC000646,CUST003376,BR053,95465600000645,Savings,20916.64,INR,2021-09-30,Active
ACC000647,CUST002727,BR014,44763600000646,Savings,48062.26,INR,2025-12-18,Active
ACC000648,CUST004708,BR107,14645400000647,,97192.07,INR,2025-11-21,Dormant
ACC000649,CUST004537,BR039,33276200000648,Savings,284473.4,INR,2022-12-09,Active
ACC000650,CUST003371,BR077,45755700000649,Salary,95308.24,INR,2025-10-29,Active
ACC000651,CUST003180,BR020,15657100000650,Salary,142257.95,inr,2026-06-02,Active
ACC000652,CUST004786,BR068,41417900000651,Salary,54561.36,INR,2026-06-30,Active
ACC000653,CUST001816,BR132,53428000000652,Savings,57744.32,INR,2020-12-19,Active
ACC000654,CUST001952,BR095,32895300000653,Savings,60229.51,INR,2020-06-15,Active
ACC000655,CUST003959,BR072,79579000000654,Savings,232173.88,GBP,2020-10-27,Active
ACC000656,CUST003154,BR028,42557700000655,Current,51651.0,inr,2024-09-11,Active
ACC000657,CUST001922,BR040,91376500000656,Savings,29146.1,INR,2018-01-13,Active
ACC000658,CUST001055,BR147,21445800000657,Savings,18346.77,INR,2026-06-19,Dormant
ACC000659,CUST000917,BR141,80432100000658,Savings,38536.65,INR,2020-09-24,Active
ACC000660,CUST004215,BR050,55169300000659,Savings,17248.03,INR,2024-12-19,Dormant
ACC000661,CUST002857,BR097,82036800000660,Savings,89610.06,INR,2023-03-12,Active
ACC000662,CUST004339,BR116,38887900000661,Savings,67491.28,INR,2025-12-16,Active
ACC000663,CUST001948,BR062,84538500000662,Savings,100325.83,INR,2025-09-26,Active
ACC000664,CUST002005,BR038,63057200000663,,135071.75,inr,2026-04-24,Active
ACC000665,CUST000974,BR051,34051100000664,Savings,35511.41,INR,2026-07-18,Active
ACC000666,CUST002736,BR071,48372600000665,Savings,77634.69,INR,2021-05-22,Active
ACC000667,CUST000697,BR055,25650800000666,Salary,66654.99,INR,2021-07-17,Active
ACC000668,CUST004998,BR075,10412400000667,Salary,39264.22,INR,2022-05-06,Active
ACC000669,CUST003952,BR024,46047400000668,Savings,38386.23,INR,2025-01-11,Active
ACC000670,CUST001460,BR046,57568300000669,Salary,133454.42,INR,2019-10-10,Active
ACC000671,CUST000939,BR027,74035800000670,Savings,73067.16,INR,2026-06-26,Active
ACC000672,CUST000434,BR053,59624500000671,Current,22863.46,INR,19/06/2025,Active
ACC000673,CUST003401,BR043,35769100000672,Salary,106399.33,INR,2025-08-23,Active
ACC000674,CUST003342,BR066,86011600000673,Savings,43184.09,INR,2023-03-13,Active
ACC000675,CUST004621,BR150,99031000000674,Savings,74026.32,INR,2022-04-19,Active
ACC000676,CUST003474,BR126,36001600000675,Savings,8125.35,INR,2026-02-24,Active
ACC000677,CUST002697,BR093,68334600000676,Current,43288.25,INR,2025.09.22,Active
ACC000678,CUST003676,BR076,76771700000677,Salary,89137.63,INR,2017-12-02,Active
ACC000679,CUST001420,BR050,13060200000678,Savings,29576.2,INR,2026-06-17,Active
ACC000680,CUST002105,BR014,88839200000679,Savings,18253.98,INR,2026.03.23,Active
ACC000681,CUST800008,BR093,80019500000680,Current,42572.43,INR,2026-03-29,Active
ACC000682,CUST000846,BR033,72195300000681,Savings,85358.4,INR,2026-07-22,Active
ACC000683,CUST004164,BR006,22858200000682,Savings,126533.09,INR,2022-11-27,Closed
ACC000684,CUST004140,BR148,20018300000683,Savings,118054.9,EUR,2021-05-14,Active
ACC000685,CUST000042,BR032,61898200000684,Savings,108673.22,Inr,2024-04-22,Active
ACC000686,CUST000663,BR014,47815700000685,Savings,163362.13,INR,2023.05.18,Active
ACC000687,CUST003338,BR090,15572700000686,Current,130773.53,INR,2020-04-24,Active
ACC000688,CUST002649,BR098,46018700000687,Savings,92246.2,INR,2021-11-25,Active
ACC000689,CUST003692,BR042,20887400000688,Savings,75481.64,Inr,2025-10-14,Active
ACC000690,CUST003189,BR032,32476300000689,Current,67665.54,INR,2024-01-04,Active
ACC000691,CUST000091,BR021,62424000000690,Savings,49031.96,INR,2021-07-28,Dormant
ACC000692,CUST003777,BR065,40538000000691,Salary,60886.64,INR,2018-08-26,Active
ACC000693,CUST000388,BR061,15695500000692,Salary,-37140.54,EUR,2026-06-28,Active
ACC000694,CUST001263,BR054,73080000000693,Savings,105743.23,INR,2021-08-19,Active
ACC000695,CUST004272,BR139,10610800000694,Salary,25264.61,INR,2025-06-08,Active
ACC000696,CUST000961,BR147,43996300000695,Salary,110099.95,INR,2023-11-11,Dormant
ACC000697,CUST003021,BR132,16799600000696,Savings,271329.92,INR,2021.04.10,Closed
ACC000698,CUST001511,BR083,28063000000697,Salary,19612.08,INR,2025-09-29,Active
ACC000699,CUST001285,BR145,83738500000698,Savings,104999.42,EUR,2018.06.15,Active
ACC000700,CUST001062,BR038,81808700000699,Salary,46474.9,INR,2025-05-07,Active
ACC000701,CUST003930,BR112,63217800000700,Current,132606.78,INR,2026-07-14,Active
ACC000702,CUST002773,BR091,44889400000701,Salary,81113.66,INR,2026-05-09,Active
ACC000703,CUST002246,BR093,42395100000702,Savings,23289.83,INR,2026-07-02,Active
ACC000704,CUST004354,BR011,48328900000703,Current,68732.51,INR,2025-08-25,Active
ACC000705,CUST002521,BR022,59916800000704,Savings,81398.03,INR,2023-06-01,Closed
ACC000706,CUST002413,BR139,17551000000705,Salary,53109.21,Inr,2026-04-15,Active
ACC000707,CUST000541,BR041,46136700000706,Savings,73539.0,USD,2023-05-04,Closed
ACC000708,CUST000919,BR052,80878200000707,Savings,51002.02,INR,2024-01-23,Active
ACC000709,CUST003825,BR103,52043900000708,Salary,52453.63,INR,2024-08-28,Active
ACC000710,CUST003955,BR133,17609100000709,Savings,9469.25,INR,2021-10-05,Active
ACC000711,CUST004124,BR060,49334100000710,Current,16483.33,INR,2025-10-15,ACTIVE
ACC000712,CUST003011,BR122,61459600000711,Savings,18091.54,Inr,2025-01-16,Active
ACC000713,CUST003469,BR093,67911600000712,Savings,35875.87,INR,2024-08-10,Active
ACC000714,CUST001620,BR029,78372400000713,Salary,16694.3,INR,2025.03.27,Active
ACC000715,CUST001682,BR084,24849600000714,Salary,24174.0,INR,2022-06-11,Active
ACC000716,CUST002989,BR145,21244700000715,Savings,75111.61,INR,2026-07-30,Active
ACC000717,CUST002066,BR148,59701700000716,Current,99950.41,INR,2025-09-23,Active
ACC000718,CUST004645,BR149,37242800000717,Savings,53652.42,inr,2025-10-12,Active
ACC000719,CUST003612,BR011,97464400000718,Salary,73340.39,inr,2025-12-21,Active
ACC000720,CUST003236,BR121,99007000000719,Current,77212.15,INR,2021-06-13,Active
ACC000721,CUST004515,BR072,59951300000720,Savings,208030.22,INR,2026-01-05,Dormant
ACC000722,CUST001173,BR068,50149300000721,Savings,16249.37,INR,2023-08-11,Active
ACC000723,CUST001404,BR064,55987100000722,Savings,57817.54,INR,2025-06-02,Closed
ACC000724,CUST000064,BR101,62089500000723,Salary,17388.13,INR,2023-01-01,active
ACC000725,CUST000059,BR076,92833900000724,Savings,74516.2,Inr,2026-03-14,Active
ACC000726,CUST002675,BR013,87755400000725,Savings,25184.22,INR,2022-09-13,Active
ACC000727,CUST003498,BR059,10682900000726,Savings,43874.25,INR,2025-08-18,Active
ACC000728,CUST002006,BR139,90995100000727,,15968.45,usd,2019-08-01,Active
ACC000729,CUST001142,BR021,30695600000728,Current,51383.53,INR,2026-06-12,Active
ACC000730,CUST003550,BR034,40686300000729,Savings,54301.33,GBP,2026-02-14,Active
ACC000731,CUST004776,BR017,52258900000730,Savings,53053.25,Inr,2021-03-01,Active
ACC000732,CUST004403,BR108,85814200000731,Savings,106828.56,INR,2025-09-12,Active
ACC000733,CUST002837,BR122,93356300000732,Current,69298.13,INR,2018-10-06,Active
ACC000734,CUST000641,BR121,39225700000733,Salary,36354.97,INR,2019-03-15,Active
ACC000735,CUST000584,BR011,66389300000734,Salary,61768.96,INR,2016-08-01,Active
ACC000736,CUST003380,BR146,82703400000735,Savings,39210.29,INR,2023.10.23,Active
ACC000737,CUST003319,BR134,98686600000736,Savings,24246.04,INR,2013-02-27,Active
ACC000738,CUST004734,BR124,81581300000737,Savings,37560.08,Inr,2016.05.27,Closed
ACC000739,CUST001234,BR130,96542100000738,Salary,29571.79,INR,2024-10-29,Dormant
ACC000740,CUST002559,BR123,62230300000739,Current,101857.2,INR,2019-04-01,Dormant
ACC000741,CUST000954,BR006,16378400000740,Savings,142350.35,INR,2025-12-01,Active
ACC000742,CUST003155,BR106,68465300000741,Savings,62746.02,INR,2017-10-06,Active
ACC000743,CUST003745,BR137,71951900000742,Savings,28244.09,USD,2025-01-08,Dormant
ACC000744,CUST004507,BR087,61260800000743,Savings,163722.77,INR,2024-02-16,Active
ACC000745,CUST003356,BR137,31465100000744,Salary,258411.21,INR,2026-06-24,Active
ACC000746,CUST000343,BR007,19881600000745,Savings,12441.65,INR,2025-12-25,Active
ACC000747,CUST004797,BR090,15896300000746,Salary,55836.89,INR,2023-12-02,Active
ACC000748,CUST002211,BR146,49486900000747,Salary,32807.81,INR,2012-01-14,Active
ACC000749,CUST004492,BR085,50566900000748,Savings,17483.42,INR,2025-11-02,Closed
ACC000750,CUST003695,BR068,20814200000749,Savings,80960.02,INR,2020-01-13,Active
ACC000751,CUST002722,BR044,46156900000750,Savings,28592.21,INR,2022-01-01,Active
ACC000752,CUST000186,BR120,14841700000751,Current,26515.77,INR,2025-03-26,Active
ACC000753,CUST003907,BR142,33602500000752,Savings,127052.42,GBP,2022-08-16,ACTIVE
ACC000754,CUST004408,BR057,54350400000753,Salary,58498.03,INR,2022-07-12,Closed
ACC000755,CUST003640,BR075,30447500000754,Salary,106694.6,INR,2025-11-10,Active
ACC000756,CUST000077,BR069,33816300000755,Salary,143322.99,INR,2014-02-17,Active
ACC000757,CUST004791,BR095,15582700000756,Current,263201.16,INR,2022-06-25,Active
ACC000758,CUST003966,BR070,41512500000757,Savings,62860.58,INR,2026-06-29,Active
ACC000759,CUST004773,BR110,91838700000758,Current,155244.86,INR,2022-12-03,Closed
ACC000760,CUST002473,BR149,66430500000759,Savings,98421.52,INR,2024-11-19,Active
ACC000761,CUST000111,BR047,23332900000760,Savings,75708.38,INR,2025-06-15,Active
ACC000762,CUST000438,BR032,51924000000761,Savings,73939.06,INR,2022-10-16,Active
ACC000763,CUST003024,BR084,92876800000762,Savings,81559.24,INR,2026-04-07,Active
ACC000764,CUST000893,BR076,61009500000763,Savings,61346.19,INR,2019-11-03,Active
ACC000765,CUST001478,BR064,56553100000764,Savings,18266.27,INR,2025-11-20,Active
ACC000766,CUST004930,BR024,70579300000765,Savings,32920.89,INR,2025-05-07,Active 
ACC000767,CUST001917,BR018,94407700000766,Salary,8187.54,INR,2023-09-18,Active
ACC000768,CUST002127,BR075,70238600000767,Savings,92054.31,INR,2018-11-04,Dormant
ACC000769,CUST003480,BR109,70090900000768,Savings,17021.01,INR,2023-12-11,Active
ACC000770,CUST000206,BR082,72078700000769,Savings,25842.87,INR,2024-06-01,Active
ACC000771,CUST003702,BR117,83736200000770,Savings,31324.52,INR,2026-03-17,Active
ACC000772,CUST000124,BR021,50968800000771,Salary,62985.11,EUR,2024-09-23,Active
ACC000773,CUST001579,BR142,19769300000772,Savings,95473.58,Eur,2018-10-08,Active
ACC000774,CUST000699,BR105,73706800000773,Savings,81750.71,INR,2025-09-05,Active
ACC000775,CUST000772,BR100,53117500000774,Savings,115998.91,INR,2019-02-27,Active
ACC000776,CUST003001,BR125,34080300000775,Savings,125902.75,EUR,2026-07-28,Active
ACC000777,CUST000746,BR142,68580900000776,Current,86629.71,INR,2026-03-25,Active
ACC000778,CUST001671,BR123,78717700000777,Savings,-46552.8,INR,2026-01-30,Active
ACC000779,CUST002584,BR073,25421700000778,Salary,16619.22,INR,2026.07.16,Active
ACC000780,CUST002545,BR110,81493300000779,Savings,41179.23,INR,2024-09-16,Active
ACC000781,CUST004540,BR064,57924600000780,Current,,INR,2022-11-14,Active
ACC000782,CUST004283,BR022,90685200000781,Savings,66457.77,INR,2024-10-10,Active
ACC000783,CUST004866,BR148,81472100000782,Savings,116961.57,INR,2024-01-14,Dormant
ACC000784,CUST004304,BR094,94917400000783,Savings,40163.99,INR,2024-12-17,Active
ACC000785,CUST001452,BR119,88376400000784,Savings,245166.59,INR,2026-07-29,Active
ACC000786,CUST002513,BR105,56855200000785,Savings,30240.07,INR,2026-05-27,Active
ACC000787,CUST001805,BR051,44950500000786,Current,52575.04,INR,2020-08-11,Active
ACC000788,CUST001334,BR114,57946700000787,Salary,28066.41,INR,2025-07-09,Active
ACC000789,CUST004665,BR050,35290700000788,Savings,35475.39,INR,2020-11-25,Dormant
ACC000790,CUST002627,BR107,44108300000789,Savings,73343.83,INR,2022-01-22,Active
ACC000791,CUST004050,BR123,91250500000790,Savings,61721.3,USD,2015-08-09,Active
ACC000792,CUST002541,BR095,79964600000791,Salary,92866.45,INR,2020-12-28,Active
ACC000793,CUST000972,BR072,13278900000792,Savings,93667.3,INR,2025-06-01,Active
ACC000794,CUST001178,BR110,34239900000793,Savings,120656.11,INR,11/23/2025,Active
ACC000795,CUST004881,BR011,64282300000794,Salary,78721.55,INR,2021.07.18,Active
ACC000796,CUST002722,BR128,67552800000795,Savings,49619.91,inr,2021-08-22,Closed
ACC000797,CUST002146,BR076,12588600000796,Current,52229.99,INR,2025-12-08,Dormant
ACC000798,CUST000242,BR086,60530700000797,Savings,72528.6,INR,2025-09-14,Active
ACC000799,CUST001373,BR031,66242300000798,Current,60072.4,usd,2026-04-27,Active
ACC000800,CUST000990,BR022,35199700000799,Savings,71484.66,INR,2019-05-15,Dormant
ACC000801,CUST002674,BR055,51528800000800,Salary,18503.62,INR,2026-06-23,Active
ACC000802,CUST800009,BR123,33291500000801,Savings,47061.3,INR,2023-11-26,Active
ACC000803,CUST000934,BR003,41046800000802,Savings,10334.13,INR,06/15/2014,Active
ACC000804,CUST000976,BR100,24473600000803,Salary,171760.05,inr,08/30/2025,Active
ACC000805,CUST000651,BR149,91470800000804,Savings,64132.89,INR,2026-07-26,Active
ACC000806,CUST003576,BR103,76010700000805,Savings,101029.91,INR,2022-10-14,Active
ACC000807,CUST000883,BR045,18829000000806,Savings,106040.2,GBP,2025-11-18,Dormant
ACC000808,CUST001464,BR045,84034700000807,Savings,141974.68,INR,2024-07-10,Active
ACC000809,CUST001380,BR051,67837800000808,Salary,69841.65,USD,2026-06-25,Active
ACC000810,CUST000889,BR023,26358300000809,Current,39323.1,INR,2021-03-13,Active
ACC000811,CUST003697,BR090,21984900000810,Savings,73181.02,INR,2020-05-28,active
ACC000812,CUST003598,BR118,91715900000811,Savings,114588.51,INR,2026-02-03,active
ACC000813,CUST001644,BR078,36135200000812,Savings,37755.65,INR,2026-07-04,Active
ACC000814,CUST002100,BR008,28552400000813,Salary,50753.93,INR,2017-03-25,Active
ACC000815,CUST004784,BR130,33112600000814,Savings,35899.34,Inr,2024-06-24,Active
ACC000816,CUST001779,BR061,19619900000815,Savings,59393.12,GBP,2023-12-14,Active
ACC000817,CUST004634,BR077,55168700000816,Savings,102326.02,INR,2025-06-28,Active
ACC000818,CUST000383,BR077,89027000000817,Current,75203.62,INR,2022-10-27,Active
ACC000819,CUST002403,BR096,61276600000818,Salary,38808.91,INR,2024-10-31,Active
ACC000820,CUST003068,BR003,93075000000819,Current,103075.55,INR,2024-02-02,Active
ACC000821,CUST004258,BR037,92222300000820,Salary,27634.6,Inr,2022-02-07,Active
ACC000822,CUST004684,BR090,24776300000821,Salary,183489.03,INR,2025-12-13,Active 
ACC000823,CUST004125,BR059,51580400000822,Salary,160942.14,INR,2018-05-03,Active
ACC000824,CUST002739,BR018,26033500000823,Savings,194127.74,GBP,2023-08-13,Active
ACC000825,CUST004000,BR138,66644200000824,Savings,37762.32,INR,2023-11-27,Active
ACC000826,CUST003692,BR037,36360900000825,Savings,28126.14,GBP,2026-07-26,Active
ACC000827,CUST004978,BR034,14616700000826,Salary,131608.39,INR,2026-03-19,Active
ACC000828,CUST001814,BR150,15435600000827,Savings,155845.26,INR,2026.02.22,Active
ACC000829,CUST004231,BR035,57963200000828,Savings,83751.18,INR,2025-03-25,Dormant
ACC000830,CUST003012,BR085,47745300000829,Current,197095.69,INR,2025-09-29,Active
ACC000831,CUST004516,BR078,82889600000830,Savings,27209.52,INR,2025-10-26,Active
ACC000832,CUST003658,BR146,74671000000831,Current,131372.34,Inr,2024-05-15,Dormant
ACC000833,CUST004896,BR144,96624600000832,Current,88995.84,INR,2023-12-12,Active
ACC000834,CUST004007,BR074,17572700000833,Salary,23517.86,INR,2022-04-27,Active
ACC000835,CUST001865,BR007,78360200000834,Current,143822.02,INR,2025-11-12,Active
ACC000836,CUST004390,BR121,37088300000835,Savings,22622.31,INR,2023-06-29,Active
ACC000837,CUST004586,BR097,73805300000836,Savings,109249.17,INR,2019-11-17,Active
ACC000838,CUST002382,BR006,42155000000837,Savings,141994.96,INR,2024-01-20,Active
ACC000839,CUST001739,BR022,81327100000838,Savings,13811.85,INR,2025-03-10,Active
ACC000840,CUST003707,BR044,94752500000839,Salary,140240.5,INR,03/28/2025,Active
ACC000841,CUST001729,BR128,24352000000840,Savings,58991.12,INR,2026-06-16,Active
ACC000842,CUST001041,BR043,77048700000841,Current,52839.09,INR,2014-10-18,Dormant
ACC000843,CUST004134,BR134,21683700000842,Current,46301.96,INR,2025-06-19,Active
ACC000844,CUST000908,BR011,43194900000843,Current,211030.81,INR,2024-02-03,Active
ACC000845,CUST004574,BR077,66902300000844,Salary,90844.01,GBP,16/02/2026,Dormant
ACC000846,CUST003961,BR143,28570100000845,Savings,38101.94,INR,2016-12-26,Active
ACC000847,CUST001448,BR098,86579500000846,Savings,181330.84,EUR,2021-12-04,Dormant
ACC000848,CUST001583,BR076,88223300000847,Savings,154786.11,INR,2026.01.06,Active 
ACC000849,CUST003220,BR059,75920000000848,Salary,83788.96,INR,2022-09-28,Active
ACC000850,CUST000169,BR089,35643000000849,Salary,87843.69,INR,2023-02-22,Active
ACC000851,CUST002859,BR039,89392200000850,Salary,14570.79,INR,2023-10-25,Active
ACC000852,CUST000141,BR079,66230600000851,Savings,47020.86,INR,2024-01-09,Active
ACC000853,CUST003907,BR009,74682600000852,Salary,32418.03,INR,03/30/2023,Active
ACC000854,CUST002429,BR038,72224200000853,Salary,69980.17,INR,2024-08-30,Active
ACC000855,CUST004432,BR110,19090600000854,Savings,50487.55,INR,2021-11-13,Active
ACC000856,CUST003242,BR139,81032700000855,Savings,62628.92,inr,2025-02-24,Active
ACC000857,CUST001285,BR064,92249900000856,Salary,79359.86,INR,2014-03-17,Active
ACC000858,CUST004084,BR101,65583300000857,Savings,14074.04,INR,2018.06.25,Active
ACC000859,CUST004640,BR069,43796600000858,Salary,35814.32,Inr,2023-10-31,Active
ACC000860,CUST003772,BR019,46163400000859,Savings,111716.73,INR,2023-04-02,Active
ACC000861,CUST004368,BR145,81877900000860,Savings,50117.88,INR,2026-02-18,Active
ACC000862,CUST003200,BR070,23383400000861,Savings,100262.32,INR,2020.04.16,dormant
ACC000863,CUST000086,BR017,81900300000862,Savings,173940.14,INR,2023-04-13,Active
ACC000864,CUST004089,BR001,27979900000863,Current,121416.21,INR,2015-04-10,Active
ACC000865,CUST002489,BR031,56281600000864,Savings,21020.43,INR,2025-12-14,Dormant
ACC000866,CUST001023,BR102,62818500000865,Savings,9727.94,INR,2017-12-10,Active
ACC000867,CUST000302,BR050,95670900000866,,72354.82,INR,2018-04-30,Active
ACC000868,CUST004136,BR079,53701300000867,Savings,38247.42,INR,2017-10-22,Active
ACC000869,CUST003347,BR025,62993800000868,Savings,70742.5,INR,2023-08-26,Active
ACC000870,CUST003017,BR136,44403500000869,Salary,39723.01,INR,2021-10-03,Active
ACC000871,CUST003694,BR146,83888800000870,Salary,21844.1,INR,2023-12-04,Active
ACC000872,CUST004016,BR143,57911400000871,Salary,135643.34,INR,2026-06-11,Dormant
ACC000873,CUST001575,BR094,22899100000872,Savings,75657.93,INR,10/15/2021,Closed
ACC000874,CUST001486,BR015,87295400000873,Savings,45301.59,INR,2022-09-04,Active
ACC000875,CUST004547,BR018,97519100000874,Salary,69275.3,INR,2023-04-29,Closed
ACC000876,CUST004046,BR014,13819500000875,Salary,267763.43,INR,2026-07-03,Active
ACC000877,CUST004197,BR075,46755900000876,Current,5928.54,USD,08/05/2025,Active
ACC000878,CUST001745,BR135,22357600000877,Savings,58078.92,INR,2025-04-19,Active
ACC000879,CUST002919,BR120,55892200000878,Current,50191.73,INR,2025-07-26,active
ACC000880,CUST000984,BR077,10116900000879,Current,51678.5,INR,2025-03-13,Active
ACC000881,CUST003027,BR113,27776900000880,Salary,161135.17,INR,06/11/2012,Active
ACC000882,CUST002054,BR071,38778100000881,Savings,40502.15,INR,2026-03-26,Active
ACC000883,CUST000753,BR094,15477700000882,Savings,10656.39,Inr,2025-09-11,Active
ACC000884,CUST002599,BR086,24994100000883,Savings,62895.71,INR,2023-09-19,Dormant
ACC000885,CUST003915,BR091,62116500000884,Salary,100447.31,INR,2025-12-16,Active
ACC000886,CUST002440,BR070,35090900000885,Salary,48415.45,Inr,2025-07-08,Active
ACC000887,CUST004691,BR112,59039800000886,Savings,172509.17,INR,2021-07-16,Active
ACC000888,CUST003399,BR093,16784300000887,Savings,61109.92,GBP,2026-01-04,Active
ACC000889,CUST001441,BR041,88310800000888,Current,106235.86,INR,06/11/2026,Active
ACC000890,CUST000078,BR143,41012100000889,Savings,188402.12,INR,2026-04-14,Active
ACC000891,CUST000752,BR074,22200600000890,Salary,45935.39,INR,2021-12-28,active
ACC000892,CUST002890,BR091,45991700000891,Savings,99164.83,INR,2020-03-26,Dormant
ACC000893,CUST000224,BR080,42674700000892,Salary,69702.18,INR,2023-12-10,Active
ACC000894,CUST000716,BR049,93345900000893,Savings,116747.41,INR,2024-10-14,active
ACC000895,CUST004624,BR013,27606500000894,Salary,68743.1,INR,2020-12-30,Dormant
ACC000896,CUST000963,BR033,61397100000895,Savings,52719.42,INR,2021-03-25,Active
ACC000897,CUST001827,BR144,23367500000896,Savings,131913.39,INR,2020-11-15,Dormant
ACC000898,CUST002635,BR145,86072400000897,Savings,64039.56,INR,2026-01-23,Active
ACC000899,CUST002547,BR025,86224400000898,Savings,119964.56,INR,2018-12-18,Closed
ACC000900,CUST001876,BR087,66163400000899,Savings,161742.01,INR,2019-03-17,Active
ACC000901,CUST003763,BR039,57530300000900,Salary,126749.19,INR,2025-04-06,Active
ACC000902,CUST003346,BR086,50219900000901,Savings,23564.33,INR,2025-07-12,CLOSED
ACC000903,CUST001120,BR099,99090800000902,Salary,53324.08,inr,2026-06-22,Active
ACC000904,CUST003067,BR005,90228800000903,Savings,62486.85,INR,2019-11-15,Active
ACC000905,CUST000990,BR143,65888400000904,Savings,110893.62,INR,2019-03-12,Active
ACC000906,CUST001313,BR138,79547400000905,Savings,72339.82,INR,2020-04-05,Active
ACC000907,CUST002160,BR143,67698300000906,Salary,157845.36,INR,2017-09-28,Active
ACC000908,CUST002325,BR071,12469700000907,Savings,43806.81,INR,2025-07-23,Dormant
ACC000909,CUST002921,BR108,60097200000908,Savings,129608.02,INR,2025-04-08,Active
ACC000910,CUST001769,BR150,29816600000909,Savings,87431.02,INR,2026-05-17,Active
ACC000911,CUST004499,BR029,62194400000910,Savings,52773.43,INR,2025-01-01,Active
ACC000912,CUST004901,BR026,99892900000911,Savings,87213.17,INR,2015-09-10,Active
ACC000913,CUST001912,BR121,45889200000912,Savings,231892.45,INR,2022-03-24,Active
ACC000914,CUST003255,BR049,79261000000913,Salary,82012.56,GBP,2023-12-02,Dormant
ACC000915,CUST001487,BR028,98027500000914,Savings,64142.46,INR,2012-05-12,CLOSED
ACC000916,CUST003798,BR032,47152800000915,Savings,99013.31,INR,2019-11-11,Active
ACC000917,CUST004923,BR104,74362100000916,Current,75419.24,INR,17/01/2016,Active
ACC000918,CUST000613,BR057,63237600000917,Savings,51248.28,INR,2026-04-23,Active
ACC000919,CUST003518,BR047,31863200000918,Savings,58667.17,INR,2024-06-04,Active
ACC000920,CUST000455,BR147,79439000000919,Salary,2907.48,INR,2015-10-21,Active
ACC000921,CUST003829,BR147,43981100000920,Savings,212695.31,inr,2026-02-02,Active
ACC000922,CUST000051,BR063,45271500000921,Salary,,USD,04/22/2026,Active
ACC000923,CUST002244,BR035,18285400000922,Current,13838.53,INR,2024-07-03,Active
ACC000924,CUST004427,BR125,14003100000923,Salary,37803.52,INR,10/15/2021,Dormant
ACC000925,CUST001731,BR113,35002000000924,Savings,51901.38,INR,2019-09-23,Active
ACC000926,CUST002480,BR114,65569600000925,Current,94261.39,Inr,2019-09-04,Closed
ACC000927,CUST001304,BR033,93990600000926,Savings,,INR,2016-11-30,Active
ACC000928,CUST003392,BR045,20471300000927,Salary,61698.68,INR,2012.02.07,Active
ACC000929,CUST000075,BR013,42202200000928,Savings,42388.47,INR,2026-06-13,Active
ACC000930,CUST003389,BR087,31815500000929,Savings,21218.79,INR,20/08/2025,Active
ACC000931,CUST000802,BR007,56003800000930,Savings,99287.68,INR,2026-02-12,Active
ACC000932,CUST004890,BR128,56734800000931,Savings,35453.91,INR,2025-10-30,Active
ACC000933,CUST002414,BR048,88028100000932,Savings,98209.39,INR,2024-07-03,Active
ACC000934,CUST003952,BR092,81715600000933,Salary,156899.51,INR,2021-10-25,Dormant
ACC000935,CUST004976,BR025,51540100000934,Current,78808.11,INR,2025-04-18,Dormant
ACC000936,CUST000052,BR040,30219700000935,Current,30066.04,INR,2021-09-02,Dormant
ACC000937,CUST003923,BR041,62377100000936,Current,5620.56,INR,2025-07-29,Active
ACC000938,CUST002872,BR130,27315600000937,Savings,20422.78,INR,2026-06-21,Active
ACC000939,CUST002679,BR147,99741900000938,Savings,146053.42,INR,2017-09-03,Dormant
ACC000940,CUST004929,BR084,48229800000939,Current,246899.51,INR,2025-08-17,Active
ACC000941,CUST001867,BR016,48397900000940,Current,23411.02,INR,2020-08-18,Active 
ACC000942,CUST000213,BR148,22289700000941,Current,85361.48,USD,2025-02-09,Active
ACC000943,CUST002956,BR044,70447100000942,Savings,111070.37,INR,2023-08-19,Active
ACC000944,CUST002271,BR099,32495800000943,Savings,135104.13,INR,2015-09-19,Active
ACC000945,CUST000319,BR035,36381000000944,Current,326528.56,INR,2026-06-11,Active
ACC000946,CUST002942,BR068,37050100000945,Savings,8585.26,INR,2026-07-16,Dormant
ACC000947,CUST000805,BR006,31503500000946,Savings,35440.7,INR,2024-08-17,Active
ACC000948,CUST003449,BR066,80252200000947,Savings,30121.9,INR,2026-07-02,Active
ACC000949,CUST001868,BR102,89546800000948,Savings,172037.71,INR,2022-08-06,Active
ACC000950,CUST000644,BR133,69694000000949,Salary,112511.68,INR,2019-07-24,Active
ACC000951,CUST003814,BR143,95359700000950,Savings,160778.95,GBP,2026-05-08,Active
ACC000952,CUST004476,BR148,42587200000951,Salary,31052.42,INR,2015-08-15,Active
ACC000953,CUST001022,BR146,89826000000952,Current,190652.31,Inr,2024-06-05,Active
ACC000954,CUST000952,BR062,95183600000953,Savings,94764.21,INR,2025-02-27,Active
ACC000955,CUST003664,BR040,18155300000954,Salary,37002.72,INR,2024-05-26,Active
ACC000956,CUST000312,BR025,34846100000955,Savings,86443.89,inr,2025-11-10,Active
ACC000957,CUST001296,BR025,56602000000956,Savings,99162.03,INR,2021-12-12,Active
ACC000958,CUST003269,BR006,55725800000957,Savings,88703.59,INR,2018-08-13,Active
ACC000959,CUST001346,BR107,64334100000958,Current,141969.09,Inr,2024-03-09,Active
ACC000960,CUST003403,BR049,65725700000959,Savings,79427.08,INR,2021-03-05,Active
ACC000961,CUST001745,BR077,20599200000960,Savings,57757.17,INR,2022-05-12,Active
ACC000962,CUST004543,BR052,96007800000961,Salary,,INR,2022-07-07,Active
ACC000963,CUST003940,BR081,10957100000962,Salary,107177.82,INR,2023-10-06,Active
ACC000964,CUST004661,BR064,86962200000963,Salary,104296.18,inr,2024-06-19,Dormant
ACC000965,CUST001702,BR088,55037200000964,Savings,42992.48,INR,2025-11-27,Active
ACC000966,CUST001863,BR022,43640900000965,Salary,82127.66,INR,2026-06-13,Active
ACC000967,CUST002689,BR136,49825000000966,Salary,50757.83,INR,2017-06-30,Active
ACC000968,CUST002870,BR074,55125900000967,Savings,44325.72,eur,2024-08-03,Active
ACC000969,CUST002468,BR105,10586000000968,Savings,199040.17,INR,2025-03-05,Active
ACC000970,CUST003706,BR142,51113100000969,Savings,43072.38,INR,2025-07-09,Active
ACC000971,CUST001221,BR014,96967900000970,Salary,199603.98,INR,2024-06-29,Active
ACC000972,CUST000703,BR035,37453400000971,Current,102699.75,INR,2014-04-25,Active
ACC000973,CUST004627,BR082,40972700000972,Savings,110883.61,INR,2019-06-14,Active
ACC000974,CUST002826,BR103,53286900000973,Savings,35729.9,INR,07/14/2018,Active
ACC000975,CUST004553,BR072,95328900000974,Salary,169467.2,INR,2025-02-20,Active
ACC000976,CUST002952,BR006,18002000000975,Current,32550.35,Inr,2026-06-11,Dormant
ACC000977,CUST003755,BR104,36790300000976,Salary,84357.34,INR,2019-10-18,Active
ACC000978,CUST001262,BR097,14906800000977,Savings,261744.61,GBP,2024-10-12,Active
ACC000979,CUST004548,BR003,18676000000978,Salary,69222.71,INR,2023-10-01,Active 
ACC000980,CUST002283,BR141,16213200000979,Savings,48893.01,INR,2024-03-13,Active
ACC000981,CUST003037,BR134,39853000000980,Savings,52835.82,INR,2026.05.07,Active
ACC000982,CUST004869,BR043,22207700000981,Salary,49694.93,INR,2021-06-24,Active
ACC000983,CUST003154,BR092,79792000000982,Savings,41221.04,INR,2026-04-13,Active
ACC000984,CUST003862,BR123,35556900000983,Savings,133266.1,INR,2018-02-16,Active
ACC000985,CUST003281,BR068,48839700000984,Savings,105342.75,inr,2019-09-21,Active
ACC000986,CUST001613,BR013,67539100000985,Current,67641.52,INR,2025-06-30,Active
ACC000987,CUST004251,BR061,40839700000986,Savings,81723.95,EUR,2021-09-11,Active
ACC000988,CUST002345,BR054,85710900000987,Savings,17188.65,INR,2020-08-25,Dormant
ACC000989,CUST003880,BR123,69053600000988,Savings,12626.76,INR,2025-12-05,Active
ACC000990,CUST002253,BR002,80294400000989,Salary,89897.12,Inr,2025-02-15,Closed
ACC000991,CUST001370,BR143,70988600000990,Salary,39538.65,INR,2024-06-05,Active
ACC000992,CUST002044,BR054,39378700000991,Salary,141350.45,INR,2024-07-02,Active
ACC000993,CUST002765,BR058,62764200000992,Salary,31995.65,INR,2025-01-26,Active
ACC000994,CUST001493,BR047,13908200000993,Current,8145.9,INR,2025-07-21,Dormant
ACC000995,CUST000738,BR004,26947200000994,Savings,20990.28,INR,2017-04-26,Active
ACC000996,CUST000940,BR104,14887100000995,Savings,87406.45,INR,10/17/2025,Active
ACC000997,CUST003886,BR112,16741000000996,Salary,20576.44,INR,2024-05-05,Active
ACC000998,CUST002754,BR045,81802600000997,Savings,71721.15,INR,2023-09-11,Active
ACC000999,CUST004693,BR019,28164000000998,Savings,18492.22,INR,2018-10-06,Active
ACC001000,CUST000323,BR124,88457100000999,Savings,44320.34,INR,2023-05-26,Active
ACC001001,CUST000991,BR104,95590800001000,Salary,68742.85,INR,2024-08-07,Active
ACC001002,CUST004667,BR044,93859400001001,Savings,98196.76,INR,2025-04-10,Active
ACC001003,CUST000166,BR101,63499400001002,Savings,39427.94,INR,2025-11-11,Active
ACC001004,CUST000667,BR034,96984700001003,Current,50884.61,EUR,2023-12-20,Active
ACC001005,CUST000198,BR096,20239100001004,Current,33027.55,INR,2026-03-26,Active
ACC001006,CUST000755,BR075,86389200001005,Savings,44465.97,INR,2023-07-08,Active
ACC001007,CUST001610,BR029,20016200001006,Current,64320.55,INR,2024.10.31,Active
ACC001008,CUST001062,BR099,41944000001007,Savings,79716.19,INR,2025-06-29,Active
ACC001009,CUST001442,BR028,39029200001008,Savings,98522.26,INR,2021-03-26,Dormant
ACC001010,CUST003032,BR134,52721800001009,Current,76172.3,INR,2022-10-27,Active
ACC001011,CUST000291,BR016,69631300001010,Salary,34203.03,INR,2026-02-17,Active
ACC001012,CUST002254,BR123,84917800001011,Salary,66961.15,INR,2018-08-30,Active
ACC001013,CUST004863,BR044,63236300001012,,186908.11,INR,2019-10-12,Active
ACC001014,CUST002878,BR079,90836200001013,Savings,24023.36,INR,2025-06-02,Active
ACC001015,CUST003371,BR128,63836700001014,Savings,83609.38,INR,2020-10-10,Active
ACC001016,CUST004626,BR147,42491500001015,Savings,168113.24,USD,2026-05-16,Active
ACC001017,CUST000825,BR075,60467900001016,Savings,61503.58,INR,2025-12-26,Active
ACC001018,CUST004636,BR045,66554600001017,Savings,5605.2,INR,2025-04-07,Dormant
ACC001019,CUST003315,BR112,54317700001018,Savings,80716.24,INR,2023-01-27,Active
ACC001020,CUST002463,BR150,26096900001019,Savings,58817.05,INR,2023-07-31,Active
ACC001021,CUST000908,BR045,36022400001020,Savings,100632.54,INR,2024-09-12,Active
ACC001022,CUST004280,BR058,10162400001021,Savings,74999.79,GBP,2025-10-08,Dormant
ACC001023,CUST003409,BR125,63263600001022,Savings,44173.92,inr,2025-11-25,Active
ACC001024,CUST003201,BR040,41983800001023,,34999.21,INR,2025-06-22,Active
ACC001025,CUST004480,BR085,80795900001024,Savings,139978.06,INR,15/07/2025,Active
ACC001026,CUST003882,BR058,92906000001025,Savings,28316.7,EUR,2025-12-27,Active
ACC001027,CUST004726,BR077,99051300001026,Savings,113957.54,INR,2017-05-05,Active
ACC001028,CUST003843,BR088,69016300001027,Savings,33900.63,INR,2023-09-14,Dormant
ACC001029,CUST002302,BR078,95604500001028,Salary,57267.52,INR,2024-05-03,Active
ACC001030,CUST003334,BR072,90521800001029,Savings,8135.16,INR,2022-02-23,Active
ACC001031,CUST000266,BR058,95785000001030,Current,264163.83,INR,2026-01-26,Active
ACC001032,CUST003351,BR008,42295200001031,Current,16838.23,INR,2025-02-19,Active
ACC001033,CUST001812,BR118,36727800001032,Savings,100845.12,Inr,2024-01-08,Active
ACC001034,CUST000458,BR054,14261500001033,Savings,164519.15,INR,2025-11-17,Dormant
ACC001035,CUST004950,BR011,61214100001034,Savings,44756.58,INR,2025-08-10,Active
ACC001036,CUST004270,BR074,42304700001035,Savings,92569.16,INR,2022-01-08,Closed
ACC001037,CUST004219,BR124,85762600001036,Savings,75641.17,INR,2026-01-16,Active
ACC001038,CUST003602,BR100,48582500001037,Savings,83699.23,INR,2019-07-19,Active
ACC001039,CUST003567,BR090,27531800001038,Savings,64845.46,EUR,2023-12-27,Active
ACC001040,CUST001495,BR143,70465800001039,Savings,43513.13,INR,2025-11-19,Active
ACC001041,CUST002364,BR101,34018400001040,Savings,159811.89,INR,2026-07-10,Active
ACC001042,CUST001978,BR144,97026600001041,Salary,126276.37,INR,2026-02-03,Active
ACC001043,CUST000439,BR135,60418500001042,Savings,44226.83,INR,2023-04-27,Active
ACC001044,CUST000107,BR078,37951900001043,Savings,83953.87,INR,2024-03-12,Active
ACC001045,CUST000065,BR011,64648500001044,Current,74385.41,INR,2024-06-22,Active
ACC001046,CUST002658,BR086,78131300001045,Salary,55328.16,Inr,2021-02-02,Active
ACC001047,CUST002766,BR143,41890400001046,Savings,68172.52,INR,2017-12-04,Active
ACC001048,CUST000938,BR105,89793200001047,Savings,97283.77,INR,2025-07-03,Active
ACC001049,CUST004017,BR034,19098700001048,Savings,69745.91,inr,2019-07-12,Active
ACC001050,CUST003898,BR126,32322900001049,Salary,23233.06,INR,2025-10-29,Active
ACC001051,CUST000471,BR126,25216300001050,Current,29332.49,INR,2026-04-28,Active
ACC001052,CUST000379,BR112,80248400001051,Savings,110383.43,INR,2024-12-13,Active
ACC001053,CUST001446,BR024,48136200001052,Current,16301.69,INR,2026-07-17,Active
ACC001054,CUST004567,BR109,95896000001053,Savings,72344.72,INR,2024-04-09,Active
ACC001055,CUST001814,BR130,33459000001054,,93156.11,GBP,2025-10-14,Active
ACC001056,CUST001822,BR068,79960900001055,Savings,75275.71,INR,2023-06-22,Active
ACC001057,CUST004897,BR103,71809100001056,Current,23427.02,INR,2026-05-17,Active
ACC001058,CUST004700,BR131,45761700001057,Salary,8907.56,Inr,2024-05-03,Active
ACC001059,CUST002604,BR111,92919100001058,Savings,17201.46,inr,2015-07-24,Closed
ACC001060,CUST003892,BR100,62478500001059,Current,77839.95,INR,2019-07-17,Active
ACC001061,CUST000136,BR063,51431600001060,Current,9543.69,INR,2020-06-21,Active
ACC001062,CUST001227,BR024,77096200001061,Savings,54815.25,inr,26/01/2025,Active
ACC001063,CUST004853,BR041,91409400001062,Current,111501.2,Inr,2025-01-22,Dormant
ACC001064,CUST003548,BR090,82714000001063,,117503.04,INR,10/02/2022,Active
ACC001065,CUST000564,BR111,22868800001064,Savings,54043.37,INR,2022-11-02,Active
ACC001066,CUST003592,BR047,73761400001065,Savings,98653.62,INR,2024-07-08,Active
ACC001067,CUST000718,BR058,58591500001066,Current,32966.96,INR,2025-02-21,Active
ACC001068,CUST004376,BR031,97994000001067,Salary,108001.86,INR,2021-04-07,Closed
ACC001069,CUST002883,BR053,89769500001068,Savings,100633.13,INR,2022-11-05,Active
ACC001070,CUST004620,BR098,87546100001069,Savings,58470.19,Inr,2021-07-30,Active
ACC001071,CUST004198,BR001,21838000001070,Current,34544.94,Inr,2023-08-20,Closed
ACC001072,CUST001802,BR097,29357600001071,Savings,54443.16,inr,2021-04-22,Active
ACC001073,CUST003701,BR010,90013000001072,Salary,69640.88,INR,2025-06-04,Active
ACC001074,CUST004686,BR144,99950400001073,Savings,127745.54,USD,2025-02-19,Active
ACC001075,CUST004238,BR111,78140100001074,Savings,46448.34,INR,2018-02-23,Active
ACC001076,CUST004890,BR147,73387600001075,Salary,98242.21,INR,2023-10-17,Closed
ACC001077,CUST002603,BR056,55673100001076,Savings,47257.37,INR,2025-01-03,Active
ACC001078,CUST001144,BR062,92184300001077,Savings,96423.15,GBP,2026-05-23,Closed
ACC001079,CUST004622,BR073,17640400001078,Savings,40371.43,INR,2014-12-13,Active
ACC001080,CUST002052,BR027,54763100001079,Salary,159003.07,GBP,2019-12-21,Active
ACC001081,CUST000849,BR108,19579100001080,Savings,133336.72,EUR,2024-12-21,Active
ACC001082,CUST002970,BR022,90415700001081,Current,62189.67,INR,2020-11-26,Active
ACC001083,CUST004225,BR127,46128400001082,Salary,18766.48,INR,2020-11-22,Active
ACC001084,CUST001593,BR147,98622800001083,Savings,43281.2,INR,2026-06-25,Active
ACC001085,CUST003337,BR039,15859000001084,Savings,77990.17,INR,2021-12-20,Active
ACC001086,CUST001380,BR060,84019100001085,Savings,134336.52,INR,2026-03-15,Active
ACC001087,CUST002814,BR006,29895500001086,Savings,29522.66,INR,2016-12-14,Active
ACC001088,CUST000384,BR052,81806900001087,Savings,,inr,2020-11-13,Active
ACC001089,CUST000368,BR032,81977500001088,Savings,76328.76,INR,2016-02-06,Dormant
ACC001090,CUST001193,BR094,29439400001089,Savings,47002.0,INR,2022-09-10,Active
ACC001091,CUST000645,BR119,46674500001090,Current,63723.07,INR,2018-12-26,Active
ACC001092,CUST004933,BR009,22168500001091,Current,33341.7,INR,2016-09-17,Active
ACC001093,CUST001270,BR026,66720900001092,Current,92076.93,INR,2024-11-21,Active
ACC001094,CUST002249,BR098,79251900001093,Savings,71359.43,INR,2023-11-15,Active
ACC001095,CUST001999,BR069,14003900001094,Savings,42479.1,INR,2025-11-25,Active
ACC001096,CUST001458,BR132,73580500001095,Salary,182341.98,INR,2024-04-11,Active
ACC001097,CUST004157,BR119,35274500001096,Salary,96083.89,INR,2022-04-06,Active
ACC001098,CUST002323,BR109,66190300001097,Savings,91560.19,INR,2026-06-05,Closed
ACC001099,CUST000934,BR146,94203300001098,Savings,62109.21,INR,2017-06-05,Active
ACC001100,CUST004018,BR063,50183600001099,Current,71383.86,INR,2025-02-20,Active
ACC001101,CUST002839,BR099,74105300001100,Savings,27127.6,INR,2025.10.11,Active
ACC001102,CUST004143,BR018,15844700001101,Savings,,inr,05/02/2022,Active
ACC001103,CUST000578,BR015,14472200001102,Savings,109189.82,INR,2021-01-18,Active
ACC001104,CUST002359,BR037,61373800001103,Savings,105548.59,INR,2016-10-08,Active
ACC001105,CUST003316,BR045,66885700001104,Savings,27421.35,INR,2018.06.22,Active
ACC001106,CUST000966,BR040,57910600001105,Savings,33337.62,INR,2026-07-16,Active
ACC001107,CUST004345,BR101,73436100001106,Savings,96736.95,INR,2015-02-17,Dormant
ACC001108,CUST000964,BR058,74562400001107,Salary,98081.92,INR,2023-09-27,Active
ACC001109,CUST000326,BR106,96730100001108,Salary,35172.49,INR,2026-06-27,Active
ACC001110,CUST001271,BR021,18034000001109,Savings,110047.75,INR,2024-01-29,Active
ACC001111,CUST000129,BR054,46850300001110,Savings,36059.58,INR,2023-07-10,Active
ACC001112,CUST004067,BR087,46233500001111,Savings,57268.66,INR,2021-05-06,Active
ACC001113,CUST000139,BR149,58749000001112,Salary,,INR,2020-07-25,Dormant
ACC001114,CUST001583,BR055,47852200001113,Savings,105641.4,INR,2025-12-18,Active
ACC001115,CUST001561,BR086,77196600001114,Salary,124477.02,INR,2026-01-10,Active
ACC001116,CUST004295,BR075,51800700001115,Current,47942.75,INR,2025-03-25,Active
ACC001117,CUST001872,BR002,44310300001116,Salary,87743.55,INR,2019-09-21,Active
ACC001118,CUST004777,BR043,13071100001117,Savings,205835.69,INR,2018-06-05,Active 
ACC001119,CUST003125,BR044,41852600001118,Current,139835.61,INR,2023-12-13,Active
ACC001120,CUST003094,BR069,62675500001119,Savings,28955.37,INR,2019-04-24,Dormant
ACC001121,CUST002866,BR028,98888800001120,Current,66061.42,INR,2025-09-10,Active
ACC001122,CUST000821,BR107,27362800001121,Current,78766.3,EUR,2022-11-12,Active
ACC001123,CUST002084,BR072,77667500001122,Salary,61139.93,INR,2024.08.10,Active
ACC001124,CUST003165,BR014,92097800001123,Current,69067.65,INR,2025-11-30,Active
ACC001125,CUST003260,BR054,55717600001124,Salary,100789.53,Inr,2021-01-25,Active
ACC001126,CUST000226,BR077,66872300001125,Savings,122922.89,INR,15/08/2024,Active
ACC001127,CUST001542,BR033,27906700001126,Savings,115952.98,INR,2017-02-01,Active
ACC001128,CUST004019,BR093,84794500001127,Savings,102559.71,INR,2021-07-21,Active
ACC001129,CUST001069,BR115,69449000001128,Savings,27767.36,INR,2014-08-12,Closed
ACC001130,CUST000925,BR101,54262800001129,Savings,99206.32,INR,2021-10-14,Active
ACC001131,CUST004265,BR101,69445900001130,Savings,37702.97,INR,2024-11-08,Active
ACC001132,CUST001323,BR139,43383000001131,Savings,28413.09,INR,2017.08.06,Active
ACC001133,CUST003432,BR079,27388800001132,Savings,47484.64,INR,10/05/2021,Active
ACC001134,CUST004932,BR118,33232900001133,Savings,21903.56,INR,2022-06-09,Active
ACC001135,CUST000713,BR052,12695500001134,Current,40327.38,USD,2025-01-09,Active
ACC001136,CUST004733,BR111,45660800001135,Savings,74714.8,INR,2020-07-24,Active
ACC001137,CUST003649,BR088,50685300001136,Salary,123403.83,usd,2022-04-16,Active
ACC001138,CUST004278,BR131,92870100001137,Savings,108401.52,Inr,2016-08-01,Active
ACC001139,CUST004277,BR012,48228900001138,Savings,57481.21,INR,2019-01-04,Active
ACC001140,CUST004664,BR138,93264500001139,Salary,48625.73,Inr,2024-05-07,Active
ACC001141,CUST002488,BR035,21310700001140,Salary,14329.95,GBP,2025-09-25,Active
ACC001142,CUST000083,BR126,94545400001141,Savings,164927.17,INR,2025-04-10,Active
ACC001143,CUST004371,BR057,47614900001142,Savings,139908.15,INR,2019-08-05,Closed
ACC001144,CUST000943,BR093,78940200001143,Salary,78096.22,INR,2023-05-19,Dormant
ACC001145,CUST004202,BR051,31400400001144,Salary,119569.38,INR,2024-10-17,Active
ACC001146,CUST003780,BR127,26091600001145,Salary,70023.37,INR,2025-05-16,Active
ACC001147,CUST000923,BR109,61186300001146,Savings,27255.68,INR,2016-03-07,Active
ACC001148,CUST004775,BR049,74589800001147,Savings,18758.74,INR,2024-08-27,Active
ACC001149,CUST004713,BR020,33713900001148,Savings,,GBP,2026-07-21,Active
ACC001150,CUST003442,BR143,40182500001149,Savings,197256.3,EUR,2023-06-19,Active
ACC001151,CUST002095,BR147,48184200001150,Savings,2908.54,INR,2025-12-12,Active
ACC001152,CUST004792,BR027,48267300001151,Savings,77601.83,INR,2025-08-07,Dormant
ACC001153,CUST000693,BR048,98987600001152,Salary,65737.69,USD,2025-12-25,Active
ACC001154,CUST004453,BR035,51529600001153,Savings,85598.77,INR,2024-06-14,Active
ACC001155,CUST003906,BR035,78709800001154,Savings,63548.94,USD,2026-07-04,Active
ACC001156,CUST003981,BR024,33042300001155,Savings,222823.56,INR,2026-06-08,Active
ACC001157,CUST004936,BR110,70968100001156,Salary,15986.5,INR,2026-01-17,Active
ACC001158,CUST000277,BR117,28743400001157,Salary,,Inr,2018-10-08,Active
ACC001159,CUST003508,BR091,74368100001158,Savings,56713.53,INR,2026-02-13,Active
ACC001160,CUST004772,BR066,19327400001159,Current,21461.95,INR,2025-08-20,Active
ACC001161,CUST004825,BR147,37071500001160,Salary,107869.25,INR,2019-05-29,Active
ACC001162,CUST000448,BR111,49705300001161,Current,48729.85,INR,2019-02-04,ACTIVE
ACC001163,CUST003308,BR009,93711900001162,Savings,42246.14,INR,2025-12-20,Active
ACC001164,CUST000628,BR077,63271600001163,Current,111586.2,INR,2013.05.10,Active
ACC001165,CUST002406,BR026,27460300001164,Savings,60022.4,INR,2016-09-19,Active
ACC001166,CUST000053,BR061,89413200001165,Savings,28217.62,INR,2026-07-13,Active
ACC001167,CUST001907,BR060,81409700001166,Savings,26503.74,INR,2024-07-19,Active
ACC001168,CUST003703,BR135,11586400001167,Savings,62306.08,inr,2025-11-26,Active
ACC001169,CUST004393,BR124,21996500001168,Salary,,INR,2020-11-29,Active
ACC001170,CUST003726,BR065,14081800001169,Savings,36308.51,INR,2026.03.14,Closed
ACC001171,CUST002551,BR116,30885200001170,Savings,85564.99,INR,2026-04-18,Active
ACC001172,CUST002465,BR093,76908800001171,Savings,114260.71,INR,26/04/2025,Active
ACC001173,CUST000509,BR084,25742900001172,Current,100119.47,INR,2026-06-25,Active
ACC001174,CUST002015,BR129,81137500001173,Savings,42056.74,Inr,2026-05-31,Active
ACC001175,CUST004547,BR094,46393000001174,Salary,99739.37,INR,2023-07-06,Dormant
ACC001176,CUST004770,BR032,13095100001175,Salary,110144.74,INR,2025-09-02,Dormant
ACC001177,CUST003032,BR060,59900700001176,Current,20149.11,USD,2022-10-26,Active
ACC001178,CUST004332,BR061,78548200001177,Savings,38938.22,INR,2024-07-01,Active
ACC001179,CUST003464,BR127,41591100001178,Savings,55866.2,INR,2018-02-12,Active
ACC001180,CUST001733,BR022,60332900001179,Savings,42199.31,INR,2024-03-01,Active
ACC001181,CUST002566,BR072,82985100001180,Savings,23904.84,INR,2016-10-05,Active
ACC001182,CUST003712,BR082,38756800001181,Savings,28790.73,INR,2025-11-11,Dormant
ACC001183,CUST000454,BR144,43653900001182,Salary,52733.48,inr,2020-02-07,Active
ACC001184,CUST004428,BR119,68750200001183,Current,56016.63,INR,26/07/2020,Active
ACC001185,CUST000190,BR040,93585100001184,Savings,92361.43,INR,2024-10-29,Active
ACC001186,CUST001218,BR009,37633300001185,Salary,56840.51,INR,2024-04-21,Dormant
ACC001187,CUST000164,BR020,29801100001186,Salary,23599.68,INR,2019-06-30,Active
ACC001188,CUST001303,BR010,49625500001187,Savings,107162.77,INR,2021-12-15,Active
ACC001189,CUST003734,BR061,15879200001188,Salary,53863.75,INR,2019-02-06,Active
ACC001190,CUST003157,BR112,53875200001189,Savings,77222.59,INR,2025-11-21,Active
ACC001191,CUST004312,BR099,40604800001190,Savings,54183.07,inr,2025-09-08,Closed
ACC001192,CUST800010,BR107,36451800001191,Current,38363.03,INR,2026-06-06,Active
ACC001193,CUST004643,BR080,34843500001192,Savings,52615.06,INR,2025-10-19,Active
ACC001194,CUST004057,BR061,39538400001193,Current,99609.12,INR,2026-04-06,Active
ACC001195,CUST001024,BR124,38520300001194,Salary,,INR,2023-01-11,Active
ACC001196,CUST000339,BR055,90188200001195,Savings,52202.28,INR,2021-03-17,Active
ACC001197,CUST003642,BR088,23261800001196,Savings,78112.02,INR,2017-05-07,Active
ACC001198,CUST002793,BR043,46712500001197,Savings,17355.43,INR,2025-05-31,Dormant
ACC001199,CUST001739,BR055,41742700001198,Savings,15534.8,Inr,2025-06-04,Active
ACC001200,CUST000566,BR010,34942200001199,Savings,88177.6,USD,2024-10-12,Active
ACC001201,CUST000372,BR092,24219400001200,Salary,97121.66,INR,2026-03-22,Active
ACC001202,CUST001406,BR078,55574800001201,Salary,34125.99,INR,2024-01-15,Active
ACC001203,CUST002386,BR048,56670200001202,Savings,38487.26,INR,2025-04-17,Dormant
ACC001204,CUST001465,BR093,22061100001203,Savings,143107.03,INR,2026-01-03,Active
ACC001205,CUST004012,BR020,98821200001204,Savings,74337.9,inr,2026-07-06,Active
ACC001206,CUST002986,BR130,60808600001205,Savings,47304.63,INR,2023-11-08,Active
ACC001207,CUST003414,BR005,78794800001206,Savings,119169.21,INR,2025-06-24,Active
ACC001208,CUST002957,BR082,85666600001207,Savings,29080.37,INR,2026-05-14,Active
ACC001209,CUST003068,BR041,33828800001208,Savings,153868.66,INR,2025-07-31,Closed
ACC001210,CUST002553,BR023,53278600001209,Current,63674.56,INR,2026-04-17,Active
ACC001211,CUST001916,BR026,82276500001210,Savings,35324.88,INR,2017-11-25,Active
ACC001212,CUST001249,BR047,11405900001211,Savings,161863.26,INR,17/06/2023,Active
ACC001213,CUST002173,BR095,35527500001212,Salary,19887.83,EUR,2017-06-17,Active
ACC001214,CUST004281,BR118,91293900001213,Salary,43530.84,INR,2026-07-03,Active 
ACC001215,CUST002242,BR140,69673500001214,Savings,132123.53,inr,2026-07-03,Active 
ACC001216,CUST001217,BR093,77584800001215,Salary,47773.27,INR,2014-12-27,Closed
ACC001217,CUST004788,BR075,54898500001216,Salary,33280.15,INR,2022-04-19,Dormant
ACC001218,CUST004232,BR116,97164600001217,Salary,,INR,2017-12-05,Closed
ACC001219,CUST001149,BR122,69477500001218,Salary,85119.33,INR,2026-03-31,Active
ACC001220,CUST004657,BR063,82517800001219,Current,104177.76,INR,2017-12-08,Active
ACC001221,CUST000889,BR063,60235200001220,Salary,92244.56,INR,2022-08-06,Active
ACC001222,CUST002208,BR011,87436600001221,Savings,116973.33,INR,2025-08-13,Active
ACC001223,CUST004225,BR003,72677400001222,Savings,81050.59,INR,2024-11-16,Active
ACC001224,CUST002978,BR134,92366500001223,Salary,70478.2,INR,2026-02-15,Active
ACC001225,CUST003627,BR130,15706400001224,Savings,134581.17,INR,29/09/2025,Active
ACC001226,CUST003612,BR053,32876300001225,Savings,208196.24,INR,2021-02-08,Active
ACC001227,CUST002255,BR142,44734800001226,Savings,76873.03,INR,2021-07-02,Active
ACC001228,CUST001690,BR013,98683800001227,Savings,34415.55,INR,2025-03-06,Active
ACC001229,CUST001039,BR144,34868300001228,,53509.44,INR,24/03/2026,Dormant
ACC001230,CUST002630,BR089,32834200001229,Savings,24334.53,INR,2023-08-12,Active
ACC001231,CUST003015,BR079,63449500001230,Savings,148386.41,inr,2025-11-26,Active
ACC001232,CUST001987,BR112,97864200001231,Salary,47095.03,INR,2026-05-01,ACTIVE
ACC001233,CUST002093,BR035,98837300001232,Savings,,INR,2025-01-08,Active
ACC001234,CUST001660,BR072,81558700001233,Salary,72743.95,INR,2021-04-02,Active
ACC001235,CUST004068,BR035,82541800001234,Savings,34740.76,INR,2024-06-09,Closed
ACC001236,CUST004266,BR093,75943400001235,Savings,36402.25,INR,2017-11-04,Active
ACC001237,CUST002784,BR063,46462300001236,Savings,23888.8,INR,2024-08-13,Active
ACC001238,CUST002202,BR063,30704700001237,Current,27103.62,INR,2025-07-01,Active
ACC001239,CUST004320,BR112,67467800001238,Salary,86255.23,INR,2013-07-10,Active
ACC001240,CUST001636,BR123,37602800001239,Savings,77881.43,INR,2026-07-06,Active
ACC001241,CUST003530,BR129,91876600001240,Salary,45230.33,INR,2025-08-14,Active
ACC001242,CUST001408,BR118,23934800001241,Savings,229938.79,INR,2013-05-21,Active
ACC001243,CUST004085,BR027,86450400001242,Savings,68184.81,INR,2025.04.12,Active
ACC001244,CUST000620,BR108,36584000001243,Savings,145208.15,INR,2026-06-27,Dormant
ACC001245,CUST000251,BR107,63964700001244,Current,54167.26,INR,2026-05-11,Active
ACC001246,CUST002987,BR003,92783500001245,Savings,,INR,2024-08-22,active
ACC001247,CUST002959,BR030,29076100001246,Savings,177251.46,INR,2024-07-24,Active
ACC001248,CUST004594,BR078,51313300001247,Current,212084.71,INR,2013-12-07,Active
ACC001249,CUST001356,BR046,60643100001248,Savings,161520.19,INR,2026-06-07,Active
ACC001250,CUST001081,BR118,96148700001249,Salary,75912.0,INR,2025-08-21,Active
ACC001251,CUST004926,BR116,13023400001250,Savings,85426.31,INR,2025-09-05,Active
ACC001252,CUST002074,BR037,63246500001251,Savings,56328.49,INR,2015-04-29,Active
ACC001253,CUST000733,BR003,97952300001252,Savings,129451.51,GBP,2025-05-15,Active
ACC001254,CUST000856,BR039,11466300001253,Salary,74741.67,INR,2022-11-13,Active
ACC001255,CUST001159,BR136,43138400001254,Savings,106039.61,INR,2026-02-28,Active
ACC001256,CUST004218,BR136,40384900001255,Savings,25458.37,GBP,2025-07-14,Active
ACC001257,CUST004612,BR076,16837300001256,Savings,46458.57,inr,2021-02-11,Active
ACC001258,CUST002072,BR127,40720600001257,Salary,109042.02,INR,2018-09-19,Active
ACC001259,CUST000038,BR085,53595500001258,Savings,33534.81,INR,15/07/2026,Active
ACC001260,CUST002145,BR149,48324000001259,Salary,50041.05,INR,2025-01-21,Active
ACC001261,CUST000309,BR024,60213000001260,Savings,64156.61,INR,2022-07-08,Active
ACC001262,CUST003109,BR075,70300300001261,Salary,82194.92,INR,2025-04-12,Active
ACC001263,CUST800011,BR028,48750700001262,Savings,37862.6,Inr,2017-09-24,Active
ACC001264,CUST000271,BR019,34134700001263,Savings,,Inr,2024-03-28,Active
ACC001265,CUST004713,BR024,92307200001264,Salary,72023.63,USD,2026-05-21,Active
ACC001266,CUST000615,BR002,46600300001265,Savings,3698.15,Usd,2024-05-25,Active
ACC001267,CUST004918,BR142,95254600001266,Current,22058.83,INR,2020-05-22,Active
ACC001268,CUST000153,BR106,99794300001267,Salary,21699.26,INR,2026.05.28,Dormant
ACC001269,CUST000526,BR075,66927300001268,Savings,28341.93,INR,2025-09-09,Active
ACC001270,CUST003077,BR123,42622600001269,Salary,104489.48,inr,2026-05-25,Active
ACC001271,CUST002441,BR086,97992600001270,Savings,17174.88,INR,2022-08-02,Closed
ACC001272,CUST000389,BR065,55429100001271,Savings,21197.7,GBP,2018-01-02,Active
ACC001273,CUST004188,BR073,42023200001272,Savings,235834.56,INR,2021-08-28,Active
ACC001274,CUST002763,BR064,56207900001273,Current,27591.49,INR,2015-06-29,Active
ACC001275,CUST000214,BR061,74068700001274,Savings,47293.11,inr,2016-03-08,Active
ACC001276,CUST002245,BR127,27560500001275,Savings,73425.93,INR,2024-12-02,Active
ACC001277,CUST004838,BR146,27772100001276,Current,34825.26,INR,2022-09-19,Active
ACC001278,CUST001875,BR028,54600600001277,Savings,47581.57,INR,2025-11-11,Active
ACC001279,CUST001642,BR111,66818300001278,Savings,-31096.74,INR,2026-03-17,Active
ACC001280,CUST002477,BR010,29908800001279,Savings,42249.23,INR,2025-04-01,Active
ACC001281,CUST000716,BR120,17655100001280,Savings,34720.09,INR,2023-03-02,Active
ACC001282,CUST004139,BR145,19693600001281,Savings,67864.46,INR,2025-12-15,Closed
ACC001283,CUST000387,BR109,14255800001282,Savings,43696.53,INR,2026-06-05,Active
ACC001284,CUST001658,BR082,82723700001283,Salary,10226.57,INR,2023-08-15,Active
ACC001285,CUST001264,BR143,64310200001284,Current,211872.49,INR,2023-01-27,Dormant
ACC001286,CUST000777,BR116,74309400001285,Salary,14250.51,INR,2026-03-23,Dormant
ACC001287,CUST000050,BR118,55995900001286,Salary,89051.78,INR,2025-10-20,Active
ACC001288,CUST000503,BR144,34324300001287,Salary,34418.81,INR,2023-03-30,Active
ACC001289,CUST000617,BR082,47251100001288,Savings,70865.84,INR,2026-05-07,Closed
ACC001290,CUST000194,BR122,22113800001289,Savings,14254.32,Inr,2024-06-19,Active
ACC001291,CUST002519,BR135,43429700001290,Savings,75716.8,INR,2025-09-09,Active
ACC001292,CUST002141,BR071,98473800001291,Savings,99949.18,usd,2022-03-21,Active
ACC001293,CUST001998,BR110,94311600001292,,65745.66,inr,2018-03-05,Active
ACC001294,CUST003076,BR098,92494200001293,Savings,66260.2,INR,2026-01-15,Active
ACC001295,CUST003152,BR149,75510800001294,Salary,30333.21,INR,2014-01-07,Active
ACC001296,CUST002561,BR095,42570500001295,,49115.32,INR,2024-11-08,Active
ACC001297,CUST000932,BR109,79046400001296,Savings,,INR,2021-05-24,Active
ACC001298,CUST003878,BR139,68040000001297,Current,20376.07,inr,2018-06-06,Active
ACC001299,CUST003284,BR002,75830600001298,Savings,112920.91,INR,2024-02-13,Active
ACC001300,CUST003786,BR022,35859300001299,Salary,283558.02,INR,2026-01-23,Active
ACC001301,CUST000691,BR050,82889500001300,Current,85990.66,INR,06/28/2015,Active
ACC001302,CUST000407,BR105,43839100001301,Savings,68814.2,INR,2019-05-03,Dormant
ACC001303,CUST002326,BR066,67254200001302,Savings,7108.93,INR,2024-05-25,Active
ACC001304,CUST000768,BR130,58499100001303,Current,65262.7,INR,2024-10-09,Active
ACC001305,CUST001326,BR012,35127600001304,Current,21699.17,INR,2022-01-11,Active
ACC001306,CUST004599,BR054,34217000001305,Savings,78782.65,INR,2023-01-22,Active
ACC001307,CUST000445,BR023,51438900001306,Current,156096.67,INR,2023-09-07,Active
ACC001308,CUST004356,BR107,17798100001307,Savings,31207.86,INR,2024-05-10,Active
ACC001309,CUST001624,BR041,11472600001308,Savings,58378.74,INR,2023-08-19,Active
ACC001310,CUST004566,BR038,74797200001309,Savings,59903.94,INR,2022-08-30,Active
ACC001311,CUST000823,BR092,90702500001310,Savings,-62697.45,INR,2018-12-27,Active
ACC001312,CUST004490,BR014,27202800001311,,82121.2,INR,2025-07-21,Dormant
ACC001313,CUST000497,BR140,11875500001312,Current,31539.69,inr,2025-11-06,Active
ACC001314,CUST001273,BR004,37038200001313,Salary,21007.27,INR,2025-05-22,Active
ACC001315,CUST002702,BR052,77500400001314,Salary,174344.64,INR,2019-01-28,Active
ACC001316,CUST001696,BR080,96007700001315,Savings,78182.07,INR,01/06/2023,Active 
ACC001317,CUST000272,BR002,43155700001316,Current,135350.23,USD,2022-04-18,Dormant
ACC001318,CUST004720,BR008,64249700001317,Salary,124098.89,INR,2014-08-11,Active
ACC001319,CUST000347,BR148,96963200001318,Savings,31952.08,INR,2020-10-11,Active
ACC001320,CUST003686,BR089,30511000001319,Savings,90298.82,GBP,2020-03-15,Active
ACC001321,CUST003277,BR005,24561900001320,Savings,93810.23,INR,2024-12-04,Active
ACC001322,CUST003795,BR057,35694200001321,Savings,47249.11,GBP,2023-01-13,Active
ACC001323,CUST003580,BR050,78689200001322,Salary,33308.1,Inr,2024-12-16,Active
ACC001324,CUST002991,BR002,30140600001323,Savings,47516.89,INR,2025-03-23,Active
ACC001325,CUST003921,BR086,14071700001324,Savings,49562.14,gbp,2021-09-15,Active
ACC001326,CUST001654,BR034,88273700001325,Current,41191.81,USD,2025-11-14,Active
ACC001327,CUST002161,BR098,81865200001326,Salary,26923.35,usd,2021-12-20,Dormant
ACC001328,CUST001618,BR111,82040800001327,Savings,85782.38,INR,2024-11-04,Active
ACC001329,CUST002518,BR063,66573500001328,Current,21311.7,INR,2021-09-30,Active
ACC001330,CUST003804,BR057,59334800001329,Savings,103109.0,INR,2015-06-11,Active
ACC001331,CUST000304,BR096,29602800001330,Savings,222259.58,INR,22/11/2022,Dormant
ACC001332,CUST000026,BR109,21609500001331,Savings,66387.85,INR,29/06/2017,Active
ACC001333,CUST002449,BR060,66293000001332,Salary,62635.56,Inr,2021-11-09,Active
ACC001334,CUST001734,BR123,76471200001333,Savings,42198.68,INR,2025-07-30,Active
ACC001335,CUST000903,BR044,85003200001334,Savings,114246.43,INR,2026-01-15,Active
ACC001336,CUST000213,BR120,86398100001335,Salary,53294.01,Gbp,2023-10-24,Active
ACC001337,CUST004818,BR056,72996900001336,Salary,62324.72,INR,2024-04-27,Dormant
ACC001338,CUST003026,BR101,57482800001337,Savings,79661.22,INR,2024-12-26,Dormant
ACC001339,CUST002333,BR150,51267900001338,Savings,28922.3,INR,2018-06-27,Active
ACC001340,CUST001773,BR112,28997600001339,Savings,28621.5,INR,2026-02-25,Active
ACC001341,CUST002233,BR048,35564100001340,Savings,43281.66,INR,2020-02-09,Active
ACC001342,CUST003408,BR086,72510200001341,Savings,39022.9,INR,2025-12-17,Active
ACC001343,CUST001593,BR031,64648900001342,Current,161903.34,INR,2026-07-27,Active
ACC001344,CUST004855,BR070,39394500001343,Savings,64106.74,INR,2024-10-19,Active
ACC001345,CUST000510,BR093,42727300001344,Savings,24450.27,INR,2021.11.03,Active
ACC001346,CUST003094,BR010,92495200001345,Current,46740.8,INR,2018-07-03,Active
ACC001347,CUST002170,BR060,46801200001346,Savings,93126.34,INR,2019-04-13,Active
ACC001348,CUST001480,BR147,84718400001347,Savings,144797.5,Inr,2021-01-16,Active
ACC001349,CUST001964,BR150,49582900001348,Savings,335049.82,INR,2026-04-19,Active
ACC001350,CUST000554,BR127,46565900001349,Savings,19498.36,inr,2026-06-19,Dormant
ACC001351,CUST001889,BR108,63429500001350,Current,215730.35,INR,2022-10-23,Active
ACC001352,CUST001834,BR101,13614400001351,Savings,76846.42,INR,2022-08-12,Active
ACC001353,CUST002750,BR080,39986900001352,Savings,143641.84,INR,2024-06-21,Active
ACC001354,CUST004068,BR097,95305700001353,Savings,40445.28,INR,2025-01-30,active
ACC001355,CUST003554,BR036,82002100001354,Current,137696.58,GBP,2013-10-17,Closed
ACC001356,CUST000666,BR087,95910200001355,Savings,150516.32,INR,2024-09-11,Active
ACC001357,CUST004961,BR084,85535700001356,Salary,105874.62,inr,2022-01-22,Active
ACC001358,CUST003112,BR015,53707300001357,Salary,192275.22,INR,2024-03-01,Active
ACC001359,CUST001637,BR043,91521700001358,Savings,29044.82,INR,2025-10-27,Active
ACC001360,CUST000489,BR048,10555100001359,Savings,41688.18,INR,2024-10-17,Active
ACC001361,CUST004980,BR103,31660900001360,Savings,51369.01,EUR,2016-04-24,Active
ACC001362,CUST002715,BR051,75047500001361,Salary,25061.23,INR,2021-06-17,Active
ACC001363,CUST000607,BR032,26664700001362,Savings,93967.65,INR,2026-07-30,Active
ACC001364,CUST000494,BR120,35263100001363,Savings,100860.38,INR,2022-08-16,Active
ACC001365,CUST001507,BR076,29850900001364,Savings,15199.88,INR,2024-10-22,Active
ACC001366,CUST000403,BR091,77440600001365,Savings,126976.99,INR,2017-06-30,Active
ACC001367,CUST001918,BR051,80995700001366,Savings,105089.15,INR,2023-12-31,active
ACC001368,CUST004332,BR060,12623900001367,Savings,93160.22,INR,2021-07-01,Active
ACC001369,CUST003066,BR087,28546500001368,Current,3874.13,INR,2015-06-28,Active
ACC001370,CUST003989,BR050,65513200001369,Savings,74987.75,INR,2023-07-17,Active
ACC001371,CUST002001,BR144,91188500001370,Salary,214060.08,inr,2023-02-24,Active
ACC001372,CUST002917,BR129,94546100001371,Savings,89023.75,INR,2025-10-18,Active
ACC001373,CUST002268,BR145,82809900001372,Savings,45442.95,INR,07/10/2026,Active
ACC001374,CUST001411,BR118,56742900001373,Salary,38293.78,INR,2025-03-12,Active
ACC001375,CUST003136,BR013,14641000001374,Current,140743.91,INR,2021-09-30,Active
ACC001376,CUST003617,BR122,95141900001375,Current,41866.85,INR,2025-05-06,Active
ACC001377,CUST002912,BR037,77789300001376,Savings,88749.23,INR,2025-11-16,Active
ACC001378,CUST001655,BR060,74959700001377,Current,26802.69,INR,2024-07-06,Active
ACC001379,CUST002150,BR063,87018300001378,Salary,191096.39,INR,2023-02-05,Active
ACC001380,CUST000898,BR072,63679300001379,Salary,133407.25,INR,2024-04-13,Active
ACC001381,CUST003419,BR121,75886800001380,Current,139776.93,INR,2019-09-10,Closed
ACC001382,CUST000300,BR086,86149700001381,Savings,117884.51,EUR,17/10/2017,Active
ACC001383,CUST003120,BR081,83252500001382,Salary,66876.03,Inr,2025-11-04,Active
ACC001384,CUST004417,BR029,92838200001383,Savings,23814.86,INR,2020-06-23,Active
ACC001385,CUST000767,BR120,27269100001384,Savings,26183.38,INR,2011-04-11,Active
ACC001386,CUST003034,BR055,87287500001385,Current,110566.21,INR,2025-01-23,Active
ACC001387,CUST004652,BR101,54545500001386,,58185.76,INR,2023-10-23,Dormant
ACC001388,CUST000176,BR074,92634900001387,Savings,68806.71,INR,2014-05-10,Active
ACC001389,CUST004758,BR098,97998900001388,Savings,75587.6,INR,2022-08-06,Active
ACC001390,CUST003843,BR101,15740100001389,Savings,12202.67,INR,2023-03-06,Active
ACC001391,CUST000576,BR084,89089600001390,Salary,101460.73,INR,2015-12-20,Active
ACC001392,CUST002546,BR068,29125100001391,Current,59284.92,INR,2022-11-11,Active
ACC001393,CUST002367,BR108,91004400001392,Salary,170754.26,INR,2025-09-02,Active
ACC001394,CUST001214,BR024,34049100001393,Salary,59419.97,Inr,2024-03-12,Active
ACC001395,CUST000241,BR146,71462000001394,Savings,130156.35,USD,2026-06-30,Active
ACC001396,CUST004363,BR064,96402800001395,Current,123336.46,INR,24/06/2026,dormant
ACC001397,CUST000895,BR148,18321400001396,Savings,67724.13,Inr,2014-03-15,Active
ACC001398,CUST002576,BR080,92071000001397,Salary,30064.28,INR,2026-07-15,Active
ACC001399,CUST001202,BR020,83492000001398,Current,92039.88,INR,2020-08-11,Active
ACC001400,CUST000944,BR098,82952200001399,Salary,113028.95,INR,2020-03-22,Active
ACC001401,CUST002607,BR078,92163800001400,Salary,222766.22,INR,2026-05-05,Active 
ACC001402,CUST003328,BR129,81735000001401,Savings,120794.03,INR,2025-11-01,Active
ACC001403,CUST004392,BR126,34993800001402,Current,80369.0,INR,2024-12-05,Active
ACC001404,CUST001199,BR035,50131000001403,Savings,86150.1,INR,2025-09-20,Active
ACC001405,CUST002260,BR116,60431300001404,Savings,87621.11,INR,2018-01-31,Active
ACC001406,CUST003507,BR084,18955100001405,Savings,115530.68,INR,2016-04-24,Active
ACC001407,CUST001010,BR069,86380900001406,Savings,50706.31,inr,2023-04-19,Active
ACC001408,CUST003882,BR063,69942400001407,Salary,79445.51,INR,2026-06-04,Active
ACC001409,CUST003549,BR102,94014800001408,Savings,14769.01,INR,2020-12-06,Active
ACC001410,CUST002250,BR104,56983700001409,Savings,34026.31,INR,2023-09-22,Dormant
ACC001411,CUST000678,BR132,11483100001410,Savings,86041.78,INR,2020-12-14,Active
ACC001412,CUST001039,BR132,46346800001411,Savings,148475.75,INR,2026-06-27,Active
ACC001413,CUST001664,BR037,29129700001412,Savings,77874.44,Inr,2024-09-12,Dormant
ACC001414,CUST001903,BR072,42683500001413,Current,123184.08,INR,2023-05-23,Active
ACC001415,CUST002356,BR149,61879400001414,Current,126749.57,INR,2025-05-18,Active
ACC001416,CUST003968,BR127,24526900001415,Savings,119910.6,INR,2026-01-19,Active
ACC001417,CUST003188,BR068,65602100001416,Savings,21685.07,INR,2024-04-02,Active
ACC001418,CUST003809,BR001,46485500001417,Savings,44901.67,INR,2026-03-10,Active
ACC001419,CUST003619,BR035,82773300001418,Salary,149841.07,INR,2022-06-04,Active
ACC001420,CUST004553,BR137,93115500001419,Savings,65311.49,INR,2024-07-23,Active
ACC001421,CUST001068,BR106,42210700001420,Savings,71505.58,INR,2021-06-23,Active
ACC001422,CUST001259,BR119,27745400001421,Savings,79116.25,INR,2019-07-23,Active
ACC001423,CUST001837,BR117,12331300001422,Savings,175389.39,INR,2025-07-01,Active
ACC001424,CUST000603,BR021,63898700001423,Savings,38912.62,INR,2024-03-31,Dormant
ACC001425,CUST002686,BR088,49117500001424,Current,116146.19,INR,2025-06-15,Active
ACC001426,CUST001708,BR102,66163700001425,Savings,84330.28,USD,2019-08-28,active
ACC001427,CUST000730,BR015,33784600001426,Current,76837.21,INR,2016-07-24,active
ACC001428,CUST000181,BR078,44383600001427,Savings,47641.95,INR,2022-10-10,Active
ACC001429,CUST001649,BR041,94020500001428,Savings,101259.43,INR,2025-12-12,Active
ACC001430,CUST000404,BR146,34270100001429,Savings,63643.26,inr,2026-07-27,Active
ACC001431,CUST004570,BR038,60292600001430,Savings,158249.02,INR,03/25/2022,Active
ACC001432,CUST001892,BR046,24028700001431,Savings,117713.01,INR,2024-10-26,Active
ACC001433,CUST000748,BR134,17812900001432,Savings,105231.19,Gbp,2025-06-24,Active
ACC001434,CUST000140,BR092,47450300001433,Current,137119.34,INR,2024-05-07,Active 
ACC001435,CUST002013,BR142,18229400001434,Salary,-40563.65,INR,2017-06-02,Active
ACC001436,CUST002157,BR079,55309300001435,Salary,194707.91,INR,2025-04-18,Active
ACC001437,CUST000801,BR029,22440800001436,Savings,86177.79,INR,2026-06-23,Active
ACC001438,CUST002224,BR034,13282900001437,Savings,67917.58,INR,2025-05-29,Active
ACC001439,CUST800012,BR026,66032300001438,Savings,139079.21,INR,2017-04-24,Active
ACC001440,CUST003778,BR123,93155500001439,Savings,40287.64,INR,21/08/2022,Active
ACC001441,CUST001308,BR004,99038600001440,Savings,74685.09,GBP,2020-09-03,Active
ACC001442,CUST002570,BR112,10146100001441,Savings,70773.71,INR,2026.06.29,ACTIVE
ACC001443,CUST000279,BR067,64907200001442,Current,57736.46,INR,2025-11-10,Closed
ACC001444,CUST001131,BR082,14331100001443,Savings,119327.41,INR,2020-08-06,Active
ACC001445,CUST002804,BR125,66903500001444,Savings,102477.04,INR,2024-03-12,Active
ACC001446,CUST001897,BR142,70180100001445,Current,65695.02,INR,2020-04-13,Active
ACC001447,CUST004300,BR043,22374900001446,Salary,152979.16,inr,2021-07-18,Active
ACC001448,CUST004512,BR139,80932700001447,Savings,85635.12,INR,2023-07-01,Active
ACC001449,CUST004147,BR137,89473800001448,Savings,97250.29,USD,10/12/2025,Active
ACC001450,CUST001839,BR123,51176100001449,Savings,105794.72,INR,2025-03-30,Active
ACC001451,CUST003842,BR019,57575300001450,Savings,33071.56,INR,2024-07-15,Active
ACC001452,CUST001433,BR023,39003200001451,Savings,67101.34,INR,13/02/2023,Active
ACC001453,CUST004796,BR006,97217800001452,Savings,59021.26,INR,2023-10-27,Active
ACC001454,CUST004433,BR135,74343500001453,Savings,51271.27,INR,2021-12-19,Dormant
ACC001455,CUST000316,BR144,50532400001454,Salary,56373.05,INR,2020-01-07,Closed
ACC001456,CUST002797,BR046,88348300001455,Savings,236753.97,GBP,2026-06-11,Active
ACC001457,CUST004501,BR079,83804700001456,Salary,47675.2,INR,2024-04-22,Active
ACC001458,CUST001685,BR086,38294300001457,Savings,140530.92,INR,2025-12-19,Dormant
ACC001459,CUST004899,BR059,99809000001458,Savings,99219.38,INR,21/06/2022,Active
ACC001460,CUST004579,BR147,65327000001459,Savings,82724.33,INR,2020-04-04,Active
ACC001461,CUST001231,BR142,13947800001460,Savings,55043.58,INR,2022-08-31,Active
ACC001462,CUST002914,BR035,90851000001461,Salary,18792.22,INR,2023-07-26,Active
ACC001463,CUST003017,BR083,36104100001462,Savings,46542.08,INR,2019-03-24,Active
ACC001464,CUST001137,BR030,69709200001463,Savings,55789.37,INR,2021-12-22,Active
ACC001465,CUST002599,BR014,82251700001464,Current,68668.07,INR,2023-07-23,Active
ACC001466,CUST004504,BR128,17357900001465,Savings,-159092.59,INR,2022-07-06,Active
ACC001467,CUST000419,BR130,84693900001466,Current,62293.46,INR,2023-08-04,Active
ACC001468,CUST001636,BR002,24417700001467,Salary,3637.01,INR,20/07/2026,Active
ACC001469,CUST003071,BR082,26594600001468,Savings,119398.25,INR,2025-11-17,Active
ACC001470,CUST000915,BR027,82326600001469,Savings,97503.32,INR,2019-03-30,Active
ACC001471,CUST004477,BR085,56143800001470,Savings,85747.44,INR,2025-03-26,Active
ACC001472,CUST002574,BR050,52944000001471,Salary,122541.96,INR,2024-01-29,Active
ACC001473,CUST001173,BR081,59360700001472,Salary,79955.07,INR,2020-08-25,Active
ACC001474,CUST800013,BR111,30891700001473,Salary,136242.43,INR,2021-09-10,Active
ACC001475,CUST002467,BR013,99987900001474,Current,-125479.26,GBP,2023-05-22,Active
ACC001476,CUST002918,BR073,17522600001475,Savings,99604.11,INR,2022-11-06,Active
ACC001477,CUST000885,BR052,26752500001476,Salary,182082.74,INR,2025.03.01,Active
ACC001478,CUST002125,BR059,16955400001477,Salary,76161.72,INR,2016-12-07,Active
ACC001479,CUST000286,BR140,13193100001478,Savings,50527.7,INR,2025-01-06,Active
ACC001480,CUST004566,BR138,56296500001479,Current,101906.29,INR,08/03/2025,Active
ACC001481,CUST004817,BR098,20018100001480,Salary,37588.11,INR,2025-07-19,Active
ACC001482,CUST000764,BR114,76209700001481,Salary,28565.45,inr,2025-12-24,Dormant
ACC001483,CUST000161,BR058,97736900001482,Current,50675.14,Inr,2024-09-13,Closed
ACC001484,CUST004197,BR095,47390600001483,Current,76733.8,INR,2026-04-15,Active
ACC001485,CUST002362,BR071,24892900001484,Salary,41567.13,INR,2025-07-20,Active
ACC001486,CUST000077,BR052,45875300001485,Savings,71561.72,INR,2019-07-17,Active
ACC001487,CUST003133,BR119,46176200001486,Savings,16756.47,INR,2018-10-17,Active
ACC001488,CUST003358,BR129,10257000001487,Salary,99477.8,INR,2026-04-06,Active
ACC001489,CUST800014,BR053,73579200001488,Current,73874.61,INR,17/09/2015,Dormant
ACC001490,CUST000981,BR038,42874700001489,Salary,92342.65,INR,2023-07-31,Active
ACC001491,CUST002456,BR061,78112200001490,Savings,63120.94,INR,2025-03-20,Active
ACC001492,CUST002195,BR142,26842300001491,Savings,28925.18,INR,2026-03-10,Active
ACC001493,CUST001966,BR116,12094400001492,Savings,54383.9,INR,2025-05-01,Active
ACC001494,CUST004827,BR040,45778500001493,Savings,202368.7,GBP,2026-01-09,Active
ACC001495,CUST003536,BR094,54613900001494,Current,29568.89,Inr,2023-12-30,Active
ACC001496,CUST002909,BR124,13966100001495,Savings,97313.57,INR,2019-04-16,Dormant
ACC001497,CUST004145,BR054,59136600001496,Savings,152334.27,INR,2026-01-27,Active
ACC001498,CUST000174,BR138,60088100001497,Current,21872.73,INR,2016-03-13,Active
ACC001499,CUST000911,BR141,98430800001498,Current,141120.01,INR,2024-04-20,Active
ACC001500,CUST001181,BR034,62081700001499,Savings,114615.16,INR,2026-07-19,Active
ACC001501,CUST000009,BR091,23921100001500,Savings,36603.66,INR,07/03/2025,Closed
ACC001502,CUST004623,BR035,85925000001501,Current,20436.06,INR,2022-12-01,Active
ACC001503,CUST004667,BR101,95450800001502,Savings,178789.44,INR,2024-12-05,Active
ACC001504,CUST000501,BR012,24970900001503,Salary,30258.96,INR,2026-01-16,Dormant
ACC001505,CUST000036,BR097,40831800001504,Current,45856.95,INR,2024-10-08,Active
ACC001506,CUST004891,BR052,64715700001505,Current,239536.97,USD,2012-01-24,Active
ACC001507,CUST001003,BR077,14104600001506,,56110.5,INR,2026-04-18,Active
ACC001508,CUST000152,BR076,86041300001507,Current,18705.1,INR,2020-08-28,Active
ACC001509,CUST004915,BR150,75531900001508,Savings,14527.41,INR,2020-06-25,Active
ACC001510,CUST000166,BR013,92468600001509,Salary,67539.33,INR,2025.08.25,Active
ACC001511,CUST800015,BR088,78164100001510,Savings,59882.25,INR,2026-01-13,Dormant
ACC001512,CUST003369,BR022,25786300001511,Savings,32022.43,INR,2023-11-09,Active
ACC001513,CUST002981,BR098,74592100001512,Current,14208.96,GBP,2021-03-13,Active
ACC001514,CUST000768,BR064,66556500001513,Savings,67037.47,INR,2025-03-10,active
ACC001515,CUST004931,BR025,34537300001514,Savings,20545.19,EUR,2021-10-04,Active
ACC001516,CUST001755,BR028,23706400001515,Savings,44207.31,INR,2023-11-24,Active
ACC001517,CUST000941,BR019,91206600001516,Salary,-38719.89,INR,2021-07-11,Active
ACC001518,CUST001522,BR117,27490000001517,Savings,35479.28,INR,2024-04-09,Active
ACC001519,CUST002430,BR137,23426400001518,Savings,22883.59,EUR,2021-02-09,Closed
ACC001520,CUST002225,BR049,74475200001519,Savings,22617.78,INR,2025-11-28,Closed
ACC001521,CUST001711,BR058,79346500001520,Savings,100918.53,gbp,2017-09-16,Active
ACC001522,CUST000100,BR007,85513400001521,Savings,90415.31,INR,01/08/2018,Dormant
ACC001523,CUST001020,BR026,56528000001522,Savings,8753.54,INR,2017-04-17,Active
ACC001524,CUST002420,BR024,42647000001523,Savings,135300.85,INR,2021-09-04,Active
ACC001525,CUST003660,BR143,73714800001524,Current,32249.99,INR,2014-06-12,Active
ACC001526,CUST002956,BR047,81681300001525,Savings,29297.64,inr,2019-10-03,Active
ACC001527,CUST000854,BR118,24662900001526,Salary,47333.75,INR,2020-08-04,Active
ACC001528,CUST000660,BR022,71547700001527,Savings,39788.89,INR,2022-11-14,Active 
ACC001529,CUST001513,BR027,28580000001528,Savings,144857.75,inr,2020-02-22,Closed
ACC001530,CUST002573,BR033,42400400001529,Savings,72921.01,EUR,2017-06-23,Active
ACC001531,CUST004315,BR029,92232500001530,Current,34356.65,INR,2025.01.01,Active
ACC001532,CUST002694,BR031,35174700001531,Savings,59774.14,INR,2022-12-08,Active
ACC001533,CUST003938,BR044,75974000001532,Savings,13384.51,INR,2026-05-19,Active
ACC001534,CUST000266,BR063,75571900001533,,58545.13,INR,2025-12-05,Active
ACC001535,CUST002454,BR028,29315900001534,Savings,20961.99,INR,2024-03-04,Active
ACC001536,CUST002020,BR079,85749500001535,Savings,123861.66,INR,2026-03-26,Active
ACC001537,CUST001803,BR055,72291600001536,Savings,82671.89,USD,2021-07-31,active
ACC001538,CUST001786,BR094,18130000001537,Current,55480.61,INR,2026-07-28,Active
ACC001539,CUST002924,BR088,84353200001538,Savings,126720.72,INR,2023-12-23,Active
ACC001540,CUST003537,BR137,52385100001539,Savings,71648.55,INR,2024-07-29,Active
ACC001541,CUST004611,BR094,58320300001540,Salary,142289.77,INR,2025-01-24,ACTIVE
ACC001542,CUST001590,BR104,34670000001541,Current,69336.2,USD,2026-02-07,Active
ACC001543,CUST004236,BR126,26575800001542,Salary,86231.74,USD,2025-11-26,Active
ACC001544,CUST001278,BR030,20237100001543,Savings,109902.28,INR,2025-11-10,Active
ACC001545,CUST002787,BR131,11024400001544,Savings,109702.39,INR,2016-02-17,Active
ACC001546,CUST001964,BR068,26371800001545,Savings,18741.99,INR,2025-11-23,Active
ACC001547,CUST004293,BR100,30814500001546,Salary,34196.24,INR,2016-12-13,Active
ACC001548,CUST001311,BR110,83111500001547,Salary,34876.37,INR,2015-08-09,Active
ACC001549,CUST003084,BR033,24694100001548,Savings,77481.55,INR,2022-03-08,Active
ACC001550,CUST003174,BR084,71388900001549,Savings,47188.67,INR,2022-12-03,Active
ACC001551,CUST001393,BR043,69121400001550,Savings,14779.23,INR,2023-04-17,Active
ACC001552,CUST002771,BR026,97094300001551,Salary,32618.31,INR,2025-07-27,Active
ACC001553,CUST003274,BR133,95949000001552,Savings,30168.92,INR,07/03/2024,Active
ACC001554,CUST004237,BR119,39842000001553,Salary,194397.85,INR,2023-04-02,Active
ACC001555,CUST001533,BR028,33347100001554,Current,165418.22,INR,23/04/2021,Active
ACC001556,CUST003718,BR030,92123100001555,Savings,111980.2,INR,2026-06-24,Dormant
ACC001557,CUST003023,BR013,38312100001556,Salary,53286.37,INR,2014-04-17,Dormant
ACC001558,CUST000998,BR052,17895700001557,Savings,93359.12,INR,2020-06-06,Active
ACC001559,CUST002481,BR037,99734400001558,Salary,98512.55,INR,2024-09-24,Active
ACC001560,CUST004945,BR111,88605100001559,Savings,33884.94,INR,2020-02-19,Dormant
ACC001561,CUST000698,BR061,86922200001560,Savings,61169.98,EUR,2021-05-06,Active
ACC001562,CUST003047,BR146,14514300001561,Savings,34510.06,INR,2024-07-01,Dormant
ACC001563,CUST004903,BR085,31297900001562,Savings,14023.03,INR,2026-06-23,Active
ACC001564,CUST003787,BR134,25976100001563,Salary,77487.02,INR,2024-09-10,Dormant
ACC001565,CUST003928,BR015,49660400001564,Current,96905.42,INR,2021-07-01,Active
ACC001566,CUST002633,BR146,82308600001565,Salary,52704.46,INR,2023-08-05,Active
ACC001567,CUST003911,BR049,78502700001566,Savings,142121.7,INR,2025-11-08,Active
ACC001568,CUST003857,BR060,94172700001567,Savings,97634.01,INR,14/07/2022,Active
ACC001569,CUST001066,BR090,55622200001568,Savings,27656.62,INR,2025-07-27,Active
ACC001570,CUST004436,BR066,63204000001569,Savings,51894.01,INR,2022-06-10,Active
ACC001571,CUST002861,BR048,85314100001570,Savings,17730.82,INR,2026-07-09,Active
ACC001572,CUST000308,BR025,87442800001571,Savings,122174.01,INR,2023-01-24,Active
ACC001573,CUST003586,BR063,93572700001572,Savings,107983.94,INR,2025-10-14,Active
ACC001574,CUST004884,BR071,21065700001573,Salary,75974.18,INR,2022-06-06,Active
ACC001575,CUST000605,BR020,14130500001574,Savings,79812.85,INR,2026-05-27,Active
ACC001576,CUST000470,BR118,87762700001575,Current,78430.95,INR,2024-07-01,Active
ACC001577,CUST003997,BR027,74675800001576,Savings,91217.22,USD,2022-01-10,Active
ACC001578,CUST000707,BR011,35598500001577,Savings,92977.3,INR,2026-06-01,Active
ACC001579,CUST001773,BR049,91295800001578,Current,33714.57,USD,2026-04-19,Dormant
ACC001580,CUST003397,BR048,94576300001579,Salary,17923.06,INR,2020-06-20,Closed
ACC001581,CUST001564,BR045,93220200001580,Current,108979.81,INR,2022-12-15,Dormant
ACC001582,CUST002059,BR139,48425500001581,Savings,128084.89,INR,2024-11-11,Active
ACC001583,CUST003150,BR090,73428200001582,Savings,128882.51,INR,2022-04-27,Active
ACC001584,CUST001422,BR028,80233500001583,Salary,157781.38,EUR,2023-01-11,Active
ACC001585,CUST004076,BR078,23066800001584,Savings,153403.84,EUR,2023-04-13,Active
ACC001586,CUST000196,BR045,72742500001585,Current,104954.85,INR,2025-07-12,Closed
ACC001587,CUST001536,BR143,33963700001586,Savings,39556.5,INR,2026-06-30,Active
ACC001588,CUST001028,BR141,11506500001587,Current,-17150.54,INR,2026-02-19,Active
ACC001589,CUST000218,BR088,91539000001588,Savings,46654.77,INR,2026-02-05,Active
ACC001590,CUST004997,BR052,29387900001589,Savings,11775.14,Inr,2026-05-09,Active
ACC001591,CUST004400,BR021,52025700001590,Salary,130101.76,INR,2026-03-17,Active
ACC001592,CUST000230,BR125,61081700001591,Savings,20264.21,INR,2021-01-17,Active
ACC001593,CUST004080,BR004,73374600001592,Savings,68912.51,INR,2026-02-09,Active
ACC001594,CUST002677,BR044,30109300001593,Savings,65489.25,INR,03/30/2019,Active
ACC001595,CUST001881,BR083,43309300001594,Savings,129780.38,INR,2026-01-10,Dormant
ACC001596,CUST001958,BR039,81094700001595,Savings,89526.99,INR,12/16/2023,Active
ACC001597,CUST001327,BR109,80906000001596,Current,41521.01,INR,2022-03-04,Active
ACC001598,CUST000509,BR029,83818900001597,Savings,70937.24,INR,2026-07-25,Active
ACC001599,CUST001827,BR128,57799700001598,,67856.81,INR,2023-04-02,Active
ACC001600,CUST001681,BR010,11905500001599,Savings,27889.96,INR,2025-09-14,Active
ACC001601,CUST003377,BR051,90515900001600,Savings,56591.71,GBP,2020-07-12,Active
ACC001602,CUST004369,BR063,64284100001601,Savings,,INR,2021-09-08,Active
ACC001603,CUST002229,BR148,45584100001602,Current,74179.45,INR,2025.03.28,Active
ACC001604,CUST004378,BR108,99269900001603,Salary,54077.28,Inr,2020-03-05,Active
ACC001605,CUST001440,BR149,92168000001604,Savings,76285.69,INR,2026-07-20,Active
ACC001606,CUST004854,BR076,57891100001605,Savings,21476.66,INR,2014-07-07,Closed
ACC001607,CUST004343,BR141,70060200001606,Salary,128742.92,INR,2021-10-18,Dormant
ACC001608,CUST002451,BR062,86186400001607,Salary,192357.83,inr,2026-01-07,Dormant
ACC001609,CUST000899,BR005,17365300001608,Salary,11999.28,GBP,14/02/2019,Active
ACC001610,CUST002109,BR031,19970000001609,Savings,5958.76,INR,2024-03-02,Closed
ACC001611,CUST004391,BR057,23078200001610,Salary,70201.92,EUR,2021-07-28,Active
ACC001612,CUST003079,BR103,75634100001611,Salary,16367.16,INR,2023-08-01,Active
ACC001613,CUST003357,BR032,68710300001612,Savings,68887.93,INR,2019-03-13,Dormant
ACC001614,CUST002694,BR038,28576400001613,Current,76972.61,INR,2026-01-01,Active
ACC001615,CUST002194,BR099,66149800001614,Savings,96534.18,inr,2019-09-15,Active
ACC001616,CUST003303,BR005,35408800001615,Savings,68361.74,INR,2024-07-03,Active
ACC001617,CUST003084,BR133,69530800001616,Current,3090.66,INR,2026-03-20,Active
ACC001618,CUST000860,BR145,54604800001617,Savings,160906.09,INR,2026.06.30,Active
ACC001619,CUST004954,BR122,52836800001618,Salary,92347.35,usd,2022-01-05,Active
ACC001620,CUST003441,BR142,94554600001619,Salary,39544.31,INR,2021-01-30,Active
ACC001621,CUST003210,BR025,80031500001620,Salary,45745.6,INR,2023-06-01,Active
ACC001622,CUST001002,BR033,71302200001621,Savings,44059.19,INR,2023.12.29,Active
ACC001623,CUST001430,BR131,82528400001622,Current,28085.2,inr,2023-10-01,Active
ACC001624,CUST000947,BR036,93085600001623,Salary,68433.45,INR,2025-06-10,Active
ACC001625,CUST000532,BR106,46234100001624,,46192.34,INR,2024-04-21,Active
ACC001626,CUST000243,BR088,76459200001625,Current,106285.06,INR,2018-03-20,Active
ACC001627,CUST000609,BR045,63367700001626,Savings,78041.65,INR,2025-04-06,Active
ACC001628,CUST004893,BR065,77772600001627,Current,226679.95,GBP,2025-09-29,Active
ACC001629,CUST001849,BR068,87679400001628,,34769.0,INR,2020-02-09,Active
ACC001630,CUST002842,BR134,87106900001629,Salary,117286.03,GBP,2022-05-21,Active
ACC001631,CUST000195,BR081,58555200001630,Savings,38992.22,INR,2020-04-10,Active
ACC001632,CUST003647,BR065,39491300001631,Salary,50930.26,INR,2026.05.17,Dormant
ACC001633,CUST003247,BR101,33957500001632,Savings,21772.92,Inr,2024-10-17,Active
ACC001634,CUST003219,BR021,81178700001633,Current,54226.15,INR,2024-10-11,Active
ACC001635,CUST001800,BR049,60584100001634,Salary,29907.41,INR,2019-05-22,Active
ACC001636,CUST002404,BR082,85881700001635,Current,263203.23,INR,2018-05-10,Active
ACC001637,CUST000023,BR093,52007800001636,Salary,79738.99,INR,2024-10-23,Active
ACC001638,CUST002539,BR017,76659500001637,Current,93678.26,USD,2022-11-03,Active
ACC001639,CUST001572,BR047,34479800001638,Savings,47502.46,INR,09/15/2024,Active
ACC001640,CUST002470,BR068,71392400001639,Salary,207762.94,Inr,2015-08-15,Active
ACC001641,CUST002501,BR001,24034900001640,Savings,125618.86,INR,2024-06-01,Active
ACC001642,CUST001455,BR087,26951700001641,Current,86214.58,INR,2015-06-27,Active
ACC001643,CUST003209,BR128,86242100001642,Current,47457.17,INR,2026-05-06,Dormant
ACC001644,CUST004236,BR142,96233400001643,Salary,175565.92,INR,2023-06-29,Active
ACC001645,CUST000258,BR097,48848300001644,Savings,80369.47,INR,2018-07-05,Active
ACC001646,CUST001336,BR045,35582900001645,Savings,83513.01,Inr,2019-05-08,Active
ACC001647,CUST000460,BR107,88589200001646,Savings,98819.63,INR,2016-05-02,Active
ACC001648,CUST000330,BR098,47430500001647,Salary,154553.72,INR,2024-07-18,Active 
ACC001649,CUST002086,BR006,71311200001648,Savings,150751.3,INR,2016-09-10,Active
ACC001650,CUST002796,BR001,16279100001649,Savings,35471.91,INR,2019-01-23,Active
ACC001651,CUST000038,BR150,83228500001650,Savings,78517.56,Inr,2018-10-20,Active
ACC001652,CUST000868,BR131,11948400001651,Current,69101.45,USD,2023-09-24,Active
ACC001653,CUST003957,BR061,77924700001652,Savings,80386.01,INR,2025-09-30,Active
ACC001654,CUST000495,BR048,25213800001653,Savings,139461.87,INR,2026-03-24,Active
ACC001655,CUST001593,BR014,92388700001654,Current,168205.42,INR,2026-06-20,Active
ACC001656,CUST800016,BR037,65926200001655,Current,36244.16,INR,2024-12-31,Active
ACC001657,CUST004898,BR014,56247300001656,Savings,44614.87,INR,06/12/2022,Active
ACC001658,CUST002570,BR016,36509400001657,Salary,53807.12,Inr,2026-07-24,Active
ACC001659,CUST002544,BR129,31543300001658,Savings,141999.09,INR,2026-02-17,Active
ACC001660,CUST004895,BR118,89130300001659,Savings,131870.59,INR,2023-04-01,Dormant
ACC001661,CUST003214,BR119,44047700001660,Savings,4799.36,EUR,2018-02-27,Active
ACC001662,CUST000264,BR009,11810500001661,Salary,-86820.19,INR,2025-08-19,Active
ACC001663,CUST001481,BR056,17899500001662,Salary,20028.18,INR,2021-11-22,Active
ACC001664,CUST004972,BR093,27624700001663,Salary,55788.66,INR,2023-11-26,Active
ACC001665,CUST002261,BR084,93134200001664,Salary,12934.65,INR,2025-06-25,Active
ACC001666,CUST000056,BR048,17336800001665,Savings,65758.62,INR,2018-06-02,Active
ACC001667,CUST001400,BR062,74308400001666,Savings,,INR,2022-02-18,Closed
ACC001668,CUST004349,BR107,19211300001667,Salary,34934.87,INR,2023-10-21,Active
ACC001669,CUST000013,BR127,12842700001668,Savings,64409.57,INR,2019-08-19,Active
ACC001670,CUST002748,BR145,31427400001669,Current,53573.41,INR,2017-01-14,Active
ACC001671,CUST003440,BR107,17564100001670,Current,,INR,2023-09-17,Active
ACC001672,CUST002004,BR042,87849500001671,Savings,8911.79,INR,2022-03-08,Active
ACC001673,CUST001598,BR137,93491600001672,Savings,29063.06,INR,2025-06-15,Active
ACC001674,CUST000172,BR093,87007300001673,Savings,87843.14,INR,2021-06-14,Active
ACC001675,CUST003490,BR115,59418600001674,Savings,42443.75,INR,2024-04-13,Dormant
ACC001676,CUST000737,BR056,39453100001675,Savings,25028.64,INR,2025-03-29,Active
ACC001677,CUST003865,BR084,98938100001676,Savings,30694.08,INR,2024.04.08,Active
ACC001678,CUST001637,BR077,16809100001677,Savings,186887.82,INR,2024-06-03,Active
ACC001679,CUST000773,BR110,39586600001678,Savings,16717.88,INR,2026-05-10,Closed 
ACC001680,CUST002463,BR013,71452300001679,Current,34869.36,INR,2025-09-25,Closed
ACC001681,CUST004432,BR082,38126800001680,Salary,71388.32,INR,2021-11-10,Active
ACC001682,CUST001481,BR031,72674100001681,Savings,68737.47,Inr,2018-10-05,Active
ACC001683,CUST003511,BR025,88553100001682,Current,61932.08,INR,2022-05-26,Active
ACC001684,CUST003558,BR120,93179200001683,Current,36740.74,INR,2025-08-09,Active
ACC001685,CUST003078,BR082,20704600001684,Current,44974.67,INR,2024-11-24,Active
ACC001686,CUST002846,BR052,92716600001685,Salary,53808.28,INR,2018-11-30,Active
ACC001687,CUST003672,BR101,97329000001686,Current,20228.44,EUR,2026-07-18,Active
ACC001688,CUST000442,BR001,33281200001687,Savings,176457.74,INR,2025-03-27,Dormant
ACC001689,CUST002572,BR137,12508100001688,Salary,39347.91,Inr,2026-03-26,Active
ACC001690,CUST004671,BR049,89624900001689,Current,112812.77,INR,2014-12-20,Active
ACC001691,CUST000451,BR018,91941400001690,Savings,72935.89,INR,2025-08-21,Active
ACC001692,CUST002659,BR101,57809800001691,Current,85820.69,INR,2021-07-23,Active
ACC001693,CUST003117,BR128,35367500001692,Savings,82621.78,INR,2024-12-26,Closed
ACC001694,CUST000811,BR146,92330500001693,Current,25279.05,INR,27/03/2026,Active
ACC001695,CUST002897,BR113,80872800001694,Salary,137399.36,INR,2024-02-16,Active
ACC001696,CUST004151,BR129,70788800001695,Current,14476.6,GBP,2025-09-17,Active
ACC001697,CUST001440,BR048,53364400001696,Savings,34281.03,GBP,2026-07-24,Active
ACC001698,CUST001718,BR114,51795900001697,Savings,69562.22,INR,2025-12-22,Active
ACC001699,CUST001817,BR002,92263300001698,Salary,52369.67,INR,2025-08-03,Active
ACC001700,CUST002838,BR140,62033500001699,Savings,36068.55,INR,2023-12-10,Active
ACC001701,CUST003238,BR121,42923800001700,Salary,129630.82,INR,2024-05-10,Active
ACC001702,CUST000726,BR099,31156000001701,Savings,91697.45,INR,2025-06-19,Active
ACC001703,CUST002143,BR140,58848300001702,Current,78387.63,INR,2025-12-29,Active
ACC001704,CUST001024,BR078,61211900001703,Savings,56204.97,INR,2023-09-14,Active
ACC001705,CUST000191,BR049,78866700001704,Current,91136.31,INR,2026-06-27,Active 
ACC001706,CUST004168,BR081,34371900001705,Salary,112895.94,INR,16/07/2023,Closed
ACC001707,CUST000878,BR009,84191600001706,Savings,42219.65,INR,2020.03.06,Active
ACC001708,CUST001679,BR142,49757800001707,Savings,23499.76,INR,2020-12-29,Active
ACC001709,CUST000735,BR077,69161800001708,Salary,19914.56,INR,2023-02-20,Active
ACC001710,CUST001595,BR001,36753500001709,Savings,144665.68,INR,2020-12-14,Active
ACC001711,CUST003097,BR091,54330000001710,Savings,27337.2,INR,2024-05-06,Active
ACC001712,CUST003231,BR078,49898900001711,Savings,27629.55,Inr,2026-07-27,Closed
ACC001713,CUST002298,BR149,74227400001712,Savings,110997.41,inr,2023-11-05,Active
ACC001714,CUST004404,BR116,87349900001713,Current,68024.94,INR,2026-02-16,Active
ACC001715,CUST004838,BR042,54235700001714,Savings,185111.78,INR,2021-12-15,Active
ACC001716,CUST001466,BR006,61035000001715,Savings,48789.16,INR,2019-10-20,Active
ACC001717,CUST002014,BR066,73771400001716,Savings,67915.73,inr,2026-07-20,Active
ACC001718,CUST003434,BR124,14418100001717,Savings,55843.51,INR,2022-11-26,Active
ACC001719,CUST000279,BR110,62375000001718,Salary,142792.83,Inr,2026-01-10,CLOSED
ACC001720,CUST003234,BR127,72786400001719,Salary,63499.8,INR,2024-05-16,Active
ACC001721,CUST004918,BR125,34385500001720,Savings,-55548.45,INR,2016-08-12,Active
ACC001722,CUST003756,BR079,69534000001721,Salary,59372.15,INR,2023.03.16,Active
ACC001723,CUST001000,BR121,17364000001722,Savings,5080.33,INR,2025-07-23,Active
ACC001724,CUST003736,BR125,18051900001723,Salary,14395.3,INR,2026-07-27,Active
ACC001725,CUST000158,BR016,28034200001724,Savings,32341.06,inr,2021-05-21,Active
ACC001726,CUST003577,BR022,38081800001725,Savings,72206.43,INR,2024-11-07,Active
ACC001727,CUST003578,BR036,79284400001726,Savings,93088.74,INR,2025-05-17,Active
ACC001728,CUST002700,BR142,32815800001727,Savings,99384.37,INR,2026-05-19,Active
ACC001729,CUST002304,BR129,58606300001728,Savings,91857.82,INR,2023-06-27,Active
ACC001730,CUST000156,BR008,51428000001729,Savings,84035.24,INR,2025-12-24,Dormant
ACC001731,CUST003561,BR140,19208100001730,Savings,57658.01,INR,07/02/2026,Active
ACC001732,CUST003410,BR006,44380900001731,Current,93477.16,INR,2024-09-15,Active
ACC001733,CUST004948,BR116,74667200001732,Salary,57110.79,INR,2019-03-15,Active
ACC001734,CUST004912,BR079,84508400001733,Savings,169323.77,INR,2024-04-23,Active
ACC001735,CUST000957,BR097,59844800001734,Savings,64926.26,INR,2016-10-03,Active
ACC001736,CUST003119,BR111,45170000001735,Current,31447.18,INR,2026-04-21,Active
ACC001737,CUST002120,BR131,35440800001736,Current,294997.87,INR,2025-06-07,active
ACC001738,CUST004348,BR106,20642300001737,Savings,8521.39,INR,2021-11-19,Active
ACC001739,CUST004579,BR082,13155100001738,Savings,46893.2,GBP,2015-01-05,Active
ACC001740,CUST003306,BR083,35555500001739,Savings,66913.15,INR,2026-06-16,Active
ACC001741,CUST002791,BR145,70231200001740,Savings,68204.53,INR,2024-01-31,Active
ACC001742,CUST000563,BR118,22582800001741,Salary,39316.95,INR,2023-04-20,Active
ACC001743,CUST000080,BR094,51611200001742,Salary,42613.72,INR,10/06/2026,Active
ACC001744,CUST002352,BR092,39282400001743,Current,85146.94,INR,2024-05-21,Active
ACC001745,CUST002013,BR045,41267600001744,Savings,13261.01,USD,2015-12-26,Active
ACC001746,CUST000422,BR128,86622000001745,Salary,76122.79,INR,2024-03-05,Active
ACC001747,CUST002028,BR108,39379300001746,Savings,149688.29,INR,2026-05-14,Active
ACC001748,CUST000444,BR018,57960100001747,Salary,55822.52,INR,2023-06-20,Closed
ACC001749,CUST000294,BR120,56427200001748,Savings,115126.79,INR,2026-02-07,Active
ACC001750,CUST002235,BR148,42263600001749,Current,75109.3,INR,2025-02-08,Active
ACC001751,CUST002945,BR109,67703800001750,Savings,20278.81,INR,2022-07-10,Active
ACC001752,CUST003301,BR133,90686700001751,Savings,8936.79,INR,2018-02-08,Closed
ACC001753,CUST002802,BR118,48871900001752,Savings,63702.8,INR,2017-12-24,Active
ACC001754,CUST001721,BR135,51276600001753,Savings,19321.84,INR,2026-03-09,Active
ACC001755,CUST002429,BR088,87263500001754,Savings,112750.35,INR,2024-07-13,Dormant
ACC001756,CUST001919,BR055,75883400001755,Savings,71784.11,INR,28/02/2022,Active
ACC001757,CUST003347,BR071,50858400001756,Savings,168859.54,INR,2018-02-21,Active
ACC001758,CUST003105,BR143,28222300001757,Salary,33044.87,INR,05/04/2019,Dormant
ACC001759,CUST001648,BR105,77357000001758,Savings,26069.77,inr,2026-07-25,Closed
ACC001760,CUST003920,BR022,43170500001759,Current,91603.79,INR,2022-09-13,Active
ACC001761,CUST001348,BR059,67031300001760,Savings,134713.43,INR,2020-09-14,Active
ACC001762,CUST002403,BR012,55637800001761,Current,123880.91,INR,2024-08-19,Active
ACC001763,CUST003650,BR135,59831500001762,Current,159075.65,Eur,2025-12-28,Active
ACC001764,CUST003095,BR060,56125300001763,Current,93629.54,GBP,2019-11-10,Active
ACC001765,CUST002904,BR011,70665700001764,Savings,51303.17,INR,2024-11-26,Active
ACC001766,CUST000630,BR140,82135300001765,Savings,49226.19,EUR,2022-11-29,Dormant
ACC001767,CUST002489,BR128,79622200001766,Savings,131843.58,INR,2026-04-11,Active
ACC001768,CUST000398,BR146,62146900001767,Salary,135826.97,INR,2022-09-17,Active
ACC001769,CUST000634,BR053,24404400001768,Savings,121159.7,inr,2026-01-22,Active
ACC001770,CUST000122,BR075,90782000001769,Current,54385.78,INR,2025-11-19,Active
ACC001771,CUST004806,BR077,60982600001770,Savings,102325.0,INR,2024-10-22,Active
ACC001772,CUST000440,BR113,92533200001771,Savings,93572.66,Inr,2022-10-31,Active
ACC001773,CUST003611,BR124,93815700001772,Savings,92404.92,inr,2025-05-31,Active
ACC001774,CUST001389,BR081,49007200001773,Savings,89154.44,inr,2026-04-20,Active
ACC001775,CUST002043,BR082,44910000001774,Savings,65570.92,INR,2021-04-23,Active
ACC001776,CUST002829,BR018,71486900001775,Savings,44541.06,INR,2026-02-23,Active
ACC001777,CUST004886,BR029,23649200001776,Savings,23444.79,Eur,2014-10-06,Active
ACC001778,CUST002791,BR098,80605700001777,Savings,302990.05,INR,2025-09-11,Closed
ACC001779,CUST001048,BR069,83101700001778,Salary,43176.05,INR,09/19/2025,Active 
ACC001780,CUST004325,BR023,42800300001779,Savings,94860.46,inr,2026-06-23,Active
ACC001781,CUST000797,BR016,42062200001780,Savings,27072.15,INR,2024-07-01,Active
ACC001782,CUST001633,BR099,35490000001781,,72977.7,INR,2020-01-18,Active
ACC001783,CUST003786,BR134,32785700001782,Salary,79904.79,INR,2022-02-23,Dormant
ACC001784,CUST004436,BR037,89077400001783,Savings,12623.54,INR,2021-12-20,Dormant
ACC001785,CUST001249,BR082,92067700001784,Salary,12488.15,INR,2025-05-08,Active
ACC001786,CUST001994,BR040,63419100001785,,91175.22,INR,2014-02-05,Active
ACC001787,CUST002970,BR123,45658400001786,Savings,52839.74,INR,2022-12-06,Active
ACC001788,CUST001785,BR102,27003600001787,Savings,18825.01,INR,2026-02-20,Active
ACC001789,CUST001109,BR052,16930800001788,Savings,12180.1,inr,2023-01-29,Active
ACC001790,CUST004766,BR070,62039900001789,Savings,67416.47,INR,01/07/2026,Active
ACC001791,CUST003964,BR081,52956800001790,Savings,146832.09,INR,2026-01-12,Active
ACC001792,CUST001676,BR125,29997000001791,Salary,83745.98,INR,2018-11-12,Dormant
ACC001793,CUST004835,BR073,16320400001792,Current,79742.02,INR,2022-01-24,Active
ACC001794,CUST003720,BR103,51733700001793,Salary,79168.84,INR,2025-11-29,Active
ACC001795,CUST004060,BR071,33034900001794,Salary,22410.44,USD,2025-05-14,Active
ACC001796,CUST000571,BR045,71179700001795,Savings,4459.77,INR,2022-01-21,Closed
ACC001797,CUST003970,BR092,10748300001796,Salary,37847.15,INR,2026-06-12,Active
ACC001798,CUST003601,BR117,84733600001797,Savings,24152.35,INR,2026-01-30,Active
ACC001799,CUST000208,BR147,57441100001798,Savings,25628.21,INR,2024-05-24,Closed
ACC001800,CUST002126,BR010,46272600001799,Current,107267.84,INR,2025-02-11,Active
ACC001801,CUST000867,BR147,77179000001800,Savings,132412.18,INR,2022-07-03,Active
ACC001802,CUST000645,BR111,18928100001801,Savings,9669.88,INR,2022-12-11,Active
ACC001803,CUST004522,BR042,20160700001802,Savings,8217.5,USD,2025-08-24,Active
ACC001804,CUST003510,BR058,79759500001803,Salary,110402.46,INR,2019-04-16,Active
ACC001805,CUST002891,BR102,43719800001804,,92386.48,INR,2026-06-02,Active
ACC001806,CUST000037,BR046,69815600001805,Savings,57864.08,INR,11/15/2024,Active
ACC001807,CUST003795,BR051,81623400001806,Savings,225966.83,INR,2023-11-08,Active
ACC001808,CUST003368,BR079,65935600001807,Current,131466.71,INR,2022-07-15,Closed
ACC001809,CUST004402,BR105,23532000001808,Savings,98676.16,INR,2019-11-21,Active
ACC001810,CUST000396,BR137,37773100001809,Salary,59220.98,INR,2017-06-20,Active
ACC001811,CUST004078,BR128,23662400001810,Savings,19916.46,INR,2022-09-26,Active
ACC001812,CUST003600,BR039,13990700001811,Salary,141237.94,INR,2026-07-23,ACTIVE
ACC001813,CUST002101,BR029,95423600001812,Savings,25515.75,INR,2023-10-23,Active
ACC001814,CUST000854,BR150,63629500001813,Savings,85077.54,INR,2020-12-22,Active
ACC001815,CUST004330,BR141,29843100001814,Current,166562.63,EUR,2025-02-28,Active
ACC001816,CUST002642,BR089,79949500001815,Savings,26544.49,INR,2023-12-14,Active
ACC001817,CUST002633,BR105,17500300001816,Savings,50635.67,INR,2017.05.15,Active
ACC001818,CUST001036,BR038,37324900001817,Salary,41714.66,inr,2025-07-19,Active
ACC001819,CUST000053,BR093,38691600001818,Current,59764.49,INR,2026-07-26,Active
ACC001820,CUST000536,BR104,71572700001819,Salary,123011.58,INR,2025-07-17,Active
ACC001821,CUST001695,BR045,73943100001820,Savings,23291.73,INR,2020-12-25,Active
ACC001822,CUST002045,BR111,21608500001821,Savings,45219.63,INR,07/30/2025,Active
ACC001823,CUST003088,BR057,26264300001822,Salary,13841.72,INR,2026-05-08,Active
ACC001824,CUST003022,BR080,75708800001823,Salary,78184.94,INR,2026-03-16,Active
ACC001825,CUST002212,BR007,89928500001824,Savings,42922.26,INR,2025-09-11,Active
ACC001826,CUST001206,BR020,86875400001825,Savings,10064.21,INR,2025-09-23,Active
ACC001827,CUST002223,BR095,56960700001826,Savings,76509.63,INR,2017-12-19,Active
ACC001828,CUST000949,BR123,45040900001827,Salary,94846.75,INR,2020-01-19,Active
ACC001829,CUST003559,BR086,47903600001828,Savings,45895.93,INR,2026-05-26,Dormant
ACC001830,CUST003123,BR122,22190800001829,Savings,111563.25,INR,2025-07-24,Active
ACC001831,CUST000121,BR121,67986700001830,Savings,46177.33,INR,2026-03-09,Active
ACC001832,CUST001934,BR115,53699500001831,Salary,36372.88,INR,2024-08-04,Active
ACC001833,CUST003193,BR124,24446700001832,Savings,21562.67,INR,2023-09-17,Active
ACC001834,CUST003588,BR114,62598100001833,Savings,325568.91,INR,2023-03-23,Closed
ACC001835,CUST001194,BR125,80331700001834,Current,86262.29,INR,2014-01-02,Active
ACC001836,CUST003809,BR058,20420100001835,Salary,75120.79,INR,2026-03-20,Active
ACC001837,CUST003404,BR060,45461500001836,Savings,65465.16,INR,2022-12-22,Active
ACC001838,CUST001654,BR074,27532800001837,Savings,111322.38,EUR,2025.08.18,Active
ACC001839,CUST003014,BR081,86648900001838,Savings,147640.13,inr,2026-01-14,Dormant
ACC001840,CUST001165,BR100,15801400001839,Savings,74345.33,USD,2026-01-09,Active
ACC001841,CUST003458,BR082,16794300001840,Savings,115187.1,INR,2026-01-18,Active
ACC001842,CUST004096,BR025,86178100001841,Savings,132718.5,INR,2023-09-27,Active
ACC001843,CUST002598,BR060,56869500001842,Savings,141112.98,INR,2024-02-19,Active
ACC001844,CUST001532,BR091,44196000001843,Salary,57014.41,INR,2025-09-28,Active
ACC001845,CUST001272,BR005,77034000001844,Savings,47714.72,INR,2023-06-20,Active
ACC001846,CUST004468,BR017,60134800001845,Salary,57786.3,INR,2020-02-24,Active
ACC001847,CUST000192,BR141,73677300001846,Savings,69698.67,INR,01/07/2026,Active
ACC001848,CUST001371,BR128,72233500001847,Savings,83383.9,INR,2025-09-19,Closed
ACC001849,CUST002371,BR088,31401100001848,Salary,11056.46,INR,2022-03-16,Active
ACC001850,CUST002901,BR018,32788400001849,Salary,112798.02,INR,2026-07-31,Active
ACC001851,CUST002446,BR039,83961600001850,,31185.93,INR,2023-10-06,Active
ACC001852,CUST003786,BR116,78908400001851,Salary,132275.25,INR,2016-11-16,Active
ACC001853,CUST003431,BR110,81754800001852,Salary,28964.19,INR,2019-07-21,Active
ACC001854,CUST001628,BR034,24838200001853,Savings,66568.76,INR,2026-03-15,Active
ACC001855,CUST000148,BR010,40268300001854,Current,50400.82,INR,2021-07-13,Active
ACC001856,CUST000999,BR140,99005400001855,Savings,9933.21,INR,2019-09-22,Active 
ACC001857,CUST000739,BR109,42297700001856,Savings,32847.41,INR,2026-06-01,Active
ACC001858,CUST004878,BR099,52148000001857,Savings,158469.32,INR,2022-03-01,Active
ACC001859,CUST001635,BR132,91660200001858,Savings,35764.14,INR,27/03/2024,Active
ACC001860,CUST001256,BR065,54489100001859,Savings,33862.08,INR,06/05/2022,Active
ACC001861,CUST004511,BR017,89681900001860,Savings,158662.15,EUR,2023-03-24,Active
ACC001862,CUST000771,BR007,60027500001861,Savings,85457.1,INR,2023-08-01,Active
ACC001863,CUST004334,BR147,94617200001862,Savings,31881.46,INR,2024-08-14,Active
ACC001864,CUST000515,BR092,36168600001863,Current,55496.13,INR,2015-07-05,Active
ACC001865,CUST003582,BR112,95860400001864,Current,208496.52,INR,2024-02-02,Active
ACC001866,CUST000754,BR057,50956000001865,Salary,140668.1,usd,2024-10-29,Dormant
ACC001867,CUST002355,BR017,33908100001866,Salary,35938.6,INR,2025-11-14,Active
ACC001868,CUST000772,BR120,13627600001867,Salary,67304.28,INR,2019-11-29,Active
ACC001869,CUST003087,BR120,86630500001868,Savings,53998.82,inr,2020-12-22,Active
ACC001870,CUST001063,BR119,85149900001869,Savings,54878.82,INR,2020-09-10,Active
ACC001871,CUST000921,BR078,40338000001870,Savings,62858.39,INR,2023-08-13,Active
ACC001872,CUST004835,BR104,94731800001871,Savings,14871.09,inr,2026.07.19,Active
ACC001873,CUST003079,BR048,20874900001872,Savings,26580.21,EUR,2025-07-06,Active
ACC001874,CUST000929,BR041,43650900001873,Salary,120581.0,USD,2024-07-27,Active
ACC001875,CUST001861,BR005,93642300001874,Savings,127267.13,INR,2026-03-07,Active
ACC001876,CUST002849,BR026,85992400001875,Savings,64244.25,inr,2026-05-10,Active
ACC001877,CUST000428,BR066,68719800001876,Current,49095.75,EUR,2019-01-19,Active
ACC001878,CUST004932,BR075,68148300001877,Salary,51669.53,INR,2023-11-21,Active
ACC001879,CUST002485,BR068,38770900001878,Salary,156256.44,INR,2024-10-31,Active
ACC001880,CUST002933,BR068,37105400001879,Salary,170151.78,INR,2025-12-09,Active
ACC001881,CUST004840,BR033,93909400001880,Savings,141130.33,INR,2017-11-15,Active 
ACC001882,CUST004784,BR101,29852600001881,Current,70254.07,INR,2020-08-30,Active
ACC001883,CUST003830,BR067,35795700001882,Savings,48895.24,INR,2019-06-04,Dormant
ACC001884,CUST004712,BR080,61139800001883,Salary,95687.85,INR,2023-02-12,Active
ACC001885,CUST002254,BR089,77233800001884,Savings,43538.14,INR,2024-04-06,Active
ACC001886,CUST001134,BR075,33843200001885,Savings,65799.02,INR,09/08/2019,Active
ACC001887,CUST000879,BR083,30764300001886,Salary,64484.64,inr,2022-07-04,Active
ACC001888,CUST004286,BR073,71545000001887,Current,59280.87,INR,2023-07-15,Active
ACC001889,CUST000468,BR057,21188700001888,Savings,36552.09,Inr,2026-07-22,Active
ACC001890,CUST000494,BR076,33524200001889,Savings,75684.95,Inr,2021-01-06,Active
ACC001891,CUST000091,BR103,60334400001890,Savings,44646.91,INR,2023-01-26,Active
ACC001892,CUST002817,BR131,87083600001891,Savings,10278.71,INR,2024-09-15,Active
ACC001893,CUST002131,BR015,57402000001892,Current,15569.72,INR,2023-03-09,Active
ACC001894,CUST004911,BR026,88329900001893,Savings,52646.38,INR,2019-05-09,Dormant
ACC001895,CUST003509,BR019,49772800001894,Current,26715.08,EUR,2022-07-29,Active
ACC001896,CUST001697,BR003,54256300001895,Savings,53080.35,INR,2020-12-29,ACTIVE
ACC001897,CUST001247,BR125,65417200001896,Salary,17047.93,INR,2025-03-17,ACTIVE
ACC001898,CUST002581,BR034,62479300001897,Current,124286.41,INR,2025-04-19,Active
ACC001899,CUST002008,BR044,45737100001898,Salary,46068.27,INR,2021-08-06,Active
ACC001900,CUST000732,BR047,42362900001899,Savings,82630.49,INR,2025-03-05,Active
ACC001901,CUST002377,BR130,64690700001900,Salary,132304.93,INR,2019-09-19,Active
ACC001902,CUST000712,BR092,88926500001901,Salary,122604.36,INR,2022-01-18,Dormant
ACC001903,CUST003927,BR016,82641900001902,Savings,75037.11,INR,2014-11-30,Active
ACC001904,CUST002958,BR127,89939400001903,Salary,130013.23,Inr,2020-01-01,Active
ACC001905,CUST004768,BR148,88799200001904,Current,24204.05,INR,2026-05-24,Active
ACC001906,CUST003626,BR107,65991400001905,Salary,37437.04,INR,2021-03-03,Active
ACC001907,CUST003744,BR073,15122800001906,Salary,204088.38,INR,04/05/2022,Active
ACC001908,CUST002995,BR150,20819700001907,Salary,75047.54,INR,2023-08-09,Active
ACC001909,CUST000025,BR007,76438300001908,Savings,85159.55,Inr,2024-04-01,Active
ACC001910,CUST001810,BR001,56418100001909,Savings,52972.56,inr,2021-02-06,Active
ACC001911,CUST000792,BR117,23658300001910,Savings,47846.55,INR,2023-12-26,Active
ACC001912,CUST003922,BR029,71992100001911,Current,38059.03,INR,2025-01-27,Active
ACC001913,CUST003676,BR009,11172500001912,Savings,90729.48,GBP,2017-12-17,Active
ACC001914,CUST001971,BR014,94012300001913,Savings,87684.1,EUR,2025-02-07,Closed
ACC001915,CUST002513,BR068,91869400001914,Savings,,INR,2026-04-25,Active
ACC001916,CUST000940,BR100,94049500001915,Salary,71427.8,INR,2025-08-03,Active
ACC001917,CUST000606,BR067,39101100001916,Current,28491.59,INR,2024-03-17,DORMANT
ACC001918,CUST002141,BR065,80198200001917,Savings,32092.29,INR,2017-07-13,Active
ACC001919,CUST004415,BR022,37707200001918,Savings,43077.7,INR,2020-12-24,Active
ACC001920,CUST002453,BR047,11140300001919,Salary,127475.08,INR,2026-07-19,Active
ACC001921,CUST004786,BR142,48429400001920,Savings,78914.53,INR,2026-07-02,Active
ACC001922,CUST002450,BR047,46820200001921,Current,108915.45,INR,2023-10-29,Active
ACC001923,CUST004563,BR052,36716800001922,Salary,57915.13,INR,2012-10-14,Active
ACC001924,CUST004367,BR134,94004600001923,Salary,89844.41,INR,2017-05-29,Active
ACC001925,CUST003502,BR010,41884200001924,Savings,18724.99,INR,2025-10-27,Active
ACC001926,CUST002018,BR012,43878700001925,Current,45311.18,INR,2026-07-02,Active
ACC001927,CUST004732,BR135,93038700001926,Salary,36647.71,INR,2015-01-07,Dormant
ACC001928,CUST000547,BR048,64480300001927,Savings,,INR,2025-02-27,Active
ACC001929,CUST000013,BR036,95580500001928,Current,38382.12,INR,2025-04-01,Active
ACC001930,CUST001892,BR075,84883200001929,Salary,24973.73,INR,2020-04-17,Active
ACC001931,CUST003818,BR006,21436400001930,Savings,94907.82,inr,07/01/2026,Active
ACC001932,CUST003072,BR062,28177800001931,Savings,95568.09,INR,2025-05-25,Dormant
ACC001933,CUST003541,BR002,56637100001932,Savings,99082.27,INR,2024-02-14,Active
ACC001934,CUST000203,BR104,27724400001933,Savings,49777.44,INR,2023-02-01,Active
ACC001935,CUST001580,BR128,58939900001934,Savings,87145.4,INR,2016-01-23,Active
ACC001936,CUST001977,BR092,93254200001935,Savings,82124.92,INR,2018-12-30,Active
ACC001937,CUST000590,BR028,61536700001936,Savings,22796.68,INR,2021-08-30,Active 
ACC001938,CUST002408,BR121,85350600001937,Salary,5220.3,INR,2024-08-22,Active
ACC001939,CUST001072,BR100,15080700001938,Salary,41080.0,INR,2025-10-09,Active
ACC001940,CUST004164,BR127,49240700001939,Salary,72052.86,INR,04/10/2021,Active
ACC001941,CUST001406,BR137,36754600001940,Salary,15074.64,Inr,2019-05-07,Active
ACC001942,CUST001720,BR060,92559000001941,Savings,49095.93,INR,2025-11-30,Active
ACC001943,CUST003481,BR147,81544000001942,Savings,73703.71,INR,2019-01-17,Active
ACC001944,CUST001594,BR130,60650400001943,Salary,75737.04,INR,2021-08-20,Active
ACC001945,CUST003685,BR088,97714800001944,Salary,183863.46,INR,2018-12-24,Active
ACC001946,CUST004061,BR095,29693300001945,Savings,95535.1,INR,2021-11-05,Active
ACC001947,CUST003287,BR068,30788800001946,Current,10112.55,inr,2018-01-09,Active
ACC001948,CUST003478,BR130,41787800001947,Salary,152581.59,INR,2024-03-05,Active
ACC001949,CUST003710,BR009,94834000001948,Current,44704.45,INR,2026-07-19,Active
ACC001950,CUST001558,BR070,83279800001949,Salary,25207.6,INR,2018-10-22,Active
ACC001951,CUST002569,BR016,20375200001950,Salary,44649.24,INR,2021-01-12,Active
ACC001952,CUST002617,BR004,59285100001951,,27682.95,INR,2017-10-26,Active
ACC001953,CUST003000,BR142,62416000001952,Savings,4618.83,INR,2021-03-17,Active
ACC001954,CUST004546,BR099,12351700001953,Salary,35087.88,INR,2025-01-12,Active
ACC001955,CUST004017,BR069,34634600001954,Salary,75403.41,INR,2025-01-01,Active
ACC001956,CUST002308,BR145,55921200001955,Savings,78435.11,INR,2021-05-02,Active
ACC001957,CUST003033,BR014,47760400001956,Salary,89770.76,INR,2023-12-12,Active
ACC001958,CUST003828,BR140,11208100001957,Savings,80117.19,INR,2025-10-31,Active
ACC001959,CUST002218,BR073,74288800001958,Salary,78606.59,INR,2025-09-11,Active
ACC001960,CUST001177,BR023,24882800001959,Salary,37894.28,INR,2025-02-22,Active 
ACC001961,CUST000921,BR045,71886200001960,Savings,32822.97,inr,2018-06-28,Active
ACC001962,CUST000318,BR074,68776800001961,Salary,32389.0,INR,2025-12-02,Active
ACC001963,CUST004868,BR122,50611900001962,Savings,46482.25,GBP,02/09/2017,Active
ACC001964,CUST000995,BR131,66060000001963,Salary,99151.46,INR,2017-12-20,Closed
ACC001965,CUST004815,BR020,34483200001964,Current,11508.25,INR,2014-07-04,Active
ACC001966,CUST001421,BR063,58760300001965,Savings,62531.22,Inr,2024.10.22,Closed
ACC001967,CUST004562,BR062,96851200001966,Salary,49971.73,INR,2019-11-26,Active
ACC001968,CUST002935,BR078,65805500001967,Savings,122368.01,Inr,2023-01-15,Active
ACC001969,CUST004614,BR084,15598600001968,,141686.72,INR,2024-09-14,Dormant
ACC001970,CUST003615,BR150,47134400001969,Current,64383.04,Inr,2024-10-23,Active
ACC001971,CUST003075,BR041,64756100001970,Savings,63964.41,INR,2017-12-30,Active
ACC001972,CUST004718,BR073,10561700001971,Savings,58878.12,INR,2026-02-26,Active
ACC001973,CUST001828,BR042,61987300001972,Current,177264.78,INR,2025-03-09,Active
ACC001974,CUST003807,BR029,69284700001973,Savings,29910.42,INR,24/01/2025,Active
ACC001975,CUST000900,BR060,51771100001974,Savings,12847.36,INR,2025-07-29,Active
ACC001976,CUST004354,BR006,74944600001975,Current,33989.92,INR,2025-06-17,Active
ACC001977,CUST001551,BR118,96663700001976,Savings,114684.52,INR,2026-05-08,Dormant
ACC001978,CUST001732,BR070,60519400001977,Savings,79735.65,INR,2015-01-05,Dormant
ACC001979,CUST001967,BR067,92441600001978,Savings,26207.87,INR,23/06/2025,Active
ACC001980,CUST000144,BR078,64656800001979,Savings,62022.25,INR,2017-10-25,Active
ACC001981,CUST001705,BR078,82015000001980,Current,119685.9,INR,2026-07-26,Dormant
ACC001982,CUST003387,BR138,26740400001981,Savings,100683.05,INR,2013-10-29,Active
ACC001983,CUST002992,BR088,94607800001982,Salary,14068.77,USD,2023-05-07,Closed
ACC001984,CUST000483,BR119,32748700001983,Savings,96009.49,INR,2024-08-14,Active
ACC001985,CUST005000,BR124,12042300001984,Savings,113775.73,INR,2026-01-08,Dormant
ACC001986,CUST000519,BR010,58653500001985,Salary,46712.05,Inr,2025-04-08,Active
ACC001987,CUST003643,BR121,98389000001986,Savings,55783.13,INR,2019-04-12,Active
ACC001988,CUST001435,BR123,35955900001987,Savings,58821.33,INR,2024-09-21,Dormant
ACC001989,CUST003025,BR096,15556400001988,Savings,211494.37,INR,2023-10-23,Active
ACC001990,CUST001254,BR011,30245500001989,Salary,86996.3,INR,2026-03-09,Dormant
ACC001991,CUST001436,BR002,61819700001990,Savings,,inr,2024-12-31,Active
ACC001992,CUST004538,BR003,80259300001991,Savings,70968.26,INR,2020-10-15,Active
ACC001993,CUST001681,BR106,98805300001992,Current,12545.32,INR,2025-09-04,Active
ACC001994,CUST003349,BR083,65442200001993,Savings,99499.27,INR,2026-04-13,Dormant
ACC001995,CUST003876,BR056,73819700001994,Salary,157531.63,INR,2022-08-26,Active
ACC001996,CUST001716,BR080,19208000001995,Salary,152197.48,Inr,2026-07-25,Active
ACC001997,CUST000126,BR068,82764900001996,Salary,35993.74,INR,2022-02-15,Active
ACC001998,CUST003914,BR048,85494100001997,Savings,86414.64,INR,2019-04-22,Active
ACC001999,CUST002050,BR115,25906600001998,Current,16205.71,INR,2024-02-18,Active
ACC002000,CUST004573,BR070,57990800001999,Savings,107795.12,INR,2026-03-06,Active
ACC002001,CUST004185,BR082,84495700002000,Savings,28285.02,INR,2024-07-29,ACTIVE
ACC002002,CUST002836,BR139,77622100002001,Savings,125314.41,INR,2017-02-03,Active
ACC002003,CUST004960,BR137,49684900002002,Savings,88275.25,INR,2025-10-05,Active
ACC002004,CUST000833,BR102,59309600002003,Savings,12227.39,INR,2023-06-25,Active
ACC002005,CUST000281,BR136,41122200002004,,118660.4,INR,2026-02-11,Active
ACC002006,CUST002462,BR052,52707600002005,Savings,8147.94,Inr,2023-04-13,Active
ACC002007,CUST004266,BR056,37239900002006,Savings,32335.86,INR,2022-10-12,Active
ACC002008,CUST004110,BR141,73995900002007,Savings,18502.9,INR,03/10/2022,Active
ACC002009,CUST001834,BR134,78850400002008,Savings,228320.18,INR,2021-06-20,Active
ACC002010,CUST002035,BR025,52609600002009,Current,86257.08,inr,2024-12-13,Active
ACC002011,CUST000964,BR001,25494500002010,Savings,67341.67,INR,2020-07-06,Active
ACC002012,CUST800017,BR027,67747900002011,Current,48472.44,USD,2021-08-30,Active
ACC002013,CUST001216,BR114,24113700002012,,267269.73,INR,2019-05-09,Active
ACC002014,CUST003244,BR035,61080300002013,Savings,59778.25,INR,2024-09-28,Active
ACC002015,CUST003127,BR149,25869500002014,Salary,259148.63,INR,2024-05-10,Active
ACC002016,CUST002393,BR035,74468200002015,Salary,65171.77,INR,2022-09-30,Active
ACC002017,CUST000097,BR026,53781500002016,Salary,144254.4,INR,2016-02-19,Active
ACC002018,CUST004509,BR011,80533200002017,Savings,159174.38,inr,2021-09-02,Active
ACC002019,CUST002611,BR143,72299500002018,Savings,37088.55,INR,2016-05-09,Active
ACC002020,CUST003093,BR047,73665100002019,Current,86666.33,INR,2021-08-20,Active
ACC002021,CUST002027,BR124,38784000002020,Savings,136758.41,GBP,2026-06-07,Active
ACC002022,CUST001990,BR083,92982500002021,Savings,9668.4,INR,2019-12-19,Active
ACC002023,CUST004480,BR024,57707500002022,Savings,114736.86,USD,2023-02-20,Active
ACC002024,CUST000406,BR034,94551600002023,Savings,101949.77,INR,2019-01-27,Active
ACC002025,CUST002579,BR013,71728900002024,Savings,96871.68,INR,2025-11-19,Active
ACC002026,CUST004493,BR017,19769800002025,Savings,33646.49,INR,2024-10-08,Active
ACC002027,CUST002618,BR121,35345900002026,Salary,8039.52,INR,23/08/2014,Active
ACC002028,CUST000190,BR098,64925200002027,Savings,46170.75,INR,2017-05-25,Active
ACC002029,CUST002813,BR024,13572000002028,Savings,46801.81,INR,2021-05-29,Active
ACC002030,CUST004005,BR063,62421900002029,Salary,101424.47,INR,2017-01-12,Active
ACC002031,CUST004641,BR035,86024300002030,Salary,38566.41,inr,2021-03-23,Dormant
ACC002032,CUST000057,BR099,14225400002031,Savings,108022.91,INR,2020-08-15,Active
ACC002033,CUST003832,BR020,14285600002032,Savings,9109.69,INR,2022-11-05,Active
ACC002034,CUST003751,BR038,44584700002033,Current,116116.33,INR,2025-11-05,Active
ACC002035,CUST004494,BR101,94976400002034,Current,43561.19,INR,2022-03-30,Active
ACC002036,CUST001836,BR114,33883900002035,Salary,80600.06,INR,2025-03-19,Active
ACC002037,CUST004052,BR146,37418600002036,Savings,25311.59,INR,2021-02-28,Active
ACC002038,CUST002215,BR146,47798800002037,Current,95576.17,INR,2014-07-20,Active
ACC002039,CUST000812,BR107,29494300002038,Savings,70399.69,INR,2019.06.19,Active
ACC002040,CUST004611,BR040,79443300002039,Salary,90014.72,INR,2022-02-09,Active
ACC002041,CUST002276,BR125,66288100002040,Savings,201283.95,INR,2026-05-14,Active
ACC002042,CUST002071,BR096,36080300002041,Savings,44010.63,INR,2026-01-15,Active
ACC002043,CUST001297,BR145,59953700002042,Current,24726.38,USD,2022-02-01,Active
ACC002044,CUST003235,BR115,93205300002043,,78323.08,INR,2026-07-11,Active
ACC002045,CUST000216,BR121,95108600002044,Current,38926.61,INR,2017-12-02,Active
ACC002046,CUST001201,BR082,89194500002045,Savings,58550.32,INR,2019-08-17,Active
ACC002047,CUST002981,BR122,52214000002046,Salary,61427.15,INR,2021-08-17,Active
ACC002048,CUST002325,BR044,66953800002047,Savings,239001.89,INR,2024-01-06,Active
ACC002049,CUST001492,BR013,28757100002048,Savings,50403.06,INR,2022-01-25,Active
ACC002050,CUST001350,BR033,98786700002049,Salary,128604.55,INR,12/28/2019,Active
ACC002051,CUST000598,BR086,72135500002050,Savings,9719.25,INR,2026-04-14,Active
ACC002052,CUST004904,BR097,11296000002051,Current,47628.23,EUR,2025-02-06,Active
ACC002053,CUST000234,BR075,95237200002052,Savings,64208.96,INR,2019-11-29,Active
ACC002054,CUST004114,BR072,41587400002053,Savings,51965.23,EUR,2022-09-03,Active
ACC002055,CUST000705,BR030,32297200002054,Savings,61292.65,INR,2025-10-08,Active
ACC002056,CUST000396,BR126,32340700002055,Savings,32769.58,INR,2025-07-21,Active
ACC002057,CUST001361,BR035,24736300002056,Savings,123300.63,INR,2023-04-24,Active
ACC002058,CUST001606,BR014,22807000002057,Savings,36519.03,inr,2022-12-10,Active
ACC002059,CUST003549,BR023,42637200002058,Current,27555.79,INR,2026-06-28,Active
ACC002060,CUST003908,BR005,79092300002059,Savings,76376.76,INR,2023-03-19,Active
ACC002061,CUST000460,BR150,60529600002060,Savings,90971.89,INR,2018-09-28,Active
ACC002062,CUST001554,BR056,55945400002061,Savings,63299.13,USD,2023-11-29,Active
ACC002063,CUST000043,BR120,52508400002062,Savings,25073.93,INR,2025-02-04,Active
ACC002064,CUST000661,BR072,93070600002063,Savings,134181.94,INR,2024-10-26,Active
ACC002065,CUST002703,BR138,83415200002064,Current,68716.69,inr,2025-08-23,Active
ACC002066,CUST004296,BR096,45655100002065,Savings,60386.15,INR,2021-12-09,Active
ACC002067,CUST000045,BR037,93451500002066,Salary,65006.46,INR,2023-03-13,Active
ACC002068,CUST003863,BR018,96326900002067,Current,177207.33,INR,2017-04-12,Active
ACC002069,CUST001936,BR026,90368600002068,Salary,28851.29,EUR,2015-05-28,Active
ACC002070,CUST002259,BR089,67457300002069,,124092.09,EUR,2023-10-21,Dormant
ACC002071,CUST004534,BR005,49365400002070,Savings,23055.82,INR,2026-01-27,Dormant
ACC002072,CUST004446,BR122,43089500002071,Savings,92090.26,Inr,2025-08-01,Active
ACC002073,CUST003248,BR043,74271000002072,Savings,24339.64,INR,2025-07-29,Closed
ACC002074,CUST000399,BR137,68459100002073,Salary,148108.9,Inr,2026-01-29,Active
ACC002075,CUST002784,BR019,12933400002074,Savings,91562.72,INR,2025-01-25,Active
ACC002076,CUST001140,BR135,89947300002075,Savings,10863.96,INR,2025-05-11,Active
ACC002077,CUST004879,BR132,25223100002076,Current,97927.01,INR,2017-07-05,Active
ACC002078,CUST002931,BR078,15048500002077,Savings,68482.11,USD,2026-06-13,Active
ACC002079,CUST004374,BR072,77524300002078,Savings,15242.77,inr,2025-08-03,Active
ACC002080,CUST003066,BR135,49229400002079,Savings,201619.05,INR,2018-12-17,active
ACC002081,CUST002655,BR123,80203800002080,Savings,68071.71,inr,2022-07-11,Active
ACC002082,CUST003818,BR081,14739100002081,Current,75922.14,Gbp,2025-01-05,Active 
ACC002083,CUST001577,BR050,95403400002082,Savings,58104.25,INR,2025-09-05,Active
ACC002084,CUST001941,BR012,66190100002083,Salary,79638.04,INR,2024.12.16,Dormant
ACC002085,CUST000238,BR140,15993800002084,Savings,29827.98,INR,2025-01-16,Active
ACC002086,CUST000720,BR147,11146900002085,Savings,,INR,2025-10-10,Active
ACC002087,CUST001415,BR131,48582500002086,Savings,70465.93,INR,2024-10-07,Active
ACC002088,CUST003086,BR001,56240000002087,Current,16332.44,INR,2015-09-01,Active
ACC002089,CUST004793,BR065,26766300002088,Savings,49552.56,INR,2020-09-20,Active
ACC002090,CUST001083,BR043,27685000002089,Savings,27482.06,INR,2024-03-07,Active
ACC002091,CUST001853,BR066,12352500002090,Savings,3638.18,INR,2023-09-25,Active
ACC002092,CUST000516,BR007,27708500002091,Savings,36462.05,INR,2020-05-08,ACTIVE
ACC002093,CUST000646,BR082,41353600002092,Salary,141510.65,GBP,2017-04-11,Active
ACC002094,CUST000918,BR082,76749200002093,Current,82624.16,INR,2025-11-21,Active
ACC002095,CUST002922,BR038,70500400002094,Savings,155122.02,INR,2025-07-07,Active
ACC002096,CUST001471,BR086,25344400002095,Savings,40350.96,INR,2019-09-07,Active
ACC002097,CUST002316,BR082,37894400002096,Savings,109269.03,INR,2026-04-07,Closed
ACC002098,CUST003594,BR096,15177500002097,Salary,128227.79,INR,2023-12-02,Active
ACC002099,CUST002587,BR036,94174900002098,Savings,16853.49,Inr,2026-07-22,Closed
ACC002100,CUST002683,BR022,44861500002099,Salary,40219.86,INR,2026-07-03,Active
ACC002101,CUST003435,BR049,78342300002100,Savings,100895.49,INR,2025-11-06,Active
ACC002102,CUST003528,BR003,50347000002101,Savings,47101.09,INR,2026-03-09,Active
ACC002103,CUST001689,BR105,33664900002102,Salary,28337.8,INR,2026-02-01,Active
ACC002104,CUST004991,BR040,41538300002103,Savings,245246.36,INR,2022-04-11,Active
ACC002105,CUST002073,BR048,95906500002104,Savings,11893.74,INR,12/11/2025,Active
ACC002106,CUST003416,BR008,56541800002105,Salary,32970.73,INR,2023-06-02,Active
ACC002107,CUST004528,BR079,73558300002106,Salary,47380.35,EUR,2022-03-17,Active
ACC002108,CUST002221,BR006,42825800002107,Salary,60797.82,inr,2020-01-16,Active
ACC002109,CUST003310,BR072,20801500002108,Current,57493.71,INR,11/02/2022,Active
ACC002110,CUST001005,BR040,36551000002109,Savings,49617.68,USD,2024-02-27,Dormant
ACC002111,CUST001985,BR095,69665000002110,Savings,44356.18,INR,2023-10-01,Dormant
ACC002112,CUST000170,BR150,55509600002111,Savings,42190.2,INR,2024-05-13,Active
ACC002113,CUST003556,BR085,78224700002112,Savings,85988.25,INR,2025-06-11,Active
ACC002114,CUST004716,BR121,12825900002113,Salary,57563.64,INR,2025-08-31,Active
ACC002115,CUST001686,BR030,39813100002114,Savings,19716.74,INR,2019-04-28,Active
ACC002116,CUST001169,BR055,11903800002115,Salary,55915.54,inr,2024-08-06,Active
ACC002117,CUST001831,BR123,28224700002116,Savings,74612.38,INR,2024-11-18,Active
ACC002118,CUST000519,BR057,88594800002117,Savings,,inr,2024-04-08,Dormant
ACC002119,CUST004232,BR139,37552000002118,Savings,46411.14,INR,2019-09-06,Active
ACC002120,CUST001435,BR140,69794200002119,Savings,106249.24,INR,2026.07.29,Active
ACC002121,CUST004155,BR112,11998900002120,Savings,122321.84,INR,2020-04-24,Active
ACC002122,CUST002411,BR100,40936300002121,Savings,48577.26,INR,2026-07-05,Active
ACC002123,CUST002693,BR052,39419400002122,Current,128680.12,INR,2024-07-03,Active
ACC002124,CUST003987,BR126,41649600002123,Savings,108183.14,INR,2025-07-18,Active
ACC002125,CUST004980,BR149,68299800002124,Savings,115717.66,INR,2021-08-26,Active
ACC002126,CUST000445,BR130,42085000002125,Savings,35527.75,INR,2024-10-09,Active
ACC002127,CUST004719,BR052,11621000002126,Savings,239189.83,INR,2024-03-15,Active
ACC002128,CUST002064,BR026,87857900002127,Salary,106332.78,INR,2026-03-09,Dormant
ACC002129,CUST000950,BR138,69345200002128,Salary,27741.46,INR,2018-05-30,Active
ACC002130,CUST001269,BR003,97475500002129,Savings,48810.3,USD,2024-10-03,Active
ACC002131,CUST003791,BR120,79011000002130,Savings,79608.47,INR,2022-01-16,active
ACC002132,CUST002069,BR041,37015000002131,Savings,80946.12,INR,05/30/2026,Closed
ACC002133,CUST000276,BR116,87949500002132,Current,105414.03,INR,2021-11-27,Active
ACC002134,CUST003798,BR090,72855000002133,Savings,93970.83,inr,12/14/2022,Active
ACC002135,CUST000535,BR018,36129900002134,Current,38325.05,INR,2024-01-20,Active
ACC002136,CUST004073,BR137,32383500002135,Savings,141275.74,INR,2014-10-18,Closed
ACC002137,CUST004975,BR141,12687200002136,Current,147762.61,INR,05/28/2022,Active 
ACC002138,CUST004262,BR047,76329200002137,Savings,98556.25,INR,2014-01-19,Active
ACC002139,CUST000550,BR024,20098300002138,Savings,118217.89,INR,2022-06-15,Dormant
ACC002140,CUST000749,BR128,95574900002139,Savings,50543.12,INR,2018-04-16,Dormant
ACC002141,CUST003176,BR066,33290100002140,Current,40641.01,INR,2025-06-03,Active
ACC002142,CUST002068,BR100,13312200002141,Current,48694.02,Inr,2025-03-31,Active
ACC002143,CUST001431,BR124,89194400002142,Savings,166094.84,EUR,2026-02-04,Active
ACC002144,CUST000333,BR099,15754400002143,Savings,52437.25,USD,2026-02-10,Active
ACC002145,CUST000146,BR072,43631100002144,Current,71970.41,Inr,2026-03-09,Active
ACC002146,CUST003276,BR108,81671900002145,Savings,43243.42,eur,2022-07-10,Active
ACC002147,CUST000590,BR013,44577100002146,Current,18847.66,INR,2023-04-26,Active
ACC002148,CUST001611,BR077,50726500002147,Salary,36495.97,INR,2022-10-28,Active
ACC002149,CUST001048,BR091,74949600002148,Savings,56668.47,INR,2026-06-29,ACTIVE
ACC002150,CUST001118,BR102,59967000002149,Salary,87019.66,Inr,2024-05-26,Active
ACC002151,CUST001603,BR034,28839300002150,Salary,113238.9,inr,2022-10-03,Active
ACC002152,CUST000874,BR119,45067800002151,Salary,18491.5,INR,2018-10-13,Active
ACC002153,CUST001349,BR050,42915800002152,Savings,82701.34,INR,2019-06-08,Active
ACC002154,CUST002591,BR089,14875200002153,Salary,22663.71,USD,2020-01-20,Active
ACC002155,CUST002013,BR106,84847400002154,Savings,,INR,2023-12-19,Active
ACC002156,CUST003860,BR006,46229000002155,Savings,102731.45,inr,2024-07-19,Active
ACC002157,CUST003367,BR144,38325300002156,Savings,28352.51,inr,2025-09-30,Active
ACC002158,CUST003215,BR077,23383000002157,Savings,60222.04,Inr,2026-07-18,Active
ACC002159,CUST001591,BR002,51903200002158,Savings,40198.59,inr,2025.03.16,Active
ACC002160,CUST000254,BR090,39209600002159,Salary,103685.68,INR,2025-12-13,Active
ACC002161,CUST004715,BR039,26790600002160,Savings,88464.21,INR,2023.01.15,Active
ACC002162,CUST004782,BR132,25524700002161,Savings,,INR,2018-06-09,Active
ACC002163,CUST000861,BR025,94079800002162,Salary,31557.59,INR,2023-05-30,Closed
ACC002164,CUST000137,BR001,87041600002163,Savings,71402.04,INR,2026-07-25,Active
ACC002165,CUST003373,BR109,67254600002164,Salary,92293.33,INR,2023-08-29,Active
ACC002166,CUST003604,BR008,32522800002165,Salary,,INR,2022-09-27,Active
ACC002167,CUST001923,BR030,18252900002166,Savings,30660.78,INR,2024-03-31,Active
ACC002168,CUST002763,BR056,62598400002167,Savings,61662.92,INR,2022-12-28,Active
ACC002169,CUST004191,BR131,18025100002168,Savings,61382.94,INR,2025-07-24,Active
ACC002170,CUST000267,BR121,98687800002169,Salary,154963.4,INR,2022-09-16,Active
ACC002171,CUST003861,BR091,64244200002170,Savings,68838.01,INR,2025-11-21,Active
ACC002172,CUST001338,BR073,99106100002171,Savings,51147.33,INR,2018-06-27,Dormant
ACC002173,CUST004084,BR101,61756000002172,Current,60552.72,INR,2025-08-04,Active
ACC002174,CUST000430,BR046,68922500002173,Current,41970.55,INR,2023-09-08,Active
ACC002175,CUST003008,BR133,52458000002174,Current,37012.18,INR,2024-07-11,Active
ACC002176,CUST001603,BR104,37771900002175,Savings,50860.75,INR,2023-03-29,Dormant
ACC002177,CUST000538,BR088,10901200002176,Current,54969.46,INR,2019-05-24,Active
ACC002178,CUST004029,BR076,55408900002177,Current,48232.48,INR,2020-02-25,Active
ACC002179,CUST000815,BR095,90883100002178,Savings,37602.61,INR,2016-05-17,Active
ACC002180,CUST003506,BR087,55644400002179,Current,,INR,2024-01-26,Active
ACC002181,CUST001038,BR103,74831000002180,Savings,40023.69,INR,05/07/2015,Active
ACC002182,CUST001171,BR065,88897400002181,Savings,-137047.09,Gbp,2018-05-15,Active
ACC002183,CUST000426,BR045,43443200002182,Savings,52263.67,INR,2026-07-29,dormant
ACC002184,CUST004930,BR109,74622000002183,Savings,34989.9,INR,2024-11-04,Active
ACC002185,CUST001592,BR046,59555100002184,Savings,44434.97,inr,2021-12-23,Active
ACC002186,CUST004665,BR003,89459100002185,Savings,17207.2,INR,2024-01-27,Active 
ACC002187,CUST002407,BR011,71238900002186,Savings,74495.76,INR,16/08/2024,Active
ACC002188,CUST002924,BR001,11432700002187,Current,116094.79,INR,2025-08-10,Dormant
ACC002189,CUST000667,BR079,13441500002188,Savings,81569.07,INR,2026-06-19,Active
ACC002190,CUST001901,BR103,97622900002189,Salary,66997.07,INR,2026-07-06,Active
ACC002191,CUST000550,BR044,45787800002190,Savings,258475.78,INR,2019-04-21,Active
ACC002192,CUST003144,BR004,71465800002191,Savings,32744.69,INR,2025-01-06,Active
ACC002193,CUST001757,BR097,90608000002192,Savings,127380.62,INR,2018-09-11,Dormant
ACC002194,CUST001796,BR051,93746800002193,Salary,85828.96,INR,2015-09-15,Active
ACC002195,CUST000236,BR120,76240700002194,Current,19609.63,INR,2026-01-04,Active
ACC002196,CUST000437,BR055,81209800002195,Savings,38465.6,INR,2023-02-11,Active
ACC002197,CUST004481,BR098,79301300002196,Savings,32498.47,INR,2024-11-28,Active
ACC002198,CUST004688,BR093,73380100002197,Savings,99730.09,INR,2025-09-11,Active
ACC002199,CUST004206,BR043,96577900002198,Savings,68851.1,INR,2021-06-03,Active
ACC002200,CUST002205,BR116,16554800002199,Savings,55387.15,INR,2025-07-23,Active
ACC002201,CUST004200,BR123,34879000002200,Salary,45029.93,INR,2018-08-10,Active 
ACC002202,CUST002936,BR124,22998800002201,Savings,9845.07,Inr,2024-07-29,Active
ACC002203,CUST002182,BR048,80520400002202,Salary,96054.62,INR,2024-03-29,Active
ACC002204,CUST004834,BR043,28861600002203,Savings,201605.49,INR,2023-12-22,ACTIVE
ACC002205,CUST004802,BR044,23866500002204,Savings,137894.89,INR,2024-10-11,Closed
ACC002206,CUST004977,BR025,54165500002205,Salary,-65092.05,INR,2025-01-31,Active
ACC002207,CUST001515,BR132,27021800002206,Savings,132233.11,INR,2019-04-02,Active
ACC002208,CUST004265,BR148,79641300002207,Salary,91379.96,INR,2024-09-18,Closed
ACC002209,CUST001077,BR124,48150500002208,Savings,170881.38,INR,2024-11-16,Closed
ACC002210,CUST002052,BR007,31198500002209,Savings,15249.13,INR,2023-09-17,Closed
ACC002211,CUST000309,BR142,61786700002210,Salary,59117.02,INR,2024-09-03,Active
ACC002212,CUST003426,BR123,98244000002211,Savings,181602.11,INR,2026-02-16,Active
ACC002213,CUST002156,BR011,76726400002212,Savings,23637.37,INR,2020-11-03,Active
ACC002214,CUST004540,BR004,69827800002213,Savings,65151.94,INR,2022-04-06,Dormant
ACC002215,CUST001203,BR038,72337100002214,Savings,52510.11,INR,2023-11-01,Active
ACC002216,CUST003437,BR073,76556900002215,Savings,34746.16,INR,2026-05-12,Active
ACC002217,CUST001882,BR053,66256900002216,Current,172948.97,INR,2026-04-18,Active
ACC002218,CUST001275,BR097,91123000002217,Savings,,USD,2022-07-01,Dormant
ACC002219,CUST003271,BR105,33973100002218,Savings,52747.3,INR,2026-04-07,Active
ACC002220,CUST004344,BR072,56220200002219,Current,53681.56,inr,2022-01-30,Active
ACC002221,CUST001364,BR057,75048000002220,Salary,46961.63,gbp,2014-11-24,Active
ACC002222,CUST000609,BR085,23067300002221,Salary,46619.04,INR,2022.04.19,Active
ACC002223,CUST003153,BR016,52982800002222,Salary,27898.77,INR,2025-11-11,Active
ACC002224,CUST001871,BR004,48496400002223,Savings,43080.42,INR,2023-11-21,Active
ACC002225,CUST002990,BR120,37584700002224,Savings,167966.0,INR,2022-07-18,Active
ACC002226,CUST000325,BR024,57715900002225,Current,68186.41,INR,2022-11-10,Active
ACC002227,CUST000114,BR148,73332100002226,Savings,59907.18,INR,2016-05-13,Active
ACC002228,CUST002478,BR083,97394600002227,Savings,117456.83,INR,2017-06-19,Dormant
ACC002229,CUST004793,BR080,50033300002228,Salary,47513.33,INR,2024-03-21,Active
ACC002230,CUST002805,BR125,16453300002229,Savings,13949.1,INR,2026-06-25,Active
ACC002231,CUST000958,BR032,98532200002230,Savings,107661.49,INR,2024-07-08,Active
ACC002232,CUST004570,BR083,39591900002231,Savings,26522.02,INR,2017-05-02,Active
ACC002233,CUST001700,BR070,45451300002232,Savings,44587.85,INR,2022-07-07,Active
ACC002234,CUST002081,BR075,77104100002233,Savings,17313.91,INR,2025-01-08,Active
ACC002235,CUST000210,BR139,39257000002234,Salary,31396.96,INR,2025-11-05,Active
ACC002236,CUST001117,BR149,73491100002235,Savings,31363.5,INR,2019-12-13,Active
ACC002237,CUST000456,BR061,10880600002236,Savings,74580.34,INR,2024-09-05,Active
ACC002238,CUST004133,BR059,85191600002237,Savings,14460.02,INR,2020-02-15,Active
ACC002239,CUST003230,BR041,56937300002238,Savings,118503.64,INR,2024-06-27,Active
ACC002240,CUST004041,BR058,96177100002239,Savings,47509.28,INR,2026-01-12,Active
ACC002241,CUST000082,BR065,64399200002240,Savings,51173.98,INR,2018-12-17,Active
ACC002242,CUST002362,BR012,60760400002241,Current,58739.76,INR,14/10/2023,Active
ACC002243,CUST000046,BR035,54428600002242,Savings,18670.63,GBP,2020-01-10,Active
ACC002244,CUST003943,BR118,86916700002243,Savings,93446.63,INR,2024-07-20,Active
ACC002245,CUST000488,BR108,26143600002244,Current,90528.28,INR,2021-10-30,Active
ACC002246,CUST002030,BR011,96636800002245,Savings,90055.07,INR,2017-01-18,Active
ACC002247,CUST000131,BR134,42944500002246,,23400.95,GBP,2023-07-07,Active
ACC002248,CUST002196,BR021,21700900002247,Savings,25052.65,INR,2026-06-09,Dormant
ACC002249,CUST004988,BR025,23780500002248,Savings,64751.96,Inr,2016-08-31,Dormant
ACC002250,CUST003577,BR009,62902500002249,Savings,40795.43,INR,2024-05-26,Active
ACC002251,CUST000588,BR024,92983100002250,Savings,52273.72,INR,2018-10-13,active
ACC002252,CUST002669,BR029,50866600002251,Savings,44351.58,INR,2024-09-16,Active
ACC002253,CUST001884,BR134,26800000002252,Savings,160997.03,USD,2025-08-16,Active
ACC002254,CUST001988,BR066,79418000002253,Savings,91084.19,INR,2021-02-26,Active
ACC002255,CUST002261,BR030,36731800002254,Current,30300.42,INR,2021-01-26,Active
ACC002256,CUST003045,BR007,27957800002255,Savings,53649.04,INR,2026-03-03,Active
ACC002257,CUST000719,BR038,68632600002256,Savings,26826.05,INR,2022-08-22,Active
ACC002258,CUST001379,BR062,87259300002257,Salary,42473.6,INR,2024-01-03,Active
ACC002259,CUST001072,BR067,95365400002258,Salary,47904.53,INR,2024-04-19,Active
ACC002260,CUST001123,BR073,50236800002259,Savings,36599.45,INR,10/20/2023,Active
ACC002261,CUST002294,BR031,95070300002260,Savings,61710.23,INR,2022-03-21,Active
ACC002262,CUST001013,BR017,42884700002261,Salary,81695.58,INR,2025-02-12,Active
ACC002263,CUST002409,BR073,54344500002262,Current,47739.11,INR,2026-03-16,dormant
ACC002264,CUST002145,BR009,74490100002263,Savings,25784.1,INR,07/18/2026,Active
ACC002265,CUST001512,BR134,92338100002264,Savings,,USD,2026-02-01,Active
ACC002266,CUST000955,BR048,39808500002265,Salary,57067.22,EUR,2017-11-26,Active
ACC002267,CUST001238,BR098,31842900002266,Savings,196558.73,INR,2015-10-08,Active
ACC002268,CUST002445,BR098,90116700002267,Savings,83066.66,INR,2022-06-26,Dormant
ACC002269,CUST002885,BR006,22373100002268,Savings,13168.53,INR,2022-09-28,Active
ACC002270,CUST002778,BR092,88810400002269,Savings,60147.12,INR,2021-04-07,Active
ACC002271,CUST002119,BR095,53912100002270,Savings,115099.06,INR,2026-02-13,Active
ACC002272,CUST003576,BR019,12914500002271,Salary,78933.92,INR,2018-11-03,Dormant
ACC002273,CUST000783,BR088,76053100002272,Savings,62815.18,INR,2025-01-19,active
ACC002274,CUST001727,BR014,26513300002273,Savings,32737.7,INR,2026.05.05,Active
ACC002275,CUST002217,BR070,51466700002274,Salary,79512.13,INR,2026-07-02,Active
ACC002276,CUST000639,BR029,76253800002275,Savings,43265.11,INR,2026-05-13,Active
ACC002277,CUST004919,BR050,51216900002276,Savings,83880.76,INR,2025-06-26,Active
ACC002278,CUST000085,BR132,58587200002277,Savings,105357.6,INR,07/12/2023,Active
ACC002279,CUST002212,BR135,28533900002278,Savings,127025.16,Inr,2023-03-24,Active
ACC002280,CUST000680,BR140,17368800002279,Savings,106147.61,INR,2022-09-26,active
ACC002281,CUST000804,BR144,28847700002280,Current,69662.46,INR,2025-09-02,Active
ACC002282,CUST003007,BR079,46911000002281,Current,21722.53,INR,2025-11-25,Dormant
ACC002283,CUST004222,BR130,36210600002282,Savings,28349.16,INR,2025-04-02,Closed
ACC002284,CUST001210,BR136,13202500002283,Savings,54881.26,INR,2024-09-22,Active
ACC002285,CUST004940,BR042,50460800002284,Savings,96264.58,EUR,2023-02-07,Active
ACC002286,CUST001029,BR020,33344700002285,Savings,62539.51,INR,2026-04-16,Active
ACC002287,CUST002719,BR060,83480000002286,Salary,78183.64,INR,2025-08-12,Active
ACC002288,CUST004601,BR099,25845100002287,Savings,119278.36,INR,2026-07-16,Active
ACC002289,CUST001924,BR018,62082400002288,Savings,82419.05,INR,2025-06-10,Active
ACC002290,CUST000357,BR098,84353000002289,Savings,44735.28,INR,2022-04-22,Dormant
ACC002291,CUST002627,BR049,52524600002290,Savings,177023.85,INR,2025-06-06,Active
ACC002292,CUST001019,BR068,87117000002291,Savings,95038.06,INR,2019-02-19,Active
ACC002293,CUST002001,BR058,76734100002292,Savings,101455.05,INR,2024-02-26,Active
ACC002294,CUST000308,BR111,84315000002293,Savings,75652.04,inr,2013-03-01,Active
ACC002295,CUST004331,BR050,39578300002294,Salary,151046.63,INR,2025-02-28,Active
ACC002296,CUST002537,BR072,12402400002295,Savings,176158.78,INR,2026-03-19,Active
ACC002297,CUST003253,BR095,77249700002296,Savings,94200.73,INR,2025.05.11,Active
ACC002298,CUST002520,BR129,77297400002297,Salary,131018.48,INR,20/01/2018,Dormant
ACC002299,CUST004866,BR069,92231600002298,Current,53496.23,INR,2024-07-17,Active
ACC002300,CUST004846,BR021,64485300002299,Savings,125233.26,inr,2024-06-27,Dormant
ACC002301,CUST003011,BR084,58843100002300,Savings,110750.0,inr,2025-10-08,Active
ACC002302,CUST002611,BR003,71836200002301,Savings,23724.46,INR,2013-08-19,Active
ACC002303,CUST003326,BR100,76081900002302,Current,104360.68,INR,25/08/2017,Active
ACC002304,CUST002940,BR057,14318800002303,Savings,10101.7,INR,2014-05-28,Active
ACC002305,CUST001767,BR097,72333300002304,Current,25514.8,INR,2025-10-08,Active
ACC002306,CUST002983,BR020,28578500002305,Savings,116433.65,INR,2022-06-26,ACTIVE
ACC002307,CUST000490,BR075,58991600002306,Savings,17121.81,INR,2025-09-01,Active
ACC002308,CUST003047,BR027,28810300002307,,27264.62,INR,2018-11-19,Dormant 
ACC002309,CUST001514,BR083,50959400002308,Current,109823.09,INR,2025-07-09,Active
ACC002310,CUST003521,BR008,24563400002309,Current,67640.5,INR,2022-11-20,Active
ACC002311,CUST004419,BR079,89268400002310,Savings,31710.52,INR,2024-02-03,Active
ACC002312,CUST000089,BR065,61579400002311,Savings,52837.4,INR,2026-05-24,Active
ACC002313,CUST003944,BR019,12576300002312,Savings,80617.41,Inr,2026-03-07,Active
ACC002314,CUST002929,BR111,40109300002313,Savings,49546.9,USD,2025-04-20,Active
ACC002315,CUST004495,BR126,17203700002314,Savings,-231332.76,INR,2020.10.13,Active
ACC002316,CUST004599,BR084,51202500002315,,146298.98,INR,2022-11-15,Active
ACC002317,CUST002476,BR079,31615100002316,Salary,24242.15,INR,04/06/2025,Active
ACC002318,CUST000038,BR054,74725500002317,Salary,125584.07,INR,2026-04-16,Active
ACC002319,CUST001621,BR042,96270700002318,Savings,-66264.41,INR,2022-05-13,Active
ACC002320,CUST000469,BR002,59043500002319,Salary,1568.42,Inr,2026-06-01,Dormant
ACC002321,CUST003633,BR072,10605900002320,Savings,137053.72,INR,2025-10-30,Active
ACC002322,CUST002055,BR077,50955100002321,Salary,112747.37,INR,10/17/2020,active
ACC002323,CUST000170,BR005,96474900002322,Savings,24647.66,INR,2022-08-03,Active 
ACC002324,CUST004919,BR050,91791700002323,Savings,64513.31,Gbp,2024-06-21,Active
ACC002325,CUST004760,BR085,57934500002324,Savings,42106.86,INR,10/15/2025,Active
ACC002326,CUST004024,BR036,67403700002325,Savings,63583.53,INR,2016-04-29,Active
ACC002327,CUST001470,BR089,41181900002326,Current,49910.52,INR,2025-08-23,Active
ACC002328,CUST000566,BR068,71790700002327,Savings,121695.05,INR,07/01/2024,Active
ACC002329,CUST000893,BR140,88882500002328,Salary,50815.41,INR,2024-03-26,Dormant
ACC002330,CUST003136,BR026,26172300002329,Salary,166345.83,INR,2023-10-07,Active
ACC002331,CUST001330,BR006,93524300002330,Savings,76019.04,INR,2023.07.16,Active
ACC002332,CUST002021,BR049,64264800002331,Savings,46871.37,INR,2026-04-10,Active
ACC002333,CUST003839,BR121,15847600002332,Current,65328.37,INR,2018-03-04,Closed
ACC002334,CUST002374,BR139,56403900002333,Savings,48213.79,INR,15/01/2023,Closed
ACC002335,CUST000759,BR095,23007200002334,Savings,30354.43,GBP,2026-01-23,Active 
ACC002336,CUST003527,BR092,94896700002335,Savings,39816.46,INR,07/22/2024,Active
ACC002337,CUST004914,BR109,93935400002336,Savings,75611.39,INR,2017.11.30,Active
ACC002338,CUST003273,BR149,76663700002337,Savings,66324.48,INR,2026-02-28,Active
ACC002339,CUST003960,BR142,27108400002338,Savings,81908.68,inr,2023-11-22,Active
ACC002340,CUST001145,BR095,85484100002339,Savings,61552.82,INR,2025-08-02,Active
ACC002341,CUST004428,BR053,97551300002340,Salary,47434.13,INR,2022-04-27,Active
ACC002342,CUST000228,BR015,69224100002341,Salary,30691.41,Inr,2023-11-24,Active
ACC002343,CUST001764,BR025,56927800002342,Salary,-49133.92,INR,2026-01-27,Active
ACC002344,CUST002180,BR100,39394200002343,Savings,82672.19,EUR,2024-07-10,Active
ACC002345,CUST004863,BR011,61064500002344,Salary,31217.99,INR,2021-09-18,Closed
ACC002346,CUST004559,BR130,69524000002345,Current,39617.89,INR,2022-05-11,Closed
ACC002347,CUST004021,BR072,29928700002346,Savings,-75188.33,GBP,2024-03-15,Active
ACC002348,CUST002623,BR137,97199900002347,Savings,74321.63,INR,2013-09-08,Active
ACC002349,CUST001324,BR130,63858400002348,Savings,30590.74,INR,2023-08-23,Active
ACC002350,CUST000035,BR084,39025800002349,Savings,85543.67,INR,2017.09.22,Active
ACC002351,CUST001359,BR065,14948500002350,Salary,76194.3,INR,2024-05-23,Active
ACC002352,CUST003686,BR019,25381100002351,Savings,202086.6,INR,2024-02-06,Active
ACC002353,CUST001342,BR145,75205800002352,,29203.56,INR,06/04/2024,Active
ACC002354,CUST004410,BR097,38100400002353,Current,-178517.64,Inr,2022-06-21,Active
ACC002355,CUST002670,BR063,26274500002354,,75100.62,Usd,2025-12-25,Active 
ACC002356,CUST000188,BR022,80176800002355,Savings,15734.28,INR,2019-11-09,Active
ACC002357,CUST004615,BR129,80513100002356,Savings,51401.34,INR,2025-01-22,Active
ACC002358,CUST000522,BR009,17725500002357,Salary,49862.38,INR,2015-09-08,Closed
ACC002359,CUST004439,BR101,39966100002358,Savings,123834.89,INR,2025-11-14,Active
ACC002360,CUST004731,BR032,93678600002359,Savings,39763.89,INR,2023-06-11,Active
ACC002361,CUST003477,BR095,21019000002360,Salary,21858.59,EUR,2022-07-10,Active
ACC002362,CUST000168,BR015,74324400002361,Salary,83693.35,inr,2026-07-06,Active
ACC002363,CUST002152,BR121,43050100002362,Savings,72602.45,INR,2024-10-31,Active
ACC002364,CUST004473,BR067,64712300002363,Salary,102050.74,INR,2020-10-29,Active
ACC002365,CUST003417,BR066,64678800002364,Savings,146540.15,INR,2025-05-19,Active
ACC002366,CUST000054,BR142,25869000002365,Savings,137331.84,INR,2022-09-29,Active
ACC002367,CUST001963,BR028,72634000002366,Current,235225.2,INR,2020-03-16,Active
ACC002368,CUST002353,BR100,58972600002367,Savings,177166.05,INR,2018-06-04,Active
ACC002369,CUST002728,BR086,40166300002368,Savings,95018.69,INR,27/04/2021,Active
ACC002370,CUST003539,BR105,11439400002369,Savings,66221.69,INR,2025-04-21,Active
ACC002371,CUST001993,BR099,99810100002370,Savings,71950.78,INR,2025-05-27,Active
ACC002372,CUST000814,BR121,61125100002371,Savings,118702.36,INR,2026-05-10,Active
ACC002373,CUST000986,BR053,39645600002372,Current,-42569.52,INR,2026-01-19,Active
ACC002374,CUST004642,BR036,36917400002373,Current,51502.39,USD,2024-08-16,Active
ACC002375,CUST001622,BR102,40689500002374,Salary,96662.34,Inr,2024-02-08,Active
ACC002376,CUST002460,BR086,58276400002375,Salary,21282.07,INR,2018-11-10,Active
ACC002377,CUST001717,BR137,94567000002376,Salary,41106.66,INR,2025-03-18,Active
ACC002378,CUST000602,BR107,42583800002377,Savings,32049.09,INR,03/28/2025,Active
ACC002379,CUST000214,BR036,84785600002378,Savings,149059.86,INR,2025-12-10,Dormant
ACC002380,CUST004937,BR046,49760400002379,Current,25449.47,INR,2026-07-14,Active
ACC002381,CUST002166,BR104,58032300002380,Salary,47546.47,INR,2026-06-19,Active
ACC002382,CUST003453,BR059,60228600002381,Salary,39581.18,INR,2020-08-13,Active
ACC002383,CUST004265,BR139,90762100002382,Current,52168.08,inr,2025-04-29,Active
ACC002384,CUST004798,BR106,95832600002383,Salary,90086.69,INR,2023-11-19,Active
ACC002385,CUST002092,BR056,62044400002384,Savings,82964.21,INR,2011-10-12,Active
ACC002386,CUST003147,BR122,98476700002385,Savings,74533.42,INR,2023-10-05,Closed
ACC002387,CUST000592,BR105,49184500002386,Savings,95303.74,INR,2017-02-22,active
ACC002388,CUST002633,BR055,65147700002387,Current,81429.65,INR,2023-07-24,Active
ACC002389,CUST000049,BR064,88253600002388,Savings,5368.4,inr,2026.04.24,Active
ACC002390,CUST003065,BR094,22661000002389,Savings,98488.8,Inr,2019-08-21,Active
ACC002391,CUST004426,BR038,79373900002390,Savings,73951.72,INR,2025-12-13,Active
ACC002392,CUST001625,BR100,14113600002391,Savings,155207.44,USD,2026-06-28,Active
ACC002393,CUST000101,BR050,15589700002392,Savings,29849.18,inr,2016-07-09,Active
ACC002394,CUST002974,BR140,99375000002393,Salary,65323.33,INR,2018-11-26,Active
ACC002395,CUST000779,BR087,17769100002394,Salary,81570.6,INR,2021-10-20,Active
ACC002396,CUST000639,BR119,66822500002395,Savings,181726.03,INR,2026-02-09,Active
ACC002397,CUST003406,BR083,67599600002396,Savings,21886.27,INR,2020-02-13,Active
ACC002398,CUST001746,BR030,63812600002397,Savings,72133.79,INR,2026-01-17,Active
ACC002399,CUST004981,BR101,18242500002398,Savings,74825.17,INR,2025-07-08,Dormant
ACC002400,CUST002025,BR094,13757200002399,Current,31349.9,INR,2023-07-24,Active
ACC002401,CUST003031,BR023,12370600002400,Current,52311.23,INR,2025-05-17,Active
ACC002402,CUST004248,BR144,94654700002401,Savings,53158.61,INR,2026-03-15,Dormant
ACC002403,CUST003034,BR014,77470700002402,Savings,-35555.51,Inr,2025-12-04,Active
ACC002404,CUST003994,BR057,24294500002403,Salary,75874.55,INR,2024-07-27,Active
ACC002405,CUST002769,BR019,52664800002404,Savings,81937.25,INR,2026.07.03,Active
ACC002406,CUST001646,BR115,58616700002405,Salary,75725.69,INR,2023-02-13,Active
ACC002407,CUST002847,BR065,45145600002406,Savings,-19247.41,INR,2025-01-04,Active
ACC002408,CUST001928,BR081,37181600002407,Savings,41363.02,Inr,2013-04-03,Active
ACC002409,CUST002634,BR135,20677400002408,Savings,194896.3,INR,2021-10-17,Active
ACC002410,CUST003955,BR066,44505700002409,Savings,39041.06,INR,2022-03-09,Active
ACC002411,CUST002943,BR075,12925500002410,Savings,21469.42,USD,2025-10-29,Active
ACC002412,CUST004006,BR086,39691500002411,Savings,52455.11,INR,2022-08-19,Active
ACC002413,CUST003848,BR139,73001900002412,Savings,8520.11,USD,2024-09-18,Active
ACC002414,CUST002438,BR064,33539400002413,Savings,267410.93,INR,2025-09-26,Active
ACC002415,CUST004028,BR038,97811200002414,Savings,17845.11,INR,2025-07-29,Active
ACC002416,CUST002405,BR048,33421800002415,Savings,31980.45,INR,2026-06-24,Active
ACC002417,CUST004957,BR083,88422100002416,Savings,36935.45,GBP,2023.06.17,Active
ACC002418,CUST001615,BR115,17416300002417,Savings,81344.96,INR,2018-03-16,Dormant
ACC002419,CUST000192,BR129,61061200002418,Current,14823.43,INR,2025-06-14,Active
ACC002420,CUST001953,BR080,11954600002419,Savings,321414.31,INR,2019-03-09,Active
ACC002421,CUST001345,BR072,51355400002420,,63503.88,INR,2022-10-20,Active
ACC002422,CUST000346,BR141,46418900002421,Savings,12170.76,INR,2026-05-21,Dormant
ACC002423,CUST003493,BR101,18841800002422,Salary,197965.92,Inr,2025-10-21,Active
ACC002424,CUST000920,BR002,17386000002423,Savings,80840.39,INR,2024-03-13,Active
ACC002425,CUST004120,BR099,73945000002424,Salary,50408.18,Inr,26/10/2025,Active
ACC002426,CUST003904,BR116,41109900002425,Savings,12064.93,INR,2025-07-12,Active
ACC002427,CUST000386,BR116,31639400002426,Salary,67174.4,INR,2026-05-15,Active
ACC002428,CUST004399,BR024,31657100002427,Salary,49259.95,INR,2023-02-18,Active
ACC002429,CUST002746,BR077,53620600002428,Savings,17350.56,INR,2013-06-20,Active
ACC002430,CUST004867,BR115,54786600002429,Savings,70193.16,INR,2020-04-18,Active
ACC002431,CUST000529,BR141,80423200002430,Savings,46448.25,Inr,2023-05-31,Active
ACC002432,CUST003411,BR131,66765200002431,Savings,45035.53,USD,2025-02-26,Active
ACC002433,CUST003897,BR119,71707200002432,Savings,129221.35,INR,2020-06-02,Closed
ACC002434,CUST003193,BR118,45016700002433,Savings,152728.56,INR,2022-12-15,Dormant
ACC002435,CUST004888,BR053,93280900002434,Savings,108187.9,INR,2025-02-20,Active
ACC002436,CUST003815,BR090,51258400002435,Savings,96049.65,INR,2019-10-13,Active
ACC002437,CUST003765,BR006,84323100002436,Savings,105743.66,INR,2015-09-24,Active
ACC002438,CUST004602,BR019,99033000002437,Savings,31623.2,INR,2020-02-27,Active
ACC002439,CUST000006,BR039,77215400002438,Savings,52104.15,INR,2024-10-13,Active
ACC002440,CUST003005,BR145,49463000002439,,103796.15,INR,2025-10-31,Active
ACC002441,CUST003417,BR038,96381100002440,Savings,92427.74,INR,07/07/2022,Active
ACC002442,CUST002876,BR049,47385200002441,Salary,29938.8,INR,2026-06-12,Active
ACC002443,CUST001212,BR122,15898200002442,Current,73602.83,INR,2016-10-05,Active 
ACC002444,CUST000183,BR005,61128200002443,Salary,-27038.06,GBP,2018-11-14,Closed
ACC002445,CUST001891,BR027,60317800002444,Savings,33089.16,INR,2022-10-08,Active
ACC002446,CUST001775,BR001,12712000002445,Savings,106692.24,INR,2026-05-17,Active
ACC002447,CUST000295,BR090,87429800002446,Savings,82354.91,INR,2023-02-24,Active
ACC002448,CUST003996,BR111,54206400002447,Savings,79121.48,INR,2022-03-23,Dormant
ACC002449,CUST002415,BR140,85624500002448,Salary,55310.5,INR,2025-08-08,Active
ACC002450,CUST003253,BR125,13739900002449,Savings,80205.62,INR,2025-08-13,Active
ACC002451,CUST003287,BR109,33867800002450,,60739.21,INR,12/08/2017,Active
ACC002452,CUST003982,BR121,34915400002451,Salary,38548.37,INR,2021-06-21,Closed
ACC002453,CUST001828,BR138,82683500002452,Savings,105225.55,INR,2026-07-04,Active
ACC002454,CUST000591,BR084,80140200002453,Savings,10315.68,INR,2024-12-25,Closed
ACC002455,CUST002604,BR019,14152300002454,Savings,49682.04,inr,2016-11-06,Active
ACC002456,CUST000830,BR095,28638400002455,Current,151166.87,USD,2026-06-12,Active
ACC002457,CUST004966,BR047,26493600002456,Savings,46709.57,GBP,2025-08-23,Active
ACC002458,CUST002206,BR137,54204500002457,Savings,40923.81,INR,2024-12-11,Active
ACC002459,CUST004888,BR080,76796400002458,Salary,12894.17,INR,2025-02-17,Dormant
ACC002460,CUST001498,BR100,72430000002459,Salary,-44671.44,INR,2026-03-25,Active
ACC002461,CUST003561,BR078,16456400002460,Salary,116276.24,INR,2024-08-11,Active
ACC002462,CUST002314,BR053,98011000002461,Savings,171942.83,Inr,2025-08-15,Active
ACC002463,CUST000655,BR137,92097400002462,Salary,82449.14,INR,2025-09-22,Active
ACC002464,CUST000957,BR143,67749600002463,Current,40050.39,INR,2017-06-21,Active
ACC002465,CUST000529,BR135,91597700002464,Savings,149127.62,inr,2026-01-05,Active
ACC002466,CUST004193,BR145,89491500002465,Savings,146296.9,INR,2025-09-18,Active
ACC002467,CUST004338,BR003,90948900002466,Savings,87649.11,INR,2023-06-17,Active
ACC002468,CUST003121,BR095,28394100002467,Savings,24910.38,INR,2019-11-11,Active
ACC002469,CUST004326,BR064,67921100002468,Current,43636.86,GBP,06/19/2026,Active
ACC002470,CUST004383,BR085,16840800002469,Salary,50451.05,USD,2026-03-17,Active
ACC002471,CUST003336,BR068,11441300002470,Salary,32129.0,GBP,2020-05-07,Active
ACC002472,CUST000672,BR141,54319100002471,Savings,94151.01,INR,2026-02-26,Active
ACC002473,CUST002110,BR123,95748500002472,Current,59929.17,INR,2022-06-30,Active
ACC002474,CUST002491,BR117,61335100002473,Savings,45931.72,INR,2016-04-20,Active
ACC002475,CUST001984,BR099,94299400002474,Savings,59186.16,Inr,2019-11-16,Active
ACC002476,CUST003921,BR018,38931400002475,Salary,21336.41,INR,2026-01-10,Active
ACC002477,CUST001174,BR027,69215200002476,Salary,53813.97,INR,2025-09-26,Active
ACC002478,CUST004569,BR144,74721500002477,Salary,152127.81,inr,2018-05-02,Active
ACC002479,CUST004958,BR007,15429200002478,Savings,64298.58,INR,2022-09-06,Active
ACC002480,CUST001461,BR109,59553100002479,Current,37231.12,INR,2025-03-18,Active
ACC002481,CUST000421,BR088,82766500002480,Savings,39569.45,INR,10/04/2026,Active
ACC002482,CUST002010,BR111,63022400002481,Current,25106.73,INR,2025-09-02,Active
ACC002483,CUST000586,BR149,88090500002482,Savings,82192.06,USD,2026-06-07,Dormant
ACC002484,CUST003948,BR061,90751100002483,Savings,44660.26,INR,2024-10-11,Active
ACC002485,CUST002975,BR089,99955000002484,Salary,162715.36,INR,2020-02-05,Active
ACC002486,CUST800018,BR002,24936900002485,Savings,206694.71,INR,2026-04-07,Active
ACC002487,CUST000508,BR053,68026800002486,Salary,3451.38,INR,2021.06.17,Active
ACC002488,CUST002136,BR041,39330700002487,Savings,89089.57,INR,2026-04-11,Active
ACC002489,CUST000827,BR124,26009500002488,Salary,53123.17,INR,2022-02-08,Active
ACC002490,CUST004610,BR050,78414500002489,Salary,-47126.13,INR,2024-06-11,Active
ACC002491,CUST003744,BR046,97095400002490,Savings,119647.8,INR,2025-06-26,Active
ACC002492,CUST004150,BR069,54642600002491,Savings,105017.28,INR,2024-06-12,Active
ACC002493,CUST004204,BR088,40012200002492,Salary,197331.83,INR,2024-05-08,Active
ACC002494,CUST000780,BR106,89828600002493,Savings,54769.47,USD,2026-05-20,Active
ACC002495,CUST000372,BR146,11654800002494,Savings,230189.85,INR,2025-04-21,Active
ACC002496,CUST000302,BR068,24184400002495,Savings,55635.66,INR,2018-07-11,Active
ACC002497,CUST000012,BR092,67047000002496,Savings,90824.34,INR,2026-06-10,Active
ACC002498,CUST002225,BR056,51048900002497,Savings,27327.39,INR,2025-11-09,Active
ACC002499,CUST000593,BR089,11199600002498,Savings,31493.53,INR,2025-09-18,Active
ACC002500,CUST002820,BR038,79221900002499,Savings,40159.88,INR,2023-07-23,Active
ACC002501,CUST000931,BR036,85831000002500,Salary,58353.04,inr,02/03/2026,Active
ACC002502,CUST800019,BR116,66430800002501,Savings,29252.49,INR,2016-04-03,Active
ACC002503,CUST000065,BR101,73955200002502,Savings,144814.43,Inr,2026-06-07,Active
ACC002504,CUST000578,BR119,23127400002503,Salary,107237.22,INR,2023-04-12,Active
ACC002505,CUST003690,BR109,21222300002504,Salary,41202.54,INR,2023-06-23,Active
ACC002506,CUST003759,BR055,72922800002505,Savings,18217.88,INR,2026-01-11,Closed
ACC002507,CUST000562,BR118,44298500002506,Savings,245332.87,INR,2019-11-09,Active
ACC002508,CUST000414,BR033,59083900002507,Savings,169304.57,INR,2026-04-03,Active
ACC002509,CUST001079,BR001,86354600002508,Salary,29804.21,inr,2025-08-15,Active
ACC002510,CUST002466,BR034,97532900002509,Salary,48134.96,INR,2025-06-20,Active
ACC002511,CUST004273,BR103,14348600002510,Savings,90501.11,INR,2019-07-13,Closed
ACC002512,CUST002487,BR100,67088500002511,Savings,75701.65,INR,2025-04-30,Active
ACC002513,CUST004795,BR111,90345400002512,Current,39139.96,INR,2014-09-17,Active
ACC002514,CUST001496,BR116,38789800002513,Salary,102964.21,INR,2020-07-11,Active
ACC002515,CUST000952,BR033,60583600002514,Savings,95545.29,INR,2024-09-16,Active
ACC002516,CUST000782,BR118,58677500002515,Salary,82783.65,INR,2020-07-19,Active
ACC002517,CUST001114,BR071,77811200002516,Salary,127379.97,INR,2026-05-15,Active
ACC002518,CUST002629,BR131,22012400002517,Savings,40645.13,INR,2026-07-21,Active
ACC002519,CUST000795,BR004,45443900002518,Savings,85584.46,INR,2019-10-14,Active
ACC002520,CUST004103,BR114,77292200002519,Savings,28693.75,INR,03/12/2022,Active
ACC002521,CUST000638,BR104,51001700002520,Salary,81991.45,INR,2017-03-05,Active
ACC002522,CUST001478,BR073,87244500002521,Savings,107409.13,INR,2024-01-15,Active
ACC002523,CUST004704,BR131,34301100002522,Salary,6391.98,INR,2025-11-17,Active
ACC002524,CUST004519,BR041,62771700002523,Salary,123446.48,INR,2023-03-08,Active
ACC002525,CUST003808,BR056,91308700002524,Current,262631.82,Inr,2025-10-29,Active
ACC002526,CUST000909,BR057,61034900002525,Savings,241237.9,INR,2025-09-22,Active
ACC002527,CUST000890,BR073,73849000002526,Savings,22871.08,INR,2019-12-30,Active
ACC002528,CUST003838,BR043,19845300002527,Savings,21515.43,INR,2025-04-06,Active
ACC002529,CUST800020,BR102,32537800002528,Savings,174484.81,INR,2024-04-27,Active
ACC002530,CUST002305,BR015,26223600002529,Current,14953.69,USD,2025-01-10,Active
ACC002531,CUST002357,BR005,84506200002530,Savings,151191.2,INR,2018-03-25,Active
ACC002532,CUST004337,BR022,96350900002531,Savings,19692.55,INR,2021-06-11,Active
ACC002533,CUST003806,BR067,99694900002532,Current,23174.68,INR,2023-01-31,Active
ACC002534,CUST004214,BR002,45765700002533,Savings,161270.0,INR,2024-12-12,Active
ACC002535,CUST003124,BR096,30873800002534,Salary,89758.37,Inr,2025-07-06,Active
ACC002536,CUST004032,BR030,79797000002535,Current,34267.3,INR,2025-11-08,Active
ACC002537,CUST001046,BR114,44780700002536,Savings,125389.42,INR,2019-06-27,Active
ACC002538,CUST001732,BR126,90292300002537,Salary,75843.46,INR,2018-03-21,Active
ACC002539,CUST004208,BR128,33593300002538,Savings,59399.72,INR,2018-05-19,Active
ACC002540,CUST003394,BR081,18215500002539,Savings,25145.54,inr,2026-07-24,Active
ACC002541,CUST004823,BR080,33392000002540,Savings,28184.83,INR,2026-05-11,Active
ACC002542,CUST001130,BR059,90093200002541,Savings,99215.9,INR,2023-05-04,Active
ACC002543,CUST003063,BR020,36898700002542,Salary,26480.84,inr,2016.02.07,Active
ACC002544,CUST001904,BR036,25420900002543,Salary,45183.67,INR,2024-02-19,Active
ACC002545,CUST001332,BR038,66210300002544,Salary,38300.23,INR,2024-10-18,Active
ACC002546,CUST004942,BR089,79423800002545,Savings,170233.39,INR,2026-07-28,Active
ACC002547,CUST002864,BR003,56455200002546,Savings,48331.84,INR,2020-06-11,Active
ACC002548,CUST000983,BR147,34210600002547,Savings,,INR,2020-08-01,Active
ACC002549,CUST002768,BR018,91943600002548,Savings,14216.35,INR,2020-12-13,Active
ACC002550,CUST001045,BR053,86307300002549,Salary,52346.3,EUR,2025-10-17,Active
ACC002551,CUST000437,BR050,65225000002550,Savings,31503.35,INR,2024-07-01,Active
ACC002552,CUST000327,BR128,51217200002551,Savings,57343.45,INR,2023-06-19,Active
ACC002553,CUST000805,BR095,82320000002552,Current,43828.41,INR,2025-05-16,Active
ACC002554,CUST003201,BR141,51808100002553,Current,22052.74,INR,2018-10-07,Active
ACC002555,CUST001852,BR137,63863000002554,Salary,46056.7,INR,2026-06-28,Dormant
ACC002556,CUST001383,BR119,62324700002555,Salary,6717.67,INR,2026-02-24,Active
ACC002557,CUST004796,BR023,57936500002556,Savings,40154.11,INR,2023-11-27,Active
ACC002558,CUST002724,BR089,86653100002557,Salary,350006.79,INR,2026-04-30,Active
ACC002559,CUST002726,BR090,47474600002558,Salary,90194.74,INR,2023-04-06,Active
ACC002560,CUST004487,BR046,36902800002559,Salary,74009.25,INR,2026-04-23,Active
ACC002561,CUST001842,BR006,55486300002560,Salary,33248.15,INR,2022-05-24,Active
ACC002562,CUST004040,BR006,98070100002561,Savings,90737.84,INR,2026-06-03,Dormant
ACC002563,CUST003985,BR058,54033700002562,Savings,29828.2,INR,2021-10-08,Active
ACC002564,CUST000257,BR111,85107000002563,Salary,169139.35,INR,2025-10-08,Closed
ACC002565,CUST004539,BR026,89253300002564,Savings,130052.37,INR,2026-05-04,Active
ACC002566,CUST000675,BR144,44753200002565,Salary,29562.61,INR,27/07/2018,Active
ACC002567,CUST000513,BR043,57262700002566,Savings,44158.25,INR,2025-11-21,Active
ACC002568,CUST004857,BR104,12438000002567,Savings,91989.19,INR,2026-05-20,Dormant
ACC002569,CUST001520,BR008,45686200002568,Salary,46571.74,INR,2022-11-30,Active
ACC002570,CUST001752,BR006,25798600002569,Savings,77068.29,INR,2026-07-12,Active
ACC002571,CUST000070,BR076,21197400002570,Savings,156652.7,INR,2020-01-05,Active
ACC002572,CUST003791,BR021,60081700002571,Salary,135652.15,INR,2021-06-09,Active
ACC002573,CUST001582,BR096,66584400002572,Savings,42711.61,INR,2019-01-26,Active
ACC002574,CUST001776,BR059,84727200002573,Salary,82163.96,INR,2025-12-29,Dormant
ACC002575,CUST002745,BR035,61348700002574,Salary,8085.49,INR,2022-06-23,Active
ACC002576,CUST001530,BR149,94912800002575,Savings,31060.46,INR,2022-02-01,Active
ACC002577,CUST004667,BR060,31066800002576,Current,88258.27,INR,2020-06-15,Active
ACC002578,CUST002229,BR013,44242200002577,Savings,66396.41,INR,2025-07-29,Active
ACC002579,CUST001896,BR022,90324300002578,Salary,44176.42,INR,2019-10-01,Active
ACC002580,CUST001306,BR048,13710100002579,Savings,31274.65,INR,2024-02-17,Active
ACC002581,CUST001957,BR075,71576100002580,Savings,48967.52,INR,2024-12-21,Active
ACC002582,CUST003645,BR083,73494700002581,Salary,210871.72,INR,2016-10-29,Dormant
ACC002583,CUST000752,BR067,36670200002582,Savings,73273.71,INR,2023-09-01,Active
ACC002584,CUST002033,BR017,38061400002583,Salary,38083.93,Inr,2022-05-09,Active
ACC002585,CUST000074,BR039,59141500002584,Savings,23748.18,INR,2025-02-12,Active
ACC002586,CUST000002,BR018,63471300002585,Salary,38112.14,INR,2025-06-14,Active
ACC002587,CUST000018,BR078,22638700002586,Current,32960.26,INR,2023-10-28,Active
ACC002588,CUST002477,BR011,46117500002587,Current,18533.33,INR,2023-11-29,Active
ACC002589,CUST004209,BR117,83763700002588,Savings,43420.89,INR,02/10/2021,Active
ACC002590,CUST001437,BR076,66834800002589,Current,64189.75,INR,2026-01-19,Active
ACC002591,CUST000157,BR043,22035400002590,Savings,17524.52,INR,2018-07-09,Active
ACC002592,CUST001274,BR043,32419600002591,Current,132893.62,INR,2025-11-05,Dormant
ACC002593,CUST004275,BR006,13224300002592,Salary,40445.37,inr,2021-09-02,Active
ACC002594,CUST002548,BR006,24090700002593,Current,51061.85,INR,2015-03-03,Active
ACC002595,CUST000329,BR099,15111600002594,Savings,86140.37,INR,2020-11-02,Active
ACC002596,CUST000518,BR076,25368200002595,Salary,61876.53,INR,2023-02-21,Dormant
ACC002597,CUST000642,BR019,80193500002596,Current,25086.89,INR,2025-06-29,Dormant
ACC002598,CUST003674,BR110,92615900002597,Salary,46403.52,INR,2025-03-28,Active
ACC002599,CUST000433,BR146,92378100002598,Salary,13657.66,INR,2025-02-14,Closed
ACC002600,CUST001473,BR101,88046800002599,Savings,131488.04,INR,22/11/2024,Active
ACC002601,CUST003390,BR133,12506200002600,Savings,33205.25,INR,2017-02-26,Active
ACC002602,CUST003625,BR103,86705200002601,Savings,38542.44,GBP,2026-01-21,Dormant
ACC002603,CUST003693,BR139,68550800002602,Current,38458.24,INR,2021-04-16,Active
ACC002604,CUST001639,BR083,65143400002603,Savings,101462.82,INR,2026-03-16,Active
ACC002605,CUST003515,BR123,17922300002604,Current,21757.2,INR,2025-12-03,Active
ACC002606,CUST002874,BR118,46807900002605,Savings,28346.26,INR,2025-10-30,Active
ACC002607,CUST003458,BR050,36263000002606,Current,65583.57,INR,2023-02-17,Closed
ACC002608,CUST003045,BR010,30219100002607,Savings,118745.31,INR,2026-01-19,Active
ACC002609,CUST003446,BR064,67156400002608,Savings,64318.43,INR,2012-02-14,Active
ACC002610,CUST000779,BR029,68691200002609,Savings,82074.75,INR,2023-10-14,Active
ACC002611,CUST001100,BR131,20500000002610,Current,62639.19,INR,2025-11-10,Closed
ACC002612,CUST000574,BR106,38790000002611,Savings,56898.21,INR,21/07/2018,Active
ACC002613,CUST000356,BR134,56857700002612,Current,101300.29,INR,2024-12-26,Active
ACC002614,CUST004522,BR051,63634100002613,Savings,67197.77,INR,2018-10-20,Active
ACC002615,CUST003903,BR082,32757200002614,Current,171470.88,GBP,2025-12-25,Active
ACC002616,CUST003167,BR036,42201900002615,Savings,39440.73,INR,2022-04-04,Active
ACC002617,CUST003823,BR072,44594100002616,Savings,155000.28,INR,2025-11-05,Active
ACC002618,CUST002990,BR005,11266700002617,Salary,32339.53,INR,06/02/2025,Active
ACC002619,CUST000643,BR053,73115700002618,Salary,56421.6,INR,2022-05-24,Active
ACC002620,CUST004013,BR131,65858200002619,Savings,27365.76,INR,2026-01-12,Active
ACC002621,CUST003513,BR093,88515000002620,Savings,47721.94,INR,2020-09-23,Dormant
ACC002622,CUST000048,BR126,98980300002621,Salary,32781.21,GBP,2019-02-27,Active
ACC002623,CUST002387,BR116,73257500002622,Salary,31838.09,INR,2025-12-10,Active
ACC002624,CUST000905,BR010,52616000002623,Savings,,INR,2013-01-27,Active
ACC002625,CUST004372,BR072,22095900002624,Salary,55013.3,INR,2024-10-31,Active
ACC002626,CUST003163,BR046,23677200002625,Savings,77724.74,INR,2025-09-25,Active
ACC002627,CUST004821,BR018,19083800002626,Savings,286216.36,INR,2020-11-24,Dormant
ACC002628,CUST003973,BR033,77226300002627,Savings,79407.06,INR,2026-02-23,Active
ACC002629,CUST004510,BR002,49634600002628,Current,67078.59,INR,2022-02-24,Dormant
ACC002630,CUST000849,BR032,55422100002629,Savings,37887.07,INR,2016-10-27,Active
ACC002631,CUST003100,BR102,85714600002630,Current,56462.78,INR,2021-12-16,Active
ACC002632,CUST004730,BR039,74016200002631,Savings,19648.26,INR,2018-08-28,Active
ACC002633,CUST000198,BR109,58925300002632,Savings,54210.39,INR,2026-03-15,Active
ACC002634,CUST000381,BR045,89307400002633,Savings,12944.39,Gbp,2019-07-30,Closed
ACC002635,CUST001067,BR009,65025000002634,Savings,51088.39,INR,2026-07-06,Active
ACC002636,CUST004757,BR106,35004100002635,Savings,275726.56,INR,2026-03-09,Dormant
ACC002637,CUST001866,BR025,86042500002636,Current,63146.63,INR,2014-12-22,Active
ACC002638,CUST002353,BR146,33176200002637,Savings,177177.55,Inr,2021-03-18,Active
ACC002639,CUST002801,BR065,11174000002638,Salary,264923.05,INR,2024-03-04,Active
ACC002640,CUST001568,BR007,52151000002639,Salary,20858.28,gbp,2024-07-29,Active
ACC002641,CUST002651,BR036,84505600002640,Savings,77629.22,INR,2025-01-05,Active
ACC002642,CUST003956,BR049,17829100002641,Salary,22448.49,INR,09/12/2020,Dormant
ACC002643,CUST001274,BR075,84887300002642,Savings,27421.82,INR,2025-11-01,Closed
ACC002644,CUST003728,BR101,19116000002643,Savings,43379.31,INR,2021-04-29,Active
ACC002645,CUST003866,BR048,81681100002644,,68995.84,INR,2024-08-11,Active
ACC002646,CUST004469,BR046,55773200002645,Salary,31171.51,INR,2026-07-13,ACTIVE
ACC002647,CUST002880,BR140,58297400002646,Savings,73228.18,INR,2026-04-13,Active
ACC002648,CUST002175,BR029,45580800002647,Savings,199449.3,INR,2025-10-24,Active
ACC002649,CUST002519,BR110,84756800002648,Salary,88262.48,INR,2022-11-03,Active
ACC002650,CUST000441,BR026,45988700002649,Savings,207573.12,INR,2023-02-27,Active
ACC002651,CUST001914,BR040,61299800002650,Salary,41723.86,INR,2023-12-04,Dormant
ACC002652,CUST001517,BR090,67939400002651,Savings,39621.89,inr,2023-10-24,Active
ACC002653,CUST001439,BR015,21431700002652,Salary,31728.47,INR,2025-04-02,Active
ACC002654,CUST003542,BR023,93715300002653,Savings,92432.24,INR,2026-07-30,ACTIVE
ACC002655,CUST002705,BR128,28677200002654,Salary,28269.65,INR,2018-04-01,Active
ACC002656,CUST001358,BR015,94268800002655,Salary,192219.28,INR,2014-04-28,Active
ACC002657,CUST001845,BR022,68463300002656,Salary,20073.59,INR,2023.09.30,Active
ACC002658,CUST000034,BR113,46237900002657,Savings,31947.28,INR,03/04/2026,Closed
ACC002659,CUST001722,BR071,92154900002658,Savings,44060.61,Eur,2014-03-08,Active
ACC002660,CUST004403,BR052,68421100002659,Savings,24494.85,INR,2025-11-05,Active
ACC002661,CUST001105,BR124,53126600002660,Salary,40104.53,INR,2024-03-14,Active
ACC002662,CUST004750,BR135,45901500002661,Savings,116709.19,INR,2026-03-12,Closed
ACC002663,CUST002048,BR018,26544700002662,Savings,61536.48,INR,2023-11-11,Active
ACC002664,CUST004500,BR075,77017900002663,Savings,113094.21,INR,2026-07-17,Active
ACC002665,CUST001339,BR139,42490500002664,Current,-141588.98,inr,2021-03-09,Active
ACC002666,CUST004298,BR020,55448900002665,Current,40971.07,INR,2020-12-08,Active
ACC002667,CUST000753,BR062,10026900002666,Savings,85941.73,INR,2020-03-08,Dormant
ACC002668,CUST000980,BR029,21314000002667,Current,49494.52,INR,2026-07-31,Active
ACC002669,CUST004344,BR023,20594100002668,Savings,36249.77,INR,2021-10-01,Active
ACC002670,CUST002935,BR133,59215900002669,Salary,47210.28,USD,2023-01-22,Active
ACC002671,CUST000575,BR098,55798500002670,Salary,169925.91,INR,2020-09-28,Active
ACC002672,CUST003827,BR019,99324900002671,,110528.96,INR,2026-07-23,closed
ACC002673,CUST004141,BR051,40354800002672,Savings,136997.63,inr,2018-10-03,Active
ACC002674,CUST003078,BR048,34447600002673,Savings,43778.65,INR,2018-02-04,Active
ACC002675,CUST003870,BR139,56855200002674,Salary,22022.3,INR,2025-01-10,Active
ACC002676,CUST000487,BR046,79122600002675,Salary,81779.61,GBP,2021-06-15,Closed
ACC002677,CUST001683,BR017,58166200002676,Savings,175825.51,GBP,2025-05-18,Dormant
ACC002678,CUST001750,BR149,35750900002677,Savings,49630.18,INR,2025-08-07,Active
ACC002679,CUST003603,BR010,41873400002678,Savings,146448.67,inr,2023-07-22,Active
ACC002680,CUST000909,BR147,75347300002679,Savings,147711.62,INR,2022-11-04,Active
ACC002681,CUST002997,BR049,81660600002680,Salary,154807.98,INR,2023-04-24,Closed
ACC002682,CUST001260,BR104,52709800002681,Salary,83645.73,INR,2026-05-29,Active
ACC002683,CUST000853,BR082,62328300002682,Savings,69914.68,EUR,2025-11-14,Active
ACC002684,CUST004229,BR036,74295600002683,Savings,102353.79,INR,2024-02-21,Active
ACC002685,CUST001396,BR082,10738100002684,Savings,146254.03,inr,2020-12-14,Active
ACC002686,CUST001392,BR027,85016800002685,Savings,97416.76,Inr,2025-09-16,Active
ACC002687,CUST002113,BR076,48526600002686,Salary,91866.19,INR,2017-08-06,Active
ACC002688,CUST004327,BR010,11702200002687,Current,39497.95,INR,2026-03-30,Active
ACC002689,CUST001712,BR036,87950000002688,Current,89023.16,INR,2025-12-25,Dormant
ACC002690,CUST002240,BR010,67787400002689,Savings,79272.22,INR,2025-03-13,Active
ACC002691,CUST003191,BR094,80169500002690,Current,223959.89,INR,2025-03-11,Active
ACC002692,CUST001957,BR142,16056300002691,Current,107722.26,INR,2022-05-20,Active
ACC002693,CUST002051,BR007,52410500002692,Current,83066.65,INR,2014-05-03,Active
ACC002694,CUST003168,BR091,95378500002693,Current,41717.65,Inr,2016-04-06,Active
ACC002695,CUST004347,BR076,43650000002694,Salary,19056.13,Inr,2022-08-19,Active
ACC002696,CUST002826,BR030,56478700002695,Savings,31832.8,INR,2023-06-07,Active
ACC002697,CUST001762,BR104,45194500002696,Savings,223933.78,INR,2025-10-12,Closed
ACC002698,CUST000976,BR118,36239800002697,Savings,53595.13,INR,2024-10-22,Active
ACC002699,CUST000192,BR140,87296900002698,Current,88231.43,INR,2026-04-01,Active
ACC002700,CUST002687,BR012,70724200002699,Savings,37178.33,INR,2014-04-02,Active
ACC002701,CUST000830,BR027,55189500002700,Savings,16208.47,INR,2022-08-28,Active
ACC002702,CUST003775,BR079,71411500002701,Savings,54564.21,USD,2026-06-27,Active
ACC002703,CUST003950,BR116,52387200002702,Salary,135935.6,INR,2019-06-07,Active
ACC002704,CUST000777,BR030,51235000002703,Savings,25392.48,INR,2025-04-21,Active
ACC002705,CUST001325,BR054,59818500002704,Savings,16230.91,INR,2021-02-01,Active
ACC002706,CUST000207,BR068,91030600002705,Savings,17988.81,INR,2020-06-16,Active
ACC002707,CUST002676,BR099,70933800002706,Savings,31988.39,INR,2026-04-04,ACTIVE
ACC002708,CUST000485,BR035,96763300002707,Salary,65871.15,INR,2022-01-26,Active
ACC002709,CUST003293,BR045,93641000002708,Salary,34543.42,Inr,2021-01-24,Active
ACC002710,CUST000809,BR021,51267000002709,Salary,84368.79,INR,2026-03-14,Active
ACC002711,CUST004351,BR032,17730300002710,Savings,58723.51,INR,2023-04-26,Active
ACC002712,CUST004374,BR140,74226800002711,Salary,31363.41,INR,2020-03-22,Active
ACC002713,CUST004783,BR113,54268800002712,Savings,247494.18,INR,2018-11-19,Active
ACC002714,CUST004305,BR138,10613700002713,Current,-46389.3,INR,2023-06-06,Active
ACC002715,CUST800021,BR141,15510300002714,Savings,44503.41,INR,2025-12-27,Active
ACC002716,CUST000927,BR074,37553700002715,Savings,60036.79,INR,2024-11-05,Active
ACC002717,CUST003472,BR026,40197300002716,Savings,60311.89,INR,2025-01-20,Active
ACC002718,CUST000848,BR118,85168900002717,Savings,62679.74,INR,2025-07-03,Active
ACC002719,CUST000621,BR149,61835100002718,Salary,70182.81,inr,2019-10-11,Closed
ACC002720,CUST003268,BR031,21149000002719,Current,157578.07,INR,18/06/2022,Active
ACC002721,CUST000786,BR115,57511000002720,Salary,107081.12,GBP,2023-09-26,Active
ACC002722,CUST004414,BR060,13086800002721,Current,54083.17,INR,2025-03-23,Active
ACC002723,CUST004921,BR140,53176400002722,Savings,152342.5,INR,2025-07-26,Closed
ACC002724,CUST003713,BR034,71629000002723,Savings,33659.63,INR,2025-02-05,Active
ACC002725,CUST001003,BR099,45232700002724,Current,38059.81,INR,2024-10-09,Active
ACC002726,CUST004583,BR013,43714300002725,Savings,165032.46,INR,2016-04-23,Active
ACC002727,CUST001060,BR140,93642700002726,Savings,226362.64,INR,2019-12-23,Active
ACC002728,CUST000789,BR064,89885800002727,Savings,44076.98,INR,2024-04-02,Active
ACC002729,CUST000913,BR074,56002100002728,Current,75165.57,INR,2021-12-04,Active
ACC002730,CUST001000,BR112,96808600002729,Current,23973.82,INR,2026-01-16,Dormant
ACC002731,CUST004000,BR035,65929700002730,Savings,15764.65,INR,2020-10-19,Active
ACC002732,CUST004627,BR112,41100400002731,Salary,,INR,2024-06-20,Active
ACC002733,CUST001412,BR018,22729100002732,Salary,38262.92,INR,12/07/2025,Closed
ACC002734,CUST001400,BR067,97516800002733,Salary,17310.86,INR,2019-10-16,Active
ACC002735,CUST004671,BR051,15568200002734,Savings,109924.88,INR,2016-09-09,Active
ACC002736,CUST003338,BR067,72549000002735,Salary,111058.92,INR,2014-10-03,Active
ACC002737,CUST004050,BR087,70907500002736,Savings,138464.91,USD,2025-09-04,Active
ACC002738,CUST000105,BR091,50067400002737,Savings,19895.31,INR,2026-04-28,Active
ACC002739,CUST001867,BR032,82277400002738,Current,65711.37,INR,2024-09-16,Active
ACC002740,CUST000352,BR140,59271700002739,Salary,36783.11,INR,2025.09.23,Closed
ACC002741,CUST001529,BR100,49824900002740,Savings,27920.75,GBP,2022-05-05,Dormant
ACC002742,CUST000627,BR023,91212900002741,Savings,114994.52,INR,2026-07-21,Active
ACC002743,CUST000218,BR024,21695400002742,Savings,70314.24,INR,2023-04-14,Active
ACC002744,CUST000572,BR061,18874600002743,Savings,59459.54,GBP,2026-06-23,Active
ACC002745,CUST001287,BR146,19131600002744,Salary,123321.24,GBP,2026-03-06,Active
ACC002746,CUST001453,BR136,41604500002745,Savings,61317.98,INR,2018-09-09,Active
ACC002747,CUST001811,BR037,80740200002746,Savings,28042.23,Inr,2022-12-24,Active
ACC002748,CUST000314,BR083,44436300002747,Salary,12920.45,INR,2023-10-15,Dormant
ACC002749,CUST003373,BR050,28729900002748,,71121.69,INR,2021-08-15,Active
ACC002750,CUST002536,BR119,46800500002749,Salary,23281.39,INR,2026-05-17,Active
ACC002751,CUST002517,BR112,32053900002750,Savings,52242.22,INR,2024-11-16,Active
ACC002752,CUST004800,BR070,64732000002751,Salary,56168.37,INR,2026-03-25,Active
ACC002753,CUST800022,BR053,51835100002752,Savings,132291.71,INR,2024-04-21,Active
ACC002754,CUST004530,BR139,27452400002753,Savings,23773.44,INR,2026-01-13,Dormant
ACC002755,CUST001811,BR063,70143400002754,Savings,87261.76,INR,2025-03-04,Active
ACC002756,CUST002168,BR134,62278600002755,Salary,77578.69,INR,2012-09-30,Active
ACC002757,CUST000228,BR005,96045300002756,Savings,77164.48,INR,2023-11-15,Active
ACC002758,CUST001443,BR067,94429800002757,Salary,85236.05,INR,2025-06-05,Active
ACC002759,CUST002570,BR082,48479400002758,Salary,58481.26,INR,2026-07-03,Active
ACC002760,CUST003253,BR001,53020400002759,Salary,96713.48,INR,2024-10-22,Active
ACC002761,CUST000376,BR010,76608800002760,Savings,6167.66,GBP,2024-05-18,Active
ACC002762,CUST001688,BR085,47508200002761,Savings,95382.44,INR,2026-06-23,Active
ACC002763,CUST003127,BR113,63442900002762,Savings,139660.87,INR,2021-10-09,Active
ACC002764,CUST003560,BR031,20577900002763,Savings,292594.11,INR,2024-08-24,Active
ACC002765,CUST003712,BR135,44805300002764,Savings,-222856.6,INR,2020-09-26,Active
ACC002766,CUST001243,BR037,76196000002765,Current,-28781.21,INR,11/12/2022,Active
ACC002767,CUST000289,BR008,96671100002766,Salary,55085.97,INR,2025-07-06,Active
ACC002768,CUST002072,BR065,72564700002767,Salary,53451.34,USD,2019-06-23,Active
ACC002769,CUST001906,BR017,18877400002768,Savings,206561.66,INR,2022-02-21,Active
ACC002770,CUST001735,BR068,68537700002769,Savings,211482.99,INR,2023-04-02,Closed
ACC002771,CUST004353,BR006,26495500002770,Savings,130691.33,INR,2024-09-05,Active
ACC002772,CUST000178,BR130,96224200002771,Salary,61879.37,INR,2024-03-12,Active
ACC002773,CUST002510,BR097,50462900002772,Savings,61229.7,INR,2024-12-01,Active
ACC002774,CUST002276,BR005,45257900002773,Savings,148536.73,INR,2025-08-04,DORMANT
ACC002775,CUST002962,BR139,72980900002774,Savings,37285.66,INR,2023-11-18,Active
ACC002776,CUST002621,BR045,61014300002775,Salary,125381.7,INR,2020-08-22,Active
ACC002777,CUST003939,BR076,42723100002776,Savings,20896.3,INR,2017-05-10,Active
ACC002778,CUST004289,BR095,91490200002777,Salary,33961.65,INR,2025-08-06,Active
ACC002779,CUST001128,BR061,66992200002778,Salary,186985.81,INR,2026-04-23,Active
ACC002780,CUST003334,BR094,75728100002779,Salary,100355.72,INR,2026-04-28,Active
ACC002781,CUST003028,BR024,54461600002780,Savings,-59570.38,INR,2023-03-14,Active
ACC002782,CUST000580,BR048,67960100002781,Salary,57182.02,INR,2024-06-11,Active
ACC002783,CUST003424,BR102,98521600002782,Savings,20105.46,INR,2026-03-24,Active
ACC002784,CUST003768,BR027,69263800002783,Savings,66924.41,INR,2013-08-02,Active
ACC002785,CUST004532,BR048,44198300002784,Savings,205201.06,INR,2018-11-10,Active
ACC002786,CUST002415,BR042,34670500002785,Current,62305.42,INR,2026-01-13,Active
ACC002787,CUST001255,BR019,89353400002786,Savings,,INR,2025-12-24,Active
ACC002788,CUST002514,BR134,18852300002787,Savings,11594.36,INR,2019-11-13,Active
ACC002789,CUST002232,BR148,77452000002788,Salary,33908.77,INR,2024-01-08,Active
ACC002790,CUST003485,BR040,13673200002789,Savings,87470.16,GBP,2024-07-26,Active
ACC002791,CUST000200,BR128,18783400002790,Savings,35621.49,INR,2024-05-28,Dormant
ACC002792,CUST004483,BR074,69728200002791,Salary,53902.23,INR,2020-06-10,Dormant
ACC002793,CUST004290,BR036,44267000002792,,137573.83,INR,2025-08-24,Active
ACC002794,CUST000350,BR142,53624700002793,Savings,46723.12,INR,2024-12-26,Active
ACC002795,CUST004185,BR020,76820100002794,Savings,156941.23,INR,11/03/2021,Active
ACC002796,CUST004942,BR018,89772100002795,Savings,32863.92,Inr,2025-11-14,Active
ACC002797,CUST000032,BR062,69566700002796,Savings,,INR,2021-12-06,Active
ACC002798,CUST004329,BR131,12402700002797,Savings,66951.11,INR,2024-08-10,Active
ACC002799,CUST003607,BR045,35807300002798,Savings,40142.17,Inr,2023-10-10,Active
ACC002800,CUST002372,BR112,67016400002799,Current,69648.93,GBP,2026-05-10,Active
ACC002801,CUST000794,BR132,54054400002800,Savings,183202.27,INR,03/20/2026,Active
ACC002802,CUST002148,BR073,25737700002801,Savings,67366.51,INR,2021-09-19,Active
ACC002803,CUST002764,BR019,90382600002802,Savings,123564.86,INR,2022-02-27,dormant
ACC002804,CUST000113,BR143,50274800002803,Savings,72697.93,INR,2026-07-30,Active
ACC002805,CUST001189,BR121,83169000002804,Savings,12853.72,INR,2020-12-06,Active
ACC002806,CUST004455,BR012,86245700002805,Current,39428.37,INR,2024-09-16,Active
ACC002807,CUST004653,BR088,37708400002806,Salary,32656.42,INR,2025-07-19,Active
ACC002808,CUST002154,BR129,45562300002807,Savings,8920.89,INR,2014-01-05,Active
ACC002809,CUST004946,BR086,72785600002808,Savings,90356.72,EUR,2025-12-14,Active
ACC002810,CUST003589,BR030,56058400002809,Current,47034.12,INR,2017-08-05,Active
ACC002811,CUST004166,BR141,78924100002810,Savings,10821.93,INR,2025-10-31,Active
ACC002812,CUST004435,BR054,79647800002811,Savings,17478.15,INR,2025-08-31,Active
ACC002813,CUST004634,BR001,28454700002812,Current,110281.24,INR,2025-07-28,Active
ACC002814,CUST004291,BR019,11657500002813,Savings,31232.41,INR,05/25/2022,Dormant
ACC002815,CUST000674,BR069,58544400002814,Savings,47320.28,inr,2024-09-16,Active
ACC002816,CUST004256,BR075,10602500002815,Savings,70172.26,INR,2017-10-08,Dormant
ACC002817,CUST004365,BR094,83097700002816,Savings,194135.76,INR,2025-08-08,Active
ACC002818,CUST003656,BR026,79457500002817,Savings,204627.64,INR,2024.09.17,Active
ACC002819,CUST002266,BR015,77016700002818,Savings,79259.12,INR,2025-05-24,Active
ACC002820,CUST001236,BR039,46263100002819,Current,83096.32,INR,2019-12-05,Active
ACC002821,CUST003484,BR009,37661300002820,Savings,55057.32,INR,2026-05-10,Active
ACC002822,CUST000760,BR009,86195000002821,Savings,116801.66,INR,2025-12-27,Active
ACC002823,CUST000996,BR096,87858800002822,Savings,12910.27,INR,2023-11-24,Active
ACC002824,CUST004129,BR046,83019000002823,Savings,52554.1,INR,2020-10-01,Active
ACC002825,CUST001482,BR024,49314300002824,Savings,72424.91,INR,2026-02-23,Active
ACC002826,CUST003934,BR025,77806800002825,Salary,,INR,2013-05-13,Active
ACC002827,CUST002911,BR120,11519200002826,Savings,52209.09,INR,2021-06-15,Active
ACC002828,CUST000406,BR103,97310400002827,Salary,190148.11,INR,2025-08-23,Active
ACC002829,CUST000256,BR007,13573800002828,Salary,102135.58,Inr,2025-02-04,Dormant
ACC002830,CUST004872,BR096,56979300002829,Savings,88136.98,INR,2026-07-18,Closed
ACC002831,CUST004025,BR093,99293900002830,Savings,48520.32,INR,2023-10-25,Closed
ACC002832,CUST002397,BR100,24356500002831,Savings,38615.12,INR,2025-10-28,Active
ACC002833,CUST003043,BR119,83409400002832,Salary,169605.37,INR,2023-08-19,Active
ACC002834,CUST000626,BR102,43505600002833,Salary,23000.6,inr,2023-05-07,Active
ACC002835,CUST004745,BR107,40216500002834,Savings,68779.3,INR,2026-04-17,Active
ACC002836,CUST004226,BR016,89671500002835,Salary,15918.58,INR,2011-04-15,Active
ACC002837,CUST002559,BR138,92096900002836,Salary,69039.37,INR,2023-08-27,Active
ACC002838,CUST002326,BR033,69503300002837,Savings,99196.06,INR,2022-10-05,Active
ACC002839,CUST003781,BR114,28501800002838,Salary,123368.82,INR,2022-09-03,Active
ACC002840,CUST004889,BR111,64012200002839,Savings,239794.65,INR,2026-01-30,Active
ACC002841,CUST003263,BR073,57542100002840,Savings,38117.44,INR,2024-07-14,Closed
ACC002842,CUST002351,BR073,15171100002841,Current,120384.29,INR,2026-07-13,Active
ACC002843,CUST000737,BR135,63449200002842,Current,65529.05,INR,2025-09-22,Active
ACC002844,CUST002761,BR095,73308600002843,Savings,151690.24,GBP,2020-07-18,Active
ACC002845,CUST004207,BR039,40324100002844,Savings,58559.06,INR,2026-03-13,Active
ACC002846,CUST003432,BR009,70578900002845,Savings,40115.3,INR,2022-08-30,Active
ACC002847,CUST003874,BR021,11760500002846,Savings,202016.07,INR,2023-04-11,Active
ACC002848,CUST000484,BR058,80842900002847,Savings,142401.09,INR,2021-07-16,Active
ACC002849,CUST002871,BR100,89765000002848,Savings,59886.98,inr,2022-09-22,Active
ACC002850,CUST001391,BR066,78288600002849,Savings,41883.11,INR,2025-08-02,Active
ACC002851,CUST003298,BR115,92666400002850,Savings,36276.34,INR,2019-01-08,Closed
ACC002852,CUST001935,BR104,47625700002851,Savings,110216.8,INR,2026-07-16,Active
ACC002853,CUST000359,BR107,98207100002852,Salary,157145.56,INR,2021-04-06,Active
ACC002854,CUST003254,BR137,20603300002853,Current,103078.75,INR,2026-06-24,Active
ACC002855,CUST003805,BR013,56284800002854,Savings,87349.32,EUR,2019-05-25,CLOSED
ACC002856,CUST003288,BR087,32851400002855,Current,32736.31,INR,2026-04-27,Active
ACC002857,CUST003742,BR052,10353700002856,Savings,20541.07,INR,2022.12.31,Active
ACC002858,CUST004885,BR115,35459100002857,Savings,28269.07,INR,2022-02-24,Active
ACC002859,CUST002224,BR122,18258400002858,Salary,103545.35,INR,2024-07-06,Active
ACC002860,CUST001597,BR097,95994300002859,Savings,43983.01,INR,2021-02-08,Active
ACC002861,CUST003551,BR111,39579400002860,Savings,36409.1,INR,2024-05-24,Active
ACC002862,CUST002900,BR137,40930600002861,Salary,64778.82,INR,2024-12-10,Active
ACC002863,CUST000819,BR084,93704100002862,Savings,168936.44,EUR,2018-09-12,ACTIVE
ACC002864,CUST002861,BR122,21035200002863,Salary,18345.35,GBP,2026-07-27,Active
ACC002865,CUST002046,BR016,47150800002864,Salary,54203.22,INR,2014-07-01,Active
ACC002866,CUST003652,BR038,96691800002865,Savings,88237.01,INR,2025-11-07,Active
ACC002867,CUST004066,BR137,99464000002866,Salary,11858.41,INR,2026-01-10,Active
ACC002868,CUST003289,BR034,76709900002867,Salary,122660.54,INR,2025-07-24,Active
ACC002869,CUST001835,BR002,38626000002868,Salary,117772.25,GBP,2023-07-10,Active
ACC002870,CUST003516,BR137,41711000002869,Savings,67017.32,INR,2025-11-18,Active
ACC002871,CUST001239,BR054,13966700002870,Savings,36470.87,Usd,2018-01-23,Active
ACC002872,CUST001191,BR090,10590100002871,Savings,302605.45,INR,2014-08-06,Active
ACC002873,CUST001743,BR116,12343900002872,Savings,72183.83,USD,08/17/2025,Dormant
ACC002874,CUST000295,BR068,10366800002873,Savings,13401.66,INR,2024-03-16,Dormant
ACC002875,CUST001742,BR004,70214300002874,Savings,40067.26,INR,2026-03-09,Active
ACC002876,CUST800023,BR106,51212500002875,Savings,66819.14,INR,2022-08-21,Active
ACC002877,CUST002526,BR099,39566000002876,Savings,11825.47,INR,2021-06-06,Active
ACC002878,CUST001084,BR043,87755400002877,Savings,30462.35,GBP,2025-12-17,Active 
ACC002879,CUST003396,BR099,15889100002878,Savings,29519.46,INR,2023-08-29,Active
ACC002880,CUST003509,BR122,68617200002879,Savings,58556.59,INR,2023-01-17,Active
ACC002881,CUST003057,BR148,31046500002880,Savings,26284.4,INR,2022-03-16,Active
ACC002882,CUST000022,BR080,13862700002881,Savings,60166.38,INR,11/08/2024,Active
ACC002883,CUST800024,BR010,55861600002882,Savings,111880.83,INR,2020-03-22,Active
ACC002884,CUST000675,BR131,24251000002883,Savings,252057.75,INR,2013-03-09,Active
ACC002885,CUST002711,BR066,49531800002884,Savings,32443.25,INR,2025-04-26,Dormant
ACC002886,CUST004696,BR097,75344600002885,Savings,66860.19,INR,2025-11-16,Dormant
ACC002887,CUST004534,BR134,63210400002886,Current,52595.83,INR,2020-04-21,Active
ACC002888,CUST002634,BR040,49931800002887,Current,79860.84,INR,2025-07-07,Active
ACC002889,CUST004216,BR001,29562300002888,Savings,23615.53,INR,2016-12-23,Dormant
ACC002890,CUST001856,BR145,74199900002889,Salary,123391.29,USD,2025-10-22,Active
ACC002891,CUST004526,BR025,42708900002890,Salary,145469.42,INR,2025-09-03,Active
ACC002892,CUST004561,BR061,91215500002891,Salary,96461.83,INR,2015-07-04,Dormant
ACC002893,CUST002425,BR119,80229500002892,Savings,29867.97,INR,2025-06-08,Active
ACC002894,CUST000105,BR115,75989500002893,Savings,173754.01,INR,07/30/2026,Active
ACC002895,CUST000437,BR025,64690700002894,Current,59880.28,INR,2023-01-22,Active
ACC002896,CUST003044,BR039,69039500002895,Savings,11652.05,INR,2026-07-27,Active
ACC002897,CUST004841,BR104,55398100002896,Current,175589.29,INR,2023-03-15,Active
ACC002898,CUST004661,BR063,85993700002897,Savings,55911.12,INR,2025-03-19,Active
ACC002899,CUST004556,BR076,82142200002898,Savings,45799.77,INR,2024-10-06,Active
ACC002900,CUST004603,BR111,49731200002899,Salary,33268.47,INR,2023-07-16,Active
ACC002901,CUST002593,BR130,57447700002900,Savings,18351.02,INR,2023-06-14,Active
ACC002902,CUST004730,BR105,68220100002901,Current,126973.39,INR,2024-11-22,Active
ACC002903,CUST004482,BR026,57067700002902,Savings,37834.5,INR,2025-09-28,Active
ACC002904,CUST000245,BR141,83349000002903,Savings,114618.99,INR,2023-09-16,Active
ACC002905,CUST004486,BR085,72122600002904,Current,10066.21,INR,2022-08-29,Active
ACC002906,CUST000709,BR120,87677800002905,Savings,18892.66,INR,2026-06-07,Active
ACC002907,CUST003162,BR092,63789300002906,,131013.35,USD,2024-07-07,Active
ACC002908,CUST004618,BR049,43529800002907,Savings,54459.96,inr,2022-09-09,Active
ACC002909,CUST000273,BR098,22449600002908,Savings,87616.54,USD,2018-10-01,Active
ACC002910,CUST004306,BR130,40250000002909,Savings,70422.95,INR,2025-11-25,Dormant
ACC002911,CUST002409,BR124,85967500002910,Savings,27488.24,INR,2024-09-15,Active
ACC002912,CUST000877,BR139,29306400002911,Savings,93474.32,INR,2020-09-17,Active
ACC002913,CUST002290,BR009,22643400002912,Savings,26813.81,INR,2023-08-02,Active
ACC002914,CUST002706,BR144,88014600002913,Salary,186023.71,INR,2026-05-26,Active
ACC002915,CUST002368,BR050,75026600002914,Savings,100517.12,gbp,2022-09-08,Active
ACC002916,CUST003413,BR136,62015600002915,Savings,147740.16,INR,2025-11-05,Active
ACC002917,CUST002247,BR080,85778000002916,Savings,27571.48,INR,2023-11-20,Closed
ACC002918,CUST001985,BR105,61376300002917,,43835.96,INR,2022-08-01,Dormant
ACC002919,CUST000297,BR118,32967300002918,Savings,136758.79,INR,2023-04-04,Active
ACC002920,CUST003255,BR120,31741800002919,Current,32990.25,INR,2023-12-13,Active
ACC002921,CUST000613,BR048,44369700002920,Savings,96028.74,INR,2026-01-20,Active
ACC002922,CUST004276,BR098,41824300002921,Current,50344.8,INR,2023-01-25,Active
ACC002923,CUST003383,BR085,31563000002922,Savings,180854.32,INR,24/08/2024,Active
ACC002924,CUST004600,BR048,17091000002923,Savings,8503.48,INR,2026-02-06,Dormant
ACC002925,CUST000159,BR006,11066000002924,Savings,228199.47,INR,2019.09.08,Active
ACC002926,CUST004023,BR123,38506900002925,Salary,49798.17,INR,2025-09-20,Active
ACC002927,CUST002423,BR064,73370100002926,Savings,30340.27,INR,2023-06-01,Active
ACC002928,CUST002368,BR035,97576600002927,Savings,41257.99,INR,2022-11-01,Active
ACC002929,CUST000133,BR051,24578700002928,Savings,61335.91,inr,2025.08.29,Active
ACC002930,CUST000265,BR065,64907000002929,,107151.47,INR,2026-07-18,Dormant
ACC002931,CUST002094,BR150,81185700002930,Savings,283593.92,INR,2018-03-05,Dormant
ACC002932,CUST000397,BR052,71120100002931,Salary,49991.89,INR,06/21/2021,Active
ACC002933,CUST004394,BR020,70254700002932,Savings,51581.23,INR,2025-05-12,Active
ACC002934,CUST002499,BR026,65249900002933,Salary,53197.26,INR,2019-10-28,Active
ACC002935,CUST000216,BR138,86849000002934,Savings,33354.05,INR,2015-11-02,Active
ACC002936,CUST002589,BR120,68959600002935,Savings,158875.09,Inr,2023-06-09,Active
ACC002937,CUST003965,BR001,99524000002936,Current,62997.79,INR,2016-05-18,Active
ACC002938,CUST000490,BR071,91839900002937,Savings,42557.71,INR,2025-05-29,Active
ACC002939,CUST000467,BR041,84578100002938,Savings,141142.78,INR,2025-10-21,Active
ACC002940,CUST003854,BR080,93378000002939,Savings,24172.79,INR,2017-12-23,Active
ACC002941,CUST002412,BR091,38248200002940,Savings,43636.46,INR,2026-01-09,Closed
ACC002942,CUST004449,BR076,13819800002941,Current,149399.08,INR,2024-01-16,Active
ACC002943,CUST002995,BR074,31916000002942,Savings,119143.47,INR,06/14/2015,Closed
ACC002944,CUST002270,BR104,34132300002943,Savings,82459.19,INR,2014-12-01,Active
ACC002945,CUST000472,BR107,74018300002944,Savings,176156.96,inr,2023-07-18,Active
ACC002946,CUST001879,BR027,25654200002945,Salary,163263.14,GBP,2026-07-23,Active
ACC002947,CUST003293,BR104,90020000002946,,18555.61,INR,2024-11-18,Active
ACC002948,CUST000959,BR076,91767900002947,Savings,180038.56,INR,2017-08-09,Active
ACC002949,CUST000681,BR062,46158100002948,Salary,58321.28,INR,2019-10-29,Active
ACC002950,CUST001042,BR040,81555000002949,Savings,33645.49,inr,2023-12-22,Active
ACC002951,CUST002203,BR084,49328500002950,Savings,21122.69,INR,2025-11-19,Active
ACC002952,CUST004402,BR146,93597300002951,Salary,121879.38,Inr,2025.06.07,Dormant
ACC002953,CUST000124,BR070,43540600002952,Savings,70365.52,INR,2019-12-21,Dormant
ACC002954,CUST001532,BR010,13450400002953,Current,61532.83,INR,2026-02-05,Active
ACC002955,CUST002238,BR037,12861700002954,Savings,,inr,2019-03-02,Active
ACC002956,CUST002999,BR140,64503400002955,Salary,207357.66,INR,2019-11-03,Active
ACC002957,CUST004647,BR121,63663100002956,Savings,253514.59,INR,2022-07-11,Active
ACC002958,CUST002200,BR009,14359500002957,Savings,70254.32,INR,2022-06-18,Active
ACC002959,CUST003967,BR121,79645000002958,Savings,24089.93,INR,2025-08-09,Active
ACC002960,CUST003131,BR017,25512900002959,Current,60158.67,INR,2026-03-20,Active
ACC002961,CUST000939,BR046,91724100002960,Current,134925.53,INR,2026-02-03,Active
ACC002962,CUST001428,BR136,83752600002961,Current,170225.83,Inr,2018.01.11,Closed
ACC002963,CUST001611,BR098,72177900002962,Savings,204480.62,INR,2022-02-20,Active
ACC002964,CUST003167,BR098,66364200002963,Savings,109617.61,INR,2022-12-28,Active
ACC002965,CUST003185,BR033,65038700002964,Current,22466.16,INR,2025-04-10,Active
ACC002966,CUST000623,BR049,58067500002965,Savings,114456.98,INR,2026-07-20,Active
ACC002967,CUST004192,BR014,19925400002966,Savings,73576.22,INR,2025-03-22,Active
ACC002968,CUST000969,BR089,12474300002967,Savings,38818.59,INR,2022-08-16,Active
ACC002969,CUST001789,BR073,82300300002968,Salary,-66492.44,INR,2026-06-11,Active
ACC002970,CUST002986,BR025,35431300002969,Savings,114260.49,INR,2018-10-11,Active
ACC002971,CUST004728,BR044,97480100002970,Savings,64701.11,INR,2023-04-09,Active
ACC002972,CUST004282,BR010,42068200002971,Salary,7963.58,inr,2014-01-10,active
ACC002973,CUST004731,BR010,55998100002972,Savings,57340.65,INR,2024-10-28,Active
ACC002974,CUST003674,BR008,48385700002973,Savings,170080.16,INR,2025-07-03,Active
ACC002975,CUST002825,BR049,54749700002974,Savings,34417.82,INR,2026-06-15,Active
ACC002976,CUST004286,BR041,21299600002975,Salary,65472.43,INR,2024-10-19,Active
ACC002977,CUST003074,BR029,18858200002976,Salary,8297.33,INR,03/31/2024,Active
ACC002978,CUST003840,BR027,32040100002977,Savings,77081.53,INR,2025-02-04,Active
ACC002979,CUST004865,BR143,38926700002978,Salary,48601.82,INR,2022-12-07,Active
ACC002980,CUST001072,BR061,70407600002979,Savings,205168.69,INR,2024-05-31,Active
ACC002981,CUST002648,BR078,90875300002980,Salary,81156.07,inr,2025-01-26,Active
ACC002982,CUST004698,BR132,66567700002981,Salary,10352.36,INR,2018-01-29,Active
ACC002983,CUST004216,BR150,78963700002982,Savings,17145.3,INR,2016-03-22,Active
ACC002984,CUST002747,BR057,41801500002983,Savings,138083.21,INR,2020-04-01,Active
ACC002985,CUST002369,BR116,64096800002984,Savings,136495.48,INR,2020-06-16,Closed
ACC002986,CUST003151,BR060,41744500002985,Current,83174.7,INR,2025-03-26,Active
ACC002987,CUST000701,BR041,17468200002986,Savings,3007.04,INR,2024-03-10,Active
ACC002988,CUST003046,BR019,83832700002987,Savings,92871.84,INR,2022-12-08,Active
ACC002989,CUST003357,BR053,93393900002988,Salary,76936.09,INR,2025-11-27,Dormant
ACC002990,CUST001917,BR149,35178700002989,Savings,44719.42,INR,2024-04-13,Active
ACC002991,CUST000987,BR026,52075100002990,Savings,226274.98,INR,2025-12-19,Active
ACC002992,CUST002850,BR022,15898700002991,Savings,142315.2,INR,2025-06-19,Active
ACC002993,CUST003489,BR039,25199400002992,Salary,4446.96,INR,2017-11-26,Active
ACC002994,CUST000212,BR051,38821700002993,Current,58649.05,INR,2025-05-28,Active
ACC002995,CUST001708,BR058,60275600002994,Current,44473.74,INR,2024-04-08,Active
ACC002996,CUST002058,BR142,23779900002995,Savings,77988.67,GBP,2015-05-10,Active
ACC002997,CUST002785,BR140,81524000002996,Savings,6755.2,INR,2023-08-11,Active
ACC002998,CUST001586,BR069,35253800002997,Savings,,INR,08/07/2023,Active
ACC002999,CUST001427,BR134,86160200002998,Salary,43725.25,INR,2023-06-10,active
ACC003000,CUST002716,BR051,38468000002999,Savings,117344.42,INR,2023-07-08,Active
ACC003001,CUST000700,BR060,57808300003000,Savings,104593.98,INR,2017-07-03,Active
ACC003002,CUST002860,BR108,27926600003001,Savings,134379.62,INR,2023-11-18,Active
ACC003003,CUST004407,BR131,98351300003002,Current,61097.58,INR,03/27/2026,Active
ACC003004,CUST003569,BR005,36634100003003,Savings,141204.04,INR,2018-11-05,Active
ACC003005,CUST004690,BR089,14937300003004,Savings,58246.59,INR,2013-11-19,Active
ACC003006,CUST003709,BR049,66706400003005,Savings,28505.97,INR,2022-12-24,Active
ACC003007,CUST004974,BR059,44307000003006,Salary,15328.16,Inr,2025-06-14,Active
ACC003008,CUST003995,BR088,61188500003007,Savings,28422.3,INR,06/02/2020,Dormant
ACC003009,CUST000563,BR077,83656000003008,Current,96976.03,EUR,2019-02-16,Active
ACC003010,CUST002030,BR149,15716500003009,Savings,41744.6,INR,2018-10-27,Active
ACC003011,CUST000054,BR067,85023400003010,Salary,45971.59,INR,2024-07-19,Active
ACC003012,CUST002549,BR146,36349200003011,Salary,24360.5,INR,2025-01-04,Active
ACC003013,CUST003753,BR102,32601400003012,Savings,9235.39,INR,2019-11-04,Active
ACC003014,CUST002259,BR094,50755400003013,Savings,141916.68,INR,2015-02-04,Active
ACC003015,CUST003924,BR081,50009800003014,Current,136397.72,INR,2025-03-06,Active
ACC003016,CUST000612,BR052,12442100003015,Current,6726.56,INR,2020-08-22,Active
ACC003017,CUST004105,BR088,85089700003016,Savings,154360.25,INR,2024-04-18,Active
ACC003018,CUST000956,BR083,96788800003017,Savings,96697.06,INR,2026-05-20,Active
ACC003019,CUST002588,BR016,46089500003018,Current,62675.65,Inr,2018-12-21,Active
ACC003020,CUST000008,BR141,31232400003019,Current,91140.14,INR,2021-10-11,Active
ACC003021,CUST003988,BR134,28076300003020,Savings,124561.85,INR,2020-05-07,Active
ACC003022,CUST000279,BR101,67837900003021,Savings,92324.03,INR,2026-01-12,Active
ACC003023,CUST004986,BR101,44785900003022,Salary,35992.36,Inr,2018-11-19,Active
ACC003024,CUST004400,BR023,20279000003023,Savings,10363.46,INR,2023-10-13,Dormant
ACC003025,CUST002815,BR090,95218800003024,Savings,75764.67,INR,2026-04-04,Active
ACC003026,CUST000987,BR146,44296700003025,Salary,102858.55,INR,2016-12-26,Active
ACC003027,CUST004868,BR019,92737500003026,Current,45891.55,INR,01/15/2014,Active
ACC003028,CUST002887,BR136,11907800003027,Savings,58256.5,INR,2023-12-12,Active
ACC003029,CUST003790,BR053,65905900003028,Salary,62956.66,INR,2022-10-18,DORMANT
ACC003030,CUST004938,BR033,22133400003029,Savings,32593.93,INR,2024-09-04,Active
ACC003031,CUST001341,BR136,20123800003030,Savings,55040.22,INR,2024-12-04,Active
ACC003032,CUST003812,BR099,21341300003031,Savings,107309.29,INR,2026-07-25,Active
ACC003033,CUST001575,BR121,45798700003032,Salary,83636.12,EUR,2022-11-28,Active
ACC003034,CUST002478,BR132,66457300003033,Savings,29671.69,INR,2024-02-23,Active
ACC003035,CUST000658,BR002,80550000003034,Savings,118881.9,eur,2022-12-12,Active
ACC003036,CUST003252,BR034,12069500003035,Savings,155759.25,INR,2026-07-27,Active
ACC003037,CUST002162,BR036,65188800003036,Savings,17514.59,INR,2026-07-31,Active
ACC003038,CUST003821,BR139,39506600003037,Savings,33925.56,Usd,2026-04-12,Active
ACC003039,CUST004657,BR079,11395500003038,Savings,25373.67,Inr,2022-07-15,Active
ACC003040,CUST002855,BR028,26713900003039,Current,59315.33,Inr,2026-06-08,Active
ACC003041,CUST001158,BR105,95075200003040,Savings,103438.29,INR,2024-11-11,Active
ACC003042,CUST001226,BR054,70352500003041,Salary,46705.6,INR,2017-11-10,Active
ACC003043,CUST002248,BR087,76826600003042,Salary,111547.14,INR,2026-06-28,Active
ACC003044,CUST004858,BR142,13585600003043,Savings,69217.39,INR,2026-06-24,Active
ACC003045,CUST004462,BR041,99713500003044,Savings,55808.41,Inr,2022-10-10,Active
ACC003046,CUST001419,BR142,66094800003045,Savings,48238.74,INR,21/11/2025,Active
ACC003047,CUST001620,BR112,66013800003046,Savings,102368.56,INR,2026-04-08,active
ACC003048,CUST003026,BR004,63005400003047,Savings,30589.3,INR,24/04/2024,Active
ACC003049,CUST003746,BR060,65107300003048,Savings,36680.06,GBP,2021-05-07,Active
ACC003050,CUST002967,BR130,20098200003049,Current,71741.68,INR,2021-05-01,Active
ACC003051,CUST004890,BR129,88516200003050,Current,58860.11,EUR,2021-10-15,Active
ACC003052,CUST800025,BR105,72802200003051,Salary,26399.37,INR,2025-08-03,Active
ACC003053,CUST000500,BR104,23937800003052,Current,53714.44,INR,2024-09-06,Active
ACC003054,CUST000163,BR131,29065300003053,Savings,34480.86,INR,2018-02-16,Active
ACC003055,CUST003703,BR022,64053600003054,Savings,86856.48,INR,2025-12-21,Active
ACC003056,CUST004397,BR070,18385100003055,Current,40713.54,INR,2025-03-25,Active
ACC003057,CUST001920,BR053,87402100003056,Current,30738.14,EUR,2025-11-24,Active
ACC003058,CUST002822,BR148,16037200003057,Salary,41241.15,INR,2024-12-09,Active
ACC003059,CUST004626,BR116,80243400003058,Savings,11701.71,INR,2026-06-02,Active
ACC003060,CUST004086,BR113,97356300003059,Current,25116.27,Inr,2021-06-01,Active
ACC003061,CUST004309,BR015,43361000003060,Salary,114299.04,INR,2024-03-02,Closed
ACC003062,CUST002077,BR114,35280800003061,,22102.41,INR,2016-08-06,Active
ACC003063,CUST004773,BR126,96604500003062,Savings,59141.05,INR,2020-06-28,Active
ACC003064,CUST004635,BR065,86716400003063,Salary,64503.51,INR,2020-01-20,Active
ACC003065,CUST001706,BR130,24039800003064,Salary,124937.57,INR,2024-12-09,Active
ACC003066,CUST003085,BR059,57293400003065,Savings,46382.17,INR,2026-05-08,Active
ACC003067,CUST002991,BR098,46661000003066,Savings,,INR,2026-04-05,Active
ACC003068,CUST002503,BR031,87027900003067,Current,120166.93,INR,2018-12-28,Active
ACC003069,CUST000019,BR077,77577800003068,Savings,92971.65,INR,2025-03-02,Active
ACC003070,CUST002934,BR009,82046400003069,Savings,112073.52,EUR,2022-08-17,Active
ACC003071,CUST004645,BR018,47865200003070,Savings,108938.29,INR,2026-02-01,Active
ACC003072,CUST004877,BR136,33511200003071,Savings,162942.68,INR,2026-07-01,Active
ACC003073,CUST000739,BR106,51514300003072,Savings,39417.06,INR,2025-08-04,Active
ACC003074,CUST001913,BR089,53716100003073,,169806.41,INR,2024-06-18,Dormant
ACC003075,CUST001830,BR061,86214900003074,Savings,30356.35,INR,2024-09-27,Active
ACC003076,CUST003345,BR084,30179200003075,Current,18633.36,INR,2019-11-04,Active
ACC003077,CUST003392,BR106,72135200003076,Salary,106850.02,INR,2019-12-05,Active
ACC003078,CUST004608,BR051,42488800003077,Current,36419.58,INR,2022-12-28,Active
ACC003079,CUST003624,BR049,94423200003078,Savings,57502.89,INR,2023-08-29,Active
ACC003080,CUST003060,BR111,97307400003079,Salary,78493.63,INR,2022-05-11,Active
ACC003081,CUST004049,BR082,16957000003080,Salary,41355.94,INR,2024-09-29,Dormant
ACC003082,CUST003525,BR062,45351500003081,Savings,69120.4,INR,2023-05-02,Active
ACC003083,CUST000977,BR068,79788900003082,Salary,70979.23,INR,2026-07-15,Closed
ACC003084,CUST800026,BR122,21028700003083,Savings,21542.51,INR,2024-12-05,Active
ACC003085,CUST003247,BR078,31714700003084,Savings,23594.53,INR,2025-12-20,Active
ACC003086,CUST003546,BR012,57622600003085,Savings,187827.31,Inr,2016-04-30,Active
ACC003087,CUST000364,BR125,56462900003086,Savings,99612.56,USD,2020-09-09,Active
ACC003088,CUST000377,BR038,74263600003087,Salary,104366.1,INR,2019-06-14,Active
ACC003089,CUST001821,BR012,92146500003088,Savings,48502.15,INR,01/31/2023,Active
ACC003090,CUST004049,BR043,39796700003089,Salary,14111.51,INR,2022-10-05,Active
ACC003091,CUST001317,BR018,43018900003090,Salary,70439.71,INR,2026-04-10,Active
ACC003092,CUST003181,BR004,51577400003091,Savings,73154.22,INR,2024-10-07,Active
ACC003093,CUST004754,BR105,88029400003092,Current,110519.19,INR,2026-03-29,Active
ACC003094,CUST002502,BR100,83375900003093,Savings,73480.09,INR,2017-07-29,Active
ACC003095,CUST001786,BR047,19729100003094,Savings,128863.93,INR,2026-06-27,Active
ACC003096,CUST001555,BR106,37818200003095,Savings,21659.3,INR,2024.12.31,Closed
ACC003097,CUST001405,BR006,90546400003096,Salary,24928.42,EUR,2024-07-10,Active
ACC003098,CUST002568,BR063,88163800003097,Current,71921.54,INR,2025-07-09,Dormant
ACC003099,CUST003999,BR087,74504800003098,Current,97227.83,Usd,2026-02-06,Active
ACC003100,CUST004860,BR120,79316400003099,Savings,46090.6,INR,2021-11-08,Active
ACC003101,CUST002532,BR041,35195400003100,Current,-21202.1,INR,2023-03-16,Active
ACC003102,CUST001390,BR144,78284300003101,Salary,79346.38,INR,2026-05-17,Active
ACC003103,CUST000799,BR056,64904000003102,Salary,99251.35,INR,2012-11-26,ACTIVE
ACC003104,CUST001434,BR111,88962300003103,Salary,137194.59,INR,2024-07-20,Active
ACC003105,CUST001272,BR027,19686900003104,Savings,20520.66,GBP,2017-11-07,Active
ACC003106,CUST001877,BR101,65327800003105,Salary,114361.7,INR,2025-11-03,Active
ACC003107,CUST003282,BR085,65850500003106,Salary,39799.0,INR,2024-08-18,Active
ACC003108,CUST004840,BR068,49622900003107,Savings,119664.95,INR,2020-03-01,Active
ACC003109,CUST000321,BR039,39897200003108,Current,239155.17,Inr,2022-10-20,Active
ACC003110,CUST000284,BR084,87744300003109,Savings,64527.62,INR,2025-12-06,Active
ACC003111,CUST000669,BR062,98201800003110,Current,39937.54,INR,2023-03-29,Dormant
ACC003112,CUST002346,BR044,63434900003111,Savings,60751.41,INR,2014-08-06,Active
ACC003113,CUST004764,BR079,76135000003112,Current,93338.03,USD,2025-07-23,Active
ACC003114,CUST001045,BR037,37725800003113,Savings,14757.9,INR,2023-03-17,Active
ACC003115,CUST002226,BR099,23550300003114,Salary,62587.66,INR,2021-12-15,Active
ACC003116,CUST002086,BR004,30151600003115,Savings,41316.1,Inr,2024-11-03,Active
ACC003117,CUST003753,BR037,27701800003116,Savings,22433.25,INR,2022-06-04,Active
ACC003118,CUST001325,BR073,42427600003117,Savings,72249.04,INR,2026-05-28,Active
ACC003119,CUST000209,BR020,89983100003118,Savings,139129.15,INR,2016-10-12,Active
ACC003120,CUST000040,BR034,77850700003119,Current,37075.34,INR,2017-01-17,Dormant
ACC003121,CUST003211,BR064,51222700003120,Savings,88589.38,Inr,2022-01-31,Active
ACC003122,CUST000544,BR071,29230800003121,Savings,94969.18,INR,2026-05-05,Active
ACC003123,CUST003836,BR052,96393500003122,Salary,75798.95,INR,2024-08-29,Active
ACC003124,CUST004709,BR122,70276400003123,Savings,7424.98,inr,2017-09-20,Active
ACC003125,CUST002362,BR077,95141300003124,Savings,47594.78,INR,2023-11-29,Active
ACC003126,CUST003622,BR056,48281900003125,Savings,25489.87,INR,2025-06-07,Active
ACC003127,CUST003348,BR078,61023100003126,Salary,130045.09,USD,2020-11-23,Active
ACC003128,CUST001888,BR049,24505100003127,Savings,37605.67,EUR,2025-03-08,Dormant
ACC003129,CUST001279,BR008,28480700003128,Savings,105724.63,INR,2021-05-03,Active
ACC003130,CUST001073,BR068,67868800003129,Savings,49813.4,INR,2026-06-08,Active
ACC003131,CUST004361,BR055,65401500003130,Current,57834.75,INR,2021-02-22,active
ACC003132,CUST004107,BR075,97939400003131,Savings,88360.33,USD,2018-04-26,Active
ACC003133,CUST001374,BR078,98838300003132,Salary,22590.09,INR,2026-06-09,Active
ACC003134,CUST004079,BR041,12841200003133,Savings,59491.62,INR,2023-12-10,Active
ACC003135,CUST003785,BR069,88685600003134,Current,37703.68,INR,2026-07-26,Active
ACC003136,CUST004059,BR090,67231800003135,Savings,123466.06,INR,2025-01-30,Active
ACC003137,CUST001448,BR037,31282300003136,Salary,169607.09,INR,2024-06-13,Active
ACC003138,CUST004341,BR005,23817200003137,Savings,118488.77,INR,2026-05-18,Active
ACC003139,CUST004939,BR028,90883800003138,Savings,167437.2,INR,2026-04-25,Dormant
ACC003140,CUST000663,BR073,12709900003139,Savings,18043.64,INR,2019-12-11,Active
ACC003141,CUST002605,BR104,57487300003140,Savings,53455.24,INR,2025-08-02,Active
ACC003142,CUST000638,BR098,27580900003141,Savings,68931.84,EUR,2024-08-20,Active
ACC003143,CUST004083,BR117,97015700003142,Savings,29018.34,INR,08/12/2020,Active
ACC003144,CUST004693,BR070,22950800003143,Savings,103197.9,EUR,2017-12-09,Dormant
ACC003145,CUST000941,BR132,70970300003144,Savings,121298.3,INR,2026-05-17,Active
ACC003146,CUST003568,BR147,34546800003145,,90058.65,INR,03/31/2026,Dormant
ACC003147,CUST004231,BR003,36573700003146,Savings,40267.68,INR,2025-03-12,Active
ACC003148,CUST002637,BR024,65937200003147,Savings,31238.62,INR,2024-03-12,Active
ACC003149,CUST000131,BR060,35573800003148,Salary,128255.99,INR,2016-06-24,Active
ACC003150,CUST004561,BR068,90115900003149,Savings,41422.42,INR,2024-10-05,Closed
ACC003151,CUST002796,BR031,54190500003150,Salary,159655.11,INR,2015-04-09,Active
ACC003152,CUST003643,BR044,16799400003151,Savings,26302.29,Inr,2019-08-30,dormant
ACC003153,CUST002556,BR007,55938000003152,Savings,140071.46,Inr,2013-08-11,Active
ACC003154,CUST001407,BR136,31554800003153,Salary,38298.02,INR,2026-04-30,Dormant
ACC003155,CUST000017,BR119,92305200003154,Current,39182.14,INR,2023-02-24,Active
ACC003156,CUST004482,BR027,11941900003155,Current,12212.75,INR,2026-06-22,Active
ACC003157,CUST001793,BR061,20987000003156,Savings,,INR,2016-02-12,Active
ACC003158,CUST001534,BR079,54701800003157,Salary,92958.96,INR,2016-10-05,Active
ACC003159,CUST000662,BR067,35189900003158,Salary,104539.61,INR,2024-01-26,Active
ACC003160,CUST800027,BR064,42598000003159,Savings,455335.36,INR,2023-10-07,Active
ACC003161,CUST001503,BR083,29764900003160,Savings,98549.48,INR,2020-09-10,Active
ACC003162,CUST001340,BR138,92001700003161,Salary,118111.96,INR,02/04/2021,Active
ACC003163,CUST004418,BR079,10069200003162,Savings,38067.3,INR,2024-06-08,Active
ACC003164,CUST002683,BR084,21356200003163,Savings,38981.85,INR,06/13/2025,Active
ACC003165,CUST000267,BR039,95792500003164,Savings,64575.83,INR,05/02/2024,Active
ACC003166,CUST002281,BR070,54350900003165,Savings,60696.56,INR,2023-12-02,Active
ACC003167,CUST002955,BR102,94408200003166,Savings,79806.68,INR,2025-11-02,Active
ACC003168,CUST003858,BR088,85076400003167,Savings,15727.17,INR,2026-04-06,Active
ACC003169,CUST000094,BR073,37347700003168,Savings,12018.11,INR,2026-06-23,active
ACC003170,CUST004584,BR107,75152200003169,Savings,165239.08,USD,2022-08-26,Active
ACC003171,CUST001215,BR033,23223400003170,Savings,147533.22,INR,2017-11-09,Active
ACC003172,CUST004240,BR005,65150400003171,Current,18787.24,USD,2020-01-29,Active
ACC003173,CUST001972,BR047,41138100003172,Current,41010.17,INR,2026-03-09,Active
ACC003174,CUST002322,BR038,71626200003173,Savings,103793.73,Inr,2025-12-23,Active
ACC003175,CUST001456,BR137,23052000003174,Savings,121373.79,Inr,2026.07.28,Active
ACC003176,CUST000391,BR036,85330200003175,Salary,180681.72,INR,2026-04-12,Active 
ACC003177,CUST001502,BR137,34219500003176,Savings,56013.87,INR,2024-01-19,Active
ACC003178,CUST004301,BR063,51798200003177,Salary,36216.38,INR,2022-05-03,Closed
ACC003179,CUST001859,BR108,85618500003178,Salary,31000.09,INR,2017-04-05,Dormant
ACC003180,CUST002714,BR087,53170800003179,Savings,21584.7,INR,2025-05-31,Active
ACC003181,CUST003911,BR001,57764200003180,Savings,154977.31,INR,2026-02-14,Active
ACC003182,CUST000023,BR138,20634500003181,Savings,18063.48,INR,2025-09-06,Active
ACC003183,CUST002155,BR072,74071000003182,Savings,154794.1,inr,2024-09-09,Active
ACC003184,CUST002806,BR085,97244000003183,Current,51672.16,INR,2019-04-15,Active
ACC003185,CUST000411,BR040,76198000003184,Savings,93817.33,INR,10/10/2025,Active
ACC003186,CUST002692,BR028,92394400003185,Salary,85662.86,INR,2025-02-11,Dormant
ACC003187,CUST004625,BR006,98780700003186,Current,21031.79,INR,2025-11-19,Dormant
ACC003188,CUST003727,BR079,70234000003187,Salary,32784.39,Inr,07/10/2020,Active 
ACC003189,CUST001488,BR047,87739800003188,Savings,144367.91,USD,2022-09-11,Active
ACC003190,CUST002910,BR065,56706100003189,Savings,61292.45,INR,2025-07-21,Dormant
ACC003191,CUST000674,BR148,41735400003190,Savings,227762.28,INR,2022-12-22,Active
ACC003192,CUST001778,BR097,61781800003191,Salary,38414.37,INR,2026.06.14,Active
ACC003193,CUST004588,BR111,86882300003192,Savings,85018.15,USD,2021-08-28,Active
ACC003194,CUST003328,BR096,25714700003193,Salary,26571.69,INR,2025-01-26,Active
ACC003195,CUST001245,BR027,66235900003194,Savings,114700.84,USD,2025-08-11,Active
ACC003196,CUST000774,BR100,72242000003195,Current,72775.85,INR,2026-07-03,Active
ACC003197,CUST002034,BR134,74001500003196,Savings,17763.05,INR,2022-07-01,Active
ACC003198,CUST004560,BR150,75597700003197,Current,90235.74,INR,2020-03-24,Dormant
ACC003199,CUST002334,BR008,68806400003198,Salary,119677.56,INR,2025-04-02,Active
ACC003200,CUST000354,BR005,65233900003199,Savings,70527.67,INR,2023-09-24,Active
ACC003201,CUST004231,BR147,93582300003200,Salary,51964.08,INR,2024-06-25,Active
ACC003202,CUST003949,BR115,10611500003201,Savings,59758.33,INR,2024-09-06,Active
ACC003203,CUST004738,BR003,50704700003202,Savings,110305.41,INR,2025-05-05,Closed
ACC003204,CUST004044,BR129,16784300003203,Salary,,INR,2023-06-19,Active
ACC003205,CUST004210,BR142,89347200003204,Salary,59802.63,INR,2022-08-13,Active
ACC003206,CUST000484,BR037,23021300003205,Savings,26408.16,INR,2021-03-05,Closed
ACC003207,CUST004352,BR033,79350200003206,Savings,131044.3,INR,2026-06-26,Dormant
ACC003208,CUST002559,BR114,74135400003207,Salary,93435.99,INR,2017-01-07,Dormant
ACC003209,CUST004937,BR046,39093700003208,Savings,26418.5,EUR,2026-07-27,Active
ACC003210,CUST002831,BR016,48386100003209,Savings,65919.01,INR,2022-04-03,Active
ACC003211,CUST004328,BR105,28399800003210,,59705.21,INR,2025-09-12,Active
ACC003212,CUST004191,BR082,83023900003211,Savings,73659.2,USD,2021-05-25,Active
ACC003213,CUST003266,BR042,73578900003212,Savings,50678.36,Inr,03/30/2021,Active 
ACC003214,CUST003403,BR049,96755000003213,Savings,125848.12,INR,2024-09-17,active
ACC003215,CUST001523,BR071,64016400003214,Savings,87919.23,INR,2026-05-22,Active
ACC003216,CUST001011,BR035,56499500003215,Savings,52147.27,INR,2024-08-04,Active
ACC003217,CUST001297,BR008,93486600003216,Savings,130609.65,INR,2019-10-19,Dormant
ACC003218,CUST000452,BR098,38375200003217,Current,,INR,11/07/2021,Active
ACC003219,CUST004739,BR044,89205700003218,Current,121686.04,INR,2020-08-27,Active
ACC003220,CUST000459,BR061,62113600003219,Savings,136555.67,INR,02/06/2026,Active
ACC003221,CUST003113,BR047,80724400003220,Savings,50160.35,inr,2019-12-27,Active
ACC003222,CUST003850,BR025,39303100003221,Salary,9321.27,INR,2022.12.17,Active
ACC003223,CUST000571,BR082,54012300003222,Savings,73814.97,INR,2016-10-07,Active
ACC003224,CUST003066,BR091,45374800003223,Savings,93440.15,INR,03/12/2019,Active
ACC003225,CUST004803,BR076,79270200003224,Current,122613.4,INR,2025-01-18,Active
ACC003226,CUST001344,BR077,16194100003225,Savings,14248.94,INR,05/06/2026,Active
ACC003227,CUST002549,BR108,95396800003226,Savings,112605.54,INR,2016-02-09,Active
ACC003228,CUST000370,BR007,40087900003227,Salary,24485.53,INR,2014-04-30,Dormant
ACC003229,CUST000518,BR117,46044500003228,Savings,226389.95,INR,2018-03-28,Active
ACC003230,CUST001097,BR124,97632000003229,Savings,69876.72,INR,2019-12-15,Dormant
ACC003231,CUST001990,BR023,19075600003230,Salary,153345.05,INR,2025-06-11,Active
ACC003232,CUST003289,BR149,77267400003231,Savings,191322.29,INR,2021-04-09,Active
ACC003233,CUST000012,BR069,18800100003232,Savings,145790.75,INR,2024-05-20,Active
ACC003234,CUST003479,BR052,94204800003233,Savings,174456.52,INR,2025-03-24,Active
ACC003235,CUST002511,BR045,35371500003234,Salary,131856.71,INR,2020-12-28,Active
ACC003236,CUST001481,BR149,38257800003235,Savings,106142.41,INR,2015-06-26,Active
ACC003237,CUST004822,BR083,78473400003236,Salary,92022.97,EUR,2025-12-10,Active
ACC003238,CUST004075,BR150,29926300003237,Savings,202673.56,EUR,2020-04-07,Active
ACC003239,CUST003400,BR108,18345700003238,Salary,78382.53,INR,2024-07-11,Active
ACC003240,CUST003710,BR070,16411900003239,Salary,176164.8,INR,2026.07.10,Dormant
ACC003241,CUST004952,BR005,92259100003240,Savings,71146.45,INR,2020-09-20,Active
ACC003242,CUST000837,BR139,60246900003241,Current,84780.37,INR,2016-01-09,Active
ACC003243,CUST003628,BR035,95962800003242,Savings,128932.68,INR,2023-06-11,Active
ACC003244,CUST001845,BR118,82969600003243,Savings,148836.62,INR,2022-11-18,Active
ACC003245,CUST000992,BR020,43010800003244,Savings,57647.62,EUR,2021-10-31,Active
ACC003246,CUST000095,BR126,97872400003245,Current,112051.81,INR,16/03/2023,Active
ACC003247,CUST003243,BR005,82075900003246,Savings,108814.09,INR,2024-05-25,Active
ACC003248,CUST000425,BR019,28664000003247,Current,30189.84,INR,2025-11-06,Active 
ACC003249,CUST000225,BR045,24337700003248,Salary,109300.03,GBP,2026-06-22,Dormant
ACC003250,CUST004268,BR118,16356600003249,Savings,173770.51,INR,2022-05-19,Active
ACC003251,CUST003998,BR150,15342500003250,Savings,29379.82,INR,2021-07-10,Active
ACC003252,CUST000915,BR036,50058200003251,Savings,43535.68,INR,2023-02-04,Active
ACC003253,CUST002040,BR087,48054200003252,Savings,70294.79,USD,2019-02-12,Active
ACC003254,CUST001009,BR113,45702500003253,Savings,22048.33,INR,2025-10-01,Active
ACC003255,CUST002724,BR134,15541500003254,Savings,106850.22,EUR,2026-05-06,Active
ACC003256,CUST002381,BR036,65212000003255,Savings,33692.04,INR,2021-10-24,Closed
ACC003257,CUST001377,BR017,14709700003256,Current,22697.62,INR,2025-11-09,Active
ACC003258,CUST004183,BR118,62119200003257,Savings,117855.01,INR,2020-07-01,Active
ACC003259,CUST001333,BR006,20580500003258,Salary,,INR,2020-06-15,Active
ACC003260,CUST002574,BR135,62119000003259,Current,32228.0,GBP,2022-09-08,Active
ACC003261,CUST001746,BR061,36719400003260,Salary,46178.93,INR,2022-12-01,Active
ACC003262,CUST000084,BR076,96549500003261,Current,151308.16,INR,2026-04-08,Active
ACC003263,CUST002577,BR075,23180700003262,Savings,78678.01,INR,02/08/2025,Active
ACC003264,CUST003867,BR065,82831900003263,Savings,87132.79,INR,2023-12-29,Active
ACC003265,CUST000882,BR002,62434500003264,Savings,24294.86,Inr,2021.03.06,Active
ACC003266,CUST003212,BR022,54597000003265,Current,63124.47,INR,2026-04-22,Active
ACC003267,CUST004452,BR053,84979600003266,Current,111342.57,INR,2020-08-11,Dormant 
ACC003268,CUST000978,BR036,27428400003267,Savings,26377.87,inr,2022-12-18,Active
ACC003269,CUST003610,BR123,87238000003268,Current,28009.65,INR,2023-10-29,Active
ACC003270,CUST002516,BR149,85431300003269,Savings,35258.02,INR,2025.12.24,Active
ACC003271,CUST003128,BR031,88848700003270,Current,119990.14,USD,2018-11-01,Closed
ACC003272,CUST004922,BR110,14929700003271,Savings,30054.67,INR,2025-06-17,Active
ACC003273,CUST000630,BR076,59204100003272,Savings,68219.61,INR,2021-03-13,Dormant
ACC003274,CUST002581,BR116,43019600003273,Savings,20132.07,INR,2023-11-01,Active
ACC003275,CUST000557,BR115,32497400003274,Salary,28228.33,INR,2023-01-26,Active
ACC003276,CUST002805,BR123,39604300003275,,106494.95,INR,2026-07-16,Active
ACC003277,CUST003750,BR145,60959800003276,Savings,133045.73,EUR,2025-05-22,Active
ACC003278,CUST000708,BR088,13113800003277,Savings,52880.99,Eur,2020-12-31,Dormant
ACC003279,CUST000028,BR139,66964000003278,Savings,19313.42,INR,2024-12-17,Active
ACC003280,CUST000466,BR067,40948400003279,Savings,68714.99,INR,2017-07-06,Closed
ACC003281,CUST002973,BR008,75024400003280,Current,80518.69,INR,2023-05-02,Active
ACC003282,CUST003387,BR053,28591300003281,Savings,30003.85,inr,2019-10-20,Active
ACC003283,CUST000005,BR104,74029200003282,Savings,57151.18,Inr,2025-05-24,Active
ACC003284,CUST002800,BR005,67286600003283,Savings,25321.79,INR,2026-02-24,Active
ACC003285,CUST003590,BR125,27371500003284,Salary,20251.73,USD,2024-11-25,Active
ACC003286,CUST003050,BR122,36289800003285,Savings,,INR,2015-12-27,Active
ACC003287,CUST001638,BR035,33202300003286,Savings,36786.88,INR,2025-12-15,Active
ACC003288,CUST001741,BR130,93257300003287,Savings,147357.99,INR,2026-07-20,Active
ACC003289,CUST000997,BR117,68504000003288,Salary,121601.3,INR,2020-10-07,Active
ACC003290,CUST004837,BR052,75969800003289,Salary,70206.24,INR,2025-05-15,Active
ACC003291,CUST001376,BR139,18018900003290,Savings,30864.14,INR,30/05/2021,Active
ACC003292,CUST003354,BR078,21555700003291,Savings,136047.08,INR,2012-08-14,Active
ACC003293,CUST004983,BR067,99924100003292,Current,82321.47,INR,2024-12-20,Active
ACC003294,CUST002753,BR087,80116200003293,Savings,83838.68,INR,2025-12-13,Active
ACC003295,CUST002039,BR148,81600400003294,Savings,51853.62,INR,2016-10-15,Active
ACC003296,CUST002187,BR099,93652400003295,Savings,122899.47,inr,2025.05.14,Active
ACC003297,CUST002884,BR078,85911000003296,Savings,49519.49,INR,2024-06-20,Active
ACC003298,CUST000785,BR098,14328600003297,Savings,13934.27,INR,2026-06-22,Active
ACC003299,CUST002666,BR111,37550300003298,Savings,22251.22,INR,2021-04-06,Active
ACC003300,CUST003976,BR030,46499100003299,Savings,214611.83,INR,2026-04-15,Active
ACC003301,CUST800028,BR080,23539900003300,Savings,37565.52,INR,2017-01-29,Active
ACC003302,CUST004456,BR104,90458500003301,Savings,168939.71,INR,2026-07-12,active
ACC003303,CUST001328,BR029,93996000003302,Salary,38879.09,INR,2026-03-28,Active
ACC003304,CUST000531,BR113,24343700003303,Savings,70843.22,INR,2022-03-24,Active
ACC003305,CUST003002,BR002,78667800003304,Salary,,INR,2025-04-15,Dormant
ACC003306,CUST003699,BR003,83237900003305,Salary,89840.14,inr,2026-01-16,Active
ACC003307,CUST002132,BR059,12596900003306,Savings,65806.76,EUR,2015-03-09,Active
ACC003308,CUST003832,BR093,21259800003307,Salary,64183.85,Inr,2022-08-17,Active
ACC003309,CUST004790,BR018,95252400003308,Savings,109830.66,INR,2023-12-24,Active
ACC003310,CUST001396,BR063,32536300003309,Savings,54021.54,INR,2023-06-26,Dormant
ACC003311,CUST002181,BR028,82134300003310,Current,209767.83,INR,2026-03-17,Active
ACC003312,CUST004420,BR133,69357500003311,Savings,17432.04,INR,2016-08-20,Active
ACC003313,CUST001577,BR111,58548500003312,Savings,40314.68,INR,2025-09-17,Dormant
ACC003314,CUST004879,BR142,12390300003313,Salary,36212.26,INR,2026-03-23,Active
ACC003315,CUST000521,BR056,61560400003314,Salary,58685.42,INR,2021-05-04,Active
ACC003316,CUST002113,BR088,80535500003315,Savings,79852.17,INR,2019-03-28,Active
ACC003317,CUST004888,BR054,35032900003316,Current,249953.61,INR,2026-05-14,Closed
ACC003318,CUST002840,BR060,70620000003317,Current,47049.86,INR,2018-03-12,Active
ACC003319,CUST002204,BR083,46289100003318,Savings,105176.84,INR,17/03/2021,Active
ACC003320,CUST002243,BR141,95289500003319,Savings,28358.65,INR,2025-05-01,Active
ACC003321,CUST000573,BR131,55392600003320,Current,23634.09,INR,12/04/2024,Active
ACC003322,CUST004744,BR041,10539500003321,Savings,108252.56,INR,2020-09-28,Active
ACC003323,CUST002024,BR047,24325000003322,Current,79081.78,Inr,2026-07-03,Active
ACC003324,CUST003531,BR074,27511300003323,Savings,33157.94,INR,2018-10-12,Active
ACC003325,CUST004442,BR114,41842100003324,Current,72339.94,inr,2022-07-19,Active
ACC003326,CUST003737,BR053,47601600003325,,37500.87,USD,2025-08-02,Active
ACC003327,CUST003311,BR010,55482900003326,Savings,120357.53,INR,03/23/2026,Active
ACC003328,CUST001576,BR024,74503300003327,Salary,65074.87,INR,2013-09-24,Active
ACC003329,CUST002542,BR060,75710800003328,Savings,14488.8,INR,2022-10-02,Active
ACC003330,CUST000409,BR135,53925500003329,Current,157059.95,INR,2026-06-09,Dormant
ACC003331,CUST002166,BR105,59300300003330,Savings,145054.89,INR,2026-03-16,Active
ACC003332,CUST000693,BR038,19854600003331,Savings,93613.13,INR,2023-05-17,Dormant
ACC003333,CUST001645,BR089,81911900003332,Salary,33486.39,INR,2026-06-06,Active
ACC003334,CUST003252,BR120,14500300003333,Savings,8380.6,INR,2026-07-17,Active
ACC003335,CUST003341,BR042,97409300003334,Savings,90553.73,INR,2026-01-04,Active
ACC003336,CUST000577,BR113,41208200003335,Savings,119407.4,inr,2020-09-12,Active
ACC003337,CUST001616,BR097,50659100003336,,25000.97,INR,08/30/2025,Active
ACC003338,CUST000405,BR101,24326200003337,Salary,-94984.27,Inr,2025-03-07,Active
ACC003339,CUST000829,BR020,38554700003338,Savings,37643.39,INR,2026-07-09,Active
ACC003340,CUST001416,BR017,25882000003339,Savings,102372.92,INR,2020-01-06,Active
ACC003341,CUST004964,BR069,40335800003340,Savings,25587.38,EUR,2025-06-24,Active
ACC003342,CUST003228,BR061,36557100003341,Savings,110120.11,INR,2025-07-17,Active
ACC003343,CUST000985,BR047,75274400003342,Current,69661.21,usd,2025-04-08,Active
ACC003344,CUST000432,BR140,62430900003343,Savings,20290.74,INR,2023-08-02,Active
ACC003345,CUST004276,BR037,77634200003344,Savings,30192.59,INR,2018-07-21,Active
ACC003346,CUST000366,BR055,80592100003345,Savings,114308.26,INR,2022-07-16,Active
ACC003347,CUST004321,BR008,88038800003346,Savings,48899.25,INR,2026-07-06,ACTIVE
ACC003348,CUST000061,BR004,28749600003347,Salary,17199.81,USD,2026-06-08,Active
ACC003349,CUST000423,BR049,42036100003348,Current,65059.44,INR,2025-08-14,Active
ACC003350,CUST002577,BR109,48768700003349,Savings,48787.01,INR,2022-05-04,Active
ACC003351,CUST000374,BR090,48713200003350,Savings,77686.14,INR,2023-07-31,Active
ACC003352,CUST003119,BR104,75106800003351,Savings,150184.49,INR,2026-05-01,Active
ACC003353,CUST003450,BR113,13502800003352,Savings,-42990.81,INR,2025-11-11,Dormant 
ACC003354,CUST004476,BR088,87374200003353,Savings,28062.65,EUR,2021-10-22,Active
ACC003355,CUST002418,BR068,60949400003354,Salary,26934.34,INR,2025-06-26,Active
ACC003356,CUST004360,BR055,28808000003355,Current,155452.0,GBP,19/02/2022,Active
ACC003357,CUST002106,BR006,40257300003356,Savings,12642.51,INR,2025-10-13,Active
ACC003358,CUST003428,BR049,85639800003357,Savings,78937.05,INR,2023-05-02,Active
ACC003359,CUST001075,BR075,63266500003358,Salary,57343.51,INR,2021-10-17,Active
ACC003360,CUST003564,BR035,49147900003359,Savings,97538.74,INR,24/05/2018,Dormant
ACC003361,CUST000095,BR022,90945800003360,Savings,77352.79,INR,2021-03-25,Active
ACC003362,CUST002102,BR089,68254500003361,Savings,68056.01,INR,2023-04-15,Active
ACC003363,CUST000491,BR073,23851600003362,Salary,126961.27,inr,2024-06-22,Active
ACC003364,CUST001537,BR150,51785600003363,Savings,84185.61,INR,2022-05-06,Active
ACC003365,CUST002886,BR123,98469100003364,Current,65488.3,INR,2026-06-13,Active
ACC003366,CUST001665,BR118,77065000003365,Salary,102450.65,INR,24/02/2024,Active
ACC003367,CUST002213,BR075,68502800003366,Savings,60848.27,inr,2025-08-28,Active
ACC003368,CUST004647,BR099,74883500003367,Salary,68522.27,INR,2023-08-31,Active
ACC003369,CUST004229,BR133,49867100003368,Savings,17788.49,INR,2021-08-09,Active
ACC003370,CUST003998,BR086,56602600003369,Current,175773.33,inr,2017-06-07,Active
ACC003371,CUST003820,BR039,16986000003370,Savings,94681.2,INR,2025-11-15,Active
ACC003372,CUST002535,BR106,95835100003371,Savings,93690.54,INR,2020-02-18,Active
ACC003373,CUST002564,BR018,24446000003372,Current,,INR,2025-09-04,Active
ACC003374,CUST003088,BR076,91324300003373,Current,195089.92,INR,2024-09-21,Active
ACC003375,CUST800029,BR129,91684900003374,Savings,115865.14,usd,2023-06-13,Active
ACC003376,CUST002949,BR128,40419300003375,Savings,9467.91,INR,2017-09-22,Active
ACC003377,CUST000659,BR117,97695600003376,Savings,74987.09,INR,2019-06-09,Active
ACC003378,CUST800030,BR088,20798900003377,Salary,104399.5,INR,2025-10-02,Active
ACC003379,CUST000285,BR053,18781400003378,Salary,200070.29,INR,03/22/2015,Active
ACC003380,CUST000657,BR038,23221400003379,Savings,40685.67,INR,2023-03-08,Active
ACC003381,CUST002551,BR075,90180700003380,Savings,48295.1,INR,2023-05-05,Active
ACC003382,CUST004668,BR085,33306700003381,Salary,78655.04,INR,2025-08-28,active
ACC003383,CUST003769,BR048,99401900003382,Salary,-64490.5,INR,2023.04.19,Active
ACC003384,CUST000132,BR037,68858600003383,Current,36444.97,INR,2025-02-15,Active
ACC003385,CUST003886,BR116,35027000003384,Current,26057.47,INR,2014-09-03,Closed
ACC003386,CUST001968,BR081,26834900003385,Savings,107569.42,inr,2023-09-03,Active
ACC003387,CUST000337,BR073,77080800003386,Savings,42807.12,INR,2025-02-25,active
ACC003388,CUST004798,BR121,60630900003387,Savings,103795.64,INR,2023-04-11,Closed
ACC003389,CUST002699,BR146,22724400003388,Savings,55365.87,INR,2026-07-14,Closed
ACC003390,CUST003144,BR110,77453300003389,Current,47343.7,INR,2022-06-26,Active
ACC003391,CUST001570,BR118,89136100003390,,106851.1,INR,2026-06-13,Active
ACC003392,CUST800031,BR041,28651500003391,Salary,26570.03,INR,2023.03.24,Active
ACC003393,CUST001374,BR130,57473400003392,Savings,40718.04,INR,06/09/2023,Active
ACC003394,CUST002730,BR110,37682900003393,Current,75686.32,INR,25/12/2021,Active
ACC003395,CUST001663,BR085,30984600003394,Salary,75511.41,INR,2021-07-30,Active
ACC003396,CUST004380,BR019,14060700003395,Savings,105313.54,INR,2025-11-08,Active
ACC003397,CUST000707,BR079,98331400003396,Savings,91098.36,INR,2026-03-21,Active
ACC003398,CUST003272,BR097,20314900003397,Salary,98349.57,INR,2024-03-17,Active
ACC003399,CUST001704,BR030,41798600003398,Savings,75109.8,USD,2023-02-25,Active
ACC003400,CUST002422,BR048,43689200003399,Current,40671.63,INR,2021-06-23,Active
ACC003401,CUST002148,BR118,81948600003400,Savings,75493.92,USD,2022-04-03,Closed
ACC003402,CUST004460,BR093,34724600003401,Savings,73325.55,INR,2017-12-11,Active
ACC003403,CUST001544,BR036,92352900003402,Salary,48793.51,INR,2020-10-18,Active
ACC003404,CUST002221,BR130,29213700003403,Savings,138353.46,USD,2021-07-18,Active
ACC003405,CUST003623,BR127,81136400003404,Savings,,INR,2018-02-27,Active
ACC003406,CUST000943,BR021,39404800003405,Savings,16458.73,INR,2019-09-07,Active
ACC003407,CUST004679,BR010,22298600003406,Savings,6664.14,INR,2022-03-27,Active
ACC003408,CUST001928,BR105,19790500003407,Savings,177651.79,Inr,2012-10-18,Active
ACC003409,CUST003173,BR012,66763300003408,Current,267985.86,EUR,2021-07-20,Active
ACC003410,CUST000066,BR103,75477800003409,Savings,23619.95,INR,2012-01-04,Active
ACC003411,CUST000757,BR081,66723100003410,Savings,41825.77,INR,2018-05-07,Active
ACC003412,CUST004190,BR114,63434500003411,Savings,28110.85,INR,2020-05-08,Active
ACC003413,CUST001899,BR005,57696100003412,Salary,106494.92,INR,2023-11-07,Active
ACC003414,CUST004762,BR146,33596700003413,Savings,9611.36,INR,2025.08.23,Active
ACC003415,CUST003429,BR014,79768600003414,Salary,54303.69,INR,2026-02-02,Active
ACC003416,CUST000511,BR073,22207300003415,Salary,35092.64,Inr,2024-09-29,Active
ACC003417,CUST000742,BR122,24153800003416,Savings,105813.84,INR,2026-06-03,Active
ACC003418,CUST001833,BR021,13755300003417,Savings,19708.13,INR,2026-06-11,Active
ACC003419,CUST004241,BR113,67803000003418,Current,118710.95,INR,2020-04-21,Active
ACC003420,CUST002100,BR105,71171100003419,Savings,7598.84,INR,2026-02-27,Active
ACC003421,CUST003865,BR132,85181700003420,Salary,29671.46,GBP,2024-12-03,Active
ACC003422,CUST003486,BR082,29207200003421,Salary,17734.4,INR,2021-03-12,Active
ACC003423,CUST000278,BR047,61161100003422,Current,98948.36,inr,2025-11-13,Active
ACC003424,CUST004319,BR122,48798300003423,Savings,46733.19,INR,2020-10-20,active
ACC003425,CUST000043,BR024,97914600003424,Savings,91455.65,INR,2017-02-17,Active
ACC003426,CUST001848,BR119,63110200003425,Savings,32357.03,INR,2025-10-31,Active
ACC003427,CUST002553,BR025,69284600003426,Savings,32604.58,INR,2026-06-03,Active
ACC003428,CUST003550,BR110,42058400003427,Salary,36600.68,INR,2024-01-15,Dormant
ACC003429,CUST002644,BR007,75772700003428,Savings,117272.12,INR,2021.05.28,Active
ACC003430,CUST004346,BR060,13324400003429,Current,53549.33,INR,2022-10-25,Active
ACC003431,CUST002252,BR133,88526800003430,Current,118876.03,INR,2019-02-07,Active
ACC003432,CUST002768,BR072,57174800003431,Savings,117828.54,Inr,2022-11-15,Active
ACC003433,CUST002682,BR005,62385200003432,Current,187523.73,INR,2017-09-27,Active
ACC003434,CUST000377,BR138,94500200003433,,23606.42,inr,2019-08-04,Active
ACC003435,CUST002061,BR090,24692500003434,Savings,136017.14,INR,2026-06-11,ACTIVE
ACC003436,CUST004120,BR066,21547800003435,Savings,103507.5,INR,02/14/2026,Active
ACC003437,CUST001599,BR133,67364000003436,Savings,47640.74,INR,2021-07-13,Active
ACC003438,CUST000483,BR088,43852100003437,Current,82744.78,INR,2021-10-18,Active
ACC003439,CUST001849,BR090,61998400003438,Salary,39012.04,INR,2022-07-27,Active
ACC003440,CUST001836,BR103,38307500003439,Current,23104.97,INR,2023-11-23,Active
ACC003441,CUST002701,BR027,46698200003440,Savings,163111.41,INR,22/02/2026,Active
ACC003442,CUST002781,BR018,31683000003441,Savings,21486.57,INR,2024-03-01,Dormant
ACC003443,CUST001892,BR092,67374900003442,Salary,27419.21,INR,2019-07-24,Active
ACC003444,CUST004823,BR116,66809700003443,Current,68293.87,INR,2025-12-11,Active
ACC003445,CUST002729,BR145,70821900003444,Savings,96899.61,INR,2023-03-29,Active
ACC003446,CUST002852,BR003,43315700003445,Current,122372.72,INR,2026-05-12,Active
ACC003447,CUST002419,BR012,49820300003446,Savings,6933.71,INR,2023-11-30,Active
ACC003448,CUST000189,BR148,38264400003447,Salary,55600.07,Inr,2016-07-31,Active
ACC003449,CUST004080,BR027,64765200003448,Savings,,INR,2016-12-29,Active
ACC003450,CUST003342,BR086,25342800003449,Savings,89778.05,USD,2023-11-02,Active
ACC003451,CUST000845,BR071,16529700003450,Savings,10854.23,INR,2016-07-27,Active
ACC003452,CUST000551,BR026,42710200003451,Savings,121341.14,INR,2021-11-12,Active
ACC003453,CUST000492,BR116,68641000003452,Current,25619.34,INR,2016-04-27,Active
ACC003454,CUST002206,BR118,99250000003453,Current,71711.23,INR,2025-12-08,Active
ACC003455,CUST002071,BR043,30381600003454,Current,91770.33,INR,2026-05-15,ACTIVE
ACC003456,CUST001075,BR127,88093700003455,Savings,25309.12,INR,2023-01-23,Active
ACC003457,CUST004396,BR091,30152400003456,Salary,83165.98,INR,2025-06-12,Active
ACC003458,CUST003968,BR031,18640500003457,Salary,101407.39,INR,2025-03-06,Active
ACC003459,CUST004707,BR041,25445100003458,Current,33172.0,INR,2024-01-20,Active
ACC003460,CUST003910,BR007,66904600003459,Current,43168.16,INR,2024-03-31,Active
ACC003461,CUST000050,BR085,44271600003460,Savings,36657.63,INR,07/02/2025,Active
ACC003462,CUST003570,BR079,53433600003461,Salary,87148.65,INR,2025-10-24,Active
ACC003463,CUST002350,BR028,34949500003462,Savings,87426.66,INR,2020-05-17,Active
ACC003464,CUST002631,BR097,71091900003463,Salary,148566.88,INR,2015-08-12,Active
ACC003465,CUST001357,BR046,58839300003464,Savings,-87793.26,INR,2020-05-17,Active
ACC003466,CUST001757,BR026,94634500003465,Savings,107034.62,INR,2022-02-05,Active
ACC003467,CUST000156,BR028,54611400003466,Savings,75937.79,INR,2015-04-17,Active
ACC003468,CUST001809,BR085,18155000003467,Salary,15628.41,INR,2022-10-29,Active
ACC003469,CUST003205,BR139,82468100003468,Savings,139662.93,INR,2023-10-24,Dormant
ACC003470,CUST000609,BR079,59862800003469,Savings,39666.63,INR,2021-04-10,Dormant
ACC003471,CUST004688,BR094,33119200003470,Salary,116811.9,INR,2024-12-06,Active
ACC003472,CUST003235,BR130,16224700003471,Savings,42371.17,inr,04/16/2024,Active
ACC003473,CUST004460,BR098,36809300003472,Salary,88354.1,INR,2020-07-19,Active
ACC003474,CUST002408,BR123,43475700003473,Salary,177975.02,INR,2024-01-11,Dormant
ACC003475,CUST000041,BR081,25783800003474,Salary,107555.23,INR,2026-06-13,Active
ACC003476,CUST001300,BR020,50555900003475,Savings,84284.33,INR,2025-07-31,Active
ACC003477,CUST002977,BR099,62770300003476,Salary,44026.04,INR,2023-05-10,Active
ACC003478,CUST001291,BR107,17640200003477,Current,38633.52,INR,2018-10-27,Active
ACC003479,CUST001749,BR068,10320900003478,Savings,12626.89,INR,2023-08-28,Active
ACC003480,CUST000435,BR076,31892400003479,Salary,13144.59,INR,2015-03-12,Active
ACC003481,CUST001124,BR014,87725600003480,Savings,84557.66,INR,2025-04-06,Dormant
ACC003482,CUST001381,BR070,61506000003481,Savings,90176.33,INR,2026-05-04,Active 
ACC003483,CUST004673,BR139,53791900003482,Current,112701.06,USD,2024-08-03,Active
ACC003484,CUST001486,BR025,30296200003483,Current,97194.17,INR,2025-08-13,Dormant
ACC003485,CUST000553,BR097,62767200003484,Savings,23259.36,INR,2023-08-19,Active
ACC003486,CUST002550,BR113,74780600003485,Current,,INR,2025-06-20,Active 
ACC003487,CUST000076,BR108,32505800003486,Salary,245539.64,INR,2020-08-27,Active
ACC003488,CUST002853,BR131,69992900003487,Savings,149431.43,EUR,2022-10-09,Active
ACC003489,CUST004163,BR030,21289800003488,,95007.67,Inr,2016.05.11,Active
ACC003490,CUST000951,BR031,54771100003489,Savings,89805.06,INR,2022-11-03,Closed
ACC003491,CUST002105,BR051,72694500003490,Salary,54859.73,INR,2021-07-10,Dormant
ACC003492,CUST004578,BR005,60320500003491,Savings,41931.49,INR,2021-04-03,Active
ACC003493,CUST004485,BR001,97544500003492,Savings,122904.31,GBP,2024-03-09,Active
ACC003494,CUST002218,BR092,39086300003493,Salary,51628.31,INR,2025-12-17,Active
ACC003495,CUST003332,BR045,14337100003494,Current,97230.08,INR,2025-07-21,Active
ACC003496,CUST003793,BR148,59453000003495,Savings,38433.39,INR,2025-12-07,Active
ACC003497,CUST000988,BR129,97414700003496,Salary,147608.13,INR,2026-07-22,Active
ACC003498,CUST002600,BR102,38919700003497,Savings,86751.0,INR,2026-01-15,Active
ACC003499,CUST000057,BR124,82426700003498,Savings,78659.87,GBP,08/13/2018,Active
ACC003500,CUST003326,BR038,91613600003499,Savings,54609.47,INR,2016-12-05,Active
ACC003501,CUST003557,BR106,26491300003500,Current,82605.98,Inr,08/04/2023,Active
ACC003502,CUST004215,BR131,17500700003501,Savings,2175.47,INR,2025-12-17,Closed
ACC003503,CUST002982,BR024,38432700003502,Salary,111533.06,INR,2023-02-25,Dormant
ACC003504,CUST002972,BR081,28298400003503,Savings,90046.7,inr,2024-08-18,Active
ACC003505,CUST002667,BR149,98908600003504,Savings,69902.73,INR,2022-11-16,Active
ACC003506,CUST001262,BR077,32686300003505,Salary,19562.8,INR,2025-08-07,Active
ACC003507,CUST000136,BR123,90832500003506,Salary,92140.41,INR,2024.02.17,Active
ACC003508,CUST004814,BR009,80899100003507,Savings,48557.52,INR,2025-11-13,Active
ACC003509,CUST003881,BR052,93021600003508,Savings,83865.85,INR,2019-10-06,Active
ACC003510,CUST004716,BR010,50697000003509,Savings,15347.76,inr,2026-01-03,Closed
ACC003511,CUST002395,BR108,70095600003510,Savings,14770.72,INR,2023-07-11,Active
ACC003512,CUST003664,BR087,59965400003511,Salary,-208840.69,INR,2019.01.31,Active
ACC003513,CUST002905,BR030,54304200003512,Savings,82229.91,INR,2025-10-17,Active
ACC003514,CUST003038,BR122,36586500003513,Savings,170328.67,INR,2026-07-31,Active
ACC003515,CUST001524,BR082,29164900003514,Salary,5341.81,INR,2023-04-30,Active
ACC003516,CUST001647,BR113,34198600003515,Salary,79315.15,INR,2026-07-07,Active
ACC003517,CUST002251,BR107,35848000003516,Savings,131994.96,EUR,2024-11-15,Active
ACC003518,CUST000798,BR142,68372700003517,Savings,74012.9,INR,2022-09-06,Active
ACC003519,CUST800032,BR035,16529900003518,Salary,73162.77,USD,2026-01-16,Active
ACC003520,CUST003555,BR076,71753000003519,Salary,68208.04,INR,2025-11-01,ACTIVE
ACC003521,CUST004719,BR025,72462500003520,Current,15163.99,INR,2022-05-09,Active
ACC003522,CUST003902,BR094,56635400003521,Savings,157613.12,INR,2023-03-15,Active
ACC003523,CUST002062,BR055,89329100003522,,109470.05,INR,2021-09-05,Active
ACC003524,CUST002366,BR095,73338200003523,Salary,29747.8,INR,2019-12-01,ACTIVE
ACC003525,CUST001844,BR012,65391700003524,Current,47018.59,INR,2023-06-07,Dormant
ACC003526,CUST001542,BR058,79585000003525,Current,,INR,2019-01-10,Active
ACC003527,CUST000109,BR070,58691300003526,Salary,170523.01,INR,2024-10-09,Active
ACC003528,CUST001782,BR001,19160000003527,Salary,265347.24,EUR,2018-09-24,Active
ACC003529,CUST003247,BR021,71670100003528,Savings,23467.6,INR,2020-03-20,Active
ACC003530,CUST000695,BR126,31130000003529,Savings,11424.65,USD,2017-01-17,Active
ACC003531,CUST002402,BR074,15683200003530,Savings,44922.98,INR,2026-04-22,Active
ACC003532,CUST001107,BR011,65961100003531,Salary,-49418.96,INR,2024-11-18,Active
ACC003533,CUST001410,BR022,36100100003532,Savings,11758.34,INR,2024-12-16,Active
ACC003534,CUST002960,BR144,88649400003533,Current,56011.98,INR,2013.04.15,Active
ACC003535,CUST003183,BR026,45244000003534,Savings,81655.9,INR,2026-07-09,Active
ACC003536,CUST004568,BR127,83010400003535,Savings,4637.09,INR,2021-06-15,Active 
ACC003537,CUST001498,BR037,85057700003536,Savings,119828.4,INR,2026-01-22,Active
ACC003538,CUST003082,BR016,62461400003537,Salary,19518.4,INR,2026-04-11,Active
ACC003539,CUST004259,BR126,34248500003538,Savings,7576.94,INR,2023-03-13,Active
ACC003540,CUST004700,BR019,49937300003539,Salary,149313.29,inr,2026-02-19,Active
ACC003541,CUST004389,BR123,18495000003540,Savings,59830.7,Inr,2025-02-10,Active
ACC003542,CUST004956,BR111,12911400003541,Savings,124995.11,INR,2019-02-24,Active
ACC003543,CUST002075,BR149,13763800003542,Savings,115365.06,EUR,2021-12-25,Active
ACC003544,CUST004053,BR082,92954100003543,Savings,20510.01,INR,2022-11-01,Active
ACC003545,CUST004906,BR140,21805000003544,Current,27741.17,INR,10/13/2025,Dormant
ACC003546,CUST003398,BR098,77003100003545,Savings,27548.56,INR,2014-09-02,Dormant
ACC003547,CUST004042,BR003,95185500003546,Savings,98508.36,inr,2012-03-14,Closed
ACC003548,CUST004224,BR044,35574900003547,Savings,23551.83,INR,2026-06-01,Active
ACC003549,CUST002500,BR003,28579200003548,Salary,30535.16,INR,2023-07-07,Active
ACC003550,CUST004255,BR133,55520900003549,Savings,2083.05,INR,2018-03-12,Active
ACC003551,CUST002472,BR061,63963200003550,Salary,8330.78,INR,2022-02-19,Active
ACC003552,CUST003542,BR082,31527500003551,Salary,77179.5,INR,2026-07-14,Active
ACC003553,CUST000968,BR121,50370000003552,Salary,29812.94,INR,2018-02-14,Active
ACC003554,CUST001450,BR085,92398900003553,Current,71657.19,Inr,04/10/2026,Active
ACC003555,CUST001506,BR139,51664300003554,Current,92296.69,INR,2026-07-24,Active
ACC003556,CUST004640,BR149,50360300003555,Savings,36682.93,INR,2025-04-05,Closed
ACC003557,CUST004663,BR031,35840400003556,Salary,41522.58,INR,2024-10-17,Active
ACC003558,CUST001164,BR116,86848600003557,Salary,112305.0,INR,2019-12-06,Active
ACC003559,CUST003729,BR029,94891400003558,Savings,6431.7,INR,2023-06-22,Active
ACC003560,CUST000935,BR104,65781900003559,Current,80831.98,INR,2026-02-04,Active
ACC003561,CUST002496,BR081,30202700003560,Salary,71647.52,INR,2024-03-06,Active
ACC003562,CUST000965,BR130,57270000003561,Savings,83737.82,GBP,2019-03-09,Active
ACC003563,CUST004195,BR027,23294200003562,Savings,8108.35,INR,2022-07-30,Active
ACC003564,CUST004123,BR149,91609800003563,Savings,,INR,08/18/2014,Active
ACC003565,CUST003504,BR077,93198700003564,Savings,93530.31,INR,2020-07-28,Active
ACC003566,CUST004100,BR122,22438900003565,Current,126797.14,INR,2012-04-26,Active
ACC003567,CUST003172,BR122,54326400003566,Savings,143228.2,INR,2023-01-11,Active
ACC003568,CUST001734,BR121,15795200003567,Savings,200376.78,inr,2022-08-04,Dormant
ACC003569,CUST004724,BR037,55834500003568,Salary,68522.45,INR,08/05/2016,Active
ACC003570,CUST003251,BR029,69676300003569,Savings,91950.5,INR,2026-04-12,Active
ACC003571,CUST004676,BR014,76418600003570,Savings,7016.5,INR,2020-03-01,Active
ACC003572,CUST000318,BR132,92381200003571,Savings,44214.36,INR,12/31/2024,Active
ACC003573,CUST003145,BR092,98314900003572,Salary,54612.12,INR,2021-08-10,Active
ACC003574,CUST001853,BR133,22020600003573,Savings,105954.46,Inr,2019-03-21,Active
ACC003575,CUST000118,BR051,74322300003574,Salary,11310.65,INR,2026-02-02,ACTIVE
ACC003576,CUST004811,BR090,31860600003575,Savings,151729.67,INR,2026-06-21,Closed
ACC003577,CUST004319,BR009,78785900003576,Savings,53173.98,INR,2025-04-19,Active
ACC003578,CUST002291,BR098,45977400003577,Savings,274081.09,INR,06/15/2026,Active
ACC003579,CUST001097,BR136,64305500003578,Savings,40514.34,Inr,2024-10-01,Active
ACC003580,CUST001456,BR094,93884500003579,Salary,34344.52,inr,2026-07-28,Active
ACC003581,CUST001174,BR128,93567300003580,Current,15866.97,EUR,2026-06-11,Active
ACC003582,CUST004339,BR082,86744100003581,Savings,117395.7,INR,2021-07-31,Active
ACC003583,CUST003907,BR066,51697700003582,Savings,64375.01,INR,2022-09-21,Active
ACC003584,CUST000582,BR028,97446200003583,Savings,66988.11,INR,2024-10-02,Active
ACC003585,CUST002019,BR037,10058700003584,Current,49163.12,INR,2020-06-23,Active
ACC003586,CUST001518,BR099,79638500003585,Salary,121094.51,INR,2023-10-05,Active
ACC003587,CUST002364,BR060,29399000003586,Savings,78296.95,INR,2026-03-22,Active 
ACC003588,CUST000216,BR057,41354100003587,Salary,24303.96,INR,2019-03-02,Active
ACC003589,CUST004342,BR084,93779800003588,Current,44857.23,INR,2026-06-22,Active
ACC003590,CUST001748,BR081,14746500003589,Savings,201874.43,INR,07/30/2016,Active
ACC003591,CUST002780,BR121,28257800003590,Savings,83378.89,INR,2026-03-20,Active
ACC003592,CUST004239,BR136,65384000003591,Salary,62231.39,INR,2026-04-20,Active
ACC003593,CUST003183,BR020,99126200003592,Savings,165642.58,INR,2025-04-23,Active
ACC003594,CUST000424,BR017,90518900003593,Savings,119004.46,INR,2026-06-19,Dormant
ACC003595,CUST004381,BR124,59864000003594,Salary,83586.91,INR,2021-03-25,Active
ACC003596,CUST003499,BR144,50204500003595,Savings,70186.28,INR,2025-10-16,Active
ACC003597,CUST003091,BR081,45860900003596,Savings,111348.96,EUR,2022-01-17,Active
ACC003598,CUST000953,BR086,45305600003597,Salary,24872.41,Inr,2018-05-12,Active
ACC003599,CUST003749,BR109,80837400003598,Savings,100099.66,INR,2023-12-09,Active
ACC003600,CUST001870,BR143,81347500003599,Current,78337.28,INR,2026-07-09,ACTIVE
ACC003601,CUST003016,BR054,36781000003600,Savings,144298.02,INR,2026-04-02,Active
ACC003602,CUST001244,BR031,45938600003601,Current,49101.52,INR,2023-07-19,Active
ACC003603,CUST004129,BR123,83935400003602,Salary,65237.95,INR,2026-06-24,Active
ACC003604,CUST002037,BR009,76021700003603,Savings,55585.3,INR,2022-06-24,Active
ACC003605,CUST002293,BR016,56944100003604,Salary,27975.77,EUR,2026-06-09,Active
ACC003606,CUST003844,BR094,28718200003605,Current,37026.9,INR,2019-10-26,Active
ACC003607,CUST002338,BR048,31465000003606,Salary,52033.11,INR,2021-12-16,Active
ACC003608,CUST002009,BR080,67013700003607,Savings,23625.07,INR,2023-11-18,Active
ACC003609,CUST001143,BR075,72906900003608,Salary,52981.71,eur,2025-05-14,Active
ACC003610,CUST003003,BR111,61288700003609,Salary,54980.3,USD,2025-08-29,Active
ACC003611,CUST002330,BR026,59953700003610,Current,15235.14,INR,2023-01-12,Active
ACC003612,CUST002893,BR091,49474400003611,Salary,24373.56,INR,2025-10-23,Active
ACC003613,CUST004154,BR113,77593400003612,Savings,246925.89,INR,2025-06-26,Active
ACC003614,CUST003455,BR078,39596300003613,Current,90257.85,INR,2012-07-31,Active
ACC003615,CUST000542,BR047,68232500003614,Savings,77985.82,INR,2022-03-22,Active
ACC003616,CUST004820,BR136,65408800003615,Savings,86898.29,inr,2026-01-06,Active
ACC003617,CUST001343,BR020,31263500003616,Current,44836.28,INR,2017-01-28,Active
ACC003618,CUST004444,BR049,95283900003617,Savings,117127.27,INR,2024-03-26,Active
ACC003619,CUST000589,BR083,76724400003618,Salary,146365.76,inr,2023-06-16,Dormant
ACC003620,CUST001543,BR041,37662100003619,Salary,72042.68,INR,2026-05-15,Active
ACC003621,CUST003503,BR098,35471700003620,,97479.04,INR,2026-02-02,Active
ACC003622,CUST004218,BR121,15042300003621,Current,28489.3,inr,2026.04.13,Active
ACC003623,CUST001958,BR080,51618600003622,Salary,137632.68,INR,2026-07-06,Active
ACC003624,CUST001790,BR053,89056300003623,Savings,90157.33,INR,2021-04-24,Active
ACC003625,CUST001759,BR091,34076800003624,Current,112291.77,INR,2017-07-06,Active
ACC003626,CUST004168,BR085,11643900003625,Savings,60814.7,INR,2026-05-31,Active
ACC003627,CUST004005,BR122,50699700003626,Savings,73768.7,INR,2024-04-14,Active
ACC003628,CUST002969,BR093,15749400003627,Savings,87839.35,INR,2026-06-16,Active
ACC003629,CUST000141,BR001,81403800003628,Salary,123919.67,INR,2016-12-17,Active
ACC003630,CUST001395,BR045,22903600003629,Savings,23853.81,INR,2026-02-18,Active
ACC003631,CUST002758,BR055,45958300003630,Salary,134012.59,INR,2025-08-22,Active
ACC003632,CUST004676,BR054,77218100003631,,177442.97,INR,2019-10-30,Active
ACC003633,CUST004294,BR129,32572000003632,Current,58659.07,Usd,2025-06-05,Active
ACC003634,CUST001723,BR007,16177300003633,Savings,65919.37,INR,2024-02-01,Active
ACC003635,CUST002951,BR112,80946800003634,Current,150814.07,Gbp,2023-05-10,Active
ACC003636,CUST003102,BR042,54621300003635,Salary,246461.92,INR,2025-07-30,Active
ACC003637,CUST002009,BR083,16637900003636,Savings,-27912.35,INR,2024-10-09,Active
ACC003638,CUST003901,BR049,22431700003637,Savings,74019.89,INR,2024-05-01,Dormant
ACC003639,CUST001956,BR011,90393000003638,Salary,17178.77,Eur,2026-06-18,Active
ACC003640,CUST004957,BR003,60038900003639,Savings,27131.28,INR,2023-01-18,Active
ACC003641,CUST000090,BR059,33262800003640,Savings,107723.94,INR,07/14/2020,Active
ACC003642,CUST001375,BR124,53757800003641,Salary,68987.09,EUR,2024-07-27,Active
ACC003643,CUST004355,BR053,98713400003642,Savings,102018.33,INR,2016-07-09,Active
ACC003644,CUST000021,BR133,37963800003643,Salary,82312.78,INR,2025-10-11,Active
ACC003645,CUST002997,BR138,29000600003644,Savings,66959.93,INR,2021-06-30,Active
ACC003646,CUST003320,BR027,61467100003645,Savings,137816.62,INR,2013-09-21,Active
ACC003647,CUST000340,BR126,84196200003646,Salary,159831.98,INR,2018-07-27,Active
ACC003648,CUST004371,BR091,37584400003647,Savings,61006.28,Inr,2023.01.07,Closed
ACC003649,CUST001287,BR084,17947500003648,Savings,29270.62,inr,2024-05-04,Active
ACC003650,CUST004131,BR067,85643600003649,Savings,90725.14,USD,2021-10-30,Active
ACC003651,CUST002557,BR143,84577900003650,Salary,25847.95,INR,2023-02-08,Active
ACC003652,CUST002262,BR020,93406300003651,Savings,13659.41,INR,2023-01-30,Active
ACC003653,CUST003314,BR001,41618600003652,Savings,33462.51,inr,2024-11-10,Active
ACC003654,CUST000033,BR004,56684100003653,Savings,31895.72,INR,2024-07-20,Active
ACC003655,CUST004373,BR133,52505300003654,Current,108153.64,INR,2019-05-05,Active
ACC003656,CUST002276,BR100,21104200003655,Savings,187747.36,INR,2025-11-20,Active
ACC003657,CUST003700,BR077,66231500003656,Savings,159876.7,INR,2016-07-11,Active
ACC003658,CUST000611,BR012,39015600003657,Savings,48317.91,INR,2025-09-03,Active
ACC003659,CUST002355,BR021,90685300003658,Current,73394.68,INR,2025-09-20,Active
ACC003660,CUST003774,BR134,83893500003659,Savings,55521.43,INR,2021-09-10,Active
ACC003661,CUST000628,BR131,29984000003660,Current,139572.59,inr,2020-07-01,Dormant
ACC003662,CUST002779,BR119,28725900003661,Current,88826.64,INR,2025-10-22,Active
ACC003663,CUST003214,BR132,21241300003662,Salary,116184.54,Inr,2024-04-30,Active
ACC003664,CUST000962,BR109,21471200003663,Current,33144.09,usd,2023-03-07,Active 
ACC003665,CUST001284,BR114,50798500003664,Current,283953.42,INR,2026-04-01,Active
ACC003666,CUST003118,BR127,96645600003665,Savings,17553.19,INR,2021-12-26,Active
ACC003667,CUST004801,BR068,57545100003666,Salary,26474.64,INR,2014-11-08,Active
ACC003668,CUST001691,BR016,59588400003667,Salary,116452.13,INR,2025-05-21,Active 
ACC003669,CUST000486,BR018,46329700003668,Savings,17211.98,INR,2023-09-03,Closed
ACC003670,CUST002358,BR095,51585900003669,Savings,188261.42,INR,2025-01-20,Active
ACC003671,CUST004989,BR030,54451000003670,Savings,156389.9,Inr,2024-05-06,Active
ACC003672,CUST001641,BR031,93101300003671,Salary,105702.27,INR,2025-06-04,Active
ACC003673,CUST001277,BR133,15678000003672,Savings,36755.89,INR,2025-03-03,Active
ACC003674,CUST000996,BR078,58281900003673,Savings,116394.5,INR,2025-06-08,Active
ACC003675,CUST004831,BR071,62153400003674,Savings,59880.85,INR,2023-10-31,Active
ACC003676,CUST002480,BR054,54541900003675,Savings,30958.23,INR,2018-03-07,Active
ACC003677,CUST002167,BR041,48557500003676,,60848.6,INR,2016-02-04,Active
ACC003678,CUST003419,BR019,37020400003677,Savings,59319.62,Inr,2021-04-22,Active
ACC003679,CUST004703,BR141,49852000003678,Savings,64729.19,INR,2022-10-22,Active
ACC003680,CUST003126,BR111,70810800003679,Savings,101462.33,INR,2025-10-12,Active
ACC003681,CUST004941,BR130,38186000003680,Current,46403.87,EUR,2025-10-24,Dormant
ACC003682,CUST003777,BR046,74263400003681,Current,53299.69,INR,2019-05-21,Active
ACC003683,CUST003279,BR016,83543400003682,Current,64279.59,INR,2023-10-14,Dormant
ACC003684,CUST002047,BR019,22183600003683,Salary,147256.84,INR,2025-12-29,active
ACC003685,CUST002744,BR147,68536000003684,Savings,208476.01,INR,2025-03-09,Active
ACC003686,CUST000727,BR132,80267200003685,Savings,30598.44,INR,2022-07-03,Active
ACC003687,CUST001297,BR140,79031900003686,Savings,55576.86,INR,2021-05-18,Active
ACC003688,CUST003764,BR021,49798400003687,Savings,84045.97,USD,2017-12-21,Active
ACC003689,CUST002701,BR063,35931300003688,Salary,17949.76,INR,2024-06-21,Active
ACC003690,CUST000253,BR031,47722600003689,Savings,57377.76,INR,2025-04-11,Active
ACC003691,CUST001094,BR088,79867100003690,Savings,110330.59,INR,2021-09-23,Active
ACC003692,CUST002964,BR004,91417600003691,Savings,77412.51,INR,2025-12-15,Active
ACC003693,CUST004900,BR060,58309400003692,Savings,27466.02,INR,2021-11-05,Dormant
ACC003694,CUST002965,BR078,24081800003693,Salary,432452.54,INR,2025-10-06,Active
ACC003695,CUST003111,BR041,17726400003694,Current,117092.23,INR,2023-12-14,active
ACC003696,CUST002339,BR124,54092600003695,Current,107129.76,INR,2026-07-31,Active
ACC003697,CUST004071,BR012,57697300003696,Savings,43046.55,INR,2023-05-28,Dormant
ACC003698,CUST000538,BR128,50577300003697,Savings,,INR,2019-09-13,Active
ACC003699,CUST000335,BR002,77651600003698,Current,77876.33,INR,2025-07-14,Active
ACC003700,CUST001983,BR112,64142200003699,Savings,24566.06,INR,2024-08-16,Closed
ACC003701,CUST004489,BR100,57505300003700,Savings,77960.32,INR,2024-01-28,Active
ACC003702,CUST003335,BR071,30004500003701,Salary,98333.79,INR,2023-06-20,Active
ACC003703,CUST001840,BR008,70387900003702,Savings,8292.68,INR,2020-12-09,Active
ACC003704,CUST004125,BR134,32221600003703,Savings,21330.36,INR,2021-07-18,Active 
ACC003705,CUST000497,BR137,95883300003704,Salary,89722.09,INR,2025-12-29,Dormant
ACC003706,CUST002354,BR116,14606900003705,Salary,46620.3,INR,2024-02-08,Active
ACC003707,CUST003990,BR143,25675300003706,Savings,159033.58,INR,2014-01-25,Active
ACC003708,CUST000066,BR134,82878000003707,Salary,85568.89,INR,2014-08-24,Active
ACC003709,CUST000296,BR124,98414200003708,Savings,74648.84,INR,2021-09-09,Active
ACC003710,CUST001493,BR036,18512900003709,Salary,63676.02,INR,2025-06-04,Dormant
ACC003711,CUST004014,BR125,24015800003710,Savings,144904.34,INR,2025-04-09,Active
ACC003712,CUST004843,BR091,65166600003711,Salary,100533.05,INR,2022-08-24,Dormant
ACC003713,CUST002026,BR012,98922100003712,Salary,,EUR,2025-02-26,Active
ACC003714,CUST002149,BR004,12698300003713,Savings,151075.55,INR,2020-05-17,Active
ACC003715,CUST002138,BR039,45417700003714,Savings,166984.72,INR,2026-01-12,Active
ACC003716,CUST002299,BR079,63202100003715,Savings,24181.58,INR,2024-12-27,Active
ACC003717,CUST003614,BR146,66327700003716,Savings,328815.0,INR,2025-04-02,Active
ACC003718,CUST002912,BR132,30591600003717,Savings,11333.65,INR,2024-05-10,Active
ACC003719,CUST004768,BR146,11526100003718,Savings,-78309.07,INR,06/12/2025,Active
ACC003720,CUST002469,BR111,69887800003719,Current,25393.52,INR,2022-12-26,Active
ACC003721,CUST000482,BR020,98281200003720,Current,112919.75,INR,2025-10-30,Active
ACC003722,CUST000041,BR117,79056200003721,Savings,123555.93,INR,2026-01-06,Active
ACC003723,CUST000687,BR058,91703900003722,Savings,25392.51,INR,2022-06-18,Active
ACC003724,CUST004521,BR048,98106400003723,Savings,141351.57,INR,2024-10-01,Closed
ACC003725,CUST001382,BR080,70677100003724,Savings,2570.29,INR,2021-12-23,Active
ACC003726,CUST002183,BR060,77076800003725,Savings,115051.4,Usd,08/05/2016,Active
ACC003727,CUST001680,BR095,25482500003726,Savings,14930.32,INR,2025-09-28,Active
ACC003728,CUST001381,BR148,95185600003727,Savings,161106.18,INR,2026-04-13,Active
ACC003729,CUST003158,BR049,64302600003728,Savings,57307.47,INR,2022-01-09,Active
ACC003730,CUST000301,BR041,93794300003729,Savings,38288.08,Inr,2025.09.21,Active
ACC003731,CUST000664,BR146,98052700003730,Salary,174421.22,INR,2024-09-29,Active
ACC003732,CUST004309,BR013,35307500003731,Salary,114889.29,INR,2025-10-19,Active
ACC003733,CUST002052,BR127,79575900003732,Savings,57882.03,inr,2024-08-13,Active
ACC003734,CUST001921,BR059,45972800003733,Savings,76150.39,INR,2021-02-02,Active
ACC003735,CUST003639,BR145,17119900003734,Savings,183212.65,INR,2023-10-20,Active
ACC003736,CUST002718,BR116,47112400003735,Savings,56593.03,INR,17/03/2025,Active
ACC003737,CUST000195,BR022,52070400003736,Salary,25145.27,INR,2025-12-29,Active 
ACC003738,CUST003663,BR079,41126000003737,Savings,79905.17,INR,2026-04-21,Dormant
ACC003739,CUST002774,BR040,47701300003738,Savings,49221.21,INR,2025-11-10,Active
ACC003740,CUST003465,BR007,76547100003739,Salary,98288.89,INR,2025-09-25,Active
ACC003741,CUST001934,BR093,74344300003740,Savings,94752.16,inr,2026-01-25,Active
ACC003742,CUST004245,BR100,44511600003741,Savings,70896.39,INR,2026-04-10,Active 
ACC003743,CUST003518,BR123,73824500003742,Salary,36734.47,INR,2021-04-20,Closed
ACC003744,CUST004026,BR111,92900400003743,Savings,,INR,2023-07-09,Active
ACC003745,CUST001309,BR092,90803200003744,Salary,87576.74,INR,2025-06-30,Active
ACC003746,CUST004936,BR091,60273800003745,Savings,41937.09,Inr,2025-02-09,Active
ACC003747,CUST003641,BR093,86820100003746,Current,56929.87,INR,2023-11-17,Active
ACC003748,CUST003834,BR026,37514300003747,Savings,125054.55,INR,2023-08-28,Active
ACC003749,CUST004948,BR096,23568700003748,Savings,46235.49,INR,2023-10-26,Active
ACC003750,CUST004762,BR029,85978400003749,Savings,51088.56,INR,2026-03-25,Active
ACC003751,CUST000879,BR087,75353400003750,Current,39403.54,INR,2026-05-05,Active
ACC003752,CUST000186,BR062,71548300003751,Current,53159.35,INR,2025-04-14,Active
ACC003753,CUST001644,BR127,78076100003752,Savings,23636.8,INR,2026-06-25,Active
ACC003754,CUST002759,BR054,38520400003753,Salary,72570.94,INR,2026-02-16,Active
ACC003755,CUST001813,BR002,34791600003754,Salary,52805.0,INR,2019-12-28,Active
ACC003756,CUST004302,BR016,90575100003755,Current,92785.95,INR,2017.11.25,Active
ACC003757,CUST001477,BR031,79802000003756,Current,71296.97,INR,2025-09-09,Active
ACC003758,CUST004609,BR129,50214600003757,Savings,55539.93,INR,2025-03-20,Active
ACC003759,CUST001969,BR114,47158900003758,Savings,128333.51,INR,2024-04-27,Active
ACC003760,CUST004471,BR139,19535600003759,Savings,189314.76,INR,2018-03-27,Active
ACC003761,CUST000790,BR111,14540600003760,Savings,52576.79,INR,2025-04-09,Active
ACC003762,CUST001225,BR022,83332000003761,Savings,114689.77,INR,2024-10-30,Active
ACC003763,CUST002459,BR008,41251000003762,Savings,60789.67,INR,2022-05-14,Active
ACC003764,CUST002504,BR085,73483200003763,Savings,37757.67,INR,2024-09-27,Active
ACC003765,CUST003891,BR081,90831700003764,Savings,92383.06,INR,2024-06-04,Active
ACC003766,CUST000622,BR065,13462200003765,Savings,88276.17,INR,2022-05-10,Active
ACC003767,CUST004094,BR089,34938300003766,Current,102246.93,INR,2024-05-12,Active
ACC003768,CUST004047,BR062,22326100003767,Savings,74665.87,INR,2022-10-19,Active
ACC003769,CUST001887,BR036,57673300003768,Savings,66011.94,INR,2025-04-23,Active
ACC003770,CUST000463,BR088,90408200003769,Salary,64546.66,INR,2017.11.02,Active
ACC003771,CUST000247,BR060,28641400003770,Savings,121478.88,Gbp,2024-06-06,Active
ACC003772,CUST002850,BR069,13653500003771,Savings,91387.81,INR,2023-08-29,Active
ACC003773,CUST001433,BR125,70215400003772,Salary,85040.17,INR,2024-03-03,Active
ACC003774,CUST003723,BR068,59501700003773,Current,76119.62,INR,2025-08-27,ACTIVE
ACC003775,CUST004056,BR141,75986400003774,Current,46493.74,INR,2022-04-07,Active
ACC003776,CUST004996,BR022,15340300003775,Savings,73543.33,INR,2024-10-26,Active
ACC003777,CUST002716,BR098,29548000003776,Salary,127322.5,INR,2021-05-02,Active
ACC003778,CUST004116,BR107,84873600003777,Savings,47142.25,Inr,2024-05-07,Active
ACC003779,CUST000604,BR015,38766200003778,Savings,40641.34,INR,2022-08-18,Active
ACC003780,CUST003005,BR087,24240900003779,Current,23693.92,INR,2025-06-12,Active
ACC003781,CUST002414,BR108,95060300003780,Savings,114430.43,EUR,03/07/2026,Active
ACC003782,CUST001440,BR009,63995500003781,Current,228015.55,INR,2026-07-03,Active
ACC003783,CUST800033,BR124,98251600003782,Salary,212103.16,Inr,2017-06-30,Dormant
ACC003784,CUST000269,BR057,98723800003783,Savings,15202.33,INR,2021-06-19,Active
ACC003785,CUST003324,BR097,24277000003784,Savings,43272.07,INR,2023-01-15,Active
ACC003786,CUST000836,BR033,69813000003785,Current,79356.76,INR,2026-07-21,Closed
ACC003787,CUST002822,BR022,73509900003786,Salary,136363.25,INR,2022-03-15,Active
ACC003788,CUST000512,BR059,46182000003787,Savings,15248.24,Inr,2024-01-05,Active
ACC003789,CUST001485,BR023,87118100003788,Current,27218.36,INR,2024-07-04,Active
ACC003790,CUST002063,BR018,42971200003789,Savings,55552.95,INR,2024-03-07,Active
ACC003791,CUST004167,BR086,14389700003790,Salary,39203.01,INR,2016-08-20,Active
ACC003792,CUST002373,BR092,95604600003791,Savings,40469.18,INR,2024-01-18,Dormant
ACC003793,CUST003885,BR139,59103200003792,Current,65224.03,Inr,2018-03-28,Active
ACC003794,CUST004742,BR088,62875200003793,Savings,93469.05,INR,2021-04-21,Active
ACC003795,CUST003604,BR083,77389800003794,Savings,36669.3,INR,2024-06-01,Active
ACC003796,CUST001253,BR089,99678100003795,Salary,75209.99,inr,2019-03-31,Active
ACC003797,CUST001581,BR149,68122800003796,Salary,75662.74,INR,2023-02-23,Dormant
ACC003798,CUST001679,BR055,15528300003797,Savings,59835.23,EUR,2022-12-04,Active
ACC003799,CUST800034,BR103,45027100003798,Savings,26666.72,INR,2021-12-31,Active
ACC003800,CUST001719,BR109,82976200003799,Current,28478.17,INR,2023-12-31,Active
ACC003801,CUST002708,BR027,78120900003800,Savings,50103.02,INR,2024-08-12,Active
ACC003802,CUST000729,BR127,26722500003801,Savings,57594.31,INR,2026-03-10,Active
ACC003803,CUST000504,BR064,26028600003802,Savings,133561.37,INR,2020-03-09,Active
ACC003804,CUST004075,BR063,40668800003803,Savings,137725.43,INR,2024-05-19,Closed
ACC003805,CUST002744,BR034,85876300003804,Current,91729.7,eur,2025-12-25,Active
ACC003806,CUST004287,BR065,68404700003805,Savings,1032.36,INR,2025-09-04,Active
ACC003807,CUST003086,BR088,70010500003806,Savings,19976.7,INR,04/10/2020,Active
ACC003808,CUST003859,BR135,82605500003807,Salary,120377.59,INR,2023-01-07,Dormant
ACC003809,CUST002894,BR048,38539500003808,Savings,32839.56,INR,2025-07-02,Dormant
ACC003810,CUST003089,BR091,61181000003809,Savings,95542.73,INR,2025-08-11,Active
ACC003811,CUST001451,BR131,55030500003810,Savings,30565.73,INR,2026-05-07,Dormant
ACC003812,CUST002249,BR077,19416600003811,Salary,85076.7,INR,2024-05-26,Active
ACC003813,CUST003851,BR030,39366900003812,Salary,96673.95,USD,2025-06-30,Active
ACC003814,CUST003162,BR111,10364200003813,Savings,57968.89,INR,2021-08-15,Active 
ACC003815,CUST001423,BR086,38734700003814,Current,51331.8,INR,2021-01-17,Dormant
ACC003816,CUST003904,BR047,88508700003815,Savings,54764.53,INR,2025-12-28,Active
ACC003817,CUST003029,BR130,16432000003816,Savings,106422.92,INR,2026-05-03,Active
ACC003818,CUST004942,BR005,34672700003817,Savings,-69579.2,INR,2026-04-27,Active
ACC003819,CUST002985,BR146,55617300003818,Savings,20550.02,INR,2016-08-09,Active
ACC003820,CUST001565,BR106,70399900003819,Salary,56500.81,INR,2024-10-15,Active
ACC003821,CUST001697,BR103,18366500003820,Savings,111400.86,INR,2023-09-14,Active
ACC003822,CUST004345,BR097,79819700003821,Savings,137344.86,INR,2016-04-24,Active
ACC003823,CUST003524,BR149,54811000003822,Current,128636.87,GBP,2026-05-01,Active 
ACC003824,CUST000048,BR065,73167400003823,Savings,62720.12,INR,2012.04.08,Active
ACC003825,CUST004590,BR148,61823400003824,Salary,27442.36,INR,2026-01-08,Closed
ACC003826,CUST001248,BR007,19101300003825,Savings,62808.07,INR,2022-03-20,Active
ACC003827,CUST003934,BR140,40310400003826,Savings,185345.29,INR,2017-04-12,Active
ACC003828,CUST003679,BR142,79751400003827,Savings,28296.57,Inr,2026-07-11,Active
ACC003829,CUST002757,BR041,54461500003828,Savings,15762.23,USD,22/04/2020,Active
ACC003830,CUST004141,BR110,90361100003829,Savings,36130.98,INR,2022-03-11,Active
ACC003831,CUST003534,BR059,72411400003830,Savings,107990.74,inr,2024-04-12,Active
ACC003832,CUST004928,BR058,81454200003831,Salary,43570.34,INR,2018-07-22,Active
ACC003833,CUST004669,BR079,57169200003832,Salary,108515.63,EUR,2015-03-24,Active
ACC003834,CUST001479,BR031,55918100003833,Current,226989.3,INR,2021-03-22,Active
ACC003835,CUST004273,BR035,60209600003834,Salary,82168.82,INR,2019-01-07,Active
ACC003836,CUST004144,BR084,27964200003835,Salary,,INR,2024-05-19,Active
ACC003837,CUST004379,BR149,62457500003836,Salary,116057.2,INR,2022-08-10,Active
ACC003838,CUST002365,BR004,66250400003837,Savings,283780.99,inr,2021-01-11,Active
ACC003839,CUST001049,BR070,10747300003838,Savings,35500.49,INR,2024-06-08,Active
ACC003840,CUST003085,BR069,73050700003839,Current,27614.09,Inr,2024-01-25,Active
ACC003841,CUST003675,BR113,44343500003840,Salary,103675.21,INR,2025-01-15,Active
ACC003842,CUST002707,BR149,34375100003841,Salary,75572.93,INR,2024-04-13,Dormant
ACC003843,CUST002580,BR084,68405200003842,Savings,121016.78,INR,2018-11-30,Active
ACC003844,CUST002222,BR111,67743900003843,Salary,310305.56,INR,2019-02-08,Active
ACC003845,CUST003721,BR021,25464000003844,Savings,20257.89,INR,2024-12-18,Active
ACC003846,CUST000979,BR148,88764600003845,Savings,70448.48,INR,2022-04-05,Closed
ACC003847,CUST004637,BR143,80554200003846,Salary,15162.7,INR,2024-10-08,Active
ACC003848,CUST002124,BR060,44335100003847,Savings,34720.95,INR,2023-12-17,Active
ACC003849,CUST004885,BR108,15734100003848,Current,7882.36,INR,2024-06-17,Active
ACC003850,CUST000033,BR014,57895400003849,Savings,88122.02,INR,2020-12-30,Closed
ACC003851,CUST003899,BR088,99000700003850,Salary,46683.35,INR,2024-04-04,Active
ACC003852,CUST004522,BR145,74555000003851,Savings,69783.44,INR,2014-04-03,Dormant
ACC003853,CUST000486,BR024,39642500003852,Current,75939.97,INR,2022-06-22,Active
ACC003854,CUST800035,BR130,76743400003853,Savings,59585.69,INR,2026-01-30,Active
ACC003855,CUST000581,BR147,82110700003854,Savings,22549.83,INR,2023-12-13,Active
ACC003856,CUST001830,BR085,68015700003855,Savings,30085.15,GBP,2026-07-02,Active
ACC003857,CUST004111,BR118,29165500003856,Savings,48958.11,INR,01/10/2021,Active
ACC003858,CUST001912,BR035,57529600003857,Savings,41288.29,Inr,2026-05-19,Active
ACC003859,CUST000567,BR067,31762000003858,Savings,131227.79,Inr,2016-09-09,Active
ACC003860,CUST001557,BR111,73270200003859,Salary,30491.87,INR,2026-04-06,Active
ACC003861,CUST003941,BR065,11822300003860,Savings,14103.45,INR,2024-08-30,Active
ACC003862,CUST000068,BR003,86190400003861,Current,88894.11,INR,2025-12-02,Active
ACC003863,CUST003587,BR124,53513000003862,Current,86982.56,GBP,2026-03-28,Active
ACC003864,CUST004952,BR138,90754600003863,Salary,-46260.48,INR,2022-09-14,Active
ACC003865,CUST000441,BR089,96136500003864,Savings,49209.38,INR,2026-06-18,Active
ACC003866,CUST004816,BR105,48611300003865,Savings,100835.92,INR,23/02/2024,Active
ACC003867,CUST003517,BR024,90618200003866,Savings,28131.82,INR,2023-09-27,Active
ACC003868,CUST002450,BR027,74078200003867,Savings,74849.98,INR,2024-10-05,Closed
ACC003869,CUST001622,BR138,52593100003868,Savings,77313.88,INR,2024-12-16,Active
ACC003870,CUST003027,BR025,46354300003869,Savings,88296.1,INR,2016-01-04,Dormant
ACC003871,CUST000936,BR141,89956600003870,Salary,115076.02,INR,2025-04-20,Active
ACC003872,CUST004837,BR009,87488200003871,Salary,42826.51,INR,2026-04-08,Active
ACC003873,CUST000666,BR072,88171700003872,Salary,91104.01,Inr,2016-12-06,Active
ACC003874,CUST001732,BR116,84772000003873,Savings,71204.11,INR,2020-09-23,Active
ACC003875,CUST002900,BR015,94739900003874,Current,27680.12,INR,05/15/2025,Active
ACC003876,CUST002868,BR020,77783900003875,Savings,142452.71,INR,2018-11-24,Active
ACC003877,CUST003522,BR111,37025200003876,Salary,59577.06,EUR,2026-06-17,Closed
ACC003878,CUST003367,BR079,54046900003877,Savings,57796.98,INR,2025-12-23,Active
ACC003879,CUST004060,BR121,11808700003878,Current,68395.79,Inr,2022.01.15,Active
ACC003880,CUST003353,BR054,58424300003879,Current,75579.06,inr,2026-06-09,Active
ACC003881,CUST000313,BR112,30368000003880,Savings,128706.48,INR,2025-07-09,Active
ACC003882,CUST001580,BR083,82075700003881,Savings,81495.44,USD,2019-04-03,Active
ACC003883,CUST000828,BR010,89877600003882,Salary,113421.14,INR,2025-04-08,Active
ACC003884,CUST002871,BR105,14329000003883,Savings,44223.51,INR,2023-07-05,Active
ACC003885,CUST000076,BR138,59920500003884,,25077.55,GBP,2021-06-18,Active
ACC003886,CUST004193,BR032,61086800003885,Savings,38195.65,INR,2023-05-14,Active
ACC003887,CUST000375,BR120,72649700003886,Savings,54249.4,INR,2019-03-15,Closed
ACC003888,CUST000494,BR031,31600000003887,Savings,33540.47,INR,2019-12-07,Active
ACC003889,CUST000862,BR139,10900700003888,Savings,74458.37,EUR,2025-03-12,Active
ACC003890,CUST004028,BR051,64266500003889,Savings,108838.18,INR,2025.08.10,Active
ACC003891,CUST001299,BR097,31439300003890,Savings,87278.94,INR,2019.06.21,Active
ACC003892,CUST000992,BR141,52887900003891,Salary,133654.23,INR,2021-11-20,Dormant
ACC003893,CUST003816,BR084,77699800003892,Savings,47490.07,INR,03/30/2025,Active
ACC003894,CUST002609,BR067,67415200003893,Savings,129213.22,INR,01/02/2026,Active
ACC003895,CUST004179,BR074,90936200003894,Current,99698.32,INR,2024-12-18,Active
ACC003896,CUST004737,BR039,18465400003895,Salary,69722.52,INR,2021-03-31,Dormant
ACC003897,CUST001590,BR007,11033100003896,Savings,25544.45,INR,2026-07-15,Dormant
ACC003898,CUST003866,BR078,93383700003897,Savings,67327.88,gbp,2025-11-19,Active
ACC003899,CUST004596,BR119,87972400003898,Salary,,GBP,2026-07-10,Active
ACC003900,CUST000602,BR028,62513800003899,Savings,208203.04,INR,12/23/2020,Active 
ACC003901,CUST002399,BR139,87612300003900,Salary,,INR,2019-01-16,Active
ACC003902,CUST004359,BR115,36494300003901,Salary,20410.09,INR,2021-02-15,Active
ACC003903,CUST003135,BR099,96106600003902,Savings,123694.14,INR,2018-09-18,Active
ACC003904,CUST002720,BR048,81712900003903,Savings,79415.18,INR,2026-04-08,Active
ACC003905,CUST000745,BR108,45330200003904,Salary,107484.91,INR,2025-10-17,Dormant
ACC003906,CUST002107,BR148,71416800003905,Savings,95052.83,INR,2014-06-29,Active
ACC003907,CUST001093,BR044,32356600003906,Savings,124447.22,GBP,2022-01-26,Active
ACC003908,CUST004097,BR095,50319700003907,Savings,134029.82,GBP,2024-05-17,Active
ACC003909,CUST004887,BR064,52204400003908,Current,203496.68,inr,2023-06-16,Active
ACC003910,CUST001571,BR092,35093500003909,Current,125250.94,INR,2025-12-23,Active
ACC003911,CUST000376,BR038,35356300003910,Salary,49434.99,INR,2022-07-17,Active
ACC003912,CUST002789,BR044,38782000003911,Savings,24782.84,INR,2025-01-10,Active
ACC003913,CUST003275,BR132,70292100003912,Savings,28689.75,INR,2026-07-29,Active
ACC003914,CUST000920,BR027,14595100003913,Current,36712.42,INR,2026-01-17,Active
ACC003915,CUST003104,BR126,54047600003914,Savings,51766.48,INR,2020-11-06,Active
ACC003916,CUST003736,BR012,44610700003915,Salary,32566.95,inr,2024-02-27,Dormant
ACC003917,CUST001668,BR135,85814400003916,Savings,64421.52,INR,2015-06-23,Active
ACC003918,CUST004992,BR129,56131600003917,Savings,36693.39,INR,07/24/2019,Active
ACC003919,CUST000818,BR140,67915000003918,Savings,77716.43,INR,2020-09-14,Active
ACC003920,CUST003194,BR147,85776600003919,Salary,,USD,2024-03-25,Active
ACC003921,CUST003003,BR143,88683400003920,Current,51807.43,Inr,2023-06-23,Active
ACC003922,CUST003778,BR033,68266700003921,Salary,212063.5,INR,2021-04-16,Dormant
ACC003923,CUST001705,BR133,66106400003922,Current,111029.82,INR,06/26/2026,Active
ACC003924,CUST002652,BR150,29583900003923,Salary,85826.63,INR,2024-12-10,Active
ACC003925,CUST001974,BR082,20413300003924,Savings,157850.95,inr,2018-05-04,Active
ACC003926,CUST003680,BR093,96732200003925,Salary,63164.04,INR,2026-07-26,Active
ACC003927,CUST004849,BR133,40836700003926,Salary,91167.13,Inr,2021-09-30,Active
ACC003928,CUST000734,BR119,29939800003927,Savings,-145166.65,INR,2023.11.11,Active
ACC003929,CUST000254,BR120,51077400003928,Savings,265725.82,INR,2025-06-15,Active
ACC003930,CUST003853,BR149,65603900003929,Salary,34286.58,INR,2025-04-05,Active
ACC003931,CUST004618,BR126,26352600003930,Savings,36587.66,INR,04/05/2026,Active
ACC003932,CUST003384,BR147,39558500003931,Current,168285.67,INR,2016-08-25,Active
ACC003933,CUST001005,BR139,76739900003932,Savings,80940.3,INR,2026-01-13,Active
ACC003934,CUST001301,BR086,20981500003933,Savings,65571.98,INR,2019-07-13,Active
ACC003935,CUST004504,BR088,50709300003934,Savings,84114.15,INR,2024.09.25,Active
ACC003936,CUST004692,BR080,84105000003935,Savings,176351.16,INR,2014-05-15,Active
ACC003937,CUST001608,BR048,35082400003936,Savings,112344.26,INR,2020-12-08,Active
ACC003938,CUST004437,BR102,63029300003937,Salary,84667.73,INR,2021-12-09,Active
ACC003939,CUST002140,BR091,85550400003938,Savings,35560.77,INR,2023-06-15,Active
ACC003940,CUST001266,BR033,57228100003939,Savings,68316.85,INR,2013-02-01,Active
ACC003941,CUST004422,BR129,41411400003940,Savings,103820.04,inr,2023-10-09,Dormant
ACC003942,CUST001883,BR059,37038400003941,Savings,77588.23,INR,2025-12-11,Active
ACC003943,CUST003552,BR070,83274200003942,Savings,215237.21,INR,2026-01-26,Dormant
ACC003944,CUST000903,BR125,80100700003943,Current,91670.54,INR,05/11/2022,Active
ACC003945,CUST003284,BR092,83853800003944,Salary,64739.16,INR,2026-06-08,Active
ACC003946,CUST003571,BR017,86754000003945,Savings,120876.47,INR,2025-12-03,Active
ACC003947,CUST000498,BR048,48180500003946,Savings,227157.92,INR,2025-07-22,Active
ACC003948,CUST000685,BR069,85292100003947,Savings,162821.08,INR,2022-09-03,Active
ACC003949,CUST004464,BR110,17796500003948,Salary,20787.37,INR,2024-07-21,Closed
ACC003950,CUST000858,BR048,16517200003949,Savings,-96278.37,INR,2026-06-27,Active
ACC003951,CUST003322,BR071,54441200003950,Salary,109431.45,INR,2026-01-03,Active
ACC003952,CUST002238,BR088,27892000003951,Current,177025.9,INR,2018-12-01,Active
ACC003953,CUST001922,BR081,97986000003952,Salary,31693.18,inr,2019-12-25,Active
ACC003954,CUST004148,BR029,21148200003953,Current,105095.12,INR,2022-09-19,Active
ACC003955,CUST000489,BR076,34004400003954,Current,33391.86,INR,2025-05-08,Active
ACC003956,CUST000732,BR140,37399300003955,Savings,,INR,2024-07-20,Active
ACC003957,CUST004111,BR099,37006000003956,Savings,46533.71,INR,2024-06-12,Active
ACC003958,CUST001806,BR119,20152500003957,Savings,99584.95,INR,2020-01-16,Active
ACC003959,CUST002919,BR110,94182900003958,Salary,168714.91,INR,2026-04-01,Active
ACC003960,CUST003151,BR013,25925600003959,Savings,44458.81,inr,2021-10-12,Active
ACC003961,CUST001937,BR069,75613600003960,Savings,44637.66,INR,2026-05-02,Active
ACC003962,CUST000549,BR049,73566100003961,Savings,87115.93,INR,2019-10-03,Active
ACC003963,CUST004022,BR076,29725700003962,Savings,87983.37,INR,2022-06-21,Active
ACC003964,CUST001390,BR007,70213100003963,Savings,76669.32,GBP,2021-10-06,Active
ACC003965,CUST001799,BR035,17096300003964,Savings,28258.3,INR,2022-01-10,Active
ACC003966,CUST002653,BR019,35439000003965,Savings,39166.82,INR,2025-02-09,Active
ACC003967,CUST003800,BR008,92698000003966,Savings,-190383.2,INR,2025-04-07,Active
ACC003968,CUST003887,BR064,84177800003967,Current,145996.48,INR,2015-08-21,Active
ACC003969,CUST003708,BR118,47543300003968,Savings,59905.55,inr,2022-09-02,Active
ACC003970,CUST004728,BR050,70118100003969,Savings,99698.83,INR,2022-08-11,Active
ACC003971,CUST003684,BR117,23655200003970,Current,109434.37,inr,2019-04-24,Active
ACC003972,CUST004513,BR079,48853700003971,Current,74861.15,INR,2025-03-14,Active
ACC003973,CUST000413,BR101,13118500003972,Savings,14180.07,INR,2018-11-22,Active
ACC003974,CUST000692,BR044,11952700003973,Salary,109659.48,INR,2015-08-12,Active
ACC003975,CUST003408,BR064,95999000003974,Savings,15605.47,INR,2026-02-09,Active
ACC003976,CUST004527,BR050,69035200003975,Current,33206.76,INR,2019-09-20,Active
ACC003977,CUST000589,BR064,22965900003976,Salary,143699.5,USD,2026-02-23,Active
ACC003978,CUST003129,BR144,80445600003977,Savings,48296.59,INR,2022-08-29,Active
ACC003979,CUST003850,BR018,54959200003978,Savings,62671.12,INR,2026-01-02,Active
ACC003980,CUST003970,BR132,30155500003979,Savings,29399.3,inr,07/25/2025,Dormant
ACC003981,CUST004845,BR139,95235000003980,Savings,29666.82,INR,2026-03-27,Closed
ACC003982,CUST000095,BR003,20702500003981,Savings,113804.55,INR,2018-09-02,Active
ACC003983,CUST004508,BR061,74837900003982,Salary,84974.86,INR,2017-05-18,Active
ACC003984,CUST004588,BR091,38364800003983,Savings,83911.94,INR,2022-06-13,Active
ACC003985,CUST004362,BR045,90808800003984,Savings,-114524.81,INR,08/11/2024,Active
ACC003986,CUST003587,BR022,73204300003985,Savings,37493.14,INR,2026-04-03,Active
ACC003987,CUST004457,BR059,72476100003986,Salary,59162.62,INR,2015-09-19,Active
ACC003988,CUST003946,BR119,96624900003987,Savings,36885.9,INR,2018.01.20,Active
ACC003989,CUST004442,BR072,25485400003988,Current,-47755.94,INR,2025-11-14,Active
ACC003990,CUST002731,BR126,45301600003989,Savings,40960.35,INR,2020-03-13,Active
ACC003991,CUST003257,BR056,47958500003990,Savings,101668.88,INR,2026-02-21,Active
ACC003992,CUST004736,BR100,84701300003991,Salary,169727.03,INR,2023-07-20,Closed
ACC003993,CUST003973,BR117,67856300003992,Current,35654.72,INR,2026-01-04,Active
ACC003994,CUST003963,BR101,78489000003993,Current,,INR,2022-08-21,Active
ACC003995,CUST003729,BR067,46228200003994,Salary,159440.09,INR,2023-04-04,Active
ACC003996,CUST004604,BR128,89828400003995,Salary,42149.56,INR,2017-06-23,Active
ACC003997,CUST004337,BR026,18085700003996,Salary,55500.04,INR,2023-04-28,Active
ACC003998,CUST002379,BR016,69704700003997,Savings,69500.72,USD,2025-01-12,Active
ACC003999,CUST003670,BR006,92953700003998,Savings,156884.01,INR,2016-08-31,Active
ACC004000,CUST002774,BR107,95183800003999,Salary,141385.01,INR,2026-01-08,Active
ACC004001,CUST003571,BR053,17764000004000,Savings,1615.03,Inr,2022-09-04,Active
ACC004002,CUST002775,BR018,92553000004001,Savings,62234.48,INR,2021-02-17,Active
ACC004003,CUST001363,BR029,78041600004002,Savings,86845.27,INR,2026-05-31,Active
ACC004004,CUST001659,BR007,13034700004003,Current,97038.34,INR,2024-12-07,Active
ACC004005,CUST002328,BR062,91489900004004,Savings,101675.87,INR,2025-04-24,active
ACC004006,CUST001850,BR096,56498700004005,Savings,92711.41,INR,2025-05-22,Active
ACC004007,CUST002597,BR039,46218300004006,Savings,159666.65,INR,2024-05-30,Active
ACC004008,CUST004358,BR041,39497700004007,Savings,36373.49,INR,2024-02-04,Active
ACC004009,CUST001470,BR146,15149700004008,Salary,85576.03,INR,2016-11-14,Active
ACC004010,CUST000585,BR007,86196500004009,Savings,102662.09,INR,2024-10-24,Active
ACC004011,CUST003494,BR127,99726300004010,Salary,,INR,2021-06-25,Active
ACC004012,CUST000684,BR010,46829900004011,Savings,65652.74,USD,2019-06-24,Active
ACC004013,CUST000881,BR119,97510300004012,Salary,9944.35,INR,2023-08-05,Active
ACC004014,CUST003153,BR147,92219300004013,Salary,41135.03,INR,2026-01-27,Active
ACC004015,CUST002323,BR046,48346800004014,Savings,21250.11,Inr,2019-02-12,Closed
ACC004016,CUST004654,BR034,91708300004015,Savings,73849.31,INR,12/21/2018,Active
ACC004017,CUST000566,BR036,80808600004016,Current,55455.4,INR,2024-01-08,Active
ACC004018,CUST000440,BR062,42775600004017,Savings,63291.67,Inr,2026-01-09,Active
ACC004019,CUST002679,BR041,22363500004018,Savings,,INR,2020-12-07,Active
ACC004020,CUST002447,BR040,61742900004019,Current,42697.47,INR,2026-06-21,Dormant
ACC004021,CUST004804,BR026,55698300004020,Salary,128394.86,INR,2026-02-19,Active
ACC004022,CUST004841,BR141,12489300004021,Savings,108929.8,INR,2022-08-14,Active
ACC004023,CUST800036,BR045,33582300004022,Savings,55317.83,INR,2026-05-24,Active
ACC004024,CUST000702,BR012,42133400004023,Salary,60872.85,Inr,2023-05-14,Active
ACC004025,CUST004520,BR048,89883300004024,Savings,137316.11,INR,2022-03-28,Active
ACC004026,CUST002661,BR082,69227500004025,Salary,53148.93,INR,2025-05-17,Active
ACC004027,CUST002648,BR018,22902600004026,Savings,72328.65,INR,2024-10-25,Active 
ACC004028,CUST002941,BR072,29018400004027,Savings,59439.3,INR,2022-03-29,Active
ACC004029,CUST003470,BR149,98841500004028,Savings,153450.54,INR,2026-06-11,Active
ACC004030,CUST000605,BR104,24295600004029,Savings,87897.55,INR,2023-12-21,Active
ACC004031,CUST003340,BR052,91311000004030,Savings,83236.19,GBP,2022-10-18,Active
ACC004032,CUST001926,BR135,95863900004031,Current,118777.02,INR,2026-06-23,Active
ACC004033,CUST004349,BR050,71515000004032,Savings,29986.68,USD,2023-06-10,Dormant
ACC004034,CUST001986,BR001,62516400004033,Salary,71270.73,INR,2020-08-26,Active
ACC004035,CUST000756,BR036,95158800004034,Savings,90122.43,inr,2022-01-03,Dormant
ACC004036,CUST002511,BR003,60837600004035,Savings,34337.78,GBP,2024-06-11,Active
ACC004037,CUST003849,BR075,57852700004036,Current,143019.82,INR,2019-12-23,Active
ACC004038,CUST002174,BR057,83835300004037,Savings,90374.68,INR,2026-02-25,Active
ACC004039,CUST001570,BR011,28349900004038,Current,68634.19,INR,2025-11-14,Active
ACC004040,CUST000257,BR061,60157500004039,Savings,33613.42,INR,2025-12-25,Active
ACC004041,CUST003301,BR029,85379400004040,Salary,47650.33,Inr,2020-12-16,Active
ACC004042,CUST000694,BR134,68162800004041,Savings,37961.93,INR,2025-10-03,Active
ACC004043,CUST002598,BR091,39379300004042,Savings,87951.73,INR,2026-05-17,Active
ACC004044,CUST004644,BR042,37652400004043,Current,176213.7,INR,2022-08-17,Active
ACC004045,CUST002455,BR113,64017500004044,Savings,65533.29,INR,2024-07-20,Dormant
ACC004046,CUST001065,BR128,43975700004045,Salary,157825.13,EUR,2026-02-06,Active
ACC004047,CUST003053,BR116,41631400004046,Savings,146330.86,INR,11/03/2023,Active
ACC004048,CUST004088,BR014,34626800004047,Savings,75025.52,inr,2026-02-18,Active
ACC004049,CUST000633,BR076,18251900004048,Savings,50633.04,INR,2026-03-26,Active
ACC004050,CUST000001,BR012,63881900004049,Savings,40208.28,INR,2026-05-06,Active
ACC004051,CUST000583,BR094,36131200004050,Salary,12081.67,INR,2021-10-22,Active
ACC004052,CUST002948,BR112,63589800004051,Savings,96470.6,INR,2026-07-27,Active
ACC004053,CUST001625,BR004,93343600004052,Current,115292.72,INR,2026-03-14,Dormant
ACC004054,CUST003286,BR115,24896100004053,Savings,80822.97,INR,2024-05-18,Active
ACC004055,CUST003487,BR037,86229400004054,Salary,62858.33,GBP,2022-10-11,Active
ACC004056,CUST003610,BR015,78779100004055,Savings,190063.94,INR,2024-05-23,Active
ACC004057,CUST800037,BR043,31284800004056,Savings,106412.62,INR,2023-01-14,Active
ACC004058,CUST003101,BR149,27432900004057,Savings,89127.6,INR,2015-06-13,Active
ACC004059,CUST001234,BR044,45620800004058,Savings,22174.58,INR,2024-02-13,Active
ACC004060,CUST000102,BR013,71666000004059,Savings,72480.15,INR,2024-01-08,Active
ACC004061,CUST003766,BR012,63612300004060,Salary,65295.96,INR,2025-07-04,Active
ACC004062,CUST000443,BR133,15657300004061,Savings,60593.52,INR,2025-01-16,Active
ACC004063,CUST004276,BR099,22713800004062,Savings,100864.03,INR,2022-11-17,Active
ACC004064,CUST002652,BR030,92656600004063,Savings,71597.93,GBP,2023-09-06,Active
ACC004065,CUST004411,BR095,30104000004064,Savings,198877.38,INR,2025-06-14,Active
ACC004066,CUST001586,BR004,15406100004065,Savings,63710.26,INR,2013-09-24,Active
ACC004067,CUST000303,BR103,33674800004066,Current,73075.79,USD,2020-11-12,Active
ACC004068,CUST000359,BR129,15793100004067,Savings,161300.22,INR,2024-04-07,Active
ACC004069,CUST002105,BR118,59262800004068,Savings,-23187.11,INR,2023-05-01,Active
ACC004070,CUST001911,BR028,17761100004069,Current,29236.01,INR,2024-12-23,Active
ACC004071,CUST003697,BR053,10528200004070,Savings,28932.43,INR,2020-08-06,Active
ACC004072,CUST002760,BR080,50874200004071,Current,140910.44,INR,2023-06-22,Active
ACC004073,CUST003205,BR012,69010400004072,Savings,77655.59,INR,2022-12-22,Active
ACC004074,CUST003351,BR125,59568000004073,Salary,225973.63,INR,2021-04-21,Active
ACC004075,CUST003182,BR092,29763300004074,Savings,96073.67,INR,2025-11-29,Active
ACC004076,CUST003123,BR024,23632300004075,Savings,72015.44,INR,2024-04-09,Active
ACC004077,CUST000972,BR113,57729700004076,Savings,19294.66,INR,2012-06-16,Active
ACC004078,CUST003272,BR112,77572200004077,Savings,29806.89,Inr,2024-06-23,Active
ACC004079,CUST003910,BR025,51960000004078,Savings,50122.93,INR,2026-05-10,Active
ACC004080,CUST001475,BR080,21105700004079,Savings,245598.27,INR,2024-12-31,Active
ACC004081,CUST002596,BR048,46747300004080,Salary,72221.75,INR,2024-10-08,Active
ACC004082,CUST003797,BR039,94396000004081,Savings,151897.51,INR,2025-08-29,Active
ACC004083,CUST000756,BR121,96105700004082,Savings,59886.44,INR,2017-03-16,Active
ACC004084,CUST000245,BR007,49087100004083,Savings,10850.61,INR,2023-07-11,Active
ACC004085,CUST003343,BR064,95842800004084,Current,34084.31,INR,2024-07-02,Active
ACC004086,CUST003546,BR040,58875100004085,Current,68365.81,INR,2012-10-09,Active
ACC004087,CUST001460,BR050,76553700004086,Salary,81351.23,INR,2020-10-16,Active
ACC004088,CUST001467,BR064,78926700004087,Current,126644.8,GBP,2025-12-12,Active
ACC004089,CUST001138,BR087,56785300004088,Current,26986.35,INR,26/10/2021,Active
ACC004090,CUST000611,BR056,84709300004089,Savings,61918.81,inr,2024-11-17,Active
ACC004091,CUST003704,BR082,97061400004090,Salary,64110.94,inr,2023-12-13,Closed
ACC004092,CUST001352,BR108,81731800004091,Savings,22894.99,INR,2023-09-04,Closed
ACC004093,CUST003218,BR027,52123600004092,Current,24523.27,Inr,2018-01-30,Dormant
ACC004094,CUST001715,BR062,40287100004093,Salary,30561.95,INR,2023-09-16,Active
ACC004095,CUST003876,BR081,26868900004094,Savings,60263.63,inr,2025-10-06,Active
ACC004096,CUST000600,BR058,77027200004095,Savings,28125.74,INR,2022-12-12,Active
ACC004097,CUST001779,BR084,71047600004096,Savings,71429.42,INR,2022-07-21,Active
ACC004098,CUST004694,BR122,17838500004097,Salary,131512.4,INR,2024-04-10,Active
ACC004099,CUST001713,BR092,71090300004098,Savings,26751.5,INR,2024-06-01,Active
ACC004100,CUST002708,BR070,66565400004099,Savings,192547.04,INR,2022-09-11,Active 
ACC004101,CUST001260,BR100,63763500004100,Savings,61438.58,INR,2025-08-14,Active
ACC004102,CUST001494,BR148,42061400004101,Current,120440.1,INR,2025-10-18,Dormant
ACC004103,CUST001056,BR003,79415900004102,Current,70796.11,INR,2025-02-11,Active
ACC004104,CUST001990,BR087,11540700004103,Current,44913.65,INR,2018-11-30,Dormant
ACC004105,CUST003510,BR001,29593000004104,Salary,36508.7,INR,2021-07-17,Active
ACC004106,CUST004824,BR141,81224500004105,Savings,54704.14,INR,2018-05-21,Active
ACC004107,CUST002053,BR111,78521100004106,Savings,48457.56,INR,2019-08-11,Active
ACC004108,CUST000079,BR133,89144200004107,Current,69632.44,INR,2022-01-19,active
ACC004109,CUST003626,BR086,99544600004108,Savings,23305.34,INR,2018-03-27,Active
ACC004110,CUST003002,BR063,21438200004109,Current,14401.21,GBP,2026-01-09,Active
ACC004111,CUST000910,BR001,26241700004110,Salary,33782.76,INR,2023-02-19,Active
ACC004112,CUST003262,BR092,24845300004111,Savings,67953.33,INR,2026-07-06,Active
ACC004113,CUST001917,BR137,55954800004112,Savings,24506.44,INR,2019-04-11,Active
ACC004114,CUST001777,BR022,21561300004113,Salary,153186.38,INR,2022-11-07,Active
ACC004115,CUST004039,BR037,96174400004114,Savings,52405.1,EUR,2025-07-11,Active
ACC004116,CUST000884,BR080,99970600004115,Savings,115738.91,INR,2025-05-03,Active
ACC004117,CUST002096,BR081,86719800004116,Savings,36692.15,INR,2025-04-30,Active
ACC004118,CUST002152,BR064,15031500004117,Savings,19640.5,INR,2024-10-03,Active
ACC004119,CUST003987,BR023,51454200004118,Savings,1246.48,EUR,2026-06-23,Active
ACC004120,CUST000290,BR073,72559000004119,Savings,47054.86,inr,2025-06-30,Active
ACC004121,CUST000427,BR076,39778400004120,Savings,35308.93,INR,07/17/2025,Active
ACC004122,CUST000392,BR028,13585800004121,Savings,35629.34,INR,2026-06-18,Active
ACC004123,CUST004360,BR092,40472700004122,Current,,INR,2020-08-25,Active
ACC004124,CUST003985,BR130,68430800004123,Savings,62106.31,Eur,2025-02-26,Active
ACC004125,CUST001252,BR014,43660700004124,Salary,63632.05,INR,2026-03-04,Active
ACC004126,CUST002121,BR012,97262800004125,Salary,93546.54,INR,2023-01-01,Dormant
ACC004127,CUST002743,BR086,82246700004126,Savings,-59251.78,INR,2025-09-24,Active
ACC004128,CUST004477,BR118,25524300004127,Savings,101285.86,usd,2021-02-22,Active
ACC004129,CUST004291,BR016,88460600004128,Current,246228.76,INR,2024-06-12,Active
ACC004130,CUST002341,BR142,72096700004129,Savings,93343.26,INR,2026-03-09,Active
ACC004131,CUST000660,BR072,38458900004130,Savings,75408.41,inr,2020-01-28,Active
ACC004132,CUST004785,BR016,73184800004131,Savings,76540.25,INR,2017.06.13,Dormant
ACC004133,CUST001495,BR068,95584100004132,Savings,43435.27,INR,2026-04-05,Active
ACC004134,CUST004681,BR066,39424000004133,Savings,34821.7,INR,2024-04-28,Active
ACC004135,CUST002091,BR059,35551900004134,Salary,51858.56,INR,04/16/2025,Active
ACC004136,CUST004393,BR088,89517700004135,Current,35243.1,INR,2019-02-28,Active
ACC004137,CUST003986,BR038,62024300004136,Savings,42518.51,INR,17/06/2026,ACTIVE
ACC004138,CUST002915,BR149,72736800004137,Savings,33287.09,INR,2024-08-16,Active
ACC004139,CUST000827,BR043,99585000004138,Savings,53567.56,INR,2021-06-02,Dormant
ACC004140,CUST000449,BR130,29258900004139,Savings,51079.55,INR,2018-01-23,Active
ACC004141,CUST002357,BR123,79421300004140,Salary,58332.62,INR,2024-06-03,Active
ACC004142,CUST000244,BR063,22791800004141,Savings,76881.27,INR,2025-05-12,Active
ACC004143,CUST000665,BR029,29816200004142,Current,31098.6,INR,2018-01-19,Active
ACC004144,CUST000880,BR146,85853000004143,Savings,41076.26,INR,2019-08-12,Dormant
ACC004145,CUST004526,BR086,42470800004144,Savings,21252.31,INR,2026-01-05,Active
ACC004146,CUST000202,BR050,13141400004145,Savings,97436.11,INR,2022-06-29,Active
ACC004147,CUST004675,BR023,41485800004146,Current,214370.77,inr,2025-11-15,Active
ACC004148,CUST000313,BR051,88168100004147,Savings,75555.22,INR,2024-02-09,Closed
ACC004149,CUST001989,BR098,48831000004148,Salary,97275.1,USD,2021-04-27,Active
ACC004150,CUST001758,BR076,18370300004149,Salary,29683.97,INR,2015-12-31,Active
ACC004151,CUST004636,BR010,72333900004150,Savings,169198.53,USD,2026-04-15,Active
ACC004152,CUST004585,BR117,88464200004151,Current,114989.7,Inr,10/02/2016,Active
ACC004153,CUST003083,BR049,64994500004152,Savings,12213.37,INR,2023-12-07,Active
ACC004154,CUST001153,BR029,32937700004153,Savings,58076.27,INR,2022.10.16,Active
ACC004155,CUST001521,BR105,48452000004154,Savings,67633.55,INR,2025-02-06,Active
ACC004156,CUST001895,BR112,82672300004155,Salary,68422.89,INR,2026-05-02,Dormant
ACC004157,CUST004448,BR124,25694700004156,Savings,27431.31,INR,2022-06-17,Active
ACC004158,CUST002090,BR001,99940500004157,Salary,32678.78,INR,2024-08-17,Active
ACC004159,CUST002484,BR059,34909600004158,Savings,31390.19,INR,2020-07-03,Active
ACC004160,CUST000628,BR040,35294700004159,,91656.57,INR,2025-11-07,Dormant
ACC004161,CUST003415,BR088,90677700004160,Savings,65613.27,INR,2024-12-14,Closed
ACC004162,CUST004746,BR147,86162700004161,Savings,70591.63,inr,2019-01-09,Active
ACC004163,CUST003805,BR018,40382400004162,Current,38132.32,INR,2014-12-24,Active
ACC004164,CUST003772,BR099,80872600004163,Savings,31163.56,Inr,2025-04-23,Active
ACC004165,CUST004384,BR067,10242100004164,,11140.74,INR,2024-01-14,Active
ACC004166,CUST002987,BR070,80874900004165,Current,21031.46,INR,2025-10-10,Active
ACC004167,CUST002592,BR142,89712500004166,Savings,19458.26,INR,2023-01-29,Active
ACC004168,CUST002865,BR110,39438300004167,Savings,234046.71,USD,2025-12-30,Active
ACC004169,CUST000108,BR015,32692800004168,Salary,11112.05,INR,2026-02-12,Active
ACC004170,CUST001687,BR066,84429000004169,Savings,77317.95,INR,2025-08-16,Dormant
ACC004171,CUST001910,BR112,68389500004170,Savings,99257.65,INR,2016-04-03,Active
ACC004172,CUST004533,BR017,95124700004171,Savings,12894.35,GBP,2025-07-11,Active
ACC004173,CUST000272,BR076,12359700004172,Salary,96265.26,INR,2017-05-01,Active
ACC004174,CUST003036,BR075,11124900004173,Salary,59996.89,Inr,2015-12-14,Active
ACC004175,CUST002188,BR012,13175900004174,Salary,41709.14,INR,2026-04-03,Active
ACC004176,CUST003645,BR144,82634500004175,Savings,200387.54,INR,2025-03-20,Active
ACC004177,CUST000856,BR056,18715800004176,Salary,11536.21,INR,2025-08-08,Active
ACC004178,CUST001381,BR041,17684200004177,Savings,74697.7,INR,2026-01-13,Active
ACC004179,CUST001552,BR014,34839800004178,Current,,INR,2021-06-13,Active
ACC004180,CUST003708,BR008,28580500004179,Salary,59264.34,INR,2019-10-19,Active
ACC004181,CUST001900,BR030,71544000004180,Savings,177533.01,INR,2023-12-31,ACTIVE
ACC004182,CUST003658,BR112,44321400004181,Salary,36669.05,EUR,2019-11-08,Active
ACC004183,CUST004600,BR041,32636500004182,Savings,57036.61,INR,2024.12.22,Active
ACC004184,CUST000400,BR069,98848100004183,Salary,173824.47,INR,15/11/2014,Active
ACC004185,CUST000686,BR100,71834600004184,Savings,351032.17,Inr,2017-05-22,Active
ACC004186,CUST004274,BR051,75301300004185,Savings,144615.65,INR,2020.07.19,Active
ACC004187,CUST000211,BR062,71934000004186,Salary,80957.88,GBP,12/10/2024,Active
ACC004188,CUST004953,BR074,99168400004187,Savings,11522.79,INR,2025-06-05,Active
ACC004189,CUST000299,BR136,87682900004188,Savings,40148.01,INR,2023-02-16,Active
ACC004190,CUST002367,BR140,45105800004189,Savings,32632.26,INR,2025-02-27,Active
ACC004191,CUST000690,BR044,47732000004190,Salary,148755.84,INR,2026-05-06,Active
ACC004192,CUST001369,BR038,75109600004191,Salary,90373.88,INR,2024-01-14,Active
ACC004193,CUST001244,BR061,57895000004192,Savings,55307.93,INR,2024-04-10,Active
ACC004194,CUST003061,BR031,70227800004193,Savings,82449.78,INR,2026-03-19,Active
ACC004195,CUST004581,BR086,71528300004194,Savings,65827.87,INR,2024.05.25,Active
ACC004196,CUST000813,BR081,10445900004195,Savings,71577.93,INR,2025-02-08,Active
ACC004197,CUST002687,BR070,45950700004196,Savings,119072.64,Inr,2012-12-05,Active
ACC004198,CUST001676,BR070,18400500004197,Salary,21914.93,INR,2017-03-31,Active
ACC004199,CUST000016,BR129,69433300004198,Savings,61802.19,INR,2025-05-01,Active
ACC004200,CUST000711,BR023,11183300004199,Savings,14574.44,INR,2022.06.04,Active 
ACC004201,CUST001227,BR115,90461500004200,Savings,73355.02,GBP,2023-10-28,Active
ACC004202,CUST001823,BR088,52281000004201,Salary,126699.4,INR,2025-12-17,Dormant
ACC004203,CUST004684,BR119,50865200004202,Savings,82345.41,INR,2025-12-29,Active
ACC004204,CUST004506,BR087,61927900004203,Current,41781.3,Inr,2016-09-08,Active
ACC004205,CUST003391,BR116,50241200004204,Savings,61696.8,INR,2026-06-21,Active
ACC004206,CUST001180,BR091,13760200004205,Savings,21993.66,INR,2026-05-05,Active
ACC004207,CUST001693,BR107,82071900004206,Current,82787.16,INR,2026-06-24,Active
ACC004208,CUST002979,BR063,32326500004207,Savings,18959.2,INR,2022-07-06,Active
ACC004209,CUST003520,BR135,66182000004208,Savings,57173.24,INR,2022-11-03,Active
ACC004210,CUST001673,BR044,80691800004209,Savings,45617.84,INR,2022-01-12,Active
ACC004211,CUST002281,BR108,19491100004210,Salary,82366.71,INR,2023-07-13,Active
ACC004212,CUST002067,BR050,20991800004211,Current,61457.58,INR,2024-03-13,Active
ACC004213,CUST000947,BR119,11136800004212,Salary,59478.33,INR,2025-07-29,Dormant
ACC004214,CUST000747,BR126,71737900004213,Savings,8653.05,INR,2021-11-11,Active
ACC004215,CUST001232,BR028,97454500004214,Savings,67108.36,Usd,2018-08-16,Dormant
ACC004216,CUST003115,BR094,50794500004215,Savings,61771.69,INR,2024.01.15,Active
ACC004217,CUST000149,BR080,78713300004216,Savings,52223.67,INR,2025-11-30,Active
ACC004218,CUST004747,BR060,17235900004217,Savings,70002.89,USD,2025-12-25,Active
ACC004219,CUST004466,BR042,33859000004218,Savings,26571.21,INR,2023-03-27,Active
ACC004220,CUST001489,BR092,76162500004219,Savings,70264.01,INR,2024-03-26,Active
ACC004221,CUST004649,BR124,94532100004220,Salary,70189.68,GBP,2024-02-06,Active
ACC004222,CUST004996,BR053,86261700004221,Salary,22532.73,INR,2021-12-28,Dormant
ACC004223,CUST002060,BR051,20201600004222,Salary,74819.11,INR,2018-10-05,Active
ACC004224,CUST001115,BR130,57941700004223,Savings,121453.97,INR,2015-10-11,Active
ACC004225,CUST001951,BR114,76312700004224,Savings,67523.3,INR,2025-05-29,Active
ACC004226,CUST002324,BR110,59026700004225,Savings,21882.86,INR,2026-02-12,Active
ACC004227,CUST000205,BR089,34914900004226,Salary,95643.51,INR,2017-04-23,Active
ACC004228,CUST000284,BR016,14993600004227,Savings,21383.24,EUR,2025-12-23,Active
ACC004229,CUST000249,BR023,67500200004228,Savings,31467.79,INR,2023-10-15,Active
ACC004230,CUST004504,BR009,95701700004229,Current,22844.42,INR,2019.04.01,Active
ACC004231,CUST003733,BR048,18870900004230,Savings,56012.42,INR,2022-07-10,Active
ACC004232,CUST003226,BR006,89047400004231,Current,176086.84,INR,2023-03-11,Active
ACC004233,CUST003608,BR071,82419600004232,Savings,44955.43,INR,2026-07-22,Dormant
ACC004234,CUST002191,BR005,99396400004233,Savings,37310.99,INR,2025-04-26,Active
ACC004235,CUST002401,BR150,40354700004234,Salary,249745.26,INR,2020-11-07,Active
ACC004236,CUST004485,BR075,76505800004235,Savings,50959.05,INR,2025-04-22,Active
ACC004237,CUST001527,BR002,30952800004236,Savings,32283.62,INR,2019-10-24,Active
ACC004238,CUST004322,BR028,65985100004237,,22518.4,INR,2024-01-27,Active
ACC004239,CUST002295,BR029,19280700004238,Savings,56884.46,INR,2026-05-07,Active
ACC004240,CUST002809,BR102,88612200004239,Savings,51524.91,INR,2025-04-25,Active
ACC004241,CUST001035,BR116,53254400004240,Savings,146196.18,INR,2024-09-21,Active
ACC004242,CUST002944,BR073,94364000004241,Savings,53337.47,EUR,2026-03-06,Active
ACC004243,CUST001531,BR110,86431100004242,Savings,6432.08,GBP,2026-05-02,Active
ACC004244,CUST002810,BR015,92770000004243,Salary,,INR,2024-10-16,Active
ACC004245,CUST000432,BR048,73164900004244,Savings,21756.38,INR,2024-09-30,Active
ACC004246,CUST000745,BR001,13255600004245,Salary,41563.47,USD,2024-05-09,Active
ACC004247,CUST000481,BR062,97653700004246,Savings,48189.89,INR,2023-06-18,Active
ACC004248,CUST002595,BR006,79568500004247,Savings,34851.38,INR,2026-06-12,Active
ACC004249,CUST001130,BR119,36428900004248,Savings,32996.22,inr,2022.09.13,Active
ACC004250,CUST000005,BR081,43357600004249,Savings,30512.4,INR,2023-10-06,Active
ACC004251,CUST004783,BR113,80452600004250,Current,63097.51,Inr,2017.01.28,Active
ACC004252,CUST002864,BR088,83200700004251,Savings,53310.38,EUR,2021-05-20,Active
ACC004253,CUST000391,BR006,23263400004252,,49220.22,INR,2025-12-16,Dormant
ACC004254,CUST003422,BR053,15410600004253,Savings,175341.53,Eur,2024-11-07,Active
ACC004255,CUST001071,BR002,70418000004254,Current,72666.29,inr,2026-03-31,Active
ACC004256,CUST001411,BR012,57003600004255,Salary,83337.42,INR,15/11/2025,Active
ACC004257,CUST004789,BR142,65833400004256,Savings,65070.96,INR,2024-01-15,Active
ACC004258,CUST001387,BR141,98220700004257,Current,19623.86,INR,2026-04-22,Active
ACC004259,CUST004099,BR018,69229500004258,Savings,7924.3,INR,2024-11-11,Active
ACC004260,CUST002388,BR061,64190100004259,Savings,,INR,2026-05-08,Active
ACC004261,CUST004338,BR044,19543900004260,Salary,-55133.27,INR,2023-05-02,Active
ACC004262,CUST000933,BR065,14995300004261,Salary,65782.21,INR,2025-10-12,Active
ACC004263,CUST003296,BR092,95066600004262,Savings,28715.43,INR,2021-12-05,Active
ACC004264,CUST004768,BR058,96399300004263,Savings,117305.93,INR,2025-04-13,Active
ACC004265,CUST002615,BR122,86248900004264,Savings,24747.64,INR,2023-08-29,Active
ACC004266,CUST002064,BR009,35390100004265,Savings,53634.61,INR,2025-04-22,Active
ACC004267,CUST000810,BR088,85902200004266,Current,75265.96,INR,2024-10-09,Dormant
ACC004268,CUST003667,BR107,93596200004267,Salary,69663.69,INR,2026-07-18,Active
ACC004269,CUST004182,BR084,13409900004268,Savings,238874.23,Inr,2026-07-22,Active
ACC004270,CUST002279,BR100,30635700004269,Salary,87787.55,INR,2022-09-22,Active
ACC004271,CUST001762,BR093,28880300004270,Salary,66025.03,inr,19/06/2025,Active
ACC004272,CUST004312,BR025,54110000004271,Savings,127165.45,INR,2026-03-13,Active
ACC004273,CUST000240,BR119,79131600004272,Savings,105978.21,INR,2016-11-25,Active
ACC004274,CUST000820,BR041,21497800004273,Savings,,INR,2024-01-15,Active
ACC004275,CUST003746,BR027,40471200004274,Salary,51955.82,INR,2022-09-12,Active
ACC004276,CUST002755,BR083,89257600004275,Savings,99725.15,INR,2024-02-22,Active
ACC004277,CUST004408,BR096,27010700004276,Savings,81542.97,INR,2021-02-11,Active
ACC004278,CUST003616,BR057,69739300004277,Salary,47747.07,INR,2024.02.27,Active
ACC004279,CUST003748,BR010,45337800004278,Savings,139321.26,INR,2018-02-23,Active
ACC004280,CUST004867,BR150,19874400004279,Salary,200290.27,INR,2021-02-24,Active
ACC004281,CUST001453,BR122,37002500004280,Salary,39793.91,INR,2024-04-17,Active
ACC004282,CUST003465,BR075,86029200004281,Savings,245073.76,inr,2025-08-13,Active
ACC004283,CUST001292,BR053,57781400004282,Salary,108594.69,INR,2014-09-02,Active
ACC004284,CUST000308,BR133,99307600004283,Salary,71504.3,USD,2019-07-21,Dormant
ACC004285,CUST002560,BR054,52833500004284,Savings,117737.02,GBP,2024-12-26,Active
ACC004286,CUST002353,BR031,95727900004285,Salary,25282.5,INR,2022-02-21,Active
ACC004287,CUST000020,BR038,12464700004286,Savings,109095.26,INR,2024-03-09,Active
ACC004288,CUST001159,BR084,13845700004287,Salary,69079.81,Inr,2026-04-04,ACTIVE
ACC004289,CUST001834,BR113,94250200004288,Salary,129619.96,INR,2023-01-15,Active
ACC004290,CUST002509,BR049,81438400004289,Salary,105445.26,INR,2025-01-14,Active
ACC004291,CUST004568,BR029,99750800004290,Salary,162033.1,INR,2019-10-22,Active
ACC004292,CUST003359,BR141,93260500004291,Salary,27882.18,INR,2022-10-22,Active
ACC004293,CUST002232,BR015,69037800004292,Savings,98788.15,GBP,2022-06-26,Active
ACC004294,CUST001874,BR083,99509400004293,Savings,39875.05,EUR,2024-09-07,Active
ACC004295,CUST001384,BR027,10039900004294,Savings,95517.68,INR,2026-01-14,Active
ACC004296,CUST002495,BR099,94875100004295,Savings,78487.51,INR,2026-07-02,Active
ACC004297,CUST000705,BR057,65609000004296,Salary,47258.78,INR,2024-11-02,Active
ACC004298,CUST002251,BR012,88851400004297,Savings,42454.67,INR,2019-08-23,Active
ACC004299,CUST001730,BR026,64474600004298,Savings,19453.84,INR,2023-11-20,Active
ACC004300,CUST004055,BR074,91384700004299,Savings,119365.92,INR,2026-07-15,Active
ACC004301,CUST004871,BR022,66349400004300,Salary,85642.3,INR,2019-10-16,Active
ACC004302,CUST000361,BR087,29364700004301,Savings,58011.25,INR,2018-12-22,Active
ACC004303,CUST001509,BR121,58681900004302,Salary,80578.48,INR,2022-10-07,Active
ACC004304,CUST000530,BR044,96034200004303,Savings,,INR,2023-12-28,Active 
ACC004305,CUST002144,BR141,69059300004304,Savings,55529.77,INR,2023-07-11,Active
ACC004306,CUST000150,BR111,79243200004305,Savings,50333.98,INR,2023-07-15,Active
ACC004307,CUST000786,BR013,64137200004306,Salary,44031.13,INR,2018-08-05,Active
ACC004308,CUST003130,BR070,37531000004307,Savings,98201.45,INR,2026-06-18,Active
ACC004309,CUST000226,BR084,46319100004308,Savings,35175.23,INR,2024-04-20,Active
ACC004310,CUST001510,BR085,51026100004309,Savings,58761.57,INR,2025-08-28,Active
ACC004311,CUST002069,BR070,77139500004310,Savings,39772.77,INR,2025-06-06,Dormant
ACC004312,CUST000479,BR055,38673000004311,Savings,88015.5,USD,2026-07-08,Closed
ACC004313,CUST004564,BR086,50505400004312,Savings,69784.79,INR,2026-07-13,Active
ACC004314,CUST004146,BR102,72290600004313,Savings,101496.83,INR,2023-07-07,Active
ACC004315,CUST002418,BR128,19321400004314,Current,17035.8,INR,2024-05-22,Active
ACC004316,CUST003680,BR016,21343000004315,Savings,41997.06,USD,2024-09-12,Active
ACC004317,CUST004556,BR021,18789200004316,Savings,64412.15,INR,2014-10-24,Active
ACC004318,CUST004308,BR076,37777000004317,Salary,98969.45,inr,2020-08-30,Closed
ACC004319,CUST004169,BR064,66631500004318,Current,61790.37,GBP,2025-02-26,Active
ACC004320,CUST002340,BR135,75103400004319,Salary,63215.13,INR,2020-10-30,Active
ACC004321,CUST003596,BR087,53753800004320,Savings,124403.62,INR,2020-02-20,Active
ACC004322,CUST003767,BR036,81040800004321,Savings,43749.47,INR,2024-04-08,Active
ACC004323,CUST003043,BR128,20786900004322,Savings,84916.31,INR,2023-06-06,Active
ACC004324,CUST001318,BR131,54850700004323,Savings,102643.87,INR,2021-11-17,Active
ACC004325,CUST002582,BR007,87179200004324,Savings,33581.06,INR,2026-07-01,Dormant
ACC004326,CUST001997,BR133,65081500004325,Savings,53212.73,INR,2017-11-09,Closed
ACC004327,CUST003888,BR055,12840000004326,Savings,94472.5,gbp,2025-11-14,Active
ACC004328,CUST003005,BR035,77282500004327,Savings,,INR,2025-12-11,Active
ACC004329,CUST002192,BR018,80530000004328,Savings,83417.86,GBP,2016-09-25,Active
ACC004330,CUST001737,BR013,52649200004329,Savings,53530.86,INR,2023-10-05,Active
ACC004331,CUST001030,BR009,70127700004330,Savings,166840.7,INR,2016-04-15,Active
ACC004332,CUST002614,BR115,65973500004331,Savings,,INR,2026-04-04,Active
ACC004333,CUST001772,BR136,34827900004332,Savings,35667.05,INR,2024-11-01,Active
ACC004334,CUST003449,BR144,21605800004333,Current,71026.78,GBP,2025-10-26,Active
ACC004335,CUST003931,BR077,70855600004334,Savings,46508.76,INR,2024-07-30,Active
ACC004336,CUST004054,BR039,95932100004335,Savings,69196.39,INR,2024-10-22,Closed
ACC004337,CUST003087,BR134,40234000004336,Savings,127209.69,INR,2021-12-18,Active
ACC004338,CUST004388,BR137,29325800004337,Current,48624.08,INR,12/18/2020,Dormant
ACC004339,CUST001091,BR061,15222200004338,Savings,53916.56,INR,2022.05.27,Active
ACC004340,CUST002373,BR032,50569300004339,Savings,12811.0,INR,2025-07-16,Dormant
ACC004341,CUST002011,BR126,14723700004340,Savings,73015.05,inr,2025-05-23,Active
ACC004342,CUST001792,BR054,91816400004341,Salary,50812.83,INR,2021-06-18,Active
ACC004343,CUST004748,BR081,79636200004342,Savings,105003.7,INR,2018-08-17,Dormant
ACC004344,CUST004968,BR133,44355400004343,Savings,28027.35,INR,2026-05-31,Active
ACC004345,CUST003255,BR025,48751700004344,Current,94740.7,INR,2024-05-08,Active
ACC004346,CUST002968,BR046,29043300004345,Savings,89165.56,INR,2016-07-09,Dormant
ACC004347,CUST000608,BR032,76509900004346,Savings,72185.25,inr,2025-05-07,Active
ACC004348,CUST001206,BR114,86274900004347,Salary,164653.19,INR,2025-07-24,Active
ACC004349,CUST001009,BR018,82059100004348,Salary,221821.26,INR,2025-09-27,Active 
ACC004350,CUST000107,BR023,20413500004349,Savings,131001.04,INR,2017-04-14,Active
ACC004351,CUST002662,BR050,53671400004350,Current,9943.5,INR,14/02/2025,Active
ACC004352,CUST004370,BR057,83725500004351,Savings,36760.51,INR,2026-06-05,Dormant
ACC004353,CUST000251,BR112,33273200004352,Current,24549.42,Inr,2025-03-24,Active
ACC004354,CUST002115,BR142,22158800004353,Current,31165.85,INR,2026-06-14,Active
ACC004355,CUST003054,BR090,67504100004354,Current,136434.15,INR,2023-09-23,Active
ACC004356,CUST000502,BR034,12455300004355,Savings,194186.29,INR,2022-02-16,Dormant
ACC004357,CUST003702,BR100,35609300004356,Savings,133301.06,GBP,2026-06-19,Active
ACC004358,CUST000653,BR106,28783000004357,Current,83461.89,INR,2024-12-16,Active
ACC004359,CUST000162,BR013,50729700004358,,25892.3,INR,2026-07-19,Closed
ACC004360,CUST002808,BR138,39410700004359,Salary,60687.53,INR,2025-03-06,Active
ACC004361,CUST001772,BR077,76381200004360,Savings,108945.48,INR,2017-07-07,Active
ACC004362,CUST002873,BR118,46451100004361,Salary,218155.36,INR,2026-04-24,Active
ACC004363,CUST002668,BR008,48039500004362,Savings,147354.07,INR,2026-06-06,Active
ACC004364,CUST000530,BR143,82030700004363,Savings,47192.95,INR,2022-10-22,ACTIVE
ACC004365,CUST002865,BR146,27852300004364,Salary,51773.46,INR,2026-05-28,Active
ACC004366,CUST001188,BR142,88526700004365,Savings,57550.41,INR,2023-06-05,Active
ACC004367,CUST001419,BR080,69679000004366,Savings,104259.9,INR,2024-08-10,Active
ACC004368,CUST001286,BR018,41847000004367,Savings,32468.59,INR,2019-05-26,Dormant
ACC004369,CUST002075,BR068,40579900004368,Savings,64425.92,INR,2020-08-21,active
ACC004370,CUST003824,BR091,25063100004369,Salary,84913.1,INR,2026-05-13,Active
ACC004371,CUST002199,BR068,14540400004370,Salary,101766.03,INR,2016-07-31,Active
ACC004372,CUST000067,BR065,45274600004371,Current,70523.24,INR,2017-02-04,Active
ACC004373,CUST002620,BR053,51244400004372,Savings,61894.76,INR,2024-04-28,Active
ACC004374,CUST002908,BR103,79587800004373,Savings,107289.52,INR,2024-05-05,Active
ACC004375,CUST004613,BR086,61536800004374,Salary,84082.43,INR,2014-03-13,Active
ACC004376,CUST000756,BR112,96389000004375,Savings,123690.83,INR,2026.02.11,Active
ACC004377,CUST001955,BR013,12011700004376,Savings,47375.04,INR,2026.01.10,Active 
ACC004378,CUST001540,BR037,36926400004377,Savings,224880.3,INR,2021-09-30,Active
ACC004379,CUST004954,BR132,75859100004378,Salary,134316.46,INR,2025-11-14,Active
ACC004380,CUST003266,BR120,12954500004379,Savings,132724.53,INR,2023-02-10,Active
ACC004381,CUST001826,BR102,24144200004380,Savings,51950.51,INR,2025-10-02,Active
ACC004382,CUST001860,BR062,89071300004381,Salary,31655.05,INR,2026-06-29,Dormant
ACC004383,CUST000178,BR065,90151600004382,Savings,21786.13,INR,2024-11-16,Active
ACC004384,CUST003305,BR099,39847200004383,Savings,296268.39,INR,2023-09-23,Active
ACC004385,CUST002065,BR116,24411500004384,Savings,147232.13,Inr,2026-07-20,Active
ACC004386,CUST000130,BR065,67867500004385,Savings,47409.07,INR,2021.09.26,Active
ACC004387,CUST002784,BR135,42262900004386,Salary,31270.26,GBP,2025-01-21,Active
ACC004388,CUST004957,BR052,22754000004387,Savings,99109.53,INR,2015-04-03,Active
ACC004389,CUST002698,BR049,49915900004388,Savings,58080.06,INR,2026-03-01,Dormant
ACC004390,CUST002116,BR105,50903300004389,Savings,109478.3,INR,2024-10-03,Active
ACC004391,CUST001112,BR119,50826600004390,Savings,-44962.4,INR,2025-08-28,Active 
ACC004392,CUST001265,BR082,48684900004391,Savings,78064.66,INR,2022-08-05,Active
ACC004393,CUST002948,BR143,74355300004392,Savings,110437.49,INR,2026-05-25,Active
ACC004394,CUST002313,BR128,64457300004393,Savings,225656.91,INR,2025-10-12,Active
ACC004395,CUST001973,BR032,88836500004394,Savings,89024.54,Inr,2025.11.24,Active
ACC004396,CUST000500,BR118,65563500004395,Savings,39475.13,inr,04/06/2022,Active
ACC004397,CUST003366,BR122,90861000004396,Savings,3788.66,INR,2023-06-05,Active
ACC004398,CUST000165,BR131,51180600004397,Current,61794.41,INR,2025-10-15,Active
ACC004399,CUST800038,BR079,44151100004398,Savings,78178.66,INR,2025-11-02,Active
ACC004400,CUST004135,BR115,97892400004399,Savings,99320.85,INR,2016-04-22,active
ACC004401,CUST002763,BR109,10168200004400,Savings,211343.0,EUR,2017-07-24,Dormant
ACC004402,CUST002524,BR138,97276100004401,Savings,84199.99,INR,2025-05-09,Active
ACC004403,CUST002169,BR045,41108100004402,Current,156051.63,INR,2019-06-24,Active
ACC004404,CUST004318,BR024,28733000004403,Savings,113017.34,INR,2022-10-10,Active
ACC004405,CUST004911,BR115,80242600004404,,53565.86,USD,2020.04.22,Dormant
ACC004406,CUST003632,BR097,50221700004405,Savings,77833.79,INR,2024.07.17,Active
ACC004407,CUST004057,BR147,92576300004406,Savings,161386.51,INR,2026-04-18,Active
ACC004408,CUST004568,BR013,50575300004407,,17039.73,INR,2016-12-08,Active
ACC004409,CUST003581,BR006,98673400004408,Savings,75812.94,INR,20/09/2025,Active
ACC004410,CUST000317,BR075,47188900004409,Savings,22447.25,INR,2023-11-01,Active
ACC004411,CUST004544,BR092,26255800004410,Savings,35969.66,INR,2020-08-19,Closed
ACC004412,CUST002282,BR130,13031400004411,Current,168302.03,INR,2021-11-18,Active
ACC004413,CUST000686,BR101,42946700004412,Savings,30265.36,INR,2023-08-09,Active
ACC004414,CUST004159,BR109,64146300004413,Salary,15910.95,INR,2024-02-19,Active
ACC004415,CUST003799,BR059,69063800004414,Savings,72151.3,INR,2015-03-23,Active
ACC004416,CUST004547,BR088,34999800004415,Salary,98977.87,INR,2024-11-13,Active
ACC004417,CUST000778,BR022,57049100004416,Savings,11902.15,inr,2023-04-09,Active
ACC004418,CUST000324,BR105,11010700004417,Savings,226665.41,INR,2025-02-24,Active
ACC004419,CUST001216,BR022,70478200004418,Savings,59412.05,INR,2016-11-28,Active
ACC004420,CUST002264,BR026,71128800004419,Savings,106949.33,INR,2015-07-31,Active
ACC004421,CUST000065,BR025,11858000004420,Savings,32412.9,INR,2021.07.16,Active
ACC004422,CUST001102,BR140,87876200004421,Current,104967.29,INR,2019-03-23,Active
ACC004423,CUST001553,BR027,77071500004422,Current,65533.94,INR,2020-06-12,Active
ACC004424,CUST003682,BR032,13023100004423,Savings,83530.73,INR,2026-03-21,Active
ACC004425,CUST003359,BR150,16678300004424,Current,118252.33,INR,2025-08-27,Active
ACC004426,CUST000099,BR026,84456800004425,Current,104051.2,EUR,2022-12-14,Active
ACC004427,CUST000514,BR082,85676000004426,Salary,26281.99,INR,2025-03-18,Active
ACC004428,CUST003868,BR022,65089600004427,Savings,21079.42,INR,2023-07-06,Active
ACC004429,CUST003561,BR068,38500700004428,Savings,114820.55,Inr,2025-10-30,Active
ACC004430,CUST000900,BR141,40033600004429,Salary,56883.64,EUR,2025-09-28,Active
ACC004431,CUST003475,BR050,53344200004430,Savings,79334.71,INR,06/27/2013,Active
ACC004432,CUST004032,BR070,62962900004431,Current,82681.98,INR,2025-10-31,Active
ACC004433,CUST001175,BR132,72341700004432,Savings,138741.03,INR,2024-12-08,Active
ACC004434,CUST800039,BR080,55902200004433,Salary,59999.64,Inr,2025-10-19,Active
ACC004435,CUST001723,BR143,50373600004434,Current,86433.74,USD,06/02/2015,Dormant
ACC004436,CUST002097,BR057,68068300004435,Salary,72406.03,INR,2022.03.08,Active
ACC004437,CUST004697,BR035,90099900004436,Current,33491.24,EUR,2015-02-18,Active
ACC004438,CUST002350,BR005,56703500004437,Savings,69328.33,INR,2022-07-11,Active
ACC004439,CUST001195,BR060,54688400004438,Savings,36046.49,INR,2023-05-30,Dormant
ACC004440,CUST001163,BR010,48889500004439,Salary,,INR,2026.05.24,Active
ACC004441,CUST000914,BR087,91564300004440,Current,85205.17,INR,2019-09-10,Active
ACC004442,CUST003811,BR003,12148500004441,Savings,30951.65,EUR,2025-12-31,Active
ACC004443,CUST004123,BR016,19766400004442,Savings,6150.91,INR,2019-10-18,Dormant
ACC004444,CUST002882,BR081,41854100004443,Current,68712.27,INR,2025-10-08,ACTIVE
ACC004445,CUST004437,BR092,48121900004444,Savings,79771.43,INR,2026-06-17,Active
ACC004446,CUST002597,BR030,39016700004445,Current,48796.96,GBP,2025-08-29,Active
ACC004447,CUST000376,BR112,46783700004446,Salary,170722.61,INR,2025-07-05,Active
ACC004448,CUST000596,BR061,28043100004447,Savings,80358.67,INR,2017-11-16,Active
ACC004449,CUST003958,BR029,91460500004448,Savings,40720.64,INR,2023-10-04,Active
ACC004450,CUST001913,BR070,35805700004449,Salary,29151.46,INR,2023-06-17,Active
ACC004451,CUST004338,BR139,24827700004450,Savings,-31627.89,INR,2025-09-18,Active
ACC004452,CUST001965,BR080,97179200004451,Salary,32046.68,INR,2017-11-05,Active
ACC004453,CUST003958,BR129,97969600004452,Savings,20028.46,INR,2022-04-01,Active
ACC004454,CUST002171,BR134,29784400004453,Savings,111682.22,INR,2023-09-22,Active
ACC004455,CUST003536,BR034,34288500004454,Savings,127575.99,INR,2019-06-15,Active
ACC004456,CUST000184,BR007,18869900004455,Savings,157311.27,INR,2024-08-09,Active
ACC004457,CUST003880,BR101,40517400004456,Salary,17344.55,INR,2025-09-18,Active
ACC004458,CUST000104,BR075,87999600004457,Current,155568.1,INR,2024-12-03,Active
ACC004459,CUST003331,BR054,29241800004458,Savings,58853.59,INR,2026.07.01,Active
ACC004460,CUST003500,BR020,56305600004459,Savings,87823.49,INR,2020.07.14,Active
ACC004461,CUST004053,BR023,72053600004460,Current,101882.92,INR,2024-12-09,Active
ACC004462,CUST002690,BR139,92802800004461,Savings,65964.5,INR,2025-06-04,Active
ACC004463,CUST003813,BR022,26545900004462,Savings,162046.83,INR,2022-06-14,Active
ACC004464,CUST004388,BR138,13319800004463,Current,215539.57,INR,2020-10-23,Active
ACC004465,CUST001164,BR040,66565100004464,Savings,127610.35,INR,2024.11.23,Active
ACC004466,CUST001931,BR021,59220700004465,Savings,125368.38,INR,2026-07-05,Active
ACC004467,CUST003361,BR078,16318500004466,Savings,148611.44,USD,2024-05-16,Active
ACC004468,CUST004604,BR018,37660200004467,Savings,63391.71,inr,2018-07-09,Dormant
ACC004469,CUST003440,BR041,46396700004468,Savings,33604.04,USD,2020-08-06,Active
ACC004470,CUST001370,BR017,42204500004469,Savings,6628.79,INR,2022-08-27,Active
ACC004471,CUST002458,BR003,81153900004470,Savings,78934.64,Inr,2020-10-09,Active
ACC004472,CUST001794,BR015,76781300004471,Salary,50239.1,inr,2025-11-09,Active
ACC004473,CUST002263,BR146,58911300004472,Savings,37341.56,inr,2025.09.15,Active
ACC004474,CUST004159,BR024,76859600004473,Current,11647.89,INR,15/09/2017,Active
ACC004475,CUST002335,BR034,58055500004474,Savings,20813.95,INR,2023-11-20,Dormant
ACC004476,CUST003715,BR024,52712100004475,Savings,155763.79,INR,2026-07-30,Active
ACC004477,CUST004484,BR012,65159700004476,Savings,137446.99,INR,2022-08-12,Active
ACC004478,CUST000056,BR025,13133900004477,Current,192393.83,INR,2019-06-12,Active
ACC004479,CUST002913,BR016,10556400004478,Savings,15555.81,INR,04/09/2021,Active
ACC004480,CUST000142,BR023,94108300004479,Savings,48068.08,INR,2025-08-29,Active
ACC004481,CUST003740,BR069,66420900004480,Salary,43016.44,INR,2023-04-21,Active
ACC004482,CUST003579,BR057,10749500004481,Savings,99356.24,INR,2020-06-24,Active
ACC004483,CUST002844,BR027,92966500004482,Salary,39218.44,INR,2023-10-11,Active
ACC004484,CUST000898,BR039,57485900004483,Savings,34698.34,INR,07/04/2025,Active
ACC004485,CUST003628,BR070,47799800004484,Salary,36368.73,INR,2025-01-11,Active
ACC004486,CUST004706,BR063,28149600004485,Current,65724.9,INR,2017-03-05,Active
ACC004487,CUST004322,BR019,73675200004486,Savings,80068.06,Usd,2026-05-31,Active
ACC004488,CUST003530,BR135,54562900004487,Savings,55354.17,INR,03/05/2025,active
ACC004489,CUST000114,BR059,95872000004488,Salary,46019.02,INR,2026-03-20,Active
ACC004490,CUST001545,BR053,17057300004489,Savings,,INR,2016-11-06,Active
ACC004491,CUST004756,BR087,77147300004490,Savings,25918.46,INR,2025-04-28,Closed
ACC004492,CUST000894,BR043,12039000004491,Savings,44326.5,INR,2025-02-04,Active
ACC004493,CUST001535,BR094,64904200004492,Savings,87346.48,INR,2019-10-03,Dormant
ACC004494,CUST001800,BR138,86103000004493,Savings,66817.79,INR,2019-06-12,Closed
ACC004495,CUST002873,BR127,62227100004494,Savings,112683.13,INR,2026-02-09,Active
ACC004496,CUST001569,BR049,29608800004495,Salary,28912.0,INR,05/09/2024,Active
ACC004497,CUST002695,BR015,57835600004496,Savings,7046.23,Inr,2026-01-09,Active
ACC004498,CUST002712,BR019,32952800004497,Current,55170.52,INR,2023-06-11,Active
ACC004499,CUST000272,BR032,55010700004498,Salary,133371.14,INR,2024-05-07,Active
ACC004500,CUST000499,BR093,11693200004499,Savings,124214.53,INR,2021-06-29,Active
ACC004501,CUST002924,BR074,94345700004500,Salary,90621.38,INR,2025-07-24,Active
ACC004502,CUST000318,BR043,82914000004501,Savings,42169.06,INR,2026-04-05,Active
ACC004503,CUST000924,BR030,11928800004502,Savings,53485.91,INR,2026-06-23,Active
ACC004504,CUST003526,BR078,60699600004503,Savings,84152.19,INR,2026-06-30,Active
ACC004505,CUST003074,BR145,56989800004504,Savings,76284.16,INR,2022-05-19,Active
ACC004506,CUST000017,BR116,82886800004505,Savings,120179.36,INR,2025-02-20,Active
ACC004507,CUST002108,BR039,40801000004506,Savings,,INR,2026-01-11,Active
ACC004508,CUST002926,BR085,49812700004507,Savings,68240.82,INR,2022-08-15,Active
ACC004509,CUST004069,BR077,41497100004508,Salary,110737.25,INR,2020-03-31,Active
ACC004510,CUST001346,BR122,67665500004509,Salary,48403.27,INR,2026-03-11,Active
ACC004511,CUST001133,BR052,43206500004510,Current,40699.39,INR,2021-01-16,Active
ACC004512,CUST002098,BR052,57490900004511,Savings,37914.95,INR,2026-07-24,Closed
ACC004513,CUST000319,BR068,15724300004512,Salary,100755.98,INR,2026.03.27,Active
ACC004514,CUST001747,BR026,79886100004513,Salary,54235.7,INR,2023-05-30,Active
ACC004515,CUST002244,BR131,22575900004514,Salary,205590.15,INR,2026-04-09,Active
ACC004516,CUST002482,BR060,40750700004515,Current,55009.38,INR,2026-05-01,Active
ACC004517,CUST002630,BR130,70876300004516,Savings,195942.54,INR,2018-05-13,Active
ACC004518,CUST001365,BR062,20452500004517,Salary,172127.85,USD,2017-07-22,Active
ACC004519,CUST004815,BR102,68361800004518,Savings,17638.88,INR,2025-06-18,Active
ACC004520,CUST000896,BR108,31055900004519,Current,34585.78,Eur,2026-06-04,Dormant
ACC004521,CUST003299,BR119,96527300004520,Savings,132348.69,INR,2024-08-22,Active
ACC004522,CUST004792,BR104,60115400004521,Savings,19617.49,INR,2026-02-22,Active
ACC004523,CUST002016,BR104,59657900004522,Salary,49981.43,INR,2019-07-02,Active
ACC004524,CUST004856,BR047,34971900004523,,33350.8,INR,2026-03-19,Active
ACC004525,CUST000762,BR010,86543900004524,Current,127647.52,Inr,2021-11-23,Active
ACC004526,CUST003873,BR140,24973800004525,Savings,157087.61,INR,2022-05-03,Active
ACC004527,CUST000311,BR127,69715900004526,Savings,148853.8,INR,31/07/2024,ACTIVE
ACC004528,CUST003004,BR042,89792300004527,Savings,86687.37,INR,2024-06-29,Dormant
ACC004529,CUST004788,BR004,56474700004528,Salary,102286.43,INR,2025-02-11,Active
ACC004530,CUST003325,BR150,38997000004529,Savings,200828.25,INR,2026-05-28,Active
ACC004531,CUST004181,BR013,81401200004530,Savings,57022.98,INR,2024-12-12,Active
ACC004532,CUST001337,BR005,13180000004531,Savings,69438.78,INR,2026-04-18,Active
ACC004533,CUST003448,BR149,27812700004532,Savings,16053.31,INR,2026-01-06,Active
ACC004534,CUST000283,BR102,61754000004533,Savings,11135.53,INR,2026-06-19,Active
ACC004535,CUST004435,BR091,35688100004534,Salary,115647.93,GBP,2019.10.28,Active
ACC004536,CUST003669,BR094,76907900004535,Salary,276622.86,GBP,2024-03-11,Active
ACC004537,CUST003627,BR112,20303400004536,Savings,94095.61,Inr,2025-08-16,Active
ACC004538,CUST001033,BR088,25375000004537,Savings,47113.68,inr,2025-08-23,Active
ACC004539,CUST003621,BR113,78783500004538,Salary,181458.4,INR,2026-03-13,Active
ACC004540,CUST004127,BR117,54838200004539,Savings,121065.52,INR,2026-07-09,Active
ACC004541,CUST004594,BR032,80421700004540,Current,92017.59,INR,2019-04-27,Active
ACC004542,CUST001769,BR089,19485500004541,Savings,116067.95,INR,09/04/2025,Active
ACC004543,CUST002002,BR050,54434400004542,Savings,83014.12,INR,2019-02-16,Active
ACC004544,CUST001823,BR092,27435400004543,Savings,134836.25,INR,2026-01-27,Active
ACC004545,CUST003129,BR026,83941800004544,Savings,24236.73,INR,2024-09-06,Active
ACC004546,CUST000184,BR132,33255000004545,Savings,,INR,2023-03-16,Active 
ACC004547,CUST002118,BR040,72995300004546,Savings,49343.9,INR,2020-02-25,Active
ACC004548,CUST003241,BR029,81603200004547,Savings,8175.01,INR,2013-07-28,Active 
ACC004549,CUST000872,BR019,72896700004548,Salary,90846.0,INR,2024-09-14,Active
ACC004550,CUST004118,BR080,26306100004549,Savings,105835.92,INR,2026-04-01,Active
ACC004551,CUST000552,BR054,23696500004550,,162505.27,INR,2025-10-22,Active
ACC004552,CUST004269,BR107,18343100004551,Savings,40430.87,INR,2026-06-26,Active
ACC004553,CUST800040,BR063,85516900004552,Savings,69335.14,INR,2026-07-20,Active
ACC004554,CUST003501,BR047,43337600004553,Savings,106139.15,inr,2014-12-20,Active
ACC004555,CUST000784,BR048,27140700004554,Savings,,INR,01/10/2025,Active
ACC004556,CUST002284,BR033,98446500004555,Salary,6281.62,INR,2025-01-23,Active
ACC004557,CUST004580,BR105,32085500004556,Savings,19832.47,Inr,2018-12-17,Active
ACC004558,CUST001332,BR020,58561400004557,Savings,74552.15,USD,2025-09-28,Active
ACC004559,CUST003515,BR137,71365100004558,Savings,78367.51,INR,2018-02-11,Active
ACC004560,CUST001136,BR040,57438800004559,Savings,45864.75,INR,2026-05-24,Active
ACC004561,CUST002874,BR002,55030500004560,Current,39178.07,INR,2023-12-29,Active
ACC004562,CUST003264,BR100,81473400004561,Salary,49155.61,INR,2024-03-07,Active
ACC004563,CUST004749,BR107,16413800004562,Savings,38109.28,INR,2023-07-26,Active
ACC004564,CUST000788,BR093,52317700004563,Savings,55873.49,INR,2023-11-30,Active
ACC004565,CUST003993,BR055,94215600004564,Current,206382.62,INR,2020-08-27,Active
ACC004566,CUST004063,BR026,74828900004565,Current,205073.74,INR,2018-05-19,active
ACC004567,CUST003825,BR131,52919400004566,Salary,75399.4,GBP,2026-07-02,Dormant
ACC004568,CUST002705,BR074,15983500004567,Current,28158.76,INR,2024-06-30,ACTIVE
ACC004569,CUST004802,BR072,46155200004568,Savings,73148.88,INR,2023-07-22,Active
ACC004570,CUST002421,BR033,34907500004569,Salary,36779.17,INR,04/02/2025,Active
ACC004571,CUST002493,BR118,31979400004570,Savings,58734.03,INR,2026-03-08,Dormant
ACC004572,CUST003383,BR141,48290000004571,Savings,127773.01,INR,2025-10-23,Active
ACC004573,CUST002890,BR097,30058100004572,Salary,43693.28,INR,2018-01-14,Active
ACC004574,CUST003545,BR109,39911800004573,Savings,99911.85,INR,2024-02-17,Active
ACC004575,CUST002655,BR107,53310100004574,Savings,48700.58,INR,2022-05-10,Dormant
ACC004576,CUST002783,BR026,12988700004575,Savings,128752.73,INR,2026-06-01,Active
ACC004577,CUST000418,BR070,21244400004576,Savings,69218.08,INR,2014.12.04,Active
ACC004578,CUST002160,BR044,54490400004577,Savings,128819.15,INR,2017-02-26,Active
ACC004579,CUST003978,BR061,30795500004578,Salary,31976.29,INR,2021-02-09,Dormant
ACC004580,CUST001873,BR128,33872000004579,Current,108932.12,INR,03/31/2021,Active
ACC004581,CUST002905,BR125,38479100004580,Salary,-63681.24,INR,2025-11-21,Active
ACC004582,CUST003031,BR084,50244400004581,Savings,77942.86,INR,2023-06-19,Active
ACC004583,CUST000767,BR018,16274700004582,Savings,118263.19,GBP,28/06/2021,Active
ACC004584,CUST001208,BR054,87735300004583,Savings,53447.39,INR,2026-03-09,Active
ACC004585,CUST003959,BR109,32853000004584,Savings,98686.17,INR,2021-06-12,Closed
ACC004586,CUST003175,BR090,20567300004585,Savings,37504.07,INR,2017-05-07,Active
ACC004587,CUST001627,BR084,78830600004586,Savings,162562.92,INR,06/25/2024,Active
ACC004588,CUST000841,BR059,55275300004587,Salary,168536.24,INR,2026-06-08,Active 
ACC004589,CUST004470,BR146,47834400004588,Savings,71769.94,INR,2019-03-31,Active
ACC004590,CUST002133,BR137,43354900004589,Savings,190714.23,INR,2026-06-28,Active
ACC004591,CUST000112,BR097,21493100004590,Salary,145502.76,INR,2022-09-20,Active
ACC004592,CUST003526,BR132,37538600004591,Current,24172.48,INR,2026-07-04,ACTIVE
ACC004593,CUST003136,BR027,81093000004592,Savings,72221.7,INR,2024-03-23,Dormant
ACC004594,CUST000814,BR025,45419500004593,Savings,90759.16,INR,2023-06-14,Active
ACC004595,CUST002237,BR108,70111900004594,Salary,55039.89,INR,2025-07-28,Active
ACC004596,CUST003006,BR102,20785800004595,Savings,,INR,18/10/2014,Active
ACC004597,CUST003747,BR037,37125700004596,Savings,70210.18,GBP,2021-11-01,Active
ACC004598,CUST000568,BR126,61278900004597,Current,55300.5,INR,2026-06-01,Active
ACC004599,CUST004012,BR113,10772700004598,Savings,124655.82,INR,2025-11-21,Active
ACC004600,CUST000040,BR032,49885400004599,Savings,250166.28,EUR,2014-11-01,Active
ACC004601,CUST003461,BR092,42280200004600,Savings,45593.62,INR,2026-07-23,Active
ACC004602,CUST000426,BR131,90148900004601,Salary,135560.79,INR,2026-07-09,Closed
ACC004603,CUST004399,BR116,46893500004602,Salary,9776.45,INR,2024-11-06,Active
ACC004604,CUST003686,BR063,14736100004603,Savings,40657.18,GBP,2023-08-27,Active
ACC004605,CUST002644,BR123,88152900004604,Savings,33797.36,INR,2025-08-05,ACTIVE
ACC004606,CUST002849,BR047,73021900004605,Savings,15263.39,INR,2021-12-12,Active
ACC004607,CUST002558,BR147,54894900004606,,202983.26,INR,2020-02-12,Active
ACC004608,CUST003678,BR148,13415300004607,Savings,120789.18,INR,2025-06-20,Active
ACC004609,CUST002008,BR046,31775500004608,Current,64401.48,Inr,2024-01-02,Active
ACC004610,CUST002555,BR104,51920900004609,Salary,21788.36,INR,2026-04-03,Active
ACC004611,CUST001276,BR145,17706600004610,Savings,30884.89,INR,2024-03-14,Active
ACC004612,CUST001937,BR044,41510700004611,Savings,129831.23,INR,2026-07-26,Active
ACC004613,CUST004372,BR108,38879400004612,Savings,126534.62,INR,2024-12-26,Active
ACC004614,CUST000950,BR080,29545800004613,Savings,14398.47,INR,2020-01-24,Active
ACC004615,CUST001115,BR067,30072500004614,Salary,55490.37,INR,2021-09-29,Active
ACC004616,CUST004474,BR097,98678000004615,Savings,27766.95,INR,2025-01-13,Active
ACC004617,CUST001805,BR072,82780900004616,Current,26798.6,INR,2021-09-29,Active
ACC004618,CUST003724,BR107,57105900004617,Savings,49276.13,INR,2022-06-01,Active
ACC004619,CUST004605,BR144,93528700004618,Savings,58239.66,INR,25/01/2019,Active
ACC004620,CUST002099,BR032,92272100004619,Savings,99753.98,INR,2023-01-01,Active
ACC004621,CUST004126,BR027,22103900004620,Salary,89254.41,INR,2020-03-12,Active
ACC004622,CUST004596,BR093,59947900004621,Salary,41007.54,INR,2026-02-20,Active
ACC004623,CUST000946,BR145,69605300004622,Savings,87257.68,INR,2024-04-22,Active
ACC004624,CUST000736,BR128,96613600004623,Savings,237706.39,INR,2026-03-30,Active
ACC004625,CUST004873,BR061,87643700004624,Savings,28295.6,INR,2019-02-02,Active
ACC004626,CUST003989,BR121,95617800004625,Savings,148775.43,INR,2023-10-24,Active
ACC004627,CUST004836,BR137,58557900004626,Savings,37113.43,inr,2025-08-20,Active
ACC004628,CUST001088,BR045,16147900004627,Savings,56753.45,INR,2013-06-14,Active
ACC004629,CUST004529,BR016,26557500004628,Salary,39299.72,INR,2024-05-24,Closed
ACC004630,CUST002396,BR146,34660100004629,Savings,30400.47,INR,2026-05-05,Active
ACC004631,CUST004381,BR024,96832300004630,Salary,14105.69,inr,04/07/2024,Active
ACC004632,CUST000758,BR002,91801200004631,Salary,78942.64,INR,2026-05-20,Active
ACC004633,CUST003566,BR048,30282500004632,Savings,35418.59,INR,2021-08-02,Active 
ACC004634,CUST001796,BR117,39085700004633,Savings,50886.96,INR,2016-12-13,Active
ACC004635,CUST002510,BR112,28131600004634,Salary,-64079.27,INR,2025-12-27,Active
ACC004636,CUST000307,BR048,53664400004635,Savings,43109.85,INR,2016-12-23,Active
ACC004637,CUST003893,BR103,94234000004636,Savings,8170.07,INR,2025-12-04,Active
ACC004638,CUST001752,BR142,29757200004637,Savings,176003.68,Inr,2026-06-17,Active
ACC004639,CUST004870,BR002,95011900004638,Savings,34639.61,USD,2026-02-25,Dormant
ACC004640,CUST004544,BR130,85125000004639,Salary,64121.17,INR,2023-06-07,Active
ACC004641,CUST002889,BR091,92476100004640,Savings,35077.11,INR,2024-12-24,Active
ACC004642,CUST003760,BR133,40572400004641,Savings,32344.91,INR,2024-09-05,Active
ACC004643,CUST001399,BR008,44529000004642,Savings,83451.41,INR,23/01/2021,Active
ACC004644,CUST001354,BR038,62876200004643,Savings,53726.07,INR,2022-04-15,Active
ACC004645,CUST001488,BR058,54594800004644,Salary,38889.95,INR,2019-03-31,Active 
ACC004646,CUST000092,BR120,53984300004645,Current,78233.26,INR,2026-01-08,Dormant
ACC004647,CUST001053,BR102,72193700004646,Salary,54916.47,INR,2024-02-20,Dormant
ACC004648,CUST003312,BR050,67898100004647,Savings,65803.97,INR,2019-09-26,Active
ACC004649,CUST004610,BR037,58943600004648,Salary,-22772.34,INR,2025-02-28,Active
ACC004650,CUST000292,BR068,68798700004649,Salary,29722.55,INR,2018.08.24,Active
ACC004651,CUST004766,BR025,43086800004650,Salary,66170.91,INR,2023-10-14,Active
ACC004652,CUST001797,BR136,27237200004651,Salary,91237.47,INR,2026-06-19,Active
ACC004653,CUST004281,BR125,70931700004652,Current,52280.44,INR,2026-05-03,Active
ACC004654,CUST003358,BR109,31677300004653,Current,41180.22,INR,2026-01-20,Active
ACC004655,CUST000315,BR072,90363300004654,Savings,86900.46,INR,2024.11.23,Active
ACC004656,CUST002903,BR097,38715300004655,Savings,30680.68,INR,2021-08-06,Active
ACC004657,CUST004447,BR039,17693200004656,Salary,249171.38,INR,2023-05-05,Active
ACC004658,CUST001094,BR020,81452700004657,Savings,42925.28,INR,2020-05-13,Active
ACC004659,CUST004361,BR035,76644900004658,Current,258419.3,INR,2022-03-05,Active
ACC004660,CUST000348,BR081,47226000004659,Savings,23544.38,USD,2025.09.08,Active
ACC004661,CUST002851,BR144,84377200004660,Savings,112861.96,INR,2022-01-01,Active
ACC004662,CUST001704,BR019,66397800004661,Savings,52123.3,INR,2026-07-02,Dormant
ACC004663,CUST003671,BR046,62094600004662,Salary,49315.18,INR,2023-06-30,Active
ACC004664,CUST002110,BR012,43099100004663,Savings,122214.67,INR,20/08/2023,Active
ACC004665,CUST000305,BR067,92522300004664,Salary,60853.17,Inr,2024-08-19,Active
ACC004666,CUST002631,BR142,10144600004665,Savings,122783.33,INR,2019-10-07,Active
ACC004667,CUST003028,BR008,40672000004666,Salary,135838.26,INR,2022-01-12,Active
ACC004668,CUST002674,BR089,58669800004667,Salary,207061.29,INR,2026-06-14,Active
ACC004669,CUST003370,BR024,73132500004668,Salary,46351.65,INR,2021-05-20,Active
ACC004670,CUST000757,BR001,42401200004669,Savings,51682.05,inr,2018-11-22,active
ACC004671,CUST002678,BR081,38327100004670,Salary,64124.43,INR,2020-05-31,Active
ACC004672,CUST000926,BR071,85148700004671,Savings,146991.18,INR,2019-01-08,Active
ACC004673,CUST002848,BR136,88841500004672,Savings,84825.51,INR,2026-02-24,Active
ACC004674,CUST001616,BR044,84882600004673,Savings,50348.79,EUR,2025-06-01,Active
ACC004675,CUST004408,BR096,49287800004674,Current,17783.07,INR,2020-07-16,Active
ACC004676,CUST000215,BR024,68755400004675,Salary,51782.56,INR,2024-05-12,Active
ACC004677,CUST000311,BR087,97570700004676,Current,26198.48,INR,2024-07-26,Active 
ACC004678,CUST001378,BR123,19008000004677,Savings,146403.0,INR,2014-11-25,Active
ACC004679,CUST003806,BR058,44071100004678,Savings,67204.2,INR,2021-03-01,Active
ACC004680,CUST000610,BR024,68508900004679,Savings,46737.69,INR,2020-12-01,Active
ACC004681,CUST003629,BR076,13836700004680,Savings,10288.13,INR,2025-10-30,Active
ACC004682,CUST001603,BR025,50149900004681,Salary,7766.36,INR,2023-03-14,Active
ACC004683,CUST001311,BR097,90506600004682,Savings,48737.29,INR,2018-04-28,Active
ACC004684,CUST001146,BR035,95563100004683,Current,58676.69,INR,2019-10-03,Active
ACC004685,CUST002128,BR100,31332300004684,Savings,125507.51,INR,2021-04-22,Dormant
ACC004686,CUST001909,BR107,56492200004685,Savings,24598.32,USD,2016-11-24,Dormant
ACC004687,CUST001557,BR150,47233700004686,Savings,39195.64,INR,2026-05-12,Closed
ACC004688,CUST004832,BR029,33699400004687,Savings,214937.81,INR,2023-11-25,Active
ACC004689,CUST000258,BR140,86980300004688,Current,163878.96,USD,2018-12-11,Active
ACC004690,CUST001310,BR049,64131400004689,Current,51655.98,INR,2018-12-03,Active
ACC004691,CUST000146,BR024,15454200004690,Salary,45655.49,INR,2026-04-11,Active
ACC004692,CUST004382,BR136,59253300004691,Savings,103041.68,INR,2023-10-30,Active
ACC004693,CUST001632,BR086,10004400004692,Savings,86844.07,INR,2018-04-26,Active
ACC004694,CUST001217,BR085,42652700004693,Savings,-31615.02,INR,09/04/2016,ACTIVE
ACC004695,CUST004631,BR046,15086000004694,Salary,73279.37,INR,2023-12-09,Active
ACC004696,CUST001250,BR026,72518200004695,Savings,57752.93,INR,2023-12-19,Dormant
ACC004697,CUST002032,BR010,94416400004696,Salary,30385.98,inr,2026-07-08,Active
ACC004698,CUST001651,BR129,54987900004697,Savings,49132.46,INR,2025-01-23,Active
ACC004699,CUST004769,BR004,15756400004698,Current,69188.29,INR,2025-03-15,Active
ACC004700,CUST000508,BR077,50734100004699,Current,25785.28,INR,2024-09-24,Active
ACC004701,CUST001940,BR041,49835800004700,Savings,120323.76,INR,2024-05-06,Active
ACC004702,CUST002672,BR126,97082600004701,Savings,78938.6,INR,2023-09-01,Active
ACC004703,CUST000527,BR106,64139200004702,Savings,50254.72,INR,2024-10-20,Active
ACC004704,CUST001661,BR012,57996700004703,Savings,132329.77,INR,2025-09-12,Dormant
ACC004705,CUST002620,BR020,41569800004704,Savings,150626.49,INR,11/15/2025,Active
ACC004706,CUST000883,BR025,54598800004705,Current,140969.09,INR,2025-09-30,Active
ACC004707,CUST001694,BR107,89143700004706,Savings,38209.12,INR,2013-10-21,Active
ACC004708,CUST002709,BR014,83171500004707,Current,20124.04,INR,2026-05-08,Active
ACC004709,CUST002405,BR036,84171000004708,Savings,122257.69,INR,2026-07-23,Active
ACC004710,CUST000214,BR073,77066000004709,Savings,33461.3,INR,2024-07-12,Active
ACC004711,CUST000833,BR028,67566600004710,Current,22770.34,INR,2020-03-17,Active
ACC004712,CUST004685,BR059,22275100004711,Savings,47165.95,INR,2025-05-15,Active
ACC004713,CUST003937,BR046,92305400004712,Savings,87392.96,Inr,2014-02-13,Dormant
ACC004714,CUST001083,BR063,55838200004713,Savings,23493.26,INR,2024-08-16,Active
ACC004715,CUST003467,BR005,10054300004714,Savings,62082.38,INR,2016-08-31,Active
ACC004716,CUST003026,BR055,39161600004715,Savings,38304.98,INR,2025-06-02,Active
ACC004717,CUST002845,BR081,86895100004716,Savings,72325.63,INR,07/04/2023,Active
ACC004718,CUST000715,BR064,67884100004717,Savings,62922.11,INR,2019-10-03,Active
ACC004719,CUST001166,BR142,62270200004718,Current,30864.04,INR,2025-08-23,Active
ACC004720,CUST002082,BR058,43541200004719,Savings,52022.03,INR,2023-12-24,Active
ACC004721,CUST004966,BR046,83156300004720,Savings,6740.16,INR,2024-09-18,Closed
ACC004722,CUST001020,BR024,67379100004721,Savings,61445.82,INR,2017-09-21,Active
ACC004723,CUST003363,BR093,26620600004722,Salary,-77145.4,USD,2016-06-23,Active
ACC004724,CUST002460,BR086,53907700004723,Savings,79941.51,INR,2025-05-31,Active
ACC004725,CUST001959,BR008,81722300004724,Current,211280.24,INR,2020-07-02,Active
ACC004726,CUST001009,BR131,53621100004725,Savings,147194.01,INR,2026-06-28,Active
ACC004727,CUST003675,BR147,87839400004726,Savings,52256.27,INR,2022-11-16,Active
ACC004728,CUST003220,BR150,96131600004727,Salary,115184.58,INR,2022.08.31,Active
ACC004729,CUST000493,BR117,28273000004728,Savings,57364.75,INR,2026-05-20,Active
ACC004730,CUST000160,BR018,91888600004729,Savings,71637.43,Inr,01/21/2026,Active
ACC004731,CUST001920,BR135,87085600004730,Savings,139769.56,INR,2025-05-10,Active
ACC004732,CUST004089,BR062,98618700004731,Savings,26727.05,INR,2020-06-28,Dormant
ACC004733,CUST004639,BR130,74793400004732,Salary,46465.11,INR,2013-08-22,ACTIVE
ACC004734,CUST001795,BR037,68224600004733,Salary,65884.01,GBP,2020-12-19,Active
ACC004735,CUST000148,BR103,55271400004734,Savings,61858.14,INR,2017-05-29,Active
ACC004736,CUST001747,BR086,74112200004735,Salary,,GBP,2023-01-28,Closed
ACC004737,CUST003233,BR069,87131800004736,Savings,30889.33,INR,2025-08-28,Active
ACC004738,CUST002625,BR055,27273600004737,Savings,41792.12,inr,2021-05-28,Active
ACC004739,CUST001885,BR009,44021300004738,Savings,27655.11,INR,2024-12-20,Active
ACC004740,CUST004947,BR132,16152400004739,Salary,32276.34,GBP,2025.02.27,Active
ACC004741,CUST000730,BR109,56209500004740,Current,85644.22,INR,2015-09-16,Active
ACC004742,CUST001539,BR141,31507800004741,Salary,85082.01,USD,2026-04-14,Active
ACC004743,CUST000867,BR078,37298400004742,Salary,40041.35,inr,2025-01-06,Active
ACC004744,CUST000447,BR049,40898400004743,Savings,69707.57,INR,2026-01-11,Active
ACC004745,CUST003404,BR093,14926900004744,Salary,75416.75,INR,2022-08-26,Active
ACC004746,CUST003358,BR054,17354900004745,Savings,212899.36,INR,12/28/2025,Active
ACC004747,CUST003637,BR141,76880400004746,Salary,20735.52,USD,2023-07-17,Active
ACC004748,CUST001728,BR081,49319800004747,Savings,17307.83,INR,2015-07-21,Active
ACC004749,CUST003469,BR102,37207200004748,Savings,81835.58,INR,2022-06-01,Active
ACC004750,CUST004498,BR096,47322700004749,Salary,125062.26,INR,22/09/2022,Active
ACC004751,CUST000015,BR059,20718500004750,Savings,66839.41,USD,2026-03-20,Dormant
ACC004752,CUST000548,BR113,64919700004751,Salary,149094.68,INR,11/07/2026,Active
ACC004753,CUST000640,BR074,93170700004752,Savings,104514.53,INR,2019-06-03,Active
ACC004754,CUST001328,BR016,88835800004753,Current,97212.2,INR,2026-07-18,Active
ACC004755,CUST000135,BR062,28861700004754,Current,63717.12,INR,2022-06-17,Active 
ACC004756,CUST003352,BR008,91067300004755,Savings,15419.61,INR,2023-02-04,Active
ACC004757,CUST003262,BR111,31312400004756,Salary,61987.45,INR,2026-04-08,Active
ACC004758,CUST004181,BR102,67983800004757,Savings,115578.2,INR,2024-11-19,Active
ACC004759,CUST002636,BR135,33286000004758,Salary,99881.56,INR,2025-06-20,Active
ACC004760,CUST004497,BR072,91617600004759,Salary,99553.43,INR,2021-07-11,Active
ACC004761,CUST003367,BR149,68978800004760,Current,92468.65,INR,2024-08-01,Active
ACC004762,CUST003715,BR101,29970700004761,Salary,70069.11,INR,2026-07-27,Active
ACC004763,CUST002626,BR058,40295900004762,Current,47830.15,INR,2024-09-07,Active
ACC004764,CUST004699,BR046,59365000004763,Salary,-66737.74,INR,2025-12-26,Closed
ACC004765,CUST004479,BR143,10953000004764,Salary,195364.88,INR,10/20/2022,Active
ACC004766,CUST001474,BR026,90330500004765,Current,62611.57,Inr,2023-01-29,Active
ACC004767,CUST002696,BR003,59873600004766,Salary,87849.28,INR,2024-03-12,Active
ACC004768,CUST003535,BR017,94229100004767,Savings,89435.38,INR,2022-12-17,Active
ACC004769,CUST000395,BR104,72419400004768,Savings,27610.08,INR,2015-06-27,Active
ACC004770,CUST002889,BR118,99568700004769,Salary,,INR,2024-04-04,Active
ACC004771,CUST002867,BR077,57044400004770,Current,30122.16,INR,2024-07-01,Active
ACC004772,CUST000317,BR061,82863400004771,Savings,71328.57,INR,2020-09-21,Active
ACC004773,CUST000850,BR028,70763100004772,Savings,75887.55,INR,2025-12-27,ACTIVE
ACC004774,CUST002259,BR013,16063600004773,Savings,7579.59,Inr,2019-11-26,Active
ACC004775,CUST000064,BR112,61912300004774,Savings,21912.93,INR,2024-01-11,Active
ACC004776,CUST002829,BR038,80924000004775,Savings,45201.94,INR,2026-05-01,Active
ACC004777,CUST002267,BR148,94194200004776,Savings,125644.29,INR,2025-04-24,Active
ACC004778,CUST002033,BR130,20674800004777,Savings,8892.44,INR,2024-06-23,Active
ACC004779,CUST003317,BR116,66303100004778,Salary,87869.53,INR,2026-01-13,Active
ACC004780,CUST003378,BR073,82974300004779,Savings,39123.63,INR,2024-01-17,Dormant
ACC004781,CUST000473,BR054,44048200004780,,98355.0,INR,2022-06-01,Active
ACC004782,CUST004161,BR129,24708600004781,,75274.25,INR,2026-05-03,Dormant
ACC004783,CUST001070,BR008,94897600004782,Salary,39061.46,INR,2012-09-18,Active
ACC004784,CUST001433,BR142,76114300004783,Current,45917.26,INR,2025-10-20,Active
ACC004785,CUST001098,BR124,41878700004784,Savings,36047.64,INR,2026-07-03,Active
ACC004786,CUST004492,BR011,86702500004785,Savings,117984.88,INR,2023-10-19,Active
ACC004787,CUST000546,BR033,17185200004786,Salary,25827.08,INR,2015-06-06,Active
ACC004788,CUST004745,BR142,22363900004787,Current,16911.37,INR,2018-05-03,Active
ACC004789,CUST000975,BR100,31673800004788,Savings,95947.32,INR,2020-04-14,Dormant
ACC004790,CUST003172,BR056,12213400004789,Salary,87664.97,INR,2016-03-15,Active
ACC004791,CUST000838,BR125,76046700004790,Savings,41841.67,INR,2021-10-21,Active
ACC004792,CUST001043,BR105,78627100004791,Savings,51416.77,USD,2025-09-25,Active
ACC004793,CUST004641,BR139,48454500004792,Savings,193299.24,INR,2019-06-15,Active
ACC004794,CUST004961,BR061,61427200004793,Salary,167215.28,INR,2024-11-02,Dormant
ACC004795,CUST003638,BR089,89628300004794,Savings,48396.05,INR,2026-03-23,Active
ACC004796,CUST003600,BR093,41341400004795,Salary,211707.04,INR,2026-04-10,Active
ACC004797,CUST000335,BR007,51862800004796,Savings,66254.55,INR,2023-05-31,Active
ACC004798,CUST003788,BR101,44732400004797,Savings,88589.31,INR,2025-07-04,Active
ACC004799,CUST004117,BR108,13636600004798,Savings,107346.77,INR,2017-07-06,Active
ACC004800,CUST002227,BR020,18136200004799,Salary,134354.41,INR,2026-07-15,Active
ACC004801,CUST004385,BR122,44203500004800,Savings,89503.03,INR,2021-04-23,Active
ACC004802,CUST004000,BR065,78068500004801,Salary,39902.12,INR,2015-02-02,Dormant
ACC004803,CUST003266,BR065,86085400004802,Savings,12093.49,EUR,2019-08-19,Active
ACC004804,CUST004571,BR031,90961100004803,Salary,142995.44,INR,2021-11-21,Active
ACC004805,CUST003430,BR128,35645100004804,Savings,22884.75,INR,2025-07-27,Closed
ACC004806,CUST002234,BR018,25367100004805,Savings,29607.16,INR,2019-04-17,Active
ACC004807,CUST004126,BR147,67432600004806,Savings,95658.12,INR,2019.06.01,Active
ACC004808,CUST000145,BR089,59836500004807,Savings,50856.32,INR,2023-11-23,Dormant
ACC004809,CUST000937,BR036,17826700004808,Salary,78623.67,INR,2026-07-06,Active
ACC004810,CUST003817,BR103,78713800004809,Savings,80155.81,INR,2021-01-07,Active
ACC004811,CUST004178,BR108,72296700004810,Salary,49330.17,INR,2024-01-19,Active
ACC004812,CUST001650,BR039,38621800004811,Savings,32929.5,INR,2024-10-09,Active
ACC004813,CUST002737,BR132,23373300004812,Current,124554.15,INR,2017-08-22,Active
ACC004814,CUST003941,BR002,94951700004813,Savings,102419.22,INR,2018-04-13,Active
ACC004815,CUST000679,BR020,63999400004814,Salary,58118.91,inr,2018-06-30,Active
ACC004816,CUST002083,BR146,36836400004815,Salary,11743.63,INR,2023-04-11,Active
ACC004817,CUST001784,BR115,71031500004816,Salary,48803.06,INR,2017-12-20,Active
ACC004818,CUST001815,BR072,98078000004817,Savings,52093.22,INR,2018-02-20,Active
ACC004819,CUST001656,BR048,73310500004818,Savings,155125.44,INR,2025-06-21,Active
ACC004820,CUST000526,BR098,19623500004819,Salary,168635.74,INR,2022-05-09,Active
ACC004821,CUST002621,BR104,46476600004820,Current,75036.15,INR,12/11/2024,Active
ACC004822,CUST002663,BR012,15040900004821,Savings,79600.52,INR,2021-02-09,Active
ACC004823,CUST003214,BR065,47301700004822,Savings,24362.73,INR,2023-05-02,Active
ACC004824,CUST003222,BR094,54013800004823,Savings,100144.37,inr,19/06/2026,Active
ACC004825,CUST003744,BR089,95880200004824,Savings,10519.66,inr,2022-08-26,Active
ACC004826,CUST001126,BR115,12080000004825,Savings,34963.99,INR,2020-06-26,Active 
ACC004827,CUST000572,BR137,98135600004826,Savings,46146.53,INR,2022-07-11,Active
ACC004828,CUST003797,BR008,81359400004827,Savings,78276.13,INR,2026-07-29,Dormant
ACC004829,CUST003806,BR080,37274200004828,Savings,22518.0,INR,2021-06-07,Active
ACC004830,CUST002833,BR079,75457200004829,Savings,68036.87,INR,2025-02-12,Active
ACC004831,CUST003064,BR032,81235100004830,Savings,20960.08,INR,2024-05-01,Active
ACC004832,CUST003119,BR022,10878800004831,Current,169794.57,INR,2023-02-01,Closed
ACC004833,CUST001192,BR136,90696600004832,Salary,39008.53,INR,2024-03-10,Active
ACC004834,CUST003581,BR023,18039300004833,Savings,100292.28,INR,2025-03-27,Active
ACC004835,CUST002962,BR067,59825400004834,Salary,53780.04,INR,2020-09-04,Active
ACC004836,CUST003213,BR093,51177700004835,Current,47947.45,INR,2016-09-07,active
ACC004837,CUST004074,BR072,48169100004836,Salary,102332.51,EUR,2025-10-08,Active
ACC004838,CUST000724,BR093,97454100004837,Savings,38605.14,USD,2022-06-27,Active
ACC004839,CUST001377,BR005,15414700004838,Current,42077.67,INR,2026-04-29,Active
ACC004840,CUST000619,BR084,84379200004839,Savings,51642.35,Inr,2018-08-07,Dormant
ACC004841,CUST001960,BR122,84112000004840,Salary,71928.06,INR,2018-01-31,Active
ACC004842,CUST004851,BR077,42317000004841,Savings,52182.97,INR,2023-02-18,Active
ACC004843,CUST001630,BR149,24281200004842,Savings,40085.5,USD,2019-06-30,Active
ACC004844,CUST002795,BR071,38218800004843,Salary,43485.17,INR,2022-06-26,Active
ACC004845,CUST004908,BR047,76205300004844,Savings,64318.35,INR,2021-03-21,Active
ACC004846,CUST001398,BR073,75566100004845,Salary,50455.01,INR,2023-09-28,Active
ACC004847,CUST002227,BR046,64225500004846,Savings,-209970.26,INR,2021-03-29,Active
ACC004848,CUST001932,BR051,37372700004847,Savings,62424.29,INR,2021-06-07,Active 
ACC004849,CUST000011,BR068,92890700004848,Savings,65558.84,INR,2026-05-10,Active
ACC004850,CUST000011,BR039,73266900004849,Current,62896.01,INR,2024-03-03,Active
ACC004851,CUST001893,BR006,15510000004850,Savings,62615.18,INR,2018-08-05,Active
ACC004852,CUST003707,BR040,13777200004851,Salary,31902.71,INR,2024-02-11,Active
ACC004853,CUST003735,BR005,73298100004852,Current,68343.06,INR,2025-07-21,Active
ACC004854,CUST000423,BR137,84233600004853,Savings,92016.51,INR,2024-09-14,Active
ACC004855,CUST002576,BR131,72476900004854,Savings,30054.32,INR,2026-07-25,Active
ACC004856,CUST004503,BR041,26664800004855,Savings,66102.65,Inr,2019-01-29,Active
ACC004857,CUST000873,BR135,85882500004856,Current,110248.85,INR,2026-01-18,Active
ACC004858,CUST003122,BR057,42709600004857,Salary,37651.41,INR,2023-12-27,Active
ACC004859,CUST002578,BR056,73514400004858,Salary,50335.92,INR,2026-02-02,Dormant
ACC004860,CUST002015,BR076,74268700004859,Savings,94723.21,INR,2022-01-20,Active
ACC004861,CUST004152,BR137,34258100004860,Savings,100733.91,INR,2024-01-22,Active
ACC004862,CUST000223,BR112,29666500004861,Savings,57308.11,INR,2022-11-11,Active
ACC004863,CUST004001,BR096,76535700004862,Current,115523.52,INR,2023-02-26,Active 
ACC004864,CUST003831,BR117,99782600004863,Savings,14428.71,INR,2023-03-29,Active
ACC004865,CUST000143,BR132,64620500004864,,29249.62,INR,2021-10-19,Active
ACC004866,CUST002832,BR109,40944400004865,Savings,28927.13,INR,2023-06-26,Active
ACC004867,CUST001710,BR071,42725300004866,Savings,17674.91,INR,2025-09-07,Dormant
ACC004868,CUST003910,BR046,60749300004867,Salary,44390.56,INR,2024-01-10,Active
ACC004869,CUST003254,BR070,80572800004868,Savings,63028.17,INR,2026-05-25,Active
ACC004870,CUST004531,BR025,87375200004869,Salary,80562.4,INR,2025-10-01,Active
ACC004871,CUST000775,BR091,82819200004870,Savings,23290.78,INR,12/01/2023,Active
ACC004872,CUST004217,BR123,97614700004871,Savings,46809.54,INR,2022-09-02,Active
ACC004873,CUST000642,BR005,54034400004872,Salary,,INR,2025-03-02,Active
ACC004874,CUST001877,BR132,91402800004873,Savings,157648.59,INR,2021-02-09,Active
ACC004875,CUST001014,BR096,70936700004874,Savings,49562.72,INR,2026-04-26,Active
ACC004876,CUST003482,BR137,92169200004875,Current,117765.6,INR,2026-05-05,Active
ACC004877,CUST800041,BR107,14103800004876,Salary,82122.21,Inr,2023-11-13,Active
ACC004878,CUST000251,BR129,75461300004877,Salary,135131.04,inr,2026-05-08,Active
ACC004879,CUST002431,BR113,96455900004878,Salary,-95379.54,INR,2024-01-29,Active
ACC004880,CUST001429,BR055,19098900004879,Savings,69258.33,GBP,2023-02-24,Active
ACC004881,CUST003014,BR081,96198600004880,Salary,42219.5,INR,2025-09-15,Active
ACC004882,CUST001661,BR024,31760800004881,Savings,67100.26,INR,2026-05-18,Active
ACC004883,CUST004633,BR126,52386700004882,Savings,88292.84,INR,2012-07-21,Active
ACC004884,CUST001320,BR101,70861600004883,Savings,72527.48,INR,2020-12-05,Active
ACC004885,CUST003757,BR088,17848800004884,Savings,60809.33,INR,2025-07-27,Active
ACC004886,CUST000199,BR098,68807800004885,Savings,166973.02,INR,2026-06-06,Active
ACC004887,CUST002952,BR105,74598000004886,Salary,20032.74,INR,2026-06-24,active
ACC004888,CUST004199,BR038,67150800004887,Salary,34859.35,INR,2023.12.13,Active
ACC004889,CUST002599,BR092,34244300004888,Savings,74663.16,INR,17/05/2023,Active
ACC004890,CUST001716,BR094,21290900004889,Savings,25859.81,INR,2026-06-26,Active
ACC004891,CUST001504,BR104,68563400004890,Savings,57643.5,INR,2024-02-26,Active
ACC004892,CUST003917,BR150,33396100004891,Savings,116208.7,INR,2025-10-23,active
ACC004893,CUST003833,BR051,23179100004892,Salary,27745.11,INR,2023-07-08,Active
ACC004894,CUST004352,BR026,66316800004893,Current,48800.1,INR,2022-10-31,Active
ACC004895,CUST000103,BR149,36412800004894,Savings,34879.52,Inr,2023-03-15,Active
ACC004896,CUST002068,BR057,52195000004895,Salary,28949.09,INR,2024.05.20,Active
ACC004897,CUST000879,BR043,88063500004896,Savings,41521.26,INR,2013-02-24,Active
ACC004898,CUST004962,BR059,67149400004897,Salary,72673.3,Inr,2015-02-16,Active
ACC004899,CUST004425,BR119,32645000004898,Savings,44848.16,Inr,2019-06-20,Active
ACC004900,CUST000510,BR033,32431700004899,Current,76953.79,INR,2023-11-15,Active
ACC004901,CUST004154,BR004,95270100004900,Savings,70004.68,inr,2025-07-03,Active
ACC004902,CUST000115,BR119,58075400004901,Savings,102226.99,INR,2021-05-13,Active
ACC004903,CUST000367,BR078,46735000004902,Current,82750.18,INR,18/07/2026,Active
ACC004904,CUST002043,BR107,12447100004903,Savings,32020.4,INR,05/19/2021,Active
ACC004905,CUST000394,BR040,45344900004904,Savings,62269.83,INR,2026-01-04,Active
ACC004906,CUST003141,BR033,14184500004905,Current,37336.95,INR,2022-04-22,Active
ACC004907,CUST000416,BR070,37557200004906,Savings,141190.56,INR,2025-05-19,Active
ACC004908,CUST001609,BR129,37335200004907,Savings,-168393.99,INR,2019-05-03,Active
ACC004909,CUST000484,BR111,27730700004908,Salary,37237.82,INR,01/26/2019,Active
ACC004910,CUST003923,BR064,11116400004909,Savings,184764.13,INR,2019.08.13,Active
ACC004911,CUST001589,BR025,91636300004910,Savings,105942.9,INR,2022-09-29,Active
ACC004912,CUST003951,BR083,46267700004911,Savings,63347.06,INR,2026-07-31,Active
ACC004913,CUST001722,BR009,56364300004912,Savings,-238246.97,inr,2013-11-10,Active
ACC004914,CUST004203,BR103,38402300004913,Savings,64447.06,INR,2025-09-18,Active
ACC004915,CUST000702,BR065,49133500004914,Salary,15840.17,INR,2024-09-28,Active
ACC004916,CUST000294,BR132,54882100004915,Salary,41654.6,INR,2019-08-04,Active
ACC004917,CUST003455,BR146,24018900004916,Savings,44790.72,INR,2024-11-01,Active
ACC004918,CUST004147,BR035,18456600004917,Savings,110287.68,INR,2025-01-24,Active
ACC004919,CUST004275,BR018,39899000004918,Salary,8161.16,INR,2025-02-20,Closed
ACC004920,CUST000115,BR089,50577000004919,Salary,95227.02,INR,2024-05-18,Closed
ACC004921,CUST004081,BR008,97284100004920,Savings,93820.01,INR,2025-01-05,Active
ACC004922,CUST004064,BR101,25142500004921,Current,82114.14,INR,2020-01-07,Active
ACC004923,CUST001067,BR132,25537800004922,Salary,78119.26,INR,2026-06-05,Closed
ACC004924,CUST003305,BR133,49271200004923,Salary,158695.61,INR,2025-05-18,Active
ACC004925,CUST000350,BR116,91328400004924,Savings,145360.85,INR,2026-03-24,Active
ACC004926,CUST001519,BR116,27940300004925,Current,96652.71,INR,2026-02-13,Active
ACC004927,CUST001678,BR038,57594400004926,Current,82006.16,INR,2023-07-21,Active
ACC004928,CUST004356,BR138,69596100004927,Current,11978.06,INR,2023-04-16,Dormant
ACC004929,CUST004840,BR114,97726700004928,,33029.28,usd,2018-12-28,Active
ACC004930,CUST001760,BR012,27575300004929,Savings,59449.42,INR,2025-08-22,Active
ACC004931,CUST003649,BR089,46418900004930,Savings,21827.58,INR,2020-09-23,Active
ACC004932,CUST002711,BR064,13054300004931,Current,44887.43,INR,2026-04-20,Active
ACC004933,CUST004573,BR024,43643700004932,Salary,113284.33,INR,2026-06-07,Active
ACC004934,CUST001661,BR046,98251600004933,Salary,47823.7,INR,2026-03-05,Active
ACC004935,CUST003318,BR141,65168000004934,Savings,74329.97,inr,2024-07-02,Active
ACC004936,CUST002343,BR075,72551500004935,Salary,84885.56,Inr,2025-09-26,Active
ACC004937,CUST001837,BR024,64978700004936,Savings,90966.79,INR,2026-05-03,Active
ACC004938,CUST000916,BR122,79780500004937,Salary,97464.71,INR,2021-12-13,Active
ACC004939,CUST003971,BR037,24598700004938,Current,97629.39,INR,2020-06-29,Active
ACC004940,CUST004352,BR074,14573200004939,Savings,10523.99,INR,2023-06-30,Active
ACC004941,CUST000409,BR020,68403300004940,Savings,120786.4,INR,2024-12-28,Active
ACC004942,CUST000923,BR006,69309700004941,,76905.77,INR,2024-03-31,Active
ACC004943,CUST004386,BR148,51145200004942,Savings,53086.95,INR,2025-08-25,Active
ACC004944,CUST004702,BR101,57792900004943,Savings,46817.56,INR,2022-06-14,Active
ACC004945,CUST004401,BR091,16270600004944,Salary,6700.39,INR,2026-01-12,Active
ACC004946,CUST002079,BR002,92790500004945,Savings,25618.51,INR,2018-12-23,Active
ACC004947,CUST002717,BR092,27181200004946,Salary,26271.48,INR,06/24/2025,ACTIVE
ACC004948,CUST004514,BR015,72650400004947,Savings,,INR,2026-02-03,Active
ACC004949,CUST000418,BR023,42403600004948,Savings,13930.47,INR,2016-03-20,Active
ACC004950,CUST001080,BR110,28523600004949,Current,94420.54,INR,2024-06-07,Active
ACC004951,CUST000570,BR077,15496800004950,Savings,63076.93,INR,2025-12-27,Active
ACC004952,CUST001807,BR125,24491200004951,Savings,65362.39,EUR,2024-06-04,Active
ACC004953,CUST000660,BR054,73075600004952,Salary,138468.24,EUR,2019-08-13,Active
ACC004954,CUST001882,BR048,30403900004953,Savings,14966.85,INR,2022-04-26,Active
ACC004955,CUST004539,BR124,64601100004954,Savings,132153.04,INR,2026-06-24,Active
ACC004956,CUST003738,BR086,64696200004955,Salary,49503.72,INR,2022-10-23,Active
ACC004957,CUST003167,BR138,24421300004956,Savings,103731.13,INR,2024-04-23,Active
ACC004958,CUST002563,BR083,50009900004957,Savings,8268.67,INR,2015-04-25,Active
ACC004959,CUST003353,BR028,54641900004958,Savings,128559.89,INR,2026-07-19,Active
ACC004960,CUST003889,BR009,96148900004959,Current,21240.48,INR,05/12/2026,Active
ACC004961,CUST000866,BR033,86913000004960,Salary,54843.74,INR,2021-12-04,Active
ACC004962,CUST004657,BR082,77653600004961,Savings,138240.65,INR,08/19/2018,Active
ACC004963,CUST002484,BR099,40138200004962,Savings,84035.27,GBP,2021-12-15,Active
ACC004964,CUST000983,BR002,20739100004963,Savings,55895.73,INR,2022-08-11,Active
ACC004965,CUST002006,BR041,36207300004964,Salary,102774.51,GBP,2026-01-31,Active
ACC004966,CUST002655,BR123,95547000004965,Salary,-49004.17,INR,11/15/2025,Active
ACC004967,CUST003300,BR060,44483500004966,Savings,119030.73,INR,2014-08-08,Closed
ACC004968,CUST000390,BR113,78164800004967,Savings,68127.63,INR,2026-01-13,Active
ACC004969,CUST004543,BR056,20073100004968,Current,9615.06,INR,2024-07-12,Active
ACC004970,CUST000440,BR043,12502700004969,Current,50660.5,INR,2026-06-18,Active
ACC004971,CUST002915,BR104,50767700004970,Current,74374.98,INR,2019-01-30,Active
ACC004972,CUST003721,BR040,91226600004971,Savings,89159.88,INR,2025-08-09,Active
ACC004973,CUST003137,BR100,84545500004972,Savings,110232.55,INR,2024-08-09,Active
ACC004974,CUST004523,BR029,69073700004973,Savings,,INR,2024-03-20,Active
ACC004975,CUST003075,BR113,27248500004974,Salary,77209.07,INR,2018-11-13,Active
ACC004976,CUST000554,BR143,43138700004975,Savings,37694.41,Eur,2026-06-12,Active
ACC004977,CUST000862,BR137,30312600004976,Savings,189056.4,INR,2020-06-09,Active
ACC004978,CUST000174,BR127,15026800004977,Salary,99599.28,INR,2014.09.06,Active
ACC004979,CUST004677,BR002,20866200004978,Salary,108660.57,INR,2023-03-30,Active
ACC004980,CUST002171,BR126,82327000004979,Salary,147037.89,inr,2021-05-28,Active
ACC004981,CUST002795,BR094,13997900004980,Current,68185.83,INR,2020-04-24,Dormant
ACC004982,CUST003918,BR070,29180400004981,Current,142352.07,INR,2018-09-30,Active
ACC004983,CUST000190,BR121,43408000004982,Savings,95586.96,INR,2023-11-21,Active
ACC004984,CUST002446,BR122,52425800004983,Savings,97437.9,INR,2025-03-11,Active
ACC004985,CUST001127,BR141,90649400004984,Current,48896.12,INR,2024-12-07,Active
ACC004986,CUST001154,BR089,95979600004985,Savings,120130.74,inr,2025-12-24,Active
ACC004987,CUST002791,BR106,98398100004986,Savings,83654.39,INR,2024-05-18,Active
ACC004988,CUST004521,BR045,78401000004987,Current,52643.53,inr,2026-06-28,Active
ACC004989,CUST003163,BR101,18891500004988,Savings,11233.21,Inr,2025-01-24,Active
ACC004990,CUST004605,BR065,60034700004989,Current,72832.32,GBP,2020-02-28,Active
ACC004991,CUST001689,BR097,79108800004990,Savings,51965.75,INR,2025-07-03,Dormant
ACC004992,CUST003382,BR062,43974100004991,Salary,54994.26,INR,2026-01-07,Active
ACC004993,CUST003478,BR027,87926500004992,Salary,68137.82,INR,23/12/2023,Active
ACC004994,CUST003733,BR053,69420400004993,Savings,107946.69,INR,05/12/2025,Active
ACC004995,CUST000979,BR051,65680100004994,Savings,148722.66,INR,2020-08-24,Active
ACC004996,CUST004189,BR037,64065000004995,Savings,124344.33,INR,2024-10-08,Active
ACC004997,CUST003691,BR016,35487300004996,Salary,87632.4,INR,2024-05-30,Active
ACC004998,CUST002474,BR060,32052400004997,Savings,90377.36,INR,2022-03-10,Active
ACC004999,CUST003459,BR076,18971300004998,Salary,61327.58,inr,2026-07-27,Active
ACC005000,CUST004602,BR090,82145200004999,Savings,154276.29,INR,2023-11-11,Active
ACC005001,CUST003704,BR093,85126800005000,Salary,33517.21,inr,2012-08-15,Active
ACC005002,CUST002740,BR030,20746800005001,Savings,25518.71,INR,31/07/2023,Active
ACC005003,CUST000379,BR022,26911000005002,Savings,49791.88,INR,2023-03-18,Dormant
ACC005004,CUST003613,BR022,29037700005003,Savings,17688.91,INR,2025-09-16,Active
ACC005005,CUST003418,BR103,65628800005004,Salary,-80758.67,INR,2022-05-19,Closed 
ACC005006,CUST004401,BR104,22944300005005,Savings,284460.53,INR,2025-07-11,Active
ACC005007,CUST004870,BR078,14249200005006,,180462.39,INR,2025-08-31,Active
ACC005008,CUST004570,BR079,64729500005007,Savings,82696.12,INR,2026-02-09,Active
ACC005009,CUST000063,BR096,13093900005008,Current,22573.58,INR,2020-02-25,Dormant
ACC005010,CUST001854,BR053,13254700005009,Savings,112340.93,USD,2026-05-08,Active
ACC005011,CUST002098,BR112,14663400005010,Savings,147315.38,INR,2026-07-24,Active
ACC005012,CUST000593,BR137,96128700005011,Savings,42760.25,INR,2023-10-15,Active
ACC005013,CUST002178,BR036,97168800005012,Savings,75545.39,INR,2021-11-10,Active
ACC005014,CUST003419,BR070,66199100005013,Salary,10642.98,INR,2024-05-23,Active
ACC005015,CUST004466,BR048,49444900005014,Savings,88012.47,INR,2015-09-30,Active
ACC005016,CUST000872,BR050,91041700005015,Salary,59316.91,INR,2026-07-27,active
ACC005017,CUST001430,BR059,18086600005016,Savings,31798.98,INR,2025-03-15,Active
ACC005018,CUST000029,BR033,21056000005017,Savings,52286.29,INR,2020-10-20,Active
ACC005019,CUST000504,BR053,53974200005018,Current,40268.18,INR,2017-07-28,Active
ACC005020,CUST003597,BR049,28914000005019,Salary,50992.45,INR,2019-04-14,Dormant
ACC005021,CUST003794,BR123,53016100005020,Savings,60234.13,INR,2023-08-02,Dormant
ACC005022,CUST000599,BR042,77843900005021,Current,34323.04,INR,2024-03-08,Dormant
ACC005023,CUST003630,BR015,11411000005022,Salary,102540.1,Inr,2019-07-29,Active
ACC005024,CUST002504,BR131,85970600005023,Salary,102220.29,INR,2025-02-01,Active
ACC005025,CUST000355,BR136,90077600005024,Salary,29831.12,INR,2026-03-08,Active
ACC005026,CUST003164,BR134,34210000005025,Savings,219024.91,INR,2019-03-30,Active
ACC005027,CUST002984,BR028,89483400005026,Salary,33250.5,INR,2019-09-28,Dormant
ACC005028,CUST001305,BR062,75063600005027,Salary,81337.64,INR,2022-10-05,Active
ACC005029,CUST001021,BR044,36892100005028,Savings,21564.28,GBP,23/01/2026,Active
ACC005030,CUST002732,BR040,86014200005029,Current,24433.66,INR,2019-08-20,Active
ACC005031,CUST002439,BR138,99892400005030,Savings,116217.06,INR,2015-05-01,Dormant
ACC005032,CUST002654,BR020,37115800005031,Savings,157478.86,INR,2018-08-12,Dormant
ACC005033,CUST004028,BR091,76522700005032,Savings,166037.48,GBP,2025-05-10,Active 
ACC005034,CUST003591,BR108,41461400005033,Savings,135168.77,INR,2015-09-16,Active
ACC005035,CUST003429,BR011,62193600005034,Savings,39944.08,INR,2026-07-06,Dormant
ACC005036,CUST003410,BR132,46763700005035,Salary,125322.85,INR,2022-09-29,Closed
ACC005037,CUST003197,BR034,12261600005036,Savings,28109.73,INR,2025-11-03,Active
ACC005038,CUST001127,BR062,78439400005037,Savings,67265.96,INR,2024-07-25,Dormant
ACC005039,CUST002470,BR082,10382000005038,Savings,101627.88,USD,2020-08-02,Active
ACC005040,CUST001122,BR132,42005400005039,Salary,66709.0,INR,2023-10-24,Active
ACC005041,CUST003912,BR149,68017200005040,Savings,107149.65,INR,2025-02-14,Active
ACC005042,CUST001777,BR038,19602500005041,Salary,,INR,2025-08-30,Active
ACC005043,CUST001443,BR062,35004100005042,Savings,40545.68,INR,2025-11-14,Active
ACC005044,CUST003799,BR092,60402900005043,Current,176791.72,INR,2026-05-10,Active
ACC005045,CUST001550,BR062,37702300005044,Current,106470.03,INR,2022-09-01,active
ACC005046,CUST002527,BR013,14869500005045,Salary,166122.62,INR,2026-07-15,Active
ACC005047,CUST001061,BR118,61720100005046,Current,133700.67,EUR,2026-07-28,Active
ACC005048,CUST000851,BR085,60239600005047,Salary,,INR,2018-08-12,Active
ACC005049,CUST002524,BR020,10602300005048,Savings,150397.26,INR,2024-10-05,Active
ACC005050,CUST003244,BR096,36870700005049,,93902.53,INR,2023.03.14,Active
ACC005051,CUST002487,BR136,59258100005050,Savings,108703.96,INR,2025-06-03,Active
ACC005052,CUST003583,BR097,71985300005051,Salary,67483.11,INR,2021-09-20,Closed
ACC005053,CUST002729,BR072,32170500005052,Savings,-97815.62,INR,2022-09-23,Active
ACC005054,CUST003267,BR117,26510900005053,Current,108030.51,INR,2022-10-12,Active
ACC005055,CUST001506,BR041,36530700005054,Salary,91876.37,INR,2026-04-28,Active
ACC005056,CUST000704,BR015,77287800005055,Savings,33491.2,INR,2022-12-05,Active
ACC005057,CUST004194,BR074,34855400005056,Savings,65808.15,INR,2025-03-05,Active
ACC005058,CUST001641,BR042,93562200005057,Savings,11061.97,inr,2026-04-27,Active
ACC005059,CUST004082,BR074,15400900005058,Savings,11962.72,INR,2020-02-19,Active
ACC005060,CUST000248,BR104,76890500005059,Savings,42085.54,inr,2022-01-06,Dormant
ACC005061,CUST002289,BR127,96355600005060,Savings,24329.0,INR,2021-07-31,Active
ACC005062,CUST002417,BR089,37048600005061,Savings,153616.71,INR,2026-02-15,Active
ACC005063,CUST000094,BR092,36202000005062,Savings,84360.03,INR,09/04/2019,Active
ACC005064,CUST001600,BR143,58944500005063,Savings,225198.96,INR,2026-06-08,Active
ACC005065,CUST001596,BR137,69687500005064,Savings,69529.75,INR,2017-10-11,Active
ACC005066,CUST002590,BR118,85492600005065,Current,88488.29,INR,2025-12-23,Active
ACC005067,CUST000724,BR137,90982100005066,Savings,134423.68,INR,2021-10-19,Active
ACC005068,CUST000523,BR071,80933100005067,Salary,147180.46,INR,09/24/2025,Active
ACC005069,CUST001316,BR116,43275600005068,Savings,85065.35,INR,2025-09-24,Active
ACC005070,CUST001462,BR081,14982900005069,Savings,21862.01,INR,2025-11-01,Active
ACC005071,CUST004119,BR093,55023100005070,Savings,119614.13,INR,2025-05-17,Active
ACC005072,CUST000147,BR099,15539300005071,Savings,21158.31,GBP,2026-04-19,Active
ACC005073,CUST002012,BR012,78910100005072,Salary,83330.43,INR,2023-01-15,Active
ACC005074,CUST000045,BR002,19966800005073,Current,23990.01,INR,2026-02-05,Active 
ACC005075,CUST002886,BR143,18613300005074,Savings,50796.87,INR,2025-06-13,Active
ACC005076,CUST004256,BR055,51302700005075,Salary,53420.1,EUR,2025-12-12,Active
ACC005077,CUST004108,BR008,63624800005076,Current,,INR,2013-05-03,Active
ACC005078,CUST002760,BR019,26228000005077,Salary,225945.92,INR,2025-08-12,Active
ACC005079,CUST000830,BR006,62390300005078,Savings,52880.78,INR,2021-04-15,Active
ACC005080,CUST004246,BR036,73080300005079,Savings,17517.5,USD,2023-11-30,Closed
ACC005081,CUST000525,BR110,23390300005080,Savings,34384.85,INR,2017-06-22,Closed
ACC005082,CUST000031,BR125,90792300005081,Savings,85905.57,INR,2025.05.09,Dormant
ACC005083,CUST001911,BR010,26746600005082,Salary,29772.21,INR,2020-10-11,Active
ACC005084,CUST001815,BR083,11990000005083,Savings,65553.61,gbp,2022-03-16,Closed
ACC005085,CUST000922,BR100,92960500005084,Savings,3780.21,INR,2022-01-19,Active
ACC005086,CUST001609,BR130,76922400005085,Current,240849.61,INR,2019-12-03,Active
ACC005087,CUST003224,BR136,77263700005086,Savings,121838.99,INR,2023-09-03,Active
ACC005088,CUST000975,BR134,13377000005087,Savings,27235.81,USD,2020-12-20,Active
ACC005089,CUST000118,BR108,53483900005088,Savings,162863.58,INR,2023-07-06,Active
ACC005090,CUST002954,BR121,16987600005089,Savings,59502.53,INR,05/03/2022,Dormant
ACC005091,CUST002060,BR112,80345800005090,Savings,95329.83,INR,2013-06-16,Active
ACC005092,CUST002494,BR115,48970300005091,Salary,80857.12,inr,2026-04-01,Active
ACC005093,CUST001902,BR136,88992400005092,Savings,93889.04,inr,2021-07-20,Active
ACC005094,CUST004090,BR025,99957300005093,Salary,58000.07,INR,2013-06-21,Active
ACC005095,CUST003278,BR013,37718100005094,Savings,55276.51,INR,2024-05-30,Active
ACC005096,CUST000624,BR041,36715100005095,Salary,75652.96,INR,2021-09-09,Active
ACC005097,CUST800042,BR143,98064900005096,Salary,45829.03,INR,2024-12-31,Active
ACC005098,CUST003080,BR106,56085400005097,Savings,123266.6,INR,09/26/2024,Active
ACC005099,CUST002385,BR071,74303700005098,Salary,63637.23,INR,2023-04-05,Active
ACC005100,CUST004350,BR046,97972300005099,Savings,174309.33,INR,2025-06-01,Active
ACC005101,CUST001819,BR030,47136300005100,Savings,102997.62,INR,2025-11-22,Active
ACC005102,CUST003784,BR057,66653500005101,Current,57806.38,INR,2025-11-14,Closed
ACC005103,CUST002151,BR143,79845500005102,Savings,121333.86,INR,2025-05-03,Active
ACC005104,CUST000208,BR141,42764100005103,Current,21446.88,INR,2025-09-07,Active
ACC005105,CUST004557,BR146,69800100005104,Savings,38337.69,INR,2024-06-18,Active
ACC005106,CUST002321,BR106,39463300005105,Savings,118655.77,GBP,2021-09-11,Active
ACC005107,CUST004965,BR088,79948700005106,Savings,54118.38,INR,2025-09-09,Active
ACC005108,CUST001561,BR016,35364800005107,Salary,75438.28,INR,2026-07-06,Closed
ACC005109,CUST002673,BR089,53713700005108,Current,54797.43,INR,2015-07-27,Active
ACC005110,CUST002306,BR109,17413600005109,Salary,87205.91,USD,2022-07-17,Active
ACC005111,CUST004046,BR064,87744500005110,Salary,76704.66,INR,2026-05-28,Active
ACC005112,CUST004444,BR120,19349100005111,Salary,29834.75,INR,03/27/2024,Active
ACC005113,CUST001425,BR089,13179500005112,Savings,171501.56,INR,2025-08-17,Dormant
ACC005114,CUST003758,BR137,75758800005113,,129977.35,INR,2026-02-20,Active
ACC005115,CUST002595,BR017,26282700005114,Savings,10437.85,INR,2026-06-02,Dormant
ACC005116,CUST004920,BR103,60057600005115,,14410.18,INR,08/08/2022,Active
ACC005117,CUST000263,BR052,99409000005116,Salary,11042.21,USD,2025-09-15,Active
ACC005118,CUST001431,BR015,21630300005117,Salary,35640.68,INR,2025-10-09,Active
ACC005119,CUST004864,BR046,29998900005118,Savings,116272.61,INR,2022-01-14,Active
ACC005120,CUST002428,BR115,46248600005119,Savings,63963.3,INR,2024-07-14,Active
ACC005121,CUST003551,BR028,82369400005120,Savings,48244.67,INR,2023-08-03,Active
ACC005122,CUST004649,BR099,31056900005121,Savings,13660.68,INR,2023-10-17,Active
ACC005123,CUST004409,BR031,97533500005122,Current,80848.0,INR,2026-04-25,Active
ACC005124,CUST001032,BR069,47761800005123,Current,86619.89,INR,2023-03-11,Active
ACC005125,CUST004563,BR022,74021400005124,Savings,58033.93,INR,2023-06-24,Active
ACC005126,CUST003225,BR115,66135500005125,Savings,133489.06,INR,2022-11-21,Dormant
ACC005127,CUST004538,BR131,52247700005126,Savings,133985.85,Inr,2015-10-04,Dormant
ACC005128,CUST000983,BR079,21106600005127,Savings,38571.28,INR,2017-01-03,Active
ACC005129,CUST001005,BR059,47719300005128,Savings,52690.43,EUR,2022-09-01,Active
ACC005130,CUST002159,BR140,74721600005129,Salary,137298.05,Inr,2016-08-09,Dormant
ACC005131,CUST004137,BR142,25804200005130,Savings,55720.38,INR,2026-05-10,Active
ACC005132,CUST002111,BR140,13508200005131,Salary,40996.39,INR,2023-07-06,Active
ACC005133,CUST002715,BR118,57443700005132,Current,79698.6,INR,2024-10-21,Active
ACC005134,CUST001563,BR034,10953400005133,Savings,130152.95,INR,2022-05-19,Active
ACC005135,CUST001735,BR025,38910900005134,Savings,-81241.69,INR,2023-08-03,Active
ACC005136,CUST004576,BR067,86238400005135,Savings,38376.05,INR,2019-07-27,Active
ACC005137,CUST001220,BR086,29847900005136,Salary,46177.4,INR,2024-05-18,Active
ACC005138,CUST000157,BR030,74134700005137,Savings,94376.24,INR,2025-12-16,Dormant
ACC005139,CUST003362,BR022,18954600005138,Current,56409.1,INR,2025-01-06,Dormant
ACC005140,CUST002556,BR050,17544500005139,Salary,123107.13,INR,2019-08-07,Dormant
ACC005141,CUST004173,BR053,43435800005140,Savings,54332.47,INR,2017-05-28,Active
ACC005142,CUST004857,BR034,15488500005141,Savings,58572.05,INR,2023-12-16,Active
ACC005143,CUST001667,BR070,73158900005142,Savings,65260.44,INR,2023-02-03,active
ACC005144,CUST000231,BR077,84528700005143,Salary,62262.88,INR,2017-03-01,Closed
ACC005145,CUST000497,BR015,22085500005144,Salary,22716.35,INR,02/10/2026,Active
ACC005146,CUST800043,BR001,18095400005145,Salary,98317.85,INR,2024-04-13,Active
ACC005147,CUST004433,BR006,61301800005146,Savings,157319.58,INR,2024-03-07,Active
ACC005148,CUST004505,BR119,76981800005147,Current,85955.91,INR,2026-06-29,Active
ACC005149,CUST003312,BR121,23743200005148,Savings,93425.31,INR,02/03/2018,Active
ACC005150,CUST002990,BR024,66179900005149,Salary,46916.7,INR,2024-12-30,Active
ACC005151,CUST000875,BR142,36776800005150,Savings,83314.64,INR,2025-04-13,Dormant
ACC005152,CUST002667,BR042,85689000005151,Savings,150906.92,INR,2025-02-05,Active
ACC005153,CUST001247,BR135,69984500005152,Savings,65944.65,INR,2019-03-19,Active
ACC005154,CUST003149,BR027,50787700005153,Salary,110157.35,INR,2023-06-14,Active
ACC005155,CUST001165,BR123,56958200005154,Current,102953.54,Inr,2024-11-30,ACTIVE
ACC005156,CUST000731,BR054,62016900005155,Savings,122358.13,INR,2023-04-15,Active
ACC005157,CUST002219,BR118,41887400005156,Salary,87666.27,INR,2022-09-28,Active
ACC005158,CUST001573,BR012,22387500005157,Current,86831.52,INR,2025-09-10,Active
ACC005159,CUST004601,BR086,72586200005158,Savings,120353.93,INR,2026-05-18,Active
ACC005160,CUST002029,BR129,89621200005159,Savings,111679.82,INR,2021-06-19,Active
ACC005161,CUST001125,BR020,59916100005160,Savings,56676.89,INR,2019-12-02,Active
ACC005162,CUST004180,BR063,42462800005161,Savings,77653.43,INR,2026-06-11,Active
ACC005163,CUST002609,BR134,90317600005162,Savings,12163.72,Inr,10/06/2024,Active 
ACC005164,CUST001522,BR139,30402800005163,Salary,56355.19,INR,2024-01-26,Active
ACC005165,CUST003896,BR076,47671200005164,Savings,62882.61,INR,2014-12-09,Active
ACC005166,CUST004282,BR008,12686500005165,Savings,56341.11,INR,09/08/2017,Active
ACC005167,CUST004057,BR142,67873700005166,Savings,60797.58,INR,2024-05-01,Active 
ACC005168,CUST004577,BR026,50777200005167,Savings,75809.68,INR,2022-09-18,Active
ACC005169,CUST001771,BR062,82391900005168,Salary,100604.08,INR,2025-09-22,Active
ACC005170,CUST001751,BR126,10141400005169,Salary,83787.72,INR,2025-08-02,Closed
ACC005171,CUST001978,BR017,69681000005170,Salary,68620.49,INR,2023-08-25,Active
ACC005172,CUST000705,BR070,65584300005171,Savings,,INR,2026-04-22,Active
ACC005173,CUST001052,BR094,54084900005172,Savings,41002.87,GBP,2026-06-28,Active
ACC005174,CUST000331,BR009,76454200005173,Savings,61158.13,INR,2016-08-19,Active
ACC005175,CUST004095,BR073,15999600005174,Current,16953.5,INR,2026-05-25,Active
ACC005176,CUST002323,BR008,20074900005175,Current,39210.62,INR,2020-06-24,Active
ACC005177,CUST001638,BR097,88081400005176,Savings,178073.24,INR,2026-07-02,Active
ACC005178,CUST003462,BR135,51935300005177,Salary,28991.17,Inr,2025.09.03,Active
ACC005179,CUST800044,BR031,16183400005178,Salary,22069.94,INR,2025-03-03,Closed
ACC005180,CUST002426,BR040,51420900005179,Salary,95351.89,INR,2019-08-11,Active
ACC005181,CUST001824,BR020,52459500005180,Savings,109359.36,INR,2019-11-29,Active
ACC005182,CUST004897,BR062,22277500005181,Savings,52992.57,INR,2024-04-26,Active
ACC005183,CUST002665,BR001,29764800005182,Current,54589.29,INR,2022-04-24,Dormant
ACC005184,CUST003492,BR135,55860000005183,Savings,3496.33,INR,2026-07-19,Active
ACC005185,CUST000707,BR015,77608200005184,Savings,64562.77,INR,2024-10-28,Active
ACC005186,CUST000892,BR101,69262300005185,,113601.18,INR,2024-06-16,Active
ACC005187,CUST002916,BR049,70517200005186,Savings,86720.51,INR,2019-09-04,Active
ACC005188,CUST004862,BR116,73297200005187,Savings,59429.78,inr,2021-01-20,Active
ACC005189,CUST001246,BR008,29537300005188,Savings,36160.03,Inr,2026-05-26,Active
ACC005190,CUST002804,BR071,21548600005189,Savings,161306.35,EUR,2025-01-23,Active
ACC005191,CUST001334,BR014,74998300005190,Savings,28388.29,INR,06/20/2022,Active
ACC005192,CUST002131,BR105,75565900005191,Salary,23473.53,INR,2020-10-04,Active
ACC005193,CUST002779,BR029,40927100005192,Savings,86762.38,Inr,2024-08-21,Active
ACC005194,CUST003343,BR088,69647300005193,Savings,14636.7,INR,2025-03-16,Active 
ACC005195,CUST001268,BR062,34631200005194,Savings,68972.96,INR,2025-12-05,Active
ACC005196,CUST002816,BR026,23614600005195,Savings,36509.79,INR,2025-09-20,Active
ACC005197,CUST002946,BR029,20903900005196,Savings,60639.94,INR,2026-07-25,Active
ACC005198,CUST001915,BR086,27826500005197,Savings,86913.78,INR,2024-12-24,Active
ACC005199,CUST001688,BR033,39499700005198,Salary,30278.69,INR,2026-06-27,Active
ACC005200,CUST002025,BR139,39058700005199,Salary,71437.01,INR,22/06/2025,Active
ACC005201,CUST001185,BR115,97249300005200,Savings,50046.82,INR,2026-04-02,Active
ACC005202,CUST001623,BR052,76092200005201,Savings,36985.13,INR,2020-11-26,Active
ACC005203,CUST002065,BR059,25272800005202,Salary,78226.05,inr,22/05/2026,Active
ACC005204,CUST003153,BR075,39513700005203,Current,75923.0,INR,2026.05.09,Active
ACC005205,CUST001871,BR121,91888400005204,Savings,84649.89,INR,2022-10-02,Active
ACC005206,CUST002319,BR063,78079400005205,Salary,7898.86,INR,2023-06-23,Active
ACC005207,CUST000907,BR062,96144800005206,,50970.39,INR,2024-12-09,Active
ACC005208,CUST002197,BR104,70302000005207,Salary,62156.05,INR,2025-03-08,Active
ACC005209,CUST003634,BR039,58179600005208,Salary,78566.85,INR,2021-06-13,Active
ACC005210,CUST000128,BR095,75779500005209,Salary,49255.24,INR,2025-09-18,Active
ACC005211,CUST000855,BR058,66173600005210,Savings,44946.06,INR,2020-01-17,Active
ACC005212,CUST004475,BR072,16674300005211,Savings,47067.7,INR,2025-06-10,Dormant
ACC005213,CUST002038,BR117,46620600005212,Savings,39795.27,INR,2025-10-28,Active
ACC005214,CUST003288,BR008,49838700005213,Current,23843.47,INR,2026-04-08,Active
ACC005215,CUST004101,BR098,59684300005214,Savings,81321.08,INR,2024-01-12,Active
ACC005216,CUST001029,BR040,25368300005215,Savings,106800.96,INR,06/24/2026,Active
ACC005217,CUST004650,BR002,80560100005216,Savings,21139.73,INR,2026-04-07,Active
ACC005218,CUST000623,BR048,17035600005217,Savings,62107.34,INR,2022-08-17,Dormant
ACC005219,CUST002622,BR117,94155200005218,Salary,137834.38,INR,2025-07-20,Active
ACC005220,CUST004808,BR110,36445000005219,Salary,-240247.97,INR,2015-12-21,Dormant
ACC005221,CUST003962,BR039,57829000005220,Savings,24094.29,INR,2018-02-18,Active
ACC005222,CUST004359,BR060,67734600005221,Savings,28881.09,Inr,2022-03-01,Active
ACC005223,CUST003890,BR131,45019000005222,Current,107861.69,INR,2025-01-03,Active
ACC005224,CUST001222,BR057,75236900005223,Savings,224012.24,INR,2025-10-31,Active
ACC005225,CUST003439,BR039,14355700005224,Savings,38948.28,inr,2026-03-23,Active
ACC005226,CUST002859,BR067,91553900005225,Savings,28871.43,inr,2023-05-05,Active
ACC005227,CUST003207,BR118,43707400005226,Savings,65705.26,INR,2023-06-05,Active
ACC005228,CUST003227,BR065,74762800005227,Savings,32870.07,INR,2024-11-26,Active
ACC005229,CUST003557,BR078,10264000005228,Current,105369.22,INR,2023-11-11,Active
ACC005230,CUST000120,BR108,17619300005229,Salary,72457.26,INR,2019-08-15,active
ACC005231,CUST001982,BR130,40565200005230,Salary,111877.76,INR,2018-04-03,Active
ACC005232,CUST001101,BR101,73645300005231,Current,132049.24,USD,15/04/2026,Active
ACC005233,CUST004930,BR061,90363700005232,Savings,25293.68,INR,2023-06-11,Active
ACC005234,CUST001459,BR115,17605100005233,Salary,88652.87,INR,2023-11-15,Active
ACC005235,CUST002248,BR117,95867900005234,Current,73860.58,INR,2026-06-28,Active
ACC005236,CUST003916,BR032,84693600005235,Savings,31754.34,INR,2022-07-04,Active
ACC005237,CUST002282,BR105,88517200005236,Savings,9686.39,INR,2022-10-16,Active
ACC005238,CUST001962,BR112,13381700005237,Salary,78902.63,INR,2026-07-26,Active
ACC005239,CUST004902,BR046,28256800005238,Salary,217328.11,INR,2019-01-24,Active
ACC005240,CUST001197,BR045,59520400005239,Savings,-36261.63,INR,2016-10-05,Dormant
ACC005241,CUST000262,BR102,51237700005240,Savings,86039.63,INR,2023.11.04,Active
ACC005242,CUST003772,BR001,83773700005241,Savings,78997.35,GBP,2024-11-03,Active
ACC005243,CUST003790,BR044,99181700005242,Current,-50283.67,inr,2017-06-07,Active
ACC005244,CUST002498,BR096,42717800005243,Savings,,inr,2020-02-18,Active
ACC005245,CUST004461,BR069,68678000005244,Savings,33838.36,INR,2022-08-31,Active
ACC005246,CUST001038,BR002,47471700005245,Savings,116758.63,Inr,2024.09.25,Active
ACC005247,CUST001563,BR020,96286700005246,Salary,261557.31,INR,2025-10-27,Active
ACC005248,CUST001725,BR015,69246200005247,Savings,45689.38,GBP,2025-07-06,Active
ACC005249,CUST000723,BR080,53759700005248,Savings,124100.53,INR,09/20/2020,Active
ACC005250,CUST003652,BR007,38990100005249,Salary,60980.52,INR,2025-10-07,Active
ACC005251,CUST002117,BR115,15111400005250,Savings,75431.85,USD,2024-06-19,Active
ACC005252,CUST003673,BR091,95176300005251,Savings,56888.76,INR,2024-03-15,Dormant
ACC005253,CUST000250,BR076,64735200005252,Savings,51506.76,inr,2024-09-21,Active
ACC005254,CUST003588,BR032,27817200005253,Salary,63384.86,INR,2023-01-31,Active
ACC005255,CUST003675,BR028,38745000005254,Savings,35912.43,USD,2019.10.30,Dormant
ACC005256,CUST003146,BR122,13366300005255,Savings,49367.3,GBP,2023-11-18,Active
ACC005257,CUST004609,BR093,62450800005256,Savings,,INR,2026-02-27,Active
ACC005258,CUST004893,BR054,94620900005257,Current,86792.63,INR,07/18/2024,Active
ACC005259,CUST002877,BR032,67133900005258,Savings,35114.72,inr,2026-07-14,Active
ACC005260,CUST002327,BR051,51538100005259,Savings,48618.62,INR,2022-08-18,Active
ACC005261,CUST003412,BR046,44619200005260,Current,44343.97,INR,2024-03-05,Active
ACC005262,CUST004842,BR078,82852500005261,Current,40458.55,INR,2022-05-31,Active
ACC005263,CUST004674,BR040,82792400005262,Current,57186.02,INR,2016-02-17,Active
ACC005264,CUST004213,BR117,70460200005263,Savings,32492.29,INR,2014-09-10,Closed
ACC005265,CUST003112,BR009,38192200005264,Salary,105295.19,USD,2026-02-19,Active
ACC005266,CUST003748,BR105,80433700005265,Savings,333421.27,INR,2017.03.15,Active
ACC005267,CUST001192,BR001,32177700005266,Salary,15955.75,INR,2026-03-29,Active
ACC005268,CUST004918,BR031,41795700005267,Savings,,INR,2020-01-30,Closed
ACC005269,CUST004598,BR141,38084900005268,Savings,62076.16,INR,29/06/2019,Active
ACC005270,CUST001685,BR115,95188200005269,Savings,51387.53,INR,2026-04-12,Active
ACC005271,CUST004794,BR148,93552700005270,Savings,33128.01,INR,2026-07-10,Active
ACC005272,CUST001841,BR077,33884000005271,Savings,72828.02,INR,2024-09-22,Active
ACC005273,CUST001472,BR021,99996200005272,Salary,51781.3,INR,07/06/2024,Active
ACC005274,CUST000237,BR149,66152000005273,Savings,76379.83,INR,2025-05-21,Active
ACC005275,CUST800045,BR115,85409100005274,Current,143939.86,GBP,2024-05-23,Active
ACC005276,CUST000165,BR078,57620000005275,Savings,3968.62,INR,2020-09-17,Active 
ACC005277,CUST003904,BR116,40921900005276,Savings,73226.03,INR,2025-02-13,Active
ACC005278,CUST003366,BR043,15796700005277,Savings,11552.76,INR,2024-04-12,Active
ACC005279,CUST001975,BR119,81663300005278,Savings,13176.92,INR,2025-07-28,Active
ACC005280,CUST000304,BR115,83252900005279,Current,101077.3,INR,2026-07-09,Active
ACC005281,CUST001031,BR021,50421600005280,Savings,28435.54,INR,2020-03-08,Active
ACC005282,CUST004616,BR005,18218000005281,Savings,13361.23,INR,2021-11-27,Active
ACC005283,CUST002192,BR127,62832800005282,Savings,247589.92,Inr,2021-02-02,Active
ACC005284,CUST004002,BR109,79278100005283,Savings,115622.87,INR,2022-03-15,Active
ACC005285,CUST000299,BR045,56581800005284,Savings,71683.08,INR,2017-11-08,Active
ACC005286,CUST001132,BR082,50410300005285,Salary,112015.96,INR,2023-04-07,Active
ACC005287,CUST004047,BR005,88432100005286,Savings,,INR,2024-09-14,active
ACC005288,CUST001607,BR027,71938000005287,Current,34978.11,INR,2018-12-11,Active
ACC005289,CUST000013,BR014,93623100005288,Savings,129893.16,INR,2021-08-12,Active
ACC005290,CUST000650,BR004,44914200005289,Savings,79791.31,Inr,2026-04-03,Active
ACC005291,CUST004156,BR021,55583400005290,Savings,32987.89,INR,2026-01-06,Dormant
ACC005292,CUST004656,BR007,69852800005291,Savings,68521.94,INR,2025-12-13,Active
ACC005293,CUST001675,BR142,23858700005292,Savings,86901.38,INR,2025-01-17,Active
ACC005294,CUST003000,BR013,67448000005293,Savings,157212.2,INR,2025-10-17,Active
ACC005295,CUST004115,BR020,16411600005294,Salary,16462.94,Inr,2025-09-18,Active
ACC005296,CUST000030,BR074,45925800005295,Savings,17638.45,INR,2021-11-26,Active
ACC005297,CUST003103,BR091,41381500005296,Savings,-52790.91,GBP,2022-12-19,Active
ACC005298,CUST001629,BR107,86820800005297,Savings,98624.35,INR,2025-09-20,Active
ACC005299,CUST001817,BR015,71130700005298,Salary,39148.71,INR,2025-09-21,Active
ACC005300,CUST004263,BR021,95065100005299,Savings,54691.74,Inr,28/11/2025,Active
ACC005301,CUST003159,BR003,14035200005300,Savings,13258.18,INR,2014-08-01,active
ACC005302,CUST000616,BR024,95246900005301,Savings,9626.1,EUR,2020-06-07,Active
ACC005303,CUST003049,BR029,11816000005302,Salary,13673.27,INR,2025-12-27,Closed
ACC005304,CUST002291,BR123,82655800005303,Current,113878.02,INR,2026-03-18,ACTIVE
ACC005305,CUST004803,BR089,17259300005304,Savings,11267.97,INR,2025-10-21,Active
ACC005306,CUST000450,BR035,25828100005305,,70856.42,INR,2026-02-05,Closed
ACC005307,CUST004075,BR018,13570500005306,Salary,22506.66,INR,2019-02-19,Active
ACC005308,CUST001818,BR125,96827900005307,Salary,35782.53,INR,2024-07-05,Active
ACC005309,CUST004250,BR107,23628700005308,Savings,9007.1,INR,2025-08-02,Active
ACC005310,CUST003958,BR015,61851200005309,Savings,77377.97,INR,2025-11-26,Active
ACC005311,CUST004130,BR084,42231600005310,Savings,31301.99,INR,2026-02-18,Closed
ACC005312,CUST004478,BR126,29368500005311,Savings,38463.02,INR,2025-12-04,Active
ACC005313,CUST002786,BR041,13099900005312,Savings,,INR,2023-03-12,Active
ACC005314,CUST004277,BR110,63492400005313,Savings,90316.59,INR,2021-05-21,Active
ACC005315,CUST000770,BR059,35211800005314,Savings,86452.16,INR,2023-06-21,Active
ACC005316,CUST001002,BR023,64412500005315,Current,92865.1,INR,2026-02-03,Active
ACC005317,CUST003872,BR043,72962900005316,Savings,107956.8,INR,2019-09-21,Active
ACC005318,CUST004662,BR051,48777100005317,Savings,79622.36,Inr,2024-04-16,Active
ACC005319,CUST003365,BR006,49133100005318,Salary,51401.68,Inr,2014-12-14,Active
ACC005320,CUST004308,BR050,19938900005319,Savings,29816.16,inr,2016-07-25,Active
ACC005321,CUST000297,BR145,42691800005320,Savings,44969.63,INR,2024-09-02,Closed
ACC005322,CUST002662,BR021,69868500005321,Savings,19305.76,INR,03/17/2022,Active
ACC005323,CUST002377,BR002,77727400005322,Savings,29038.13,INR,2026-05-21,Active
ACC005324,CUST003711,BR057,25214300005323,Savings,144425.05,INR,2025-04-25,Active
ACC005325,CUST003980,BR145,39731000005324,Savings,23123.72,INR,2025-10-19,Dormant
ACC005326,CUST002503,BR102,33518100005325,Savings,108816.17,INR,2022-09-17,Active
ACC005327,CUST000747,BR078,62536800005326,Savings,47051.23,INR,25/08/2024,Active
ACC005328,CUST003736,BR110,81064000005327,Salary,81786.36,INR,2022-11-22,Active
ACC005329,CUST003250,BR002,88589800005328,Savings,7586.71,INR,2024-01-12,Active
ACC005330,CUST004761,BR031,69943700005329,Savings,51802.45,EUR,2023-02-05,Active
ACC005331,CUST003953,BR127,11883100005330,Salary,80127.7,INR,2022-12-24,Active
ACC005332,CUST004254,BR109,23559100005331,Savings,146888.35,INR,2024-07-13,Active
ACC005333,CUST004867,BR070,14545800005332,Savings,54483.58,INR,2021-11-17,Active
ACC005334,CUST004153,BR040,60944200005333,Savings,91073.92,INR,2024-09-30,Active
ACC005335,CUST004027,BR035,20501500005334,Savings,60360.43,INR,2025-09-13,Active
ACC005336,CUST004186,BR007,33656200005335,Salary,35561.03,INR,2025-07-23,Active
ACC005337,CUST003039,BR133,32612900005336,Salary,57956.01,INR,2022-02-22,Active
ACC005338,CUST000410,BR030,74945900005337,Salary,28993.06,INR,2021-04-15,Active
ACC005339,CUST003565,BR123,62995100005338,Savings,54328.54,INR,2025-04-27,Active
ACC005340,CUST003562,BR052,41478000005339,Savings,75066.5,INR,2026-07-01,Active
ACC005341,CUST002366,BR137,44642400005340,Savings,89628.2,INR,2025.03.23,Active
ACC005342,CUST004062,BR006,27916900005341,Savings,62304.61,INR,2022-03-29,Active
ACC005343,CUST000053,BR078,17652200005342,Salary,64874.2,INR,2026-07-08,Dormant
ACC005344,CUST004699,BR015,40542600005343,Savings,81927.08,INR,2025-08-17,Active
ACC005345,CUST001455,BR001,43107500005344,Savings,74616.56,INR,2021-10-19,Active
ACC005346,CUST001585,BR054,89077000005345,Savings,108756.94,INR,2012-07-24,Active
ACC005347,CUST000556,BR096,40501100005346,Salary,59753.05,INR,2024-03-04,Active
ACC005348,CUST001979,BR139,14311900005347,Savings,55380.36,INR,2023-06-22,Active
ACC005349,CUST000824,BR023,55748400005348,Savings,16228.08,INR,2022-11-20,Active
ACC005350,CUST001156,BR096,75835100005349,Current,112372.88,INR,2026-07-02,Active
ACC005351,CUST003591,BR121,41418500005350,Savings,68506.01,INR,2024-04-07,Active 
ACC005352,CUST003436,BR141,94009000005351,Current,59319.0,INR,2025-07-09,Active
ACC005353,CUST001980,BR042,24212700005352,Savings,153737.24,INR,2025-11-14,Active
ACC005354,CUST004139,BR006,33111600005353,Savings,139049.21,Inr,2025-11-18,Active
ACC005355,CUST002204,BR144,97613100005354,Savings,77491.1,INR,07/29/2023,Active
ACC005356,CUST000537,BR131,24619500005355,Savings,23949.27,INR,2023-10-24,Active
ACC005357,CUST001714,BR039,27560600005356,Current,79906.16,INR,2026-02-21,Active
ACC005358,CUST003073,BR021,94437800005357,Salary,31775.72,GBP,2026-07-29,Active
ACC005359,CUST001851,BR081,73440800005358,Savings,85623.86,INR,2026-03-07,Active
ACC005360,CUST800046,BR036,46627100005359,Savings,138069.77,INR,2025-04-29,Active
ACC005361,CUST001123,BR085,31035200005360,Savings,52942.15,INR,10/06/2023,Dormant
ACC005362,CUST003223,BR016,28576600005361,Savings,18188.07,INR,2020-01-18,Active
ACC005363,CUST003969,BR140,22495900005362,Current,139126.05,INR,2024-12-10,Active
ACC005364,CUST003304,BR062,38396800005363,Current,22246.23,INR,2024-10-07,Active
ACC005365,CUST800047,BR022,22473700005364,Savings,62480.41,Inr,2023-06-21,Active
ACC005366,CUST000114,BR031,56559800005365,Salary,50850.42,INR,2021-02-27,Active
ACC005367,CUST004247,BR100,99949500005366,Savings,80527.77,INR,2025-11-21,Active
ACC005368,CUST001736,BR111,47560400005367,Salary,200054.24,INR,2023-08-21,Active
ACC005369,CUST002585,BR016,86901300005368,Salary,60467.83,inr,2017-08-26,Active
ACC005370,CUST000310,BR114,57709400005369,Savings,119181.8,INR,2023-01-09,Active
ACC005371,CUST002135,BR141,88710900005370,Savings,39489.51,Inr,2023-11-15,Active
ACC005372,CUST001267,BR044,44892800005371,Salary,83219.05,INR,2025-08-21,Active
ACC005373,CUST002856,BR093,69731000005372,Savings,,INR,2015-10-26,Active
ACC005374,CUST001034,BR120,57738800005373,Current,96518.56,INR,2026-03-29,Active
ACC005375,CUST001211,BR142,79040800005374,Savings,64334.1,INR,01/11/2025,Active
ACC005376,CUST003933,BR025,91256900005375,Salary,133238.12,INR,2024-11-08,Active
ACC005377,CUST003219,BR134,27259700005376,Savings,42724.75,INR,02/25/2023,Active
ACC005378,CUST003299,BR007,83735500005377,,14060.78,INR,2013-08-17,Active
ACC005379,CUST003445,BR084,28762500005378,Savings,43193.32,INR,2023-12-19,Active
ACC005380,CUST004743,BR025,63593900005379,Savings,6664.83,INR,2024-10-02,Active
ACC005381,CUST001699,BR017,58220500005380,Salary,46240.44,INR,2026-05-24,Active
ACC005382,CUST003523,BR037,47928500005381,Savings,106360.82,INR,2023-09-25,Active
ACC005383,CUST001605,BR024,85507200005382,Salary,77236.72,inr,2025-06-19,Dormant
ACC005384,CUST003163,BR008,86333700005383,Savings,44722.27,INR,2026-06-13,Active
ACC005385,CUST003096,BR046,26525800005384,Savings,56065.6,INR,2020-06-10,Active
ACC005386,CUST004015,BR017,41891200005385,Salary,86955.96,GBP,2023-07-23,Active
ACC005387,CUST002087,BR058,95013700005386,Savings,44038.46,INR,2025-05-08,Active
ACC005388,CUST002443,BR046,89230400005387,Current,87565.53,INR,2019-05-24,Active
ACC005389,CUST003061,BR079,27431300005388,Savings,27992.16,INR,2026-05-13,Active
ACC005390,CUST003132,BR128,26953200005389,Savings,83734.11,INR,2026.06.15,Active
ACC005391,CUST002600,BR022,87868400005390,Current,60914.35,Inr,2024-02-24,Active
ACC005392,CUST004701,BR129,34304400005391,Savings,28981.73,INR,2013-07-04,Active
ACC005393,CUST001601,BR081,93788900005392,Savings,41580.06,INR,2026-03-23,Active
ACC005394,CUST001864,BR150,64039100005393,Savings,39424.91,INR,09/18/2024,Active
ACC005395,CUST003451,BR062,44578100005394,Salary,118972.43,INR,2023-08-30,Active
ACC005396,CUST003526,BR015,72879900005395,Salary,111682.59,inr,2026-06-20,Active
ACC005397,CUST004709,BR032,75366200005396,Savings,36848.93,INR,2017-09-06,Active
ACC005398,CUST004735,BR001,92793700005397,Salary,47863.05,INR,2026-03-24,Active
ACC005399,CUST004914,BR130,36486600005398,Savings,107152.59,USD,2020-09-28,Active
ACC005400,CUST001824,BR085,48197200005399,Salary,53959.9,INR,2020-02-28,Active
ACC005401,CUST001543,BR133,70153900005400,Savings,70431.45,inr,2024-05-07,Active
ACC005402,CUST004944,BR091,47016500005401,Savings,52917.71,INR,2026-07-05,Active
ACC005403,CUST000964,BR141,73747200005402,Salary,41662.49,inr,2025-08-04,Closed
ACC005404,CUST002545,BR036,16083400005403,Salary,136233.56,INR,2023-05-12,Active
ACC005405,CUST001179,BR050,98091000005404,Savings,9450.73,USD,2025-05-23,Active
ACC005406,CUST000151,BR120,71073100005405,Savings,238718.48,INR,2024-02-02,Active
ACC005407,CUST002236,BR124,75489000005406,Salary,50599.25,INR,2025-06-08,Active
ACC005408,CUST001081,BR144,80644100005407,Savings,63943.03,INR,2025-09-18,Dormant
ACC005409,CUST000201,BR134,34432200005408,Salary,57488.13,INR,2022-06-09,Active
ACC005410,CUST000960,BR050,10898200005409,Salary,-39288.87,INR,14/08/2019,Active
ACC005411,CUST001025,BR102,64834300005410,Savings,62840.05,INR,2022-10-15,Active
ACC005412,CUST002783,BR142,67694900005411,Savings,120790.94,INR,2024-01-07,Active
ACC005413,CUST001424,BR040,11664600005412,Savings,57408.61,Gbp,2025-07-02,Dormant
ACC005414,CUST003831,BR016,36894900005413,Salary,,USD,2024-07-11,Dormant
ACC005415,CUST001099,BR076,75447900005414,Salary,66053.97,INR,2024-03-02,Active
ACC005416,CUST003941,BR072,77432800005415,Savings,145289.91,GBP,2022-01-05,Active
ACC005417,CUST001963,BR105,90982400005416,Salary,49999.59,INR,2025-10-13,Active
ACC005418,CUST004029,BR030,16409000005417,Salary,161021.78,INR,2018-07-04,Active
ACC005419,CUST004223,BR068,75214400005418,Salary,54955.1,INR,2023-08-01,Active
ACC005420,CUST001464,BR088,54239900005419,Savings,84416.63,INR,2024-04-16,Active
ACC005421,CUST000353,BR088,29066800005420,Salary,139748.07,INR,2023-10-15,Active
ACC005422,CUST004497,BR011,88476900005421,Savings,100961.92,INR,2022-11-15,Active
ACC005423,CUST002340,BR016,63336600005422,Savings,14324.13,INR,2016-02-22,Active
ACC005424,CUST000728,BR076,98312900005423,Current,120767.55,INR,07/26/2024,Active
ACC005425,CUST003360,BR056,54718600005424,Savings,,INR,2025-12-19,Active
ACC005426,CUST001587,BR026,74846000005425,Savings,81951.31,INR,2025-03-12,Active
ACC005427,CUST001124,BR121,14729600005426,Savings,155651.71,GBP,2025-05-09,Dormant
ACC005428,CUST003916,BR063,17620800005427,Savings,43248.42,INR,2024-01-08,active
ACC005429,CUST001707,BR087,46231400005428,Savings,149426.5,INR,2021-03-15,Active
ACC005430,CUST002688,BR104,58817900005429,Salary,47798.96,INR,2026-05-19,Active
ACC005431,CUST001403,BR109,23616500005430,Savings,25873.73,INR,2025-06-03,Active
ACC005432,CUST800048,BR051,57503300005431,Savings,64203.36,INR,2022-12-19,Active
ACC005433,CUST001086,BR004,85396400005432,Salary,28389.95,INR,2018-06-13,Active
ACC005434,CUST003836,BR082,53980300005433,Salary,32337.75,INR,2024-06-03,Active
ACC005435,CUST001046,BR036,20597900005434,Savings,50685.85,INR,2020-04-26,Active
ACC005436,CUST001568,BR146,52295600005435,Current,140980.63,INR,2025-05-12,Active
ACC005437,CUST000708,BR135,56653200005436,Salary,92036.68,INR,2026-01-01,Active
ACC005438,CUST000835,BR132,11907100005437,Salary,26714.08,INR,2022-09-03,Active
ACC005439,CUST001414,BR118,66817600005438,Savings,202823.51,INR,2026-06-25,Active
ACC005440,CUST800049,BR150,71804600005439,Current,154243.89,GBP,2023-04-14,Active
ACC005441,CUST000282,BR144,70021500005440,Current,16009.96,INR,2016-03-29,Dormant
ACC005442,CUST003127,BR027,64042700005441,Savings,5828.11,GBP,11/16/2021,Closed
ACC005443,CUST001568,BR093,79885900005442,Current,98684.65,INR,2025-01-17,Active
ACC005444,CUST002222,BR075,59310400005443,Savings,167380.38,INR,2022-12-27,Active
ACC005445,CUST001230,BR005,29183800005444,Savings,82224.87,INR,2025-12-05,Active
ACC005446,CUST001093,BR118,74303700005445,Savings,74834.75,inr,2024-02-24,Dormant 
ACC005447,CUST001281,BR017,38848300005446,Savings,-33707.73,INR,2026-05-21,Active
ACC005448,CUST002915,BR140,59708100005447,Savings,100168.93,INR,11/07/2023,Active
ACC005449,CUST003122,BR105,72859100005448,Salary,58497.63,INR,2025-03-26,Active
ACC005450,CUST003596,BR037,48406700005449,Savings,31563.31,inr,2021-01-22,Dormant
ACC005451,CUST001299,BR006,12028400005450,Savings,32636.08,INR,2020-08-25,Closed
ACC005452,CUST000762,BR149,40086800005451,Salary,126797.18,INR,2026-06-27,Active 
ACC005453,CUST001772,BR122,21704400005452,Current,19454.97,INR,12/27/2018,Active
ACC005454,CUST001541,BR067,45608300005453,Current,30504.09,Inr,10/21/2020,Active
ACC005455,CUST002255,BR121,31432200005454,Salary,227283.74,INR,2020-05-13,Active
ACC005456,CUST002602,BR116,56649600005455,Current,21578.85,INR,2026-03-20,Active
ACC005457,CUST003730,BR092,69388300005456,Current,172389.3,INR,2023-10-14,Active
ACC005458,CUST000058,BR078,43697000005457,Savings,20263.36,INR,2020-07-21,Active
ACC005459,CUST000555,BR007,57325500005458,Savings,51404.11,INR,2023-09-23,Active
ACC005460,CUST001781,BR045,49641700005459,Salary,19600.69,INR,2021-11-29,Active
ACC005461,CUST001821,BR047,73059900005460,Savings,,inr,2024-08-23,Active
ACC005462,CUST001347,BR017,67467300005461,Savings,48490.81,INR,2025-04-10,Active
ACC005463,CUST004086,BR107,89373600005462,Savings,38540.83,INR,2020-01-20,Active
ACC005464,CUST003424,BR025,59884800005463,Savings,88278.18,INR,2026-03-31,Active
ACC005465,CUST000154,BR039,66178300005464,Savings,43843.75,inr,2025-11-20,Active
ACC005466,CUST000117,BR098,49265500005465,Current,21512.3,INR,07/01/2026,Closed
ACC005467,CUST003155,BR078,15384900005466,Salary,71872.5,INR,2015-01-17,Active
ACC005468,CUST000781,BR084,88413600005467,Savings,15180.39,USD,2024-01-28,Active 
ACC005469,CUST002409,BR129,55410300005468,Savings,49960.44,INR,2025-11-26,Active
ACC005470,CUST000130,BR065,40867800005469,Savings,110436.13,INR,2026-04-12,Dormant
ACC005471,CUST003030,BR093,65549600005470,Savings,29592.13,INR,2025-09-08,Active
ACC005472,CUST002843,BR094,34139900005471,Savings,62786.16,INR,06/11/2015,Active
ACC005473,CUST001520,BR019,78974300005472,Salary,,INR,2020-01-24,Active
ACC005474,CUST004532,BR077,40616700005473,Savings,35250.82,INR,2020-04-30,Active
ACC005475,CUST000781,BR083,95522500005474,Salary,90941.59,INR,2023-04-22,Active
ACC005476,CUST000127,BR022,66240500005475,Savings,84818.37,inr,2012-02-27,Active
ACC005477,CUST002982,BR020,56609100005476,Salary,13778.78,INR,2023-08-30,Active
ACC005478,CUST004721,BR040,10766100005477,Savings,31678.65,INR,2024-04-06,Active
ACC005479,CUST003884,BR064,80714700005478,Salary,19970.33,INR,2021-04-01,Active
ACC005480,CUST001057,BR065,42766500005479,Salary,100654.23,INR,2025-09-21,Active
ACC005481,CUST000643,BR035,15504900005480,Salary,,inr,2015-05-20,Active
ACC005482,CUST002017,BR060,13966500005481,Salary,121184.96,INR,2025-08-10,Active
ACC005483,CUST000591,BR044,46754700005482,Savings,61617.25,INR,2024-06-28,Active
ACC005484,CUST000487,BR136,80906800005483,Savings,33594.91,INR,2020-07-27,Active
ACC005485,CUST001857,BR099,47203000005484,Salary,26221.79,INR,02/01/2026,Active
ACC005486,CUST003595,BR142,43214700005485,Salary,68100.45,INR,2023-05-28,Active
ACC005487,CUST002953,BR098,40830900005486,Savings,74236.02,INR,2024-06-05,Active
ACC005488,CUST001508,BR081,24702900005487,Savings,38234.89,INR,2025-03-22,Active
ACC005489,CUST003683,BR074,53444900005488,Savings,124756.14,INR,2025-09-30,active
ACC005490,CUST000603,BR040,54684400005489,Savings,219609.06,INR,2021-03-09,Active
ACC005491,CUST004272,BR027,37736400005490,Savings,25758.7,USD,2025-01-11,Active
ACC005492,CUST004484,BR120,42829200005491,Salary,55183.46,INR,2023-01-11,Active
ACC005493,CUST003420,BR059,77734300005492,Savings,29601.01,INR,2022-11-18,Active
ACC005494,CUST004619,BR028,93422800005493,Savings,98348.06,INR,2023-03-24,Active
ACC005495,CUST002674,BR063,84967500005494,Savings,,INR,2026-04-15,Dormant
ACC005496,CUST000476,BR074,70223400005495,Savings,27713.83,USD,2014-12-21,Active
ACC005497,CUST002749,BR101,19080200005496,Salary,50392.44,USD,2025-11-19,Active
ACC005498,CUST003476,BR150,52960600005497,Savings,79217.89,INR,2026-03-04,Active
ACC005499,CUST004121,BR147,73066500005498,Salary,83047.89,INR,2020-06-19,Active
ACC005500,CUST004565,BR132,97168400005499,Savings,81234.37,USD,2026-07-20,Active
ACC005501,CUST003296,BR125,72249200005500,Salary,36633.89,INR,2024-11-03,Dormant
ACC005502,CUST000599,BR140,75770100005501,Savings,7524.85,INR,2025-05-03,Active
ACC005503,CUST003965,BR108,88939200005502,Current,89356.94,GBP,2019-02-11,Active
ACC005504,CUST000629,BR015,27517600005503,Salary,18003.44,INR,2026-05-07,Active
ACC005505,CUST003042,BR036,97482100005504,Savings,41215.78,INR,2021-05-26,Dormant
ACC005506,CUST000897,BR070,51814800005505,Savings,55557.41,Inr,2022-09-12,Active
ACC005507,CUST001868,BR118,92436200005506,Salary,104731.1,INR,2025-10-15,Active
ACC005508,CUST001820,BR116,55069800005507,Savings,79911.41,INR,2015-08-19,Active
ACC005509,CUST001749,BR132,86428800005508,Savings,99551.65,INR,2021-01-26,Active
ACC005510,CUST000780,BR024,92349700005509,Savings,109391.5,INR,2026-05-23,Active
ACC005511,CUST001546,BR090,45953100005510,Salary,49030.06,USD,2026-06-04,Active
ACC005512,CUST003446,BR116,60072200005511,Savings,187869.38,INR,2023-07-30,Active
ACC005513,CUST004416,BR060,41144200005512,Current,21431.71,INR,2024-04-04,Active
ACC005514,CUST001460,BR052,71775100005513,Salary,101179.24,INR,2020-02-17,Dormant
ACC005515,CUST002011,BR100,56404800005514,Current,60590.93,INR,2024-03-24,Active
ACC005516,CUST004103,BR134,24708400005515,Savings,58861.23,USD,2026-05-02,Active
ACC005517,CUST001230,BR069,59000400005516,Savings,64488.07,INR,2026-04-14,Active
ACC005518,CUST002411,BR063,46488400005517,Savings,54909.26,GBP,2026-05-11,Dormant
ACC005519,CUST001596,BR012,88544000005518,Savings,62302.87,INR,2022-03-19,Closed
ACC005520,CUST001229,BR038,26301500005519,Savings,52792.93,USD,2021-11-01,Active
ACC005521,CUST002834,BR012,54651400005520,Savings,,INR,2019-11-22,Active
ACC005522,CUST003901,BR138,50465000005521,Salary,71376.73,INR,2024-04-17,Dormant
ACC005523,CUST003496,BR127,53426000005522,Salary,49420.57,INR,2025-12-28,Active
ACC005524,CUST000847,BR107,88319000005523,Savings,114169.73,inr,05/07/2026,Active
ACC005525,CUST004047,BR033,73972100005524,Savings,137948.52,INR,2023-09-29,Active
ACC005526,CUST003080,BR070,86908400005525,Current,96129.17,EUR,2026-07-01,Active
ACC005527,CUST003942,BR002,70307600005526,Savings,123859.32,INR,2013-11-24,Active
ACC005528,CUST001597,BR145,23591100005527,Savings,121868.96,INR,2021-01-23,Active
ACC005529,CUST001153,BR008,19593000005528,Salary,62065.22,INR,2023-06-25,Active
ACC005530,CUST003776,BR091,47306300005529,Salary,66659.71,INR,2026-02-13,Active
ACC005531,CUST002837,BR075,94397300005530,Salary,30294.74,INR,2022-07-13,Active
ACC005532,CUST001185,BR089,95757900005531,Salary,64791.64,INR,2026-05-31,Active
ACC005533,CUST001996,BR013,23126300005532,Current,152551.34,INR,2026-02-07,Active
ACC005534,CUST004491,BR055,21464600005533,Salary,125387.09,INR,2018-07-11,Active
ACC005535,CUST001556,BR125,49830000005534,Savings,98098.4,GBP,2026-01-23,Active
ACC005536,CUST004986,BR126,24231700005535,Savings,70458.53,INR,2018-10-16,Closed
ACC005537,CUST003783,BR061,14422100005536,Savings,86419.61,INR,2024-03-20,Active 
ACC005538,CUST000062,BR088,18292600005537,Savings,23068.51,INR,2025-03-06,Active
ACC005539,CUST003569,BR121,46821700005538,Savings,178298.04,INR,2018-01-16,Active
ACC005540,CUST000597,BR094,56941700005539,Salary,115206.03,INR,2021-01-07,Active
ACC005541,CUST003500,BR063,43141400005540,Savings,39525.92,INR,2019-12-29,Dormant
ACC005542,CUST004167,BR141,99743900005541,Salary,33568.98,INR,2018-02-19,Active
ACC005543,CUST002733,BR150,81377900005542,Savings,38609.52,INR,2021-02-25,Active
ACC005544,CUST000725,BR041,89910400005543,Savings,72596.96,INR,2021-02-09,Active
ACC005545,CUST001449,BR008,76622600005544,Savings,78661.34,INR,2026-07-03,Active
ACC005546,CUST000328,BR119,30218300005545,Savings,11599.0,EUR,2019.02.14,Active
ACC005547,CUST002702,BR017,93569200005546,Savings,18431.79,INR,2019-03-02,Active
ACC005548,CUST004973,BR122,82644400005547,Savings,65082.09,inr,2019-08-29,Active
ACC005549,CUST004166,BR117,97425800005548,Salary,63862.82,INR,2026-04-24,Active
ACC005550,CUST002068,BR010,12481500005549,Savings,96339.44,INR,09/02/2023,Closed
ACC005551,CUST001003,BR083,70612400005550,Salary,,INR,2024-01-13,Active
ACC005552,CUST003567,BR109,64084900005551,Savings,28164.3,INR,2022-01-25,Active
ACC005553,CUST002506,BR013,11666700005552,Savings,63975.72,INR,2023-10-10,Active
ACC005554,CUST003294,BR125,88554300005553,,32186.38,gbp,2025-03-14,Active
ACC005555,CUST001236,BR017,23376600005554,Current,107160.95,INR,2020-01-21,Active
ACC005556,CUST004302,BR081,41865800005555,Savings,39095.41,INR,2016-06-18,Active
ACC005557,CUST001692,BR004,20794200005556,Savings,60692.43,INR,2026-06-09,Active
ACC005558,CUST004711,BR017,44884900005557,Savings,26632.38,INR,08/12/2022,Active
ACC005559,CUST002245,BR111,48262700005558,Current,62912.19,INR,2025-05-29,Active
ACC005560,CUST001235,BR012,68745200005559,Current,48639.61,GBP,2026-07-20,Active
ACC005561,CUST004733,BR135,74332900005560,Salary,-164850.63,INR,2023-10-02,Active
ACC005562,CUST000010,BR004,88649400005561,Savings,,EUR,2018-06-15,Closed
ACC005563,CUST002821,BR095,28639500005562,Savings,43308.05,INR,2024-10-16,Active
ACC005564,CUST000718,BR055,58817600005563,Savings,47402.1,INR,2025-09-30,Active
ACC005565,CUST002039,BR091,65209600005564,,41676.68,INR,2012-05-09,Dormant
ACC005566,CUST000382,BR094,94538200005565,Salary,38396.95,INR,10/23/2023,Closed
ACC005567,CUST002094,BR097,56932900005566,Savings,59808.38,inr,2025-05-15,Active
ACC005568,CUST001416,BR086,62780500005567,Savings,59449.63,INR,2022-07-28,Dormant
ACC005569,CUST000420,BR144,16635600005568,Salary,25673.28,INR,2025-10-04,Active
ACC005570,CUST002579,BR077,40977200005569,Savings,104748.18,INR,2025-04-05,Active
ACC005571,CUST000367,BR128,30452900005570,Salary,95049.1,INR,2026-02-17,Active
ACC005572,CUST004809,BR063,85937500005571,Salary,123982.66,INR,2026-04-27,Active
ACC005573,CUST000360,BR092,18025800005572,Current,,INR,2019-09-29,Active
ACC005574,CUST002007,BR103,83404800005573,Current,5091.6,INR,2021-04-26,Active
ACC005575,CUST000022,BR059,95057700005574,Savings,-102181.3,INR,2023-04-01,Active
ACC005576,CUST002739,BR133,68095900005575,Savings,72753.24,INR,2024-08-08,Active
ACC005577,CUST003948,BR041,26147300005576,Salary,71730.14,INR,2026-05-02,Active
ACC005578,CUST000958,BR124,22357000005577,Savings,159448.15,INR,2022-04-24,Active
ACC005579,CUST000393,BR029,45166100005578,Savings,78901.48,INR,07/24/2026,Active
ACC005580,CUST000926,BR108,10219400005579,Salary,29633.94,INR,2024-10-20,Dormant
ACC005581,CUST004091,BR125,89401300005580,Savings,66119.51,INR,2024-08-12,Active
ACC005582,CUST002969,BR044,14673800005581,Current,65401.49,INR,2026-07-31,Active
ACC005583,CUST004445,BR039,78845200005582,Current,201623.7,INR,2025-06-07,Active
ACC005584,CUST002361,BR142,32666600005583,Savings,92038.15,INR,2024-08-30,Active
ACC005585,CUST003010,BR096,37536900005584,Savings,56433.94,INR,2024-11-29,Active
ACC005586,CUST001087,BR130,31418500005585,Savings,-158072.59,INR,2018-04-28,Active
ACC005587,CUST002207,BR143,42103200005586,Savings,223356.84,INR,2025-02-03,Active
ACC005588,CUST002165,BR143,65569600005587,Savings,48633.81,INR,2026-07-17,Active
ACC005589,CUST000956,BR123,94778400005588,Salary,20672.67,INR,2026-07-30,Active
ACC005590,CUST003932,BR093,48817300005589,Salary,42654.72,INR,2024-07-26,Active
ACC005591,CUST004834,BR143,57309300005590,Savings,28801.38,INR,2025-09-23,Active
ACC005592,CUST004394,BR050,12338300005591,Savings,61022.85,INR,2025-05-22,Active
ACC005593,CUST001606,BR082,41855300005592,Savings,69752.99,INR,2026-03-26,Active
ACC005594,CUST004131,BR068,87916400005593,Savings,37024.28,INR,2015-07-17,active
ACC005595,CUST004443,BR052,11389500005594,Salary,106377.42,INR,2026-03-13,Active
ACC005596,CUST001104,BR050,63434400005595,Savings,143255.48,INR,2024-12-22,Active
ACC005597,CUST000063,BR146,27999500005596,Salary,173772.0,USD,2023-12-28,Dormant
ACC005598,CUST001139,BR053,45302900005597,Savings,137462.65,INR,05/22/2025,Active
ACC005599,CUST003397,BR016,53588800005598,Savings,89797.91,INR,2021-03-27,Active
ACC005600,CUST002004,BR064,44783100005599,Salary,55218.32,Inr,2022-03-23,Active
ACC005601,CUST004753,BR057,55128900005600,Current,56844.87,USD,2023-08-26,Active
ACC005602,CUST003370,BR141,19517000005601,Salary,37168.81,USD,2020-10-19,Active
ACC005603,CUST004009,BR117,51843900005602,Savings,14677.29,Inr,2012-10-31,Active
ACC005604,CUST004683,BR075,56017700005603,Savings,208966.94,INR,2016-11-05,Active
ACC005605,CUST001991,BR125,42383900005604,Savings,161730.63,INR,11/30/2024,Active
ACC005606,CUST001998,BR061,99170300005605,Savings,75790.77,INR,2025-09-28,active
ACC005607,CUST002590,BR034,80705900005606,Savings,48043.84,INR,2019-01-24,Active
ACC005608,CUST001548,BR096,56938600005607,Current,29968.16,INR,2025-11-06,Active
ACC005609,CUST004064,BR094,19016800005608,Savings,91550.87,INR,2017-10-10,Active
ACC005610,CUST002892,BR043,11339000005609,Savings,123517.94,INR,2024-02-16,Dormant 
ACC005611,CUST004515,BR026,62256700005610,Current,117716.35,INR,2021-01-23,Active
ACC005612,CUST000524,BR002,65763600005611,Savings,257499.71,INR,2025.09.01,Active
ACC005613,CUST004145,BR058,14187500005612,Savings,12816.76,EUR,2026-02-03,Active
ACC005614,CUST002389,BR110,10676600005613,Salary,52985.22,INR,2026-07-31,Active
ACC005615,CUST002689,BR121,88240800005614,Savings,6018.0,INR,2020.05.30,Active
ACC005616,CUST004847,BR050,92081200005615,Current,36129.61,INR,2026-06-25,Active
ACC005617,CUST800050,BR100,12188000005616,Salary,90092.7,INR,2023-09-28,Active
ACC005618,CUST003864,BR036,56438900005617,Current,63195.89,INR,2025-12-30,Active
ACC005619,CUST001977,BR029,60137100005618,Salary,51655.68,INR,2024-12-25,Active
ACC005620,CUST001219,BR081,72145300005619,Savings,166775.46,INR,29/08/2022,Active
ACC005621,CUST003717,BR047,39922000005620,Savings,19493.79,INR,2023-10-15,Active
ACC005622,CUST001116,BR025,88724500005621,Current,44813.15,inr,2013-11-29,Active
ACC005623,CUST000044,BR037,70643300005622,Savings,64825.0,INR,2024-08-16,Active
ACC005624,CUST004001,BR042,80652500005623,Savings,21209.96,INR,2020-01-04,Active
ACC005625,CUST002999,BR048,54781200005624,Savings,78798.79,INR,2026-03-20,Active
ACC005626,CUST004395,BR077,59047300005625,Current,40857.71,INR,2026.06.13,Active
ACC005627,CUST001619,BR131,93984700005626,Salary,58400.72,INR,2023-02-28,Active
ACC005628,CUST003373,BR147,46326300005627,Current,43639.38,INR,2023-05-07,Active
ACC005629,CUST002932,BR087,46354900005628,,87634.8,INR,2026-07-16,Active
ACC005630,CUST004421,BR037,93161300005629,Savings,46454.0,USD,2025-12-20,Active
ACC005631,CUST004163,BR030,42304500005630,Salary,12033.97,INR,2025-11-30,Active
ACC005632,CUST001207,BR071,12080000005631,Savings,34126.31,INR,07/14/2019,Dormant
ACC005633,CUST004321,BR102,62816500005632,Salary,118310.72,INR,2026-07-01,Active
ACC005634,CUST003856,BR080,46555900005633,Salary,43957.13,INR,2019-09-02,Active
ACC005635,CUST000778,BR020,12474900005634,Salary,93357.64,INR,2019-04-26,Active
ACC005636,CUST000623,BR107,54949700005635,Salary,106932.3,INR,2022-06-02,Active
ACC005637,CUST003174,BR047,59221300005636,Salary,198973.4,inr,2023-06-29,Active
ACC005638,CUST000653,BR079,88403400005637,Savings,42877.01,INR,2023-09-20,Active
ACC005639,CUST004122,BR129,40634700005638,Salary,61568.76,EUR,2026-06-16,Active
ACC005640,CUST001051,BR111,24892400005639,Savings,37202.65,EUR,2021-02-03,Active
ACC005641,CUST004637,BR079,46204700005640,Salary,145247.59,EUR,2025-01-18,Active
ACC005642,CUST004264,BR130,72949100005641,Savings,36161.76,GBP,2022-11-13,Active
ACC005643,CUST001110,BR031,56967800005642,Savings,199163.88,INR,2026-05-19,Active
ACC005644,CUST001836,BR043,70149700005643,Savings,98103.78,INR,2024-02-29,Active
ACC005645,CUST000092,BR041,18451000005644,Savings,99169.33,INR,04/24/2026,Closed
ACC005646,CUST000248,BR126,96358500005645,Current,61428.51,INR,2022-10-21,Active
ACC005647,CUST002881,BR126,37002600005646,Current,44771.18,INR,2024-06-19,Active
ACC005648,CUST001113,BR040,88176900005647,Savings,13126.53,INR,2025-08-15,Active
ACC005649,CUST002307,BR029,62051500005648,Savings,133763.87,inr,2025-11-20,Active
ACC005650,CUST003629,BR122,53592000005649,Savings,44139.98,INR,2024-10-04,Active
ACC005651,CUST004445,BR068,97720300005650,Savings,80893.46,INR,2023-09-05,Active
ACC005652,CUST001037,BR096,18273700005651,Current,34069.64,INR,2022-01-06,Active
ACC005653,CUST004455,BR030,99514700005652,Current,47397.63,INR,2024-04-09,Active
ACC005654,CUST002114,BR086,85622300005653,Savings,58915.55,GBP,2024-05-15,Active
ACC005655,CUST002502,BR103,41431300005654,Current,107348.02,INR,2026-05-05,Active
ACC005656,CUST001129,BR070,32285100005655,Salary,74695.94,INR,2025-11-14,Active
ACC005657,CUST001366,BR124,43177300005656,Salary,206022.94,INR,27/09/2025,Active
ACC005658,CUST001936,BR082,77882500005657,Savings,70770.23,INR,2021-01-17,Active
ACC005659,CUST001535,BR081,19598200005658,Salary,72438.83,INR,2017-01-09,Dormant
ACC005660,CUST001294,BR036,60576600005659,Savings,73578.5,INR,2024-12-04,Active
ACC005661,CUST001463,BR101,18963700005660,Savings,61215.74,INR,2019-08-20,Active
ACC005662,CUST003481,BR075,14322200005661,Savings,193478.0,INR,2023-07-27,Active
ACC005663,CUST002565,BR098,53094100005662,Savings,10185.26,GBP,2021.10.29,Active
ACC005664,CUST000369,BR092,10248000005663,Salary,138813.6,USD,2026-05-20,Active
ACC005665,CUST002695,BR056,74111900005664,Salary,49005.39,INR,03/12/2026,Active
ACC005666,CUST004221,BR058,21446200005665,Savings,19434.81,USD,2026-05-06,Active
ACC005667,CUST002400,BR047,88183600005666,Savings,120511.76,INR,2015-10-03,Active
ACC005668,CUST002088,BR058,34573800005667,Savings,63095.01,inr,2022-01-05,Dormant
ACC005669,CUST004608,BR127,88733800005668,Salary,43437.02,INR,2013-08-29,Active
ACC005670,CUST003208,BR053,34679200005669,Savings,76128.48,INR,2025-04-12,Active
ACC005671,CUST001312,BR019,48138300005670,Savings,54730.67,INR,2025-12-11,Active
ACC005672,CUST001170,BR123,29930400005671,Salary,92023.7,GBP,2024-10-05,Active
ACC005673,CUST001089,BR033,75097400005672,Savings,64971.79,INR,2024-01-31,Active
ACC005674,CUST004987,BR058,88291500005673,Savings,52698.34,EUR,2024-05-29,Active
ACC005675,CUST004723,BR031,96874200005674,Salary,75224.57,INR,2023-08-13,Active
ACC005676,CUST000688,BR088,58032500005675,Savings,30361.08,INR,2017-07-22,Active
ACC005677,CUST001897,BR040,26316700005676,Savings,103047.29,INR,2021-10-24,Active
ACC005678,CUST003447,BR146,20502500005677,Savings,66443.5,INR,2024-03-25,Dormant
ACC005679,CUST800051,BR065,30391200005678,Savings,163140.66,EUR,2023-02-03,Closed
ACC005680,CUST002241,BR005,19362400005679,Salary,100634.53,INR,2023-07-27,Dormant
ACC005681,CUST004551,BR083,44329100005680,Current,97929.78,Inr,2021-06-07,Active
ACC005682,CUST002722,BR033,63196200005681,Savings,107513.15,INR,2021-06-29,Active
ACC005683,CUST002495,BR053,78188700005682,Savings,156667.12,INR,2026-02-08,Active
ACC005684,CUST003402,BR139,70585800005683,Savings,72154.87,INR,2024.01.25,Active
ACC005685,CUST000838,BR027,39725800005684,Salary,13422.31,INR,2018-10-06,Dormant
ACC005686,CUST002932,BR108,74231200005685,Savings,96613.8,INR,2026-07-10,Active
ACC005687,CUST004285,BR104,12941900005686,Savings,71437.52,Inr,2023-10-30,Active
ACC005688,CUST000087,BR057,68816400005687,Savings,46572.15,INR,2023.10.08,Dormant
ACC005689,CUST001497,BR067,93240500005688,Salary,27345.87,INR,2022-08-10,Active
ACC005690,CUST001749,BR014,67054200005689,Salary,30290.33,INR,2023-05-27,Active
ACC005691,CUST004624,BR072,84778100005690,Savings,82660.35,INR,2020-10-02,Active
ACC005692,CUST004674,BR078,80388500005691,Savings,50334.64,Inr,2020-07-21,Active
ACC005693,CUST002031,BR090,19101100005692,Salary,71071.76,inr,2021-07-09,Active
ACC005694,CUST003115,BR118,17054400005693,Savings,29417.7,INR,2025-01-11,Active
ACC005695,CUST002151,BR140,77384200005694,Savings,150172.15,INR,2017-05-22,Active
ACC005696,CUST004479,BR064,68593400005695,Savings,29279.19,INR,2023-12-09,Active
ACC005697,CUST002640,BR133,13151800005696,Savings,87285.29,EUR,2025-12-24,Active
ACC005698,CUST001566,BR127,26474900005697,Savings,81826.34,INR,2022-11-23,Active
ACC005699,CUST001701,BR047,29697300005698,Salary,88312.81,INR,2026-06-21,Active
ACC005700,CUST000072,BR044,27634600005699,Savings,15107.98,INR,2024-12-06,Active
ACC005701,CUST002845,BR081,10921500005700,Savings,144136.31,INR,2024-09-11,Active
ACC005702,CUST001938,BR075,79704200005701,Current,64612.22,INR,2025-12-31,Active
ACC005703,CUST000457,BR056,43676700005702,Salary,35894.84,inr,2020-07-01,Active
ACC005704,CUST002624,BR014,99758900005703,Savings,121932.62,INR,2025-10-11,Active
ACC005705,CUST004235,BR120,38108000005704,Savings,80500.19,INR,2021-12-21,Active
ACC005706,CUST002250,BR079,38792000005705,Savings,70311.29,INR,2024-10-10,Active
ACC005707,CUST800052,BR027,66080000005706,Savings,116807.6,INR,2026-06-19,Active
ACC005708,CUST001805,BR130,56472300005707,Savings,9508.08,INR,2024-12-09,Active
ACC005709,CUST004309,BR139,24170000005708,Savings,30997.59,INR,2025-09-30,Active
ACC005710,CUST003239,BR023,73141900005709,Current,147262.12,INR,2026-03-09,Dormant
ACC005711,CUST003407,BR079,42223900005710,Salary,32678.88,INR,2021-08-07,Active
ACC005712,CUST000750,BR092,95338600005711,Savings,87509.09,GBP,2016-10-30,Active
ACC005713,CUST000940,BR036,10737900005712,Salary,93727.01,INR,2024.01.13,Active
ACC005714,CUST001307,BR048,68165100005713,Savings,79020.02,GBP,2020-07-22,Active
ACC005715,CUST001385,BR058,19707400005714,Savings,90954.18,INR,2018-05-10,Active
ACC005716,CUST001753,BR054,73540600005715,Current,44406.55,INR,2020-08-25,Active
ACC005717,CUST002994,BR102,14458100005716,Current,66641.15,INR,2020-09-27,Active 
ACC005718,CUST003395,BR002,35719700005717,Salary,55812.14,INR,2026-04-04,Active
ACC005719,CUST004177,BR098,76825400005718,Savings,53524.81,INR,2022-01-22,Active
ACC005720,CUST003408,BR080,43398200005719,Savings,34754.57,INR,2026-03-04,Active
ACC005721,CUST004769,BR114,37274800005720,Savings,81398.65,INR,2025-02-24,Active
ACC005722,CUST004065,BR148,90813400005721,Savings,123405.79,usd,2021-02-06,Active
ACC005723,CUST004714,BR065,25527000005722,Savings,31229.16,INR,04/19/2023,Closed
ACC005724,CUST003611,BR023,13773200005723,Salary,80701.04,INR,2025-08-05,Active
ACC005725,CUST000722,BR066,28208700005724,Savings,4461.38,INR,2026-04-12,Active
ACC005726,CUST003138,BR036,60012600005725,Current,51867.34,INR,2024-10-31,Active
ACC005727,CUST003283,BR077,56568400005726,Savings,96731.39,INR,2022-11-21,Active
ACC005728,CUST001938,BR034,22273400005727,Salary,31232.54,INR,2026-05-26,Active
ACC005729,CUST000973,BR002,30704100005728,Savings,10377.12,INR,2026-01-18,Active
ACC005730,CUST001203,BR085,13919600005729,Savings,89948.05,USD,2022-11-03,Active
ACC005731,CUST000592,BR049,68826300005730,Savings,47699.16,INR,2015-10-04,Active
ACC005732,CUST001658,BR029,22781000005731,Savings,24907.29,INR,2022-01-19,Active
ACC005733,CUST003900,BR001,89340500005732,Savings,,INR,2024-04-08,Active
ACC005734,CUST000154,BR143,52051000005733,Current,68444.06,inr,2026-03-20,Active
ACC005735,CUST003585,BR126,58167000005734,Salary,59102.87,INR,2025-10-30,Active
ACC005736,CUST003690,BR105,65091200005735,Savings,32437.12,INR,2026-06-29,Active
ACC005737,CUST000708,BR056,91120700005736,Salary,53826.7,INR,2021-11-26,Closed
ACC005738,CUST002236,BR094,24658500005737,Savings,102228.1,INR,2024-07-18,Active
ACC005739,CUST003898,BR081,49298800005738,Salary,91931.2,INR,2024-05-04,Active
ACC005740,CUST000557,BR001,56139100005739,Savings,14978.04,INR,2024-01-21,Active
ACC005741,CUST001669,BR137,92622100005740,Salary,233059.61,INR,2025-06-04,Active
ACC005742,CUST000926,BR071,97521900005741,Savings,92976.88,INR,2021-11-09,Active
ACC005743,CUST001631,BR070,42783800005742,Current,24090.68,INR,2025-05-10,Dormant
ACC005744,CUST002821,BR122,58386800005743,Savings,145154.21,INR,2023-01-10,Active
ACC005745,CUST000364,BR107,18312500005744,Savings,68757.98,INR,2024-03-02,Active
ACC005746,CUST000240,BR077,15584900005745,Salary,41438.13,inr,2018-12-16,Active
ACC005747,CUST002949,BR128,95962500005746,Savings,827.05,INR,2022-08-14,Active
ACC005748,CUST003640,BR111,32104400005747,Savings,135777.17,INR,2023-06-05,Active
ACC005749,CUST004572,BR087,42352600005748,Savings,147138.37,INR,2026-07-28,Active
ACC005750,CUST000410,BR103,13505900005749,Savings,110083.36,INR,2020-06-20,Active
ACC005751,CUST001264,BR025,58374100005750,Savings,42317.6,INR,2024-07-03,Dormant
ACC005752,CUST003145,BR140,62869100005751,Savings,33341.6,INR,2022-07-03,Active
ACC005753,CUST004410,BR133,36373200005752,Current,236055.92,INR,2023-04-25,Active
ACC005754,CUST003286,BR055,88952300005753,Salary,77309.29,INR,2019-11-11,Active
ACC005755,CUST004843,BR006,44557700005754,Savings,33369.03,INR,2024-10-01,Active
ACC005756,CUST002082,BR124,79785900005755,Salary,59538.49,INR,2019-08-02,Dormant
ACC005757,CUST800053,BR076,39485000005756,Salary,52546.6,INR,2023-04-15,Active
ACC005758,CUST000822,BR040,14087100005757,Current,56116.68,INR,2026-04-06,Active
ACC005759,CUST004062,BR150,86253500005758,Current,15369.43,INR,2017-08-09,Active
ACC005760,CUST001033,BR084,79954400005759,Salary,41186.79,Inr,2021-11-17,Active
ACC005761,CUST003041,BR031,82603300005760,Savings,85240.46,INR,2020-09-30,Dormant
ACC005762,CUST001344,BR093,55876100005761,Salary,19558.37,INR,2023-07-16,Active
ACC005763,CUST003211,BR115,32988500005762,Savings,46840.1,INR,2018-02-10,Active
ACC005764,CUST002628,BR067,86656700005763,Savings,156270.17,EUR,2023-11-21,Active
ACC005765,CUST003158,BR103,71843600005764,Current,82562.88,inr,2023-07-07,Active
ACC005766,CUST003048,BR016,45702300005765,Savings,60620.39,INR,2026-02-04,Active
ACC005767,CUST004060,BR042,73891000005766,Savings,36976.88,EUR,2020-04-01,Active
ACC005768,CUST001432,BR066,46615100005767,Savings,46598.67,INR,2019-01-28,Active
ACC005769,CUST001223,BR018,71324000005768,Savings,81023.73,INR,2024-11-27,Active
ACC005770,CUST001770,BR030,98903700005769,Savings,26904.85,INR,2013-09-09,Dormant
ACC005771,CUST003957,BR081,15682500005770,Savings,142907.95,INR,2026-07-16,Active
ACC005772,CUST002993,BR074,40978800005771,Savings,102517.53,INR,2026-01-02,Active
ACC005773,CUST003169,BR055,35515500005772,Current,66632.95,INR,2025-07-24,Active
ACC005774,CUST001063,BR004,27745600005773,Savings,109825.55,INR,2024-09-15,Active 
ACC005775,CUST003086,BR060,90281400005774,Salary,188405.41,INR,2021-08-16,Active
ACC005776,CUST000132,BR073,97726200005775,Salary,15179.62,INR,2025-10-31,Active
ACC005777,CUST004630,BR148,22240600005776,Current,45737.4,INR,2026-02-24,Active
ACC005778,CUST004109,BR057,91368800005777,Savings,36338.94,INR,2026-06-14,Active
ACC005779,CUST003543,BR078,77379800005778,Savings,18876.68,INR,2023-08-23,Active
ACC005780,CUST002286,BR003,19935400005779,Savings,19225.75,inr,2018-05-08,Active
ACC005781,CUST001808,BR027,98742400005780,Salary,103486.36,Inr,2024-01-06,Active
ACC005782,CUST000206,BR094,29415600005781,Savings,69459.06,INR,2018-04-23,Active
ACC005783,CUST004689,BR073,37674100005782,Savings,180048.23,INR,2026-07-10,Active
ACC005784,CUST002117,BR047,87052100005783,Savings,73719.85,INR,2024-05-12,Active
ACC005785,CUST000714,BR060,58351700005784,Salary,93015.72,INR,2016-03-14,Active
ACC005786,CUST004074,BR088,29731700005785,Savings,212807.44,GBP,2026-02-02,Active
ACC005787,CUST004540,BR065,41234800005786,Savings,117449.37,INR,2025-12-20,Active
ACC005788,CUST002941,BR133,38386500005787,Savings,28552.86,INR,2022-11-26,Closed
ACC005789,CUST000199,BR033,32252100005788,Salary,81334.15,INR,2026-06-24,Active
ACC005790,CUST000266,BR130,41288300005789,Savings,83719.31,INR,2026-02-22,Active
ACC005791,CUST000731,BR139,73143700005790,Salary,71572.1,INR,2022-03-07,Active
ACC005792,CUST004242,BR076,40537800005791,Salary,,Gbp,2024-11-15,Active
ACC005793,CUST004194,BR026,77379900005792,Current,212452.29,inr,2023-11-09,Active
ACC005794,CUST004855,BR071,30837100005793,Savings,39377.69,INR,2017-10-25,Active
ACC005795,CUST003874,BR136,52786900005794,Salary,34911.93,INR,2026-07-07,Active
ACC005796,CUST001469,BR080,26145700005795,Savings,29996.77,INR,2017-12-25,Active
ACC005797,CUST000685,BR095,74601900005796,Savings,120526.56,INR,2017-11-26,Active
ACC005798,CUST001685,BR059,42599600005797,Current,106990.11,INR,2025.12.07,Active
ACC005799,CUST004106,BR088,11004800005798,Current,53436.31,inr,2021-11-01,Closed
ACC005800,CUST002048,BR045,55764100005799,Salary,57398.8,inr,2022-11-28,Active
ACC005801,CUST001415,BR040,39881500005800,Salary,105858.48,INR,2020-10-22,ACTIVE
ACC005802,CUST004159,BR024,12092900005801,Savings,1953.02,INR,2017-08-04,Active
ACC005803,CUST001715,BR105,46389400005802,Savings,21072.89,GBP,2018-11-16,Active
ACC005804,CUST001937,BR138,13740000005803,Salary,76433.71,INR,2026-04-01,Active
ACC005805,CUST004249,BR054,46226800005804,Savings,96502.76,USD,2018-10-07,Active
ACC005806,CUST002984,BR010,59580800005805,Savings,92455.37,inr,2019-12-23,Active
ACC005807,CUST002410,BR061,14795900005806,Savings,132701.39,INR,2020-09-06,Active
ACC005808,CUST000930,BR052,25952600005807,Savings,172598.15,INR,2022-12-15,Active
ACC005809,CUST001111,BR094,15069200005808,Savings,70803.36,USD,2022-04-16,Active
ACC005810,CUST001572,BR025,24568000005809,Current,185033.25,INR,2024-07-21,Active
ACC005811,CUST000600,BR118,83292100005810,Salary,162714.64,INR,2025-07-20,Active
ACC005812,CUST000657,BR010,15894600005811,Salary,34531.14,INR,2025-10-20,Active
ACC005813,CUST003770,BR058,17713400005812,Savings,36093.54,INR,2026-04-23,Active
ACC005814,CUST800054,BR026,81306400005813,Savings,56685.28,INR,2020.09.24,Active
ACC005815,CUST001368,BR131,25698200005814,Savings,10710.87,INR,2016-01-09,Active
ACC005816,CUST001642,BR069,35706900005815,Savings,54083.38,Inr,2020-07-21,Active
ACC005817,CUST003329,BR137,58629500005816,Savings,32813.12,INR,2026-06-22,Active
ACC005818,CUST002056,BR084,55535300005817,Salary,52893.04,INR,2023-10-04,Active
ACC005819,CUST003954,BR114,12406800005818,Savings,238617.87,Inr,2025-12-22,Active
ACC005820,CUST000485,BR135,57191700005819,Savings,40384.97,USD,2022-02-12,Dormant
ACC005821,CUST003466,BR124,90261600005820,Current,39262.91,Inr,2026-01-29,Active
ACC005822,CUST001832,BR103,32639800005821,Savings,37898.14,INR,2023-01-13,Active
ACC005823,CUST004704,BR120,38015900005822,Savings,116755.97,INR,2026-04-18,Active
ACC005824,CUST001458,BR121,83363800005823,Salary,17454.48,INR,2023-07-16,Active
ACC005825,CUST002176,BR101,44482400005824,Savings,63347.8,INR,2023-01-06,Active
ACC005826,CUST001204,BR083,97365400005825,Current,103417.12,INR,2017-09-16,Active
ACC005827,CUST004850,BR077,80278100005826,Salary,106070.26,Inr,2026-04-13,Active
ACC005828,CUST004058,BR031,49119900005827,Savings,55255.15,INR,2016-06-07,Active
ACC005829,CUST004951,BR087,75848400005828,Savings,10841.64,INR,2019-01-23,Active
ACC005830,CUST002916,BR128,98965600005829,Savings,83378.24,INR,2024-04-18,Active
ACC005831,CUST004910,BR128,69829200005830,Current,27894.68,INR,2024-08-05,Closed
ACC005832,CUST001888,BR072,28516800005831,Salary,102555.25,INR,2025-08-06,Active
ACC005833,CUST003575,BR073,94310800005832,Salary,63555.24,INR,2022-02-21,Active
ACC005834,CUST001491,BR116,78575300005833,Savings,79230.22,INR,2024-03-08,Active
ACC005835,CUST002945,BR148,69663200005834,Savings,139657.04,INR,2017-12-20,Active
ACC005836,CUST004147,BR001,56966700005835,Savings,53076.4,usd,2025-02-23,Active
ACC005837,CUST002723,BR106,75136800005836,Savings,,GBP,2023-09-25,Active
ACC005838,CUST001190,BR067,58966500005837,Savings,62114.29,INR,2025-07-03,Active
ACC005839,CUST000652,BR035,56124600005838,Savings,29726.05,INR,2022-09-09,Active
ACC005840,CUST000425,BR051,91778400005839,Savings,49531.62,INR,2025-02-07,Active
ACC005841,CUST002947,BR150,48447900005840,Current,19185.81,INR,2021-02-02,Active
ACC005842,CUST002835,BR045,95932000005841,Savings,35372.86,INR,2026-02-14,Active
ACC005843,CUST003996,BR076,16358300005842,Salary,71295.82,INR,2025-12-16,Active
ACC005844,CUST001886,BR102,10218300005843,Salary,70820.04,INR,2025-02-22,Active
ACC005845,CUST003990,BR040,32287800005844,Current,43697.06,INR,2013-07-17,Active
ACC005846,CUST003714,BR124,31395800005845,Savings,97995.95,GBP,2026-04-20,Active
ACC005847,CUST002134,BR011,53976000005846,Savings,171260.03,INR,2022-08-01,Active
ACC005848,CUST001302,BR130,36433000005847,Savings,20734.9,INR,2025-06-15,Active
ACC005849,CUST004096,BR105,30959900005848,Savings,129864.16,INR,2022-09-23,Active
ACC005850,CUST001467,BR121,52354200005849,Salary,17693.76,INR,2026-07-22,Active
ACC005851,CUST000284,BR014,58026900005850,Savings,74064.27,INR,2026-02-19,Active
ACC005852,CUST003618,BR122,63280500005851,Savings,28519.71,INR,2020-08-18,Dormant
ACC005853,CUST002405,BR043,47309800005852,Savings,111825.33,USD,2026-05-30,Active
ACC005854,CUST004251,BR126,86619500005853,Current,94628.54,INR,2013-01-21,Active
ACC005855,CUST001161,BR053,37010900005854,Salary,81715.44,INR,2020-07-20,Active
ACC005856,CUST004340,BR105,98941700005855,Savings,97371.13,INR,2025-06-05,Active
ACC005857,CUST001483,BR149,78046600005856,Salary,8577.48,INR,2025-12-19,Active
ACC005858,CUST004175,BR114,51263100005857,Savings,31353.55,USD,2017-05-08,Active
ACC005859,CUST004388,BR013,68412000005858,Savings,26695.13,INR,24/02/2015,Active
ACC005860,CUST002424,BR034,38344900005859,Savings,135370.05,INR,2016-04-06,Active
ACC005861,CUST000490,BR020,75110100005860,Savings,41442.58,INR,2024-06-22,Active
ACC005862,CUST004482,BR144,78446800005861,Savings,108574.75,INR,2025-10-20,Active
ACC005863,CUST003298,BR049,66957500005862,Savings,105934.2,INR,2025-12-19,Active
ACC005864,CUST001205,BR076,73442500005863,Current,67641.35,INR,2022.11.15,Active
ACC005865,CUST001454,BR087,25610400005864,Current,7092.18,INR,2026-05-04,Active
ACC005866,CUST004306,BR040,20794500005865,Current,19705.56,INR,2026-05-04,Active
ACC005867,CUST001434,BR056,18795000005866,Savings,45753.43,INR,09/14/2019,Active
ACC005868,CUST004917,BR069,68270400005867,Savings,41241.41,INR,2026-04-30,ACTIVE
ACC005869,CUST002724,BR003,56753500005868,Salary,101613.15,INR,2026-07-19,Active
ACC005870,CUST002762,BR124,84929400005869,Salary,62171.94,INR,2024-06-28,Active
ACC005871,CUST004384,BR136,41023800005870,Savings,54970.8,INR,2026-06-21,Active
ACC005872,CUST003810,BR104,16393800005871,Savings,61053.08,INR,2017-07-15,Dormant
ACC005873,CUST000004,BR066,69323000005872,Current,89611.75,GBP,2016-04-12,ACTIVE
ACC005874,CUST003779,BR023,59018800005873,Savings,51340.36,INR,2020-12-29,Active
ACC005875,CUST003098,BR050,13089100005874,Salary,127185.66,EUR,2025-07-20,Active
ACC005876,CUST002190,BR066,11475100005875,Savings,48510.83,INR,2013-10-10,Active
ACC005877,CUST001054,BR030,71268200005876,Savings,210947.37,INR,2023-12-30,Active
ACC005878,CUST004010,BR114,35391100005877,Salary,45166.94,INR,2024-10-19,Active
ACC005879,CUST003599,BR068,47726200005878,Savings,49574.27,INR,2024-09-10,Closed
ACC005880,CUST001600,BR105,14684600005879,Savings,28148.24,INR,2026-03-08,Active
ACC005881,CUST002831,BR078,92419100005880,Salary,66619.82,INR,2025-02-27,Active
ACC005882,CUST000994,BR029,97066300005881,Savings,52640.4,INR,2022-10-08,Active
ACC005883,CUST003381,BR098,48713100005882,Savings,38603.92,INR,2026-02-11,Active
ACC005884,CUST004508,BR112,64304700005883,Savings,28692.13,INR,2024-05-25,Active
ACC005885,CUST003304,BR064,27233300005884,Savings,11377.49,INR,2023-11-28,Active
ACC005886,CUST003504,BR102,99433300005885,Savings,117343.62,INR,2026.06.18,Closed
ACC005887,CUST004488,BR148,97234400005886,Savings,36488.52,INR,2017-02-21,Active
ACC005888,CUST002818,BR037,89500600005887,Savings,49730.61,INR,29/03/2025,Active
ACC005889,CUST000036,BR134,34323400005888,Salary,64068.49,INR,2025-01-21,Active
ACC005890,CUST002907,BR047,46265700005889,Current,18129.47,INR,2025-01-25,Active
ACC005891,CUST000798,BR007,49388100005890,Current,122351.71,INR,2023-12-23,ACTIVE
ACC005892,CUST001562,BR063,56676300005891,Current,8699.49,INR,2018-01-21,Active
ACC005893,CUST003316,BR123,31160000005892,Salary,153550.26,INR,2018-10-19,Active
ACC005894,CUST002103,BR102,74297500005893,Savings,120854.64,INR,2026-02-16,Active
ACC005895,CUST001196,BR050,41588200005894,Salary,102172.69,INR,2022-09-10,Closed
ACC005896,CUST000357,BR143,29780900005895,Current,110957.26,INR,2021-06-11,Active
ACC005897,CUST002148,BR148,44375800005896,Current,58006.09,INR,2024-07-20,Active
ACC005898,CUST002028,BR150,15545400005897,Savings,163398.73,INR,2026-03-09,Active
ACC005899,CUST004510,BR084,20452500005898,Salary,141197.79,INR,2021-09-10,Active
ACC005900,CUST002300,BR104,85897900005899,Savings,100914.69,INR,2018-12-04,Active
ACC005901,CUST000861,BR080,46474700005900,Salary,4977.14,INR,2024-12-28,Active
ACC005902,CUST002141,BR062,65062900005901,Salary,71161.53,INR,2023-11-24,ACTIVE
ACC005903,CUST003444,BR079,26615200005902,Savings,118209.14,INR,2015-12-15,Active
ACC005904,CUST004662,BR011,93622900005903,Savings,66589.11,INR,2023-08-16,Active
ACC005905,CUST002738,BR025,51731600005904,Salary,85601.2,INR,2024-08-28,Closed
ACC005906,CUST004190,BR089,73640800005905,Savings,102920.41,inr,2020.08.05,Dormant
ACC005907,CUST003448,BR063,17242400005906,Current,20693.67,INR,2024-06-16,Active
ACC005908,CUST002210,BR073,35244600005907,Savings,135975.27,INR,2022-07-29,Dormant
ACC005909,CUST004801,BR138,83685400005908,Savings,165548.21,INR,2019-11-04,Active
ACC005910,CUST004609,BR101,33966800005909,Salary,123758.2,INR,2025-04-02,Active
ACC005911,CUST002265,BR011,25625300005910,Current,113496.45,INR,07/18/2026,Active
ACC005912,CUST001783,BR145,40126200005911,Savings,,INR,2021-08-05,Active
ACC005913,CUST004256,BR130,10475300005912,Current,64980.28,INR,2022-02-14,Active
ACC005914,CUST004807,BR026,26749400005913,Savings,31489.13,INR,2022-06-22,Active
ACC005915,CUST003753,BR128,70989200005914,Savings,320090.64,INR,2023-05-03,Active
ACC005916,CUST002384,BR056,53770600005915,Current,87810.97,INR,2023-06-14,active
ACC005917,CUST004220,BR056,14242100005916,Salary,39589.44,Inr,2024-10-03,Active
ACC005918,CUST002163,BR087,33290600005917,Current,65347.47,inr,2020-10-24,Active
ACC005919,CUST003991,BR136,75568300005918,Savings,111880.34,INR,2022-10-25,Active
ACC005920,CUST001336,BR053,87512100005919,Savings,-53644.6,INR,2022-03-10,Active
ACC005921,CUST002666,BR087,21431100005920,Savings,89809.93,INR,2024-10-05,Active
ACC005922,CUST003725,BR027,80198800005921,Savings,51324.38,INR,2020-12-17,Active
ACC005923,CUST001880,BR013,78475700005922,Salary,111789.43,inr,2026-06-03,Closed
ACC005924,CUST003685,BR090,29076900005923,Savings,75815.5,INR,2020-09-22,Active
ACC005925,CUST000594,BR036,67207900005924,Salary,109287.55,INR,2023-01-13,Active
ACC005926,CUST001599,BR006,56205700005925,Savings,37746.45,INR,2017-02-08,Dormant
ACC005927,CUST003826,BR002,98856000005926,Savings,163501.01,INR,2023-04-12,Active
ACC005928,CUST004605,BR057,90555100005927,Savings,44248.18,INR,2017-05-02,Active
ACC005929,CUST001319,BR038,67578600005928,Salary,85280.18,INR,08/15/2019,Active
ACC005930,CUST002268,BR146,21113500005929,Savings,22827.07,USD,2025-07-01,Active
ACC005931,CUST002764,BR072,76499200005930,Savings,32713.83,Usd,2022-12-07,Active
ACC005932,CUST003007,BR072,81291900005931,Savings,35377.7,INR,2024.12.07,Active
ACC005933,CUST002794,BR024,63746300005932,Savings,87468.87,EUR,2020-05-31,Dormant
ACC005934,CUST000404,BR016,31932200005933,Savings,63419.27,INR,2026-04-26,Active
ACC005935,CUST004162,BR045,83120300005934,Salary,48486.84,INR,2026-04-13,Active
ACC005936,CUST002928,BR126,40797900005935,Salary,40488.48,INR,2021-09-01,Active
ACC005937,CUST001869,BR094,77950500005936,Savings,167700.93,INR,2020-01-31,Active
ACC005938,CUST000928,BR027,59975000005937,Salary,55711.72,INR,2019-04-15,Active
ACC005939,CUST001209,BR006,45712300005938,Savings,70969.76,INR,2023-06-11,Active
ACC005940,CUST004252,BR038,83298400005939,Salary,26630.24,INR,2026-01-08,Active
ACC005941,CUST003789,BR041,40639100005940,Savings,89726.19,INR,2023-10-14,Active
ACC005942,CUST001220,BR145,27493100005941,Savings,130963.07,INR,2025-07-22,Active
ACC005943,CUST003680,BR026,93010400005942,Savings,113040.6,INR,09/12/2019,Active
ACC005944,CUST003040,BR117,93354800005943,Salary,15155.91,INR,2026-02-28,Active
ACC005945,CUST002569,BR058,13273800005944,Savings,51798.63,inr,2022-06-28,Active
ACC005946,CUST002479,BR049,51731900005945,Savings,96126.16,INR,2020-06-22,Active
ACC005947,CUST001401,BR032,70059000005946,Savings,94252.93,INR,2024-04-19,Active
ACC005948,CUST001413,BR098,38802500005947,Savings,11462.25,INR,2025-11-22,Active
ACC005949,CUST000991,BR104,22005200005948,Savings,24110.65,INR,2025-05-22,Closed
ACC005950,CUST004735,BR074,29290400005949,Current,36944.86,INR,2026-04-10,Active
ACC005951,CUST003632,BR143,91572200005950,Salary,104244.66,INR,2026-03-16,Closed
ACC005952,CUST004472,BR134,38566000005951,Current,59142.82,INR,2023-07-31,Active
ACC005953,CUST002376,BR119,17084300005952,Savings,36093.11,INR,2026-07-19,Active
ACC005954,CUST002329,BR085,38330200005953,Savings,114380.46,INR,2024-06-04,Active
ACC005955,CUST000861,BR079,36529900005954,Salary,95889.33,INR,2021-08-26,Active
ACC005956,CUST003677,BR100,83036300005955,Savings,99008.63,INR,2025-08-12,Active
ACC005957,CUST001809,BR088,12088600005956,Savings,46029.25,INR,2025-03-05,Active
ACC005958,CUST002743,BR023,47223800005957,Current,7276.25,INR,2022-03-16,Active
ACC005959,CUST004734,BR099,78475900005958,Current,66704.49,INR,2026-04-12,Active
ACC005960,CUST003269,BR038,39149100005959,Salary,32397.73,inr,2024-06-24,Active
ACC005961,CUST002506,BR111,45689900005960,Savings,144546.88,INR,2025-10-10,Active
ACC005962,CUST000106,BR004,23771800005961,Savings,84225.15,INR,2024-12-04,Active
ACC005963,CUST002196,BR008,85092400005962,Current,25013.42,INR,2021-04-30,Active
ACC005964,CUST000118,BR089,66302400005963,Current,26625.83,INR,2026-06-05,Active
ACC005965,CUST004787,BR118,64277900005964,Savings,39810.75,INR,2025-04-14,Active
ACC005966,CUST002854,BR085,44278000005965,Salary,215406.5,inr,2025-04-02,Active
ACC005967,CUST004695,BR026,27987600005966,Savings,107069.53,INR,2025-08-14,Active
ACC005968,CUST002792,BR047,84122500005967,Savings,164387.12,INR,2017-12-28,Active
ACC005969,CUST001961,BR067,33060700005968,Current,12593.36,INR,2017-03-06,Active
ACC005970,CUST004763,BR035,23299000005969,Savings,42285.8,INR,2025-09-06,Dormant
ACC005971,CUST000647,BR145,33446200005970,Savings,160083.15,inr,2025-06-09,Active
ACC005972,CUST002971,BR068,62837800005971,Salary,195958.22,inr,2024-12-25,Active
ACC005973,CUST002660,BR134,43382700005972,Current,116182.13,INR,2016-10-08,Active
ACC005974,CUST004583,BR016,15551000005973,Salary,145640.72,INR,2025-10-25,Active
ACC005975,CUST004592,BR070,10638200005974,Savings,62245.81,INR,2024-09-03,Active
ACC005976,CUST002457,BR128,21335400005975,Savings,34327.86,INR,2025-09-09,Active
ACC005977,CUST002830,BR043,93908300005976,Savings,19795.63,Inr,2019-06-11,Active
ACC005978,CUST002228,BR125,98237500005977,Savings,139332.81,INR,2026-03-24,ACTIVE
ACC005979,CUST001677,BR114,66867300005978,Savings,76383.4,INR,2017-09-06,Active
ACC005980,CUST002144,BR090,72872400005979,Salary,260921.06,INR,2022-08-07,Active
ACC005981,CUST002788,BR007,83795200005980,Savings,15437.67,INR,2020-07-21,Active
ACC005982,CUST004861,BR136,57162600005981,Current,68004.74,INR,2018-12-16,Active
ACC005983,CUST004048,BR072,70613900005982,Current,64733.01,INR,2024-10-10,Active
ACC005984,CUST002239,BR093,19530700005983,Savings,184750.63,INR,2026-06-29,Active
ACC005985,CUST002370,BR104,16480000005984,Savings,41666.75,Inr,2026-03-09,Active 
ACC005986,CUST002471,BR074,11190800005985,Current,63854.59,INR,2023-04-18,Active
ACC005987,CUST001449,BR024,87401800005986,Savings,122404.84,INR,2025-02-10,Closed
ACC005988,CUST000148,BR090,33294700005987,Savings,,INR,2020-08-05,Active
ACC005989,CUST003555,BR090,23508500005988,Current,10084.22,INR,2026-05-06,Active
ACC005990,CUST004179,BR013,53799700005989,Savings,69302.34,INR,2023-12-14,Active
ACC005991,CUST002824,BR030,16086300005990,Savings,44039.38,INR,2026-03-01,Active
ACC005992,CUST000594,BR033,16773300005991,Current,54321.89,INR,2012-08-11,Active
ACC005993,CUST004518,BR055,20367600005992,Savings,124275.34,INR,2020-03-05,Active
ACC005994,CUST000806,BR084,42029700005993,Savings,97845.64,INR,2021-01-23,Active
ACC005995,CUST002063,BR092,28741000005994,Savings,77282.56,INR,11/24/2024,Active
ACC005996,CUST000570,BR017,33375900005995,Salary,65492.95,INR,2023-07-25,Active
ACC005997,CUST004260,BR129,99805000005996,Savings,31217.7,inr,2018-02-18,Active
ACC005998,CUST002320,BR122,93047000005997,Salary,133976.04,GBP,2023-06-27,Active
ACC005999,CUST003301,BR014,24596300005998,Salary,42031.38,INR,2016-04-02,Active
ACC006000,CUST003711,BR026,66001200005999,Savings,67397.65,INR,2018.05.06,Active
ACC006001,CUST004717,BR127,30838800006000,Current,48667.78,INR,2017-07-12,Active
ACC006002,CUST000073,BR063,59776100006001,Savings,30903.8,INR,2015-04-24,Active
ACC006003,CUST002260,BR067,43210100006002,Savings,21459.56,INR,2023-07-25,Active
ACC006004,CUST000104,BR073,53900800006003,Current,194411.02,INR,2025-02-18,Active
ACC006005,CUST003062,BR149,39231500006004,Savings,38306.31,INR,2018-10-08,Active
ACC006006,CUST002420,BR024,23641600006005,Salary,7189.79,INR,2016-09-05,Active
ACC006007,CUST003835,BR142,15957500006006,Savings,94733.73,INR,2024-12-06,Dormant
ACC006008,CUST002014,BR037,44166300006007,Savings,193395.68,INR,2024-02-13,Active
ACC006009,CUST003563,BR135,37709200006008,Savings,199421.6,INR,2022-07-31,Active 
ACC006010,CUST001171,BR073,64902300006009,Savings,57313.78,INR,2018-06-29,ACTIVE
ACC006011,CUST004420,BR114,40193000006010,Salary,108208.36,INR,2024-04-28,Active
ACC006012,CUST000640,BR017,85795200006011,Savings,42198.34,INR,2016-09-08,Active
ACC006013,CUST800055,BR055,50865400006012,Salary,277984.74,INR,2019-07-13,Active
ACC006014,CUST003245,BR029,95997500006013,Savings,44935.0,INR,2016-03-13,Active
ACC006015,CUST000920,BR087,53906700006014,Salary,31056.33,INR,2023-03-07,Active
ACC006016,CUST003950,BR004,70243500006015,Savings,126754.35,INR,2018-01-06,Active
ACC006017,CUST000522,BR058,63648200006016,Salary,140501.69,eur,2014-06-01,Active
ACC006018,CUST003252,BR076,77771200006017,Current,57478.71,INR,2026-07-31,Active
ACC006019,CUST004048,BR072,82983600006018,Savings,109071.02,INR,2026-07-14,Active
ACC006020,CUST000891,BR124,56275000006019,Savings,65136.76,INR,2021-04-27,Active
ACC006021,CUST001676,BR092,63732200006020,Savings,4354.98,INR,2026-03-02,Active
ACC006022,CUST003529,BR122,27673200006021,Savings,38662.7,INR,2018-10-19,Active
ACC006023,CUST000843,BR076,46515900006022,Savings,18115.62,INR,2025-02-20,Active
ACC006024,CUST000834,BR054,71609000006023,Savings,73419.34,INR,27/02/2023,Active
ACC006025,CUST002589,BR044,95711300006024,Savings,84517.54,INR,2018.02.07,Dormant
ACC006026,CUST000125,BR104,75575700006025,Current,61707.99,INR,2025-12-28,Active
ACC006027,CUST000436,BR139,68309200006026,Salary,7688.68,INR,2021-11-12,Active
ACC006028,CUST000233,BR149,31440900006027,Savings,53854.83,USD,2024-10-29,Active
ACC006029,CUST002413,BR035,54389800006028,Salary,,GBP,2026-01-27,Active
ACC006030,CUST001001,BR064,90254200006029,Savings,167739.55,INR,2022-10-06,Active
ACC006031,CUST001489,BR094,38164800006030,Savings,68767.27,INR,2015-09-07,Active
ACC006032,CUST002377,BR138,55887700006031,Savings,11156.07,INR,01/20/2022,Active
ACC006033,CUST000817,BR047,11138200006032,Salary,46562.58,INR,2022-09-14,Active
ACC006034,CUST001765,BR117,71704200006033,Savings,95281.0,INR,2019-10-03,Active
ACC006035,CUST001029,BR127,48007200006034,Savings,33267.93,INR,2026-05-19,Active
ACC006036,CUST002292,BR027,56917900006035,Current,176231.71,INR,2024-12-19,active
ACC006037,CUST002269,BR048,22794500006036,Savings,60262.99,EUR,2026-03-18,Active
ACC006038,CUST001784,BR067,61993300006037,Savings,162464.77,INR,2014-05-04,Dormant
ACC006039,CUST003826,BR128,59018200006038,Savings,40607.41,INR,2025-03-21,Active
ACC006040,CUST002250,BR140,76289500006039,Savings,25982.34,INR,2024-11-16,Dormant
ACC006041,CUST004056,BR025,94020900006040,Savings,43630.5,INR,2019.06.24,Active
ACC006042,CUST003651,BR026,30312100006041,Savings,105693.26,INR,2015-11-20,Dormant
ACC006043,CUST003257,BR058,86806700006042,Salary,88523.39,inr,2025-08-01,Active
ACC006044,CUST002543,BR009,80785600006043,Salary,126491.03,INR,2021.12.17,Active
ACC006045,CUST000672,BR078,46372800006044,Savings,137644.48,USD,2026-07-08,Active
ACC006046,CUST004514,BR041,40678300006045,Savings,54647.98,INR,2025-05-26,Active
ACC006047,CUST001948,BR059,80691300006046,Salary,148824.91,EUR,2025-07-12,Active
ACC006048,CUST002427,BR001,60210300006047,Current,15449.78,INR,2025-01-12,Active
ACC006049,CUST002214,BR035,52423200006048,Current,153659.15,INR,2016-02-25,Active
ACC006050,CUST000375,BR020,64601100006049,Savings,81210.62,inr,2015-05-11,Active
ACC006051,CUST001547,BR034,49916600006050,Savings,185670.11,INR,2024-10-02,Active
ACC006052,CUST004875,BR064,93932100006051,Savings,66203.03,USD,2023-05-20,Active
ACC006053,CUST000232,BR036,73763500006052,Savings,88116.7,INR,2024-07-24,Active
ACC006054,CUST004550,BR115,25936400006053,Savings,113606.16,Inr,2022.10.19,Active
ACC006055,CUST003011,BR068,74173300006054,Salary,74590.88,INR,2026-02-25,Active
ACC006056,CUST001675,BR033,48216900006055,Savings,42952.09,Inr,2023-02-16,Active
ACC006057,CUST002746,BR094,40114700006056,Savings,154085.28,INR,2020-10-24,Active
ACC006058,CUST000666,BR128,19534400006057,Salary,58056.91,Inr,2020-06-04,Active
ACC006059,CUST001847,BR075,43846100006058,Salary,103107.2,INR,2022-08-14,Active
ACC006060,CUST001298,BR149,48522300006059,Savings,29078.57,INR,2026-07-15,Active
ACC006061,CUST002554,BR054,97269700006060,Savings,70495.31,INR,2016-08-15,Active
ACC006062,CUST000770,BR070,75450500006061,,141031.0,INR,2025-08-23,Active
ACC006063,CUST003544,BR064,68643300006062,Savings,110217.38,INR,2020-12-14,Active
ACC006064,CUST001653,BR149,38650000006063,Salary,83307.22,Inr,2024-12-13,Active
ACC006065,CUST002616,BR109,52055100006064,Savings,17899.98,INR,2017-07-22,Closed
ACC006066,CUST000229,BR087,67048900006065,Savings,92361.35,INR,2025-01-22,Active
ACC006067,CUST001559,BR055,62836700006066,Savings,36676.67,INR,2023-05-27,Active
ACC006068,CUST000069,BR010,76664000006067,Current,74908.43,INR,2023-09-07,Active
ACC006069,CUST002693,BR136,68868100006068,Salary,125887.55,GBP,2021-01-22,Active
ACC006070,CUST000027,BR017,59417900006069,Current,17103.61,INR,2024-12-29,Active
ACC006071,CUST004859,BR109,45635400006070,Savings,95358.16,INR,2021-05-04,Active
ACC006072,CUST002296,BR077,85288200006071,Current,103474.75,INR,2015-05-03,Active
ACC006073,CUST000222,BR105,18967900006072,Savings,30567.59,INR,2025-10-02,Active
ACC006074,CUST000105,BR139,15711500006073,Savings,73056.11,Inr,2026-05-28,Active
ACC006075,CUST004415,BR030,55943900006074,Savings,63858.09,inr,2015-08-29,Active
ACC006076,CUST003930,BR015,74711300006075,Savings,22014.52,INR,2024-11-13,Active
ACC006077,CUST002383,BR056,81859300006076,Savings,44217.78,INR,2023-03-29,Active
ACC006078,CUST003782,BR086,87237000006077,Salary,50715.09,EUR,2025-03-18,Active
ACC006079,CUST003140,BR011,82535700006078,,131366.54,INR,2024-09-18,Active
ACC006080,CUST000901,BR122,78360000006079,Savings,105092.18,INR,2026-03-16,Closed
ACC006081,CUST003259,BR091,88584700006080,Savings,101195.27,INR,2022-03-02,Active
ACC006082,CUST003050,BR148,46785200006081,Savings,99487.78,INR,2018-03-18,Active
ACC006083,CUST004143,BR043,43262400006082,Savings,127646.8,INR,2018-10-17,Active
ACC006084,CUST002726,BR137,38339300006083,Savings,27218.07,USD,2023-01-17,Active
ACC006085,CUST004043,BR058,38154200006084,Salary,38884.53,EUR,2020-04-16,Active
ACC006086,CUST001324,BR016,25806300006085,Savings,-132480.89,INR,2025-04-06,Active
ACC006087,CUST000164,BR126,28687800006086,Salary,63221.47,INR,2017-02-07,Active
ACC006088,CUST003919,BR012,46969700006087,Salary,71007.84,INR,2016-05-24,Active
ACC006089,CUST003533,BR107,70381400006088,Savings,,INR,2025-07-03,Active
ACC006090,CUST000026,BR031,37097900006089,Salary,29648.27,INR,2026-05-01,Active
ACC006091,CUST002512,BR101,59948800006090,Current,142431.03,INR,2017-04-10,Active
ACC006092,CUST000277,BR042,68106000006091,Savings,163786.61,INR,2023-11-04,Active
ACC006093,CUST002313,BR013,15989900006092,Salary,58474.56,INR,2022-12-07,Active
ACC006094,CUST003501,BR130,27840400006093,Savings,340492.42,INR,2021-01-05,Active
ACC006095,CUST002819,BR053,10460600006094,Savings,62804.81,INR,2026-06-09,Active
ACC006096,CUST003636,BR097,10481100006095,Savings,148599.07,Inr,2025-03-13,Active
ACC006097,CUST003258,BR006,17316500006096,Salary,82906.91,INR,2014-11-30,Active
ACC006098,CUST001933,BR142,79375500006097,Salary,53825.86,INR,2021-05-05,Active
ACC006099,CUST004381,BR094,94009900006098,Savings,100206.62,INR,2023-08-08,Active
ACC006100,CUST002782,BR063,78021800006099,Savings,25533.9,INR,2024-07-11,Active
ACC006101,CUST003509,BR136,10784900006100,,163451.05,INR,2020-09-27,Active
ACC006102,CUST004288,BR062,31936600006101,Salary,48608.6,INR,2023-12-07,Active
ACC006103,CUST002378,BR050,79457300006102,Savings,69142.39,INR,2026-03-07,Active
ACC006104,CUST003575,BR042,67953000006103,Savings,42584.23,GBP,2019-05-19,Active
ACC006105,CUST001148,BR098,43190800006104,Current,78396.52,INR,2023-02-08,Active
ACC006106,CUST000230,BR066,81706800006105,Current,51589.59,INR,2015-08-30,Active
ACC006107,CUST003659,BR086,17523900006106,Savings,59895.52,INR,2021-10-20,Active
ACC006108,CUST002938,BR119,42104100006107,Current,50307.97,INR,2023-01-07,Dormant
ACC006109,CUST000274,BR099,58266800006108,Salary,11378.59,INR,20/07/2019,Active
ACC006110,CUST000523,BR105,57858200006109,Savings,85452.97,INR,2022-11-09,Active
ACC006111,CUST004700,BR092,60234500006110,Savings,-41141.88,inr,2026-07-20,Active
ACC006112,CUST001541,BR119,35178400006111,Savings,118071.68,INR,2019-12-28,Active
ACC006113,CUST004556,BR109,92988100006112,Current,38550.66,INR,2015-09-26,Active
ACC006114,CUST001129,BR125,36081300006113,Current,54479.59,INR,2025-12-31,Active
ACC006115,CUST001657,BR095,61737100006114,Savings,94949.95,Gbp,2026-03-11,Active
ACC006116,CUST002963,BR001,46380900006115,Current,92201.66,Inr,2022-10-26,Active
ACC006117,CUST000776,BR137,61789500006116,Savings,945.11,INR,2025-06-24,Active
ACC006118,CUST004465,BR036,61398200006117,Savings,-33611.43,INR,2019-07-23,ACTIVE
ACC006119,CUST003423,BR108,59331200006118,Savings,58909.38,INR,2026-04-15,Active
ACC006120,CUST001850,BR099,76949500006119,Savings,12285.72,INR,2020-07-16,Active
ACC006121,CUST001363,BR100,71885300006120,Salary,18387.35,INR,2026-06-08,Active
ACC006122,CUST000173,BR067,38804400006121,Salary,92569.67,INR,2024-12-13,Active
ACC006123,CUST000212,BR068,81186600006122,Savings,80067.77,INR,2026-01-03,Active
ACC006124,CUST003924,BR018,50079500006123,Savings,154685.37,INR,2016-08-27,Closed
ACC006125,CUST001248,BR037,18418000006124,Savings,118187.69,INR,2022-11-15,Active
ACC006126,CUST000385,BR010,96659700006125,Savings,-34767.19,EUR,2017-01-22,Closed
ACC006127,CUST002464,BR137,22478900006126,Salary,144059.59,INR,2019-08-22,Active
ACC006128,CUST004681,BR142,92751700006127,Savings,120024.71,INR,2024-11-28,Active
ACC006129,CUST000668,BR017,15556500006128,Savings,53153.61,INR,2024-12-27,Active
ACC006130,CUST004227,BR128,19966700006129,Savings,64803.42,INR,2026-01-25,Active
ACC006131,CUST003983,BR103,96055300006130,Savings,76128.5,inr,2026-06-21,Active
ACC006132,CUST003672,BR048,77095700006131,Current,64226.09,INR,2026-02-25,Active
ACC006133,CUST004554,BR024,62353800006132,Current,86377.62,INR,10/22/2024,Active
ACC006134,CUST000256,BR096,65771000006133,Salary,13504.76,inr,2023-03-12,Active
ACC006135,CUST003072,BR005,98057200006134,Savings,42069.25,INR,2025-06-11,Active
ACC006136,CUST002662,BR023,66154900006135,Savings,19817.17,INR,2021-12-22,Active
ACC006137,CUST002193,BR016,23626200006136,Current,37181.51,INR,2016-01-07,Active
ACC006138,CUST004549,BR021,66957300006137,Savings,83489.09,INR,2024-05-13,Active
ACC006139,CUST002749,BR002,75968800006138,Savings,81254.11,INR,2026-06-08,Active
ACC006140,CUST003456,BR051,49313500006139,Salary,80740.85,INR,2024-01-22,Active
ACC006141,CUST003051,BR121,38116200006140,Current,157105.22,INR,2024-06-25,Active
ACC006142,CUST000288,BR043,84004900006141,Savings,74484.71,EUR,2023-02-18,Active
ACC006143,CUST003290,BR038,26371300006142,Salary,57254.83,INR,2025-11-08,Active
ACC006144,CUST002037,BR147,68661000006143,Current,65228.06,INR,2023-03-25,Active
ACC006145,CUST002086,BR073,82609300006144,Salary,7348.22,INR,2021-12-28,Dormant
ACC006146,CUST002704,BR004,74620700006145,Current,87620.49,INR,2026-07-11,Active
ACC006147,CUST000398,BR089,24939100006146,Current,36805.58,INR,2019-10-20,Active
ACC006148,CUST000917,BR083,84577600006147,Savings,129505.73,INR,2018-11-24,Dormant
ACC006149,CUST001184,BR064,63973100006148,Savings,20148.33,INR,2022-01-04,Active
ACC006150,CUST001201,BR129,48891600006149,Current,92771.64,INR,05/21/2017,Active
ACC006151,CUST000626,BR103,26794400006150,Salary,99781.24,INR,2023-08-29,Active 
ACC006152,CUST002731,BR004,20550700006151,Salary,193697.12,INR,2019-08-05,Active
ACC006153,CUST003524,BR056,40356900006152,Savings,79903.77,INR,2025-06-06,Active
ACC006154,CUST002656,BR084,19283500006153,Current,143652.21,INR,2019-11-08,Active
ACC006155,CUST001189,BR100,17861700006154,Savings,33361.98,INR,2022-10-17,Dormant
ACC006156,CUST800056,BR057,67922300006155,Current,90781.35,INR,2026-06-04,Active
ACC006157,CUST003270,BR067,94302300006156,Savings,91062.43,INR,2025-08-09,Active
ACC006158,CUST002398,BR033,54805400006157,Savings,218857.77,GBP,2026-06-09,Active
ACC006159,CUST000793,BR091,97910000006158,Savings,114570.24,INR,2026-06-07,Active
ACC006160,CUST003000,BR036,82664600006159,Salary,156581.47,INR,2024-10-19,Active
ACC006161,CUST002501,BR074,23512500006160,Current,46378.17,Inr,2022-05-15,Active
ACC006162,CUST001513,BR123,14073200006161,Savings,73959.69,Inr,2019-11-19,Active
ACC006163,CUST003739,BR138,42345600006162,Current,59587.63,INR,2026-06-13,Active
ACC006164,CUST004108,BR070,14992700006163,Current,195347.57,EUR,03/07/2024,Closed
ACC006165,CUST001363,BR032,21292400006164,Savings,18804.31,INR,2026-07-29,Active
ACC006166,CUST004081,BR007,79103200006165,Savings,,INR,2025-03-30,Active
ACC006167,CUST001982,BR127,20450200006166,Salary,36230.86,INR,2020-12-08,Active 
ACC006168,CUST001744,BR062,99485700006167,Savings,149641.9,INR,2023-11-22,Active
ACC006169,CUST004247,BR029,30633400006168,Savings,75659.83,GBP,2026-06-19,Active
ACC006170,CUST001175,BR123,86268000006169,Savings,51386.32,inr,2025-07-01,Active
ACC006171,CUST004230,BR073,16931300006170,Savings,76825.45,INR,2026-06-28,Active
ACC006172,CUST004039,BR104,47711400006171,Savings,14561.2,INR,2025-03-11,Active
ACC006173,CUST003435,BR010,21756700006172,Savings,134102.13,INR,2026-04-09,Active
ACC006174,CUST800057,BR144,88830300006173,Savings,145476.95,INR,2022-03-10,Active
ACC006175,CUST003701,BR048,16296400006174,Savings,111331.84,INR,2026-01-01,Active
ACC006176,CUST002608,BR116,13277900006175,Savings,-108768.63,INR,2026-03-05,Active
ACC006177,CUST000595,BR045,98582300006176,Savings,51025.29,INR,2021-09-22,Active
ACC006178,CUST004874,BR026,75941400006177,Savings,23506.71,INR,2016-12-06,Active
ACC006179,CUST001981,BR062,83769400006178,Current,87657.9,inr,2023-05-31,Active
ACC006180,CUST001939,BR011,25600100006179,Current,29247.97,INR,2019-03-26,Active
ACC006181,CUST002394,BR077,59320300006180,Savings,22858.22,INR,2022-09-27,Active
ACC006182,CUST000119,BR070,35581700006181,Savings,81450.05,INR,2024-12-01,Active
ACC006183,CUST001314,BR012,11902200006182,Savings,100669.02,INR,2022-11-06,Active
ACC006184,CUST004375,BR067,41392700006183,Savings,76194.18,INR,2023-11-17,Active
ACC006185,CUST000595,BR086,62893700006184,Savings,162325.29,INR,2025-05-11,Active
ACC006186,CUST002731,BR083,26039800006185,Current,113564.83,INR,2026-03-21,Active
ACC006187,CUST002580,BR011,89332500006186,Salary,9666.05,INR,2020-06-07,Active
ACC006188,CUST004125,BR101,55275500006187,Savings,27308.88,Inr,2018-01-11,Active
ACC006189,CUST003928,BR050,98494200006188,Savings,178687.64,INR,2022-06-23,Active
ACC006190,CUST001188,BR039,48329100006189,Salary,84372.93,INR,2025-03-25,Active
ACC006191,CUST000239,BR129,38977600006190,Savings,80133.57,INR,2018-11-20,Dormant
ACC006192,CUST003423,BR149,57796200006191,Salary,13376.29,INR,2024-12-18,Active
ACC006193,CUST000948,BR018,30417800006192,Current,-99107.48,INR,2013-10-13,Active
ACC006194,CUST004722,BR075,43162900006193,Salary,49338.36,INR,2018-02-15,Active
ACC006195,CUST002129,BR040,23029600006194,Salary,39925.72,Inr,2026-05-25,Active
ACC006196,CUST002654,BR108,18332400006195,Savings,-33065.7,INR,2024-07-06,Closed
ACC006197,CUST002519,BR092,98828600006196,Salary,38786.22,INR,2025-10-12,Active
ACC006198,CUST004287,BR062,82518300006197,Savings,65568.63,INR,2025-08-22,active
ACC006199,CUST003313,BR113,78187600006198,Current,34232.7,INR,2012-03-04,Active
ACC006200,CUST000829,BR103,82645100006199,Savings,83138.69,INR,2026-05-24,Dormant
ACC006201,CUST004149,BR140,73998200006200,Current,31960.92,INR,2025-03-20,Active
ACC006202,CUST001187,BR148,75098300006201,Savings,125080.93,INR,2024-05-02,Active
ACC006203,CUST000227,BR063,24952100006202,Savings,157456.4,INR,2024-03-15,Active
ACC006204,CUST003100,BR024,69249500006203,Savings,58447.48,INR,2020-05-07,Active
ACC006205,CUST001846,BR139,54009800006204,Savings,95529.31,INR,09/27/2023,Active
ACC006206,CUST001060,BR066,52934300006205,Savings,6878.43,INR,2025-12-01,Active
ACC006207,CUST000298,BR134,80616200006206,Savings,26487.97,INR,2025-09-01,Active
ACC006208,CUST001706,BR105,76699900006207,Salary,25285.98,EUR,2019-04-22,Active
ACC006209,CUST000427,BR079,61555500006208,Salary,26396.88,INR,2024-11-15,Active
ACC006210,CUST002220,BR129,88177500006209,Savings,24076.17,INR,2023-08-12,Active
ACC006211,CUST002072,BR114,10797600006210,Current,102629.0,INR,2017-01-13,Active
ACC006212,CUST002257,BR096,78142800006211,Savings,9232.52,INR,2021-09-15,Active
ACC006213,CUST004627,BR078,85681300006212,Current,258029.68,INR,2023-11-18,Active
ACC006214,CUST001283,BR035,32956700006213,Savings,84784.91,INR,03/13/2026,Active
ACC006215,CUST001826,BR032,43317900006214,Savings,109791.69,INR,2025-12-16,Active
ACC006216,CUST003905,BR097,28257200006215,Current,28691.09,INR,2014-11-25,Active
ACC006217,CUST000373,BR058,33152700006216,Salary,53586.7,inr,2022-05-30,Active
ACC006218,CUST003083,BR094,60941200006217,Savings,114316.91,inr,2015-03-15,Active
ACC006219,CUST001501,BR108,73896900006218,Savings,127790.22,INR,2024-07-26,Dormant
ACC006220,CUST000816,BR007,45538000006219,Salary,82689.26,INR,2026-05-27,Active
ACC006221,CUST001293,BR013,50491700006220,Savings,41397.81,INR,2024-12-12,Dormant
ACC006222,CUST004308,BR092,41209100006221,Savings,136750.34,INR,2025-02-25,Active
ACC006223,CUST003646,BR147,19084800006222,Savings,34211.2,INR,2026-04-10,Active
ACC006224,CUST002085,BR080,94250000006223,Savings,42406.53,INR,2016-10-04,Active
ACC006225,CUST003575,BR102,35942400006224,Current,23198.56,USD,2015-11-11,Active
ACC006226,CUST002950,BR044,76399700006225,Salary,93398.49,inr,2022-01-28,Active
ACC006227,CUST001944,BR033,84108200006226,Savings,47187.64,INR,2026-07-13,Dormant
ACC006228,CUST002436,BR036,55115200006227,Salary,69351.67,INR,2022-03-14,Active
ACC006229,CUST000247,BR142,51200900006228,Savings,34597.58,INR,2017-10-21,Active
ACC006230,CUST002646,BR116,40944300006229,Savings,71196.07,INR,2025-02-09,Active
ACC006231,CUST000993,BR054,78484400006230,Savings,122831.36,Inr,2018-12-24,Active
ACC006232,CUST000842,BR010,33723800006231,Savings,43631.7,INR,2026-03-22,Active
ACC006233,CUST002155,BR129,23645900006232,Current,84833.18,INR,2026-02-23,Active
ACC006234,CUST800058,BR043,99718900006233,Salary,66736.65,INR,2026-01-11,Active
ACC006235,CUST001394,BR036,58882500006234,Savings,96697.35,INR,2026-05-27,Active
ACC006236,CUST000179,BR106,36738200006235,Salary,103036.14,INR,2020-10-01,Active
ACC006237,CUST001530,BR019,11576500006236,Savings,20250.52,INR,2024-01-23,Active
ACC006238,CUST002923,BR032,86149600006237,Savings,117331.11,INR,06/02/2024,Active
ACC006239,CUST003054,BR076,28263500006238,Savings,65829.95,inr,2023-10-07,Active
ACC006240,CUST003020,BR018,21878800006239,Savings,106573.27,INR,2024-09-30,Active
ACC006241,CUST800059,BR138,18980700006240,Current,5971.29,INR,2026-04-30,Active
ACC006242,CUST003139,BR148,78897400006241,Current,96007.4,INR,2024-09-28,Active
ACC006243,CUST000735,BR125,85674200006242,Current,38283.63,INR,2021-10-26,Active
ACC006244,CUST002827,BR085,54291700006243,Current,77790.82,INR,2023-02-04,Active
ACC006245,CUST003070,BR082,69833600006244,Current,90032.84,INR,2025-02-02,Active
ACC006246,CUST002415,BR041,50715700006245,,210845.51,INR,2024-12-19,Active
ACC006247,CUST004303,BR023,39983900006246,Salary,73655.67,INR,2017-10-01,Active
ACC006248,CUST003584,BR024,82821900006247,Savings,,INR,05/06/2026,Active
ACC006249,CUST002908,BR023,98505100006248,Savings,27115.28,INR,2025-03-05,Active
ACC006250,CUST004438,BR002,14898200006249,Salary,60146.1,INR,2020-02-16,Active
ACC006251,CUST003052,BR112,64595300006250,Savings,30162.97,INR,2021-04-26,Dormant
ACC006252,CUST000247,BR113,10797300006251,Savings,103737.7,INR,2023-04-24,Active
ACC006253,CUST003069,BR110,18588100006252,Savings,93272.02,INR,2020-10-09,Active
ACC006254,CUST004813,BR054,19482400006253,Savings,114397.83,INR,2023-03-31,Active
ACC006255,CUST002101,BR016,41858600006254,Current,51097.41,INR,2019-01-06,Active
ACC006256,CUST003360,BR030,14162200006255,Salary,18789.34,INR,2026-03-31,Closed
ACC006257,CUST000543,BR124,29442000006256,Savings,52322.41,INR,2024-12-28,Active
ACC006258,CUST001949,BR136,93787000006257,Salary,72583.73,inr,2014-07-04,Active
ACC006259,CUST002612,BR009,37454700006258,Savings,182177.83,INR,2017-02-13,Active
ACC006260,CUST001771,BR105,20658700006259,Salary,190871.45,INR,2025-10-18,Active
ACC006261,CUST003719,BR135,45320400006260,Salary,37353.99,GBP,2023-06-25,Active
ACC006262,CUST004131,BR122,80845600006261,Current,,INR,2025.06.28,Active
ACC006263,CUST002016,BR038,75099200006262,Savings,21271.33,EUR,2018-12-03,Active
ACC006264,CUST002517,BR099,78034900006263,Savings,15635.72,INR,2025-07-26,Active
ACC006265,CUST004304,BR123,26650400006264,Current,125828.06,INR,2021-04-23,Active
ACC006266,CUST001734,BR138,10099500006265,Salary,15542.89,INR,2020-06-15,Active
ACC006267,CUST003700,BR103,34014300006266,Savings,122866.85,INR,2017-03-06,Closed
ACC006268,CUST001717,BR052,35139900006267,Salary,121394.81,INR,08/25/2024,Active
ACC006269,CUST004094,BR101,87893600006268,Savings,36329.93,INR,2022-03-08,Active
ACC006270,CUST004271,BR024,82667100006269,Salary,31571.73,INR,2026.01.07,Active
ACC006271,CUST001257,BR014,85067500006270,Current,54458.29,inr,2019.10.01,Active
ACC006272,CUST000539,BR002,68595300006271,Savings,68997.59,INR,2022-08-25,Active
ACC006273,CUST004603,BR083,66638100006272,Savings,68849.81,INR,2022-04-01,Active
ACC006274,CUST003835,BR006,79763400006273,Salary,46255.79,INR,2025-01-09,Active
ACC006275,CUST002335,BR021,90904600006274,Current,11357.61,INR,2026-01-24,Active
ACC006276,CUST003034,BR129,84673500006275,Savings,75159.74,INR,2025-08-20,Active
ACC006277,CUST000808,BR062,35885300006276,Salary,143573.8,INR,2024-08-30,Active
ACC006278,CUST004755,BR093,12819500006277,Salary,60874.86,INR,2024-04-26,Active
ACC006279,CUST001740,BR067,59458700006278,Savings,48289.28,INR,2026-05-19,Active
ACC006280,CUST004506,BR007,70450100006279,Savings,167808.84,INR,2016-09-22,Active
ACC006281,CUST001804,BR090,13925300006280,Salary,35146.42,INR,2021-09-01,Active
ACC006282,CUST001484,BR017,13086300006281,Savings,68088.46,INR,2025-12-24,Active
ACC006283,CUST001127,BR101,89585200006282,Salary,145530.38,INR,2024-06-21,Active
ACC006284,CUST004774,BR105,93561700006283,Savings,78228.09,INR,2022-11-05,Active
ACC006285,CUST000711,BR108,78712600006284,Savings,156202.02,INR,2016-04-05,Active
ACC006286,CUST004058,BR058,48440700006285,Current,49960.19,INR,2026.05.08,Active
ACC006287,CUST003309,BR072,15595600006286,Salary,143514.68,INR,2020-11-06,Dormant
ACC006288,CUST002036,BR117,38738900006287,Savings,83534.81,inr,2023-08-12,Dormant
ACC006289,CUST002533,BR066,92564800006288,Savings,106313.02,inr,2024-07-06,Active
ACC006290,CUST003597,BR141,25596100006289,Salary,45001.71,INR,2023-02-17,Active
ACC006291,CUST002841,BR098,49810300006290,Current,77799.79,USD,2022-03-18,Active
ACC006292,CUST002187,BR114,70979400006291,Savings,58848.96,INR,2026-07-07,Active
ACC006293,CUST000019,BR100,94333700006292,Savings,58417.03,GBP,2023-04-27,Active
ACC006294,CUST000349,BR028,83780200006293,Current,88612.34,INR,2019-07-04,Dormant
ACC006295,CUST002201,BR070,21815800006294,Current,56249.0,INR,2023-02-07,Active
ACC006296,CUST003100,BR098,19764400006295,Salary,31000.72,INR,2023-09-02,Active
ACC006297,CUST003204,BR078,56070700006296,Salary,14372.78,INR,2015-05-30,Active
ACC006298,CUST002515,BR090,98393800006297,Current,43487.77,INR,2013-03-05,Active
ACC006299,CUST001286,BR137,46558200006298,Current,96123.23,INR,2022-05-30,Active
ACC006300,CUST003792,BR128,17261300006299,Savings,93325.23,INR,2025-11-14,Active
ACC006301,CUST800060,BR033,96948700006300,Savings,116333.12,INR,2025-04-08,Dormant
ACC006302,CUST002979,BR031,80560700006301,Salary,26047.71,INR,2018-05-28,Closed
ACC006303,CUST001068,BR022,52881800006302,Savings,53308.54,INR,2020-08-03,Active
ACC006304,CUST000636,BR108,16181600006303,Savings,25976.69,INR,2024.01.01,Active
ACC006305,CUST002985,BR075,31930700006304,Savings,-49026.98,INR,2019-11-15,Active
ACC006306,CUST003417,BR090,28733700006305,Current,55385.85,INR,2011-11-30,Dormant
ACC006307,CUST003460,BR131,20179900006306,Current,,INR,2025-08-22,Active
ACC006308,CUST004171,BR072,24197400006307,Savings,92054.13,INR,2014-04-20,Active
ACC006309,CUST003496,BR095,38767100006308,Salary,55751.07,INR,2025-03-22,Dormant
ACC006310,CUST000865,BR044,25230800006309,Current,16628.58,INR,2026-05-18,Active
ACC006311,CUST004660,BR125,26551600006310,Salary,37106.53,Inr,2024-06-03,Active
ACC006312,CUST004488,BR004,87181000006311,Salary,54229.01,INR,2020-07-05,Active
ACC006313,CUST002392,BR087,57708700006312,Salary,182465.27,INR,2024-02-11,Active
ACC006314,CUST000346,BR121,69673800006313,Savings,85567.37,eur,07/18/2021,Active
ACC006315,CUST004735,BR108,52354000006314,Salary,33777.93,INR,2026-03-24,Active
ACC006316,CUST001976,BR017,97463400006315,Salary,30653.24,INR,2022-08-26,Active
ACC006317,CUST000259,BR128,79365300006316,Salary,61719.38,gbp,2015-09-21,Closed
ACC006318,CUST003817,BR057,30024300006317,Salary,41493.64,INR,2026-05-28,active
ACC006319,CUST003653,BR078,24973800006318,Salary,32922.19,INR,2025-11-03,Active
ACC006320,CUST003761,BR075,27110000006319,Current,41527.1,INR,2023-01-06,Active
ACC006321,CUST002341,BR052,60313500006320,Savings,54228.52,INR,2026-07-15,Active
ACC006322,CUST004659,BR050,24865600006321,Savings,132266.62,INR,2017-02-12,Active
ACC006323,CUST004244,BR138,33551400006322,Savings,111757.47,INR,2021-12-07,Active
ACC006324,CUST000874,BR100,85089100006323,Savings,95469.64,Inr,2024-01-06,Active
ACC006325,CUST001766,BR149,74628300006324,Savings,115466.13,INR,2021-06-04,Active
ACC006326,CUST002889,BR050,39846500006325,Current,93753.31,INR,2022-09-06,active
ACC006327,CUST001821,BR045,84778500006326,Salary,127852.25,INR,2021-12-18,Active
ACC006328,CUST002862,BR078,63859900006327,Salary,34800.68,INR,2025-02-28,Active
ACC006329,CUST003063,BR092,82490700006328,Salary,-23720.86,INR,2021-01-11,Active
ACC006330,CUST001151,BR015,41235500006329,Savings,75290.86,INR,2024-06-18,Active
ACC006331,CUST004593,BR055,60688200006330,Salary,106470.23,INR,10/12/2024,Active
ACC006332,CUST002978,BR066,58645400006331,Salary,67961.14,INR,2023-06-01,Active
ACC006333,CUST003688,BR013,34295200006332,Salary,36515.64,INR,2024-01-14,Active
ACC006334,CUST002777,BR088,72075700006333,Savings,96172.9,INR,2021-10-19,Active
ACC006335,CUST800061,BR019,39493000006334,Salary,75980.62,INR,2025-05-29,Active
ACC006336,CUST002650,BR130,20658100006335,Savings,45517.71,INR,2020-02-12,Closed
ACC006337,CUST001217,BR078,72143600006336,Savings,46699.81,INR,2015-08-22,Active
ACC006338,CUST004722,BR028,91308200006337,Savings,12924.89,inr,2020-10-16,Closed
ACC006339,CUST001197,BR079,88536700006338,Salary,,INR,2024-08-15,Closed
ACC006340,CUST003808,BR051,37773100006339,Salary,21342.34,INR,2014-05-10,Active
ACC006341,CUST001761,BR066,58358300006340,Salary,18713.14,INR,2021-04-14,Active
ACC006342,CUST002883,BR039,24810400006341,Savings,-103367.6,USD,2023-10-07,Active
ACC006343,CUST004080,BR064,59639000006342,Savings,9196.41,INR,2017-05-26,Active
ACC006344,CUST002160,BR023,80879800006343,Salary,7385.24,INR,2022-08-21,Active
ACC006345,CUST000687,BR044,85708000006344,Salary,223163.89,INR,2025-07-12,active
ACC006346,CUST004925,BR058,99683100006345,Salary,50047.19,INR,2023-10-28,Active
ACC006347,CUST000588,BR117,73551900006346,Salary,25786.64,INR,2021-06-14,Active
ACC006348,CUST003638,BR137,39865100006347,Savings,233587.61,Inr,2026-06-21,active
ACC006349,CUST004299,BR132,24454100006348,Savings,33713.6,INR,2015-05-23,Active
ACC006350,CUST004892,BR056,47044600006349,Savings,107799.8,INR,2026-01-08,Active
ACC006351,CUST003879,BR056,53847000006350,Savings,51638.1,INR,2012-10-12,Active
ACC006352,CUST001074,BR041,26869100006351,Savings,17307.45,INR,2015-07-01,Active
ACC006353,CUST003171,BR077,66352500006352,Savings,5415.45,INR,2025-06-03,Active
ACC006354,CUST000458,BR144,12110100006353,Current,55645.54,INR,2019-12-13,Active
ACC006355,CUST003517,BR037,26604200006354,Salary,32415.87,INR,2025-12-23,Dormant
ACC006356,CUST002639,BR108,22075600006355,Savings,55815.11,INR,2021-09-10,Active
ACC006357,CUST003668,BR038,30798900006356,Salary,109621.88,INR,2016-05-10,Active
ACC006358,CUST004844,BR056,96057000006357,Savings,79361.07,INR,2022-04-10,Active
ACC006359,CUST000463,BR079,97478400006358,Salary,141051.13,INR,2015-07-17,Active
ACC006360,CUST003774,BR113,89551000006359,Savings,17470.37,INR,2023-11-22,Closed
ACC006361,CUST004429,BR127,97128200006360,Savings,52478.56,INR,2026-05-26,Active
ACC006362,CUST004146,BR096,81806400006361,Salary,187507.26,Inr,2022-11-18,Active
ACC006363,CUST001666,BR091,33743700006362,Savings,14776.87,INR,2024-07-28,Active
ACC006364,CUST003302,BR129,94646900006363,Current,35840.88,INR,2025-11-05,Active
ACC006365,CUST000302,BR094,96928700006364,Salary,60270.94,INR,2025-04-04,Active
ACC006366,CUST001684,BR017,66890800006365,Savings,5378.54,INR,2023-03-04,Active
ACC006367,CUST000676,BR008,49891600006366,Current,123451.2,INR,2019-04-27,Active
ACC006368,CUST000014,BR081,45445700006367,Savings,,INR,2022-06-16,Active
ACC006369,CUST002863,BR002,21415700006368,Savings,50915.61,INR,2023-08-29,Active
ACC006370,CUST001318,BR106,33489100006369,Current,73196.36,INR,2020-04-28,Active
ACC006371,CUST800062,BR117,25797100006370,Salary,52038.0,INR,2026-07-01,Active
ACC006372,CUST004030,BR150,78222500006371,Savings,100213.22,INR,2022-10-02,Active
ACC006373,CUST003586,BR004,15224800006372,Savings,70488.16,Inr,2026-05-22,Active
ACC006374,CUST000496,BR091,72061400006373,Savings,188501.22,INR,2022-03-05,Active
ACC006375,CUST003795,BR141,66730100006374,Current,62405.52,INR,2020-03-14,Active 
ACC006376,CUST000905,BR022,53966500006375,Salary,113781.58,INR,2014-01-09,Active
ACC006377,CUST000558,BR117,27759600006376,Salary,65566.9,INR,2024-06-20,Active
ACC006378,CUST002279,BR146,66039900006377,Salary,23253.77,INR,2022-04-25,Active
ACC006379,CUST800063,BR011,58621000006378,Savings,119768.24,INR,2021-11-05,Active
ACC006380,CUST001815,BR069,67873800006379,Current,19123.8,INR,2023-07-29,Active
ACC006381,CUST004269,BR011,35135200006380,Savings,94248.28,EUR,2026-07-01,Active
ACC006382,CUST000093,BR074,49739100006381,Savings,59954.63,INR,2014-02-06,Active
ACC006383,CUST004505,BR129,62292900006382,Savings,58802.07,inr,2024-12-31,Active
ACC006384,CUST002368,BR038,28487900006383,Savings,114495.28,inr,2018-04-11,Active
ACC006385,CUST003019,BR119,98996500006384,Salary,133870.07,INR,2024-12-26,Active
ACC006386,CUST004526,BR123,29642000006385,Salary,94590.39,INR,2025-06-07,Active
ACC006387,CUST000047,BR002,21239500006386,Savings,153403.37,USD,2016-11-05,Active
ACC006388,CUST002021,BR080,21497100006387,Savings,49499.44,GBP,07/08/2025,Active
ACC006389,CUST002200,BR038,13985000006388,Salary,51409.18,INR,2026-03-01,Dormant
ACC006390,CUST002076,BR147,21742400006389,Savings,14915.31,INR,2025-04-02,Active
ACC006391,CUST000652,BR105,87189300006390,Savings,51589.92,INR,2021-04-16,Active
ACC006392,CUST002309,BR078,45722300006391,Salary,43457.46,INR,2024-02-10,Active
ACC006393,CUST001941,BR098,55209700006392,Salary,62117.34,INR,2023-06-09,Active
ACC006394,CUST001940,BR028,29847100006393,Salary,69946.55,INR,2024-06-21,Active
ACC006395,CUST004187,BR076,63380400006394,Salary,67575.87,INR,2025-11-10,ACTIVE
ACC006396,CUST000891,BR116,14219900006395,Salary,42048.92,USD,03/10/2024,Closed
ACC006397,CUST004107,BR142,36720300006396,,66655.48,inr,2020-11-17,Active
ACC006398,CUST002375,BR023,40774400006397,Savings,68525.72,INR,2019-08-09,Active
ACC006399,CUST004502,BR136,53310900006398,Savings,120599.37,INR,2020-11-11,Active
ACC006400,CUST003929,BR043,21788100006399,Savings,20344.56,INR,2022-07-02,Active
ACC006401,CUST004833,BR130,54150500006400,Salary,,INR,2025-08-07,Active
ACC006402,CUST003008,BR141,73388200006401,Savings,33702.17,INR,2026-06-16,Active
ACC006403,CUST004817,BR120,97432900006402,Savings,124103.05,INR,2017-10-19,Active
ACC006404,CUST000007,BR147,55403000006403,Savings,12486.13,INR,2026-01-26,Active
ACC006405,CUST003273,BR084,79552200006404,Salary,131157.17,GBP,2025-11-13,Active
ACC006406,CUST000904,BR117,13205000006405,,27459.68,USD,2024-09-07,Active
ACC006407,CUST000220,BR137,21346700006406,Savings,135260.13,inr,2026-02-02,Dormant
ACC006408,CUST000133,BR032,24604600006407,Current,34890.27,INR,2023-07-13,Active
ACC006409,CUST004781,BR107,22841200006408,Savings,93443.44,INR,2023-12-03,Active
ACC006410,CUST003018,BR112,12038600006409,Savings,-32852.14,INR,2024-03-19,Dormant
ACC006411,CUST004616,BR074,85184000006410,Savings,76583.42,INR,2017-07-11,Dormant
ACC006412,CUST001970,BR090,33037800006411,Salary,73550.13,INR,2023-05-17,Active
ACC006413,CUST003548,BR099,23218500006412,Savings,37883.24,INR,2025-08-06,Active
ACC006414,CUST001445,BR068,24716500006413,Savings,60153.62,EUR,2024-04-03,Active
ACC006415,CUST000193,BR090,95765800006414,Savings,43175.41,INR,2024-10-20,Active
ACC006416,CUST003461,BR067,19235600006415,Salary,30987.39,INR,2026-07-10,active
ACC006417,CUST000358,BR071,13629200006416,Savings,271399.36,INR,24/06/2016,Active
ACC006418,CUST002442,BR068,28019400006417,Savings,5278.81,inr,2026-04-30,Active
ACC006419,CUST000180,BR070,71682100006418,Savings,80589.72,INR,09/06/2025,Active
ACC006420,CUST001409,BR049,71862000006419,Salary,47159.77,INR,09/11/2025,Active
ACC006421,CUST000052,BR017,26406500006420,Savings,45981.47,INR,2021-07-29,Active
ACC006422,CUST001810,BR081,11984300006421,Savings,48885.29,INR,2023-04-26,Active
ACC006423,CUST001129,BR064,59931600006422,Savings,71158.51,EUR,2026-06-29,Active
ACC006424,CUST001361,BR006,25822000006423,Current,201249.2,INR,2021-08-11,Active
ACC006425,CUST002447,BR080,43112200006424,Savings,79572.52,INR,2026-04-08,Closed
ACC006426,CUST003778,BR128,58493400006425,Savings,41948.38,INR,2025-04-27,Active
ACC006427,CUST000902,BR039,87611400006426,Savings,43326.89,INR,2013-07-16,Dormant
ACC006428,CUST003473,BR135,37993000006427,Salary,15967.74,INR,2020-12-27,Active
ACC006429,CUST003868,BR082,17511700006428,Salary,35484.15,INR,2023-02-19,Active
ACC006430,CUST003808,BR059,52392000006429,Salary,80214.99,INR,2024.08.12,Active
ACC006431,CUST001852,BR131,39800200006430,Savings,93775.18,INR,2026-05-16,Active
ACC006432,CUST000569,BR143,98882500006431,Savings,236039.4,INR,2020-04-17,Active
ACC006433,CUST000138,BR139,35733900006432,Salary,85577.08,INR,2015-11-21,Active
ACC006434,CUST004008,BR117,34261200006433,Savings,46618.22,INR,2018-05-15,Active
ACC006435,CUST002308,BR094,29211000006434,Savings,65119.41,INR,2024-09-07,Dormant
ACC006436,CUST004681,BR128,87862200006435,Savings,126793.88,INR,05/19/2026,Active
ACC006437,CUST004597,BR129,12667300006436,Salary,105937.5,INR,2016-11-13,Active
ACC006438,CUST000253,BR134,10639900006437,Salary,47568.61,INR,2023-11-24,ACTIVE
ACC006439,CUST001207,BR125,15150400006438,Savings,47500.31,INR,2011-12-11,Active
ACC006440,CUST000260,BR052,42782500006439,Salary,138428.83,INR,2023-08-21,Active
ACC006441,CUST000989,BR146,62702300006440,Current,52574.32,INR,2026-01-14,Active
ACC006442,CUST002955,BR122,35270700006441,Savings,34472.58,INR,2025-08-08,Active
ACC006443,CUST002961,BR130,69640000006442,Savings,95775.83,INR,06/14/2025,Active
ACC006444,CUST001238,BR022,68902900006443,Current,121609.71,INR,2022-11-14,Active
ACC006445,CUST004315,BR002,10068000006444,Savings,37378.54,inr,2019-10-08,Closed
ACC006446,CUST000100,BR147,98079400006445,Savings,128755.77,inr,2022-12-26,Active
ACC006447,CUST004290,BR093,22292700006446,Savings,175583.68,USD,2024-01-06,Active
ACC006448,CUST000835,BR090,63840600006447,Savings,103198.2,INR,2018-09-17,Active
ACC006449,CUST004586,BR106,30222700006448,Current,12995.24,INR,2023-01-09,Active
ACC006450,CUST003661,BR105,56381300006449,Savings,60935.25,inr,2019-09-12,Active
ACC006451,CUST002430,BR007,38791100006450,Salary,151433.59,INR,2016-02-09,Active
ACC006452,CUST003619,BR046,74611400006451,Savings,123722.54,EUR,2024-05-30,Active
ACC006453,CUST002235,BR082,91543700006452,Savings,3074.44,INR,2016-01-04,Active
ACC006454,CUST003836,BR005,10462500006453,Savings,77810.77,Inr,2026-07-16,Active
ACC006455,CUST002869,BR133,84295900006454,Savings,83474.67,INR,07/31/2026,Active
ACC006456,CUST003310,BR025,78334200006455,Savings,123503.67,INR,2025-10-20,Active
ACC006457,CUST003695,BR065,59982500006456,Savings,31816.65,INR,01/02/2016,Active
ACC006458,CUST003170,BR022,19130300006457,Savings,97102.86,INR,2019-07-31,Active 
ACC006459,CUST003508,BR010,72888700006458,Savings,111556.66,INR,2025-05-15,active
ACC006460,CUST001240,BR067,93273300006459,Current,56368.62,USD,2026-02-07,Active
ACC006461,CUST002976,BR117,70838200006460,Salary,54350.0,INR,2017-09-15,Active
ACC006462,CUST004620,BR044,91238000006461,Savings,144475.99,INR,2019-08-01,Active 
ACC006463,CUST003333,BR069,97224500006462,Savings,55162.88,Inr,2026-03-19,Active
ACC006464,CUST001678,BR142,43313200006463,Salary,41668.02,INR,2021-04-26,Active
ACC006465,CUST002012,BR057,96370100006464,Savings,20865.77,INR,2024-06-04,Active
ACC006466,CUST002622,BR127,10571000006465,Savings,75711.16,INR,2026.03.12,Active
ACC006467,CUST002925,BR149,79387000006466,Savings,49762.66,INR,2023-03-29,Active
ACC006468,CUST003654,BR081,33826700006467,,50659.63,EUR,2020-04-21,Active
ACC006469,CUST002337,BR092,32297000006468,Current,-69495.27,INR,2026-06-07,Active
ACC006470,CUST000831,BR128,83111200006469,Savings,132888.87,inr,2024-02-24,Active
ACC006471,CUST004008,BR102,91068200006470,Savings,120003.44,INR,2020-07-02,Active
ACC006472,CUST002334,BR088,40743700006471,Savings,107171.05,INR,2022-09-21,Active
ACC006473,CUST001082,BR133,35286100006472,Savings,43521.39,INR,2019-07-01,Active
ACC006474,CUST004546,BR139,46580700006473,Current,92282.47,INR,2020-08-25,Active
ACC006475,CUST002995,BR046,54569500006474,Savings,17037.83,GBP,2020-04-03,Active
ACC006476,CUST002122,BR112,69657900006475,Savings,78840.96,INR,2026-04-29,Active
ACC006477,CUST003069,BR040,62470500006476,Salary,39262.59,INR,01/30/2025,Active
ACC006478,CUST004533,BR111,35334400006477,Current,74008.73,INR,2023-10-01,Active
ACC006479,CUST001004,BR013,69087400006478,Salary,49417.88,INR,2023-10-10,Active
ACC006480,CUST003648,BR042,66770100006479,Savings,64186.31,Inr,2026-06-08,Dormant
ACC006481,CUST001193,BR119,74225800006480,Current,9761.68,INR,2024-05-03,Active
ACC006482,CUST003936,BR120,50068800006481,Savings,253916.65,INR,2018-03-27,Active
ACC006483,CUST000306,BR071,59008200006482,Savings,74844.95,inr,2025-04-04,Active
ACC006484,CUST001366,BR116,99946300006483,Current,131135.24,INR,2025-02-27,Active
ACC006485,CUST000860,BR073,56366100006484,Savings,85604.6,INR,2026-06-07,Active
ACC006486,CUST004696,BR013,97168700006485,Savings,,inr,2024-12-02,Active
ACC006487,CUST000565,BR122,48218500006486,Savings,77191.91,INR,2024-04-17,Active
ACC006488,CUST003286,BR009,55875300006487,Savings,13154.32,gbp,2019-08-18,Active
ACC006489,CUST000465,BR121,16134900006488,Current,42711.86,INR,2015-12-02,Active
ACC006490,CUST003368,BR133,47406900006489,Savings,65071.55,INR,2024-02-12,Active
ACC006491,CUST004142,BR001,22186000006490,Savings,52596.27,INR,2021-01-30,Dormant
ACC006492,CUST002552,BR147,11894300006491,Current,21246.24,INR,2019-10-12,Active
ACC006493,CUST002242,BR093,44958500006492,Savings,21250.39,inr,2026-05-29,Dormant
ACC006494,CUST002293,BR091,40133800006493,Savings,117281.62,INR,2026-03-29,Closed
ACC006495,CUST004085,BR049,40195000006494,Savings,133229.77,INR,2025-03-10,Active
ACC006496,CUST000643,BR026,75480500006495,Savings,96881.22,INR,09/04/2023,Dormant
ACC006497,CUST001898,BR004,18851800006496,Salary,139894.78,INR,2018-03-16,Active
ACC006498,CUST002169,BR064,79035800006497,Salary,253747.6,INR,2013-09-10,Active
ACC006499,CUST004092,BR119,46591700006498,Savings,79968.1,INR,2021-03-08,Active
ACC006500,CUST002116,BR004,24696300006499,Savings,119664.58,INR,2021-04-17,Active
ACC006501,CUST001488,BR034,22348900006500,Current,59184.63,INR,2023-04-19,Active
ACC006502,CUST002782,BR124,91094500006501,Salary,31497.68,INR,2014-09-18,Active
ACC006503,CUST001500,BR066,37931900006502,Savings,14400.68,INR,2026-04-03,active
ACC006504,CUST004157,BR016,24685400006503,Current,174375.26,INR,2024-09-08,Active
ACC006505,CUST002041,BR148,43612900006504,Savings,33439.65,INR,2023-05-25,Dormant
ACC006506,CUST002223,BR051,88239900006505,Salary,2869.62,EUR,05/11/2023,Active
ACC006507,CUST000791,BR027,42833200006506,Savings,42064.46,INR,2024-07-08,Active
ACC006508,CUST004260,BR085,47586900006507,Savings,62686.8,INR,2025-08-12,Active
ACC006509,CUST003658,BR013,87506200006508,Savings,252189.51,INR,2022.01.08,Dormant
ACC006510,CUST003727,BR105,31212600006509,Savings,78484.97,Inr,2022-01-07,Active
ACC006511,CUST002369,BR097,96047000006510,Savings,48865.3,INR,2025-03-03,Active
ACC006512,CUST002529,BR137,73751300006511,Salary,122499.2,INR,2024-10-13,Active
ACC006513,CUST000179,BR045,14295700006512,Savings,65310.5,GBP,2022-08-20,Active
ACC006514,CUST004207,BR064,87281900006513,Savings,58023.85,INR,2026-01-28,Active
ACC006515,CUST003298,BR101,65934400006514,Savings,96454.19,INR,2016-09-27,Active
ACC006516,CUST001529,BR029,96730400006515,Savings,51884.62,INR,2022-01-18,Active
ACC006517,CUST003884,BR055,60320500006516,Current,183306.79,INR,2022-01-20,Active
ACC006518,CUST001258,BR017,78906100006517,Salary,176121.91,INR,2021-06-16,Active
ACC006519,CUST003973,BR106,48925100006518,Savings,128392.27,INR,2026-04-18,Active
ACC006520,CUST004629,BR099,96451000006519,Savings,36000.25,INR,2017-08-31,Active
ACC006521,CUST004158,BR015,10197200006520,Savings,,Inr,2025-07-21,Active
ACC006522,CUST002761,BR020,45357100006521,Savings,111271.39,INR,11/24/2024,Active
ACC006523,CUST004209,BR061,25664500006522,Salary,55080.61,Inr,2020-12-15,Active
ACC006524,CUST001683,BR099,91429400006523,Savings,50875.4,INR,2025-03-04,Active
ACC006525,CUST004505,BR119,91218100006524,Salary,82351.63,INR,2026-01-03,Active
ACC006526,CUST004436,BR069,52483200006525,Current,33941.88,INR,2018-12-18,Active
ACC006527,CUST001744,BR121,73715900006526,Savings,-60256.57,INR,2022-11-12,Dormant
ACC006528,CUST001189,BR063,21153800006527,Savings,44318.17,INR,2023-04-04,Active
ACC006529,CUST000385,BR089,54834100006528,Savings,25236.66,INR,2025-11-29,Active
ACC006530,CUST004451,BR040,96895700006529,Salary,90160.2,INR,2025-03-25,Closed
ACC006531,CUST002332,BR097,25050600006530,Savings,28505.09,inr,2026-06-29,Active
ACC006532,CUST003671,BR136,23675600006531,Salary,19576.63,INR,2016-10-11,active
ACC006533,CUST003256,BR043,99563100006532,Savings,15293.34,inr,2024-12-22,Active
ACC006534,CUST003812,BR108,18542200006533,Savings,92991.41,GBP,2026-04-13,Active
ACC006535,CUST003935,BR069,59267300006534,Savings,27297.0,INR,2026-04-04,Active
ACC006536,CUST001492,BR079,37951900006535,Savings,33724.16,INR,2020-12-07,Active
ACC006537,CUST003785,BR087,99516800006536,Savings,124571.97,INR,2026-07-30,Active
ACC006538,CUST000597,BR064,60097500006537,Salary,13045.14,INR,2019-08-12,Active
ACC006539,CUST000275,BR100,96468700006538,Savings,50404.59,INR,2016-08-02,Active
ACC006540,CUST003057,BR055,38839800006539,Savings,36183.42,INR,2023-05-16,Active
ACC006541,CUST004854,BR025,61636000006540,Current,116016.67,Inr,2020-09-26,Active
ACC006542,CUST001582,BR060,63900400006541,Current,47171.4,INR,04/28/2019,active
ACC006543,CUST002554,BR067,55179000006542,Savings,34277.52,INR,2013-10-12,Active
ACC006544,CUST001664,BR129,63829200006543,Current,54204.42,INR,2026-02-27,Active
ACC006545,CUST004979,BR097,27316300006544,Savings,66840.81,INR,2019-10-07,Active
ACC006546,CUST002301,BR064,77408000006545,Savings,16047.45,INR,2022-05-09,Active 
ACC006547,CUST002274,BR128,46633800006546,Salary,35227.95,INR,2019-01-13,Active
ACC006548,CUST000334,BR001,97255500006547,Salary,117149.83,INR,2025-03-14,Active
ACC006549,CUST003992,BR104,50926400006548,,49370.97,INR,2026-04-20,Active
ACC006550,CUST003275,BR139,66353100006549,Salary,132065.26,INR,2018-06-04,Active
ACC006551,CUST004992,BR105,26965800006550,Current,171699.49,inr,2019-07-15,Active
ACC006552,CUST000390,BR089,32238700006551,Savings,134013.31,INR,2018-10-12,Active
ACC006553,CUST000253,BR080,97730300006552,Savings,142259.0,Inr,2025-08-19,Active
ACC006554,CUST003609,BR025,12410800006553,Salary,66240.55,INR,2026-07-21,Active
ACC006555,CUST004225,BR024,79200500006554,Savings,27867.79,INR,2025-07-29,Active
ACC006556,CUST004903,BR019,66055100006555,Salary,123526.97,INR,2026-01-30,Active
ACC006557,CUST002567,BR141,17241900006556,Savings,151443.67,INR,2026-02-07,Active
ACC006558,CUST003316,BR057,42759300006557,Savings,86254.01,INR,2025-04-06,Active
ACC006559,CUST003528,BR145,15280700006558,Savings,43286.44,INR,2019-12-31,active
ACC006560,CUST002966,BR092,42659200006559,Salary,43381.62,INR,2016-08-27,Active
ACC006561,CUST004108,BR114,26054600006560,Current,146273.19,INR,2024-02-15,Active
ACC006562,CUST001639,BR141,39753600006561,Savings,23157.25,INR,2025-05-13,Active
ACC006563,CUST000862,BR077,99869900006562,Savings,9568.75,INR,2020-02-21,Active
ACC006564,CUST003291,BR009,48185500006563,Savings,91180.2,INR,2026-04-26,Active
ACC006565,CUST002207,BR124,28443700006564,Savings,61776.2,INR,2015-08-27,Active
ACC006566,CUST004970,BR053,53775900006565,Savings,119310.54,INR,2024-06-24,Active
ACC006567,CUST001801,BR024,82139300006566,Savings,70638.1,INR,2024-06-30,Active
ACC006568,CUST003818,BR039,70453200006567,Salary,92539.31,INR,2025-02-09,Dormant
ACC006569,CUST002378,BR149,18930000006568,Savings,121069.27,INR,2019-09-29,Active
ACC006570,CUST004473,BR064,79177200006569,Savings,111084.81,INR,2016-08-08,Active
ACC006571,CUST000280,BR087,15479300006570,Savings,75391.94,INR,2025-10-31,Active
ACC006572,CUST004837,BR119,51264300006571,Current,183317.5,INR,2024-11-16,Active
ACC006573,CUST000434,BR087,97194200006572,Savings,155409.99,INR,2025-09-29,Active
ACC006574,CUST002734,BR024,17712500006573,Savings,137088.7,EUR,2024-07-21,Active
ACC006575,CUST002762,BR013,85137800006574,Savings,58748.64,INR,2021-07-14,Active
ACC006576,CUST002241,BR141,49763100006575,Savings,,INR,2023-07-03,Active
ACC006577,CUST002300,BR031,89319300006576,Current,22901.54,INR,2020-02-10,Active
ACC006578,CUST003162,BR039,90809300006577,Salary,94572.94,INR,2025-12-24,Active
ACC006579,CUST000571,BR007,81057000006578,Salary,62944.5,INR,2024-11-28,Active
ACC006580,CUST004882,BR113,91581900006579,Savings,186789.91,INR,2022-04-09,Active
ACC006581,CUST003457,BR076,78967300006580,Savings,167227.79,INR,2022-09-09,Active
ACC006582,CUST000989,BR096,96898800006581,Savings,29113.7,INR,2026-02-21,Active
ACC006583,CUST001027,BR028,34900000006582,Current,15876.22,INR,2024-10-09,Active
ACC006584,CUST001158,BR083,81260200006583,Salary,35427.93,INR,2022-07-04,Active
ACC006585,CUST001824,BR083,64400900006584,Salary,195809.37,INR,2022-01-04,Active
ACC006586,CUST000962,BR127,73268700006585,Salary,252997.3,GBP,2013-05-31,ACTIVE
ACC006587,CUST002629,BR107,12823500006586,Current,110748.58,INR,07/16/2026,Active
ACC006588,CUST004478,BR092,59107200006587,Savings,117301.6,INR,2024-01-21,Active
ACC006589,CUST004453,BR101,60600400006588,Salary,22506.38,inr,2026-03-20,Active
ACC006590,CUST004063,BR118,40125300006589,Savings,70463.31,INR,2024-05-10,Active
ACC006591,CUST002528,BR034,46445700006590,Savings,194680.27,INR,2025-09-06,Active 
ACC006592,CUST002918,BR089,83187100006591,Salary,38175.82,INR,2023-10-30,ACTIVE
ACC006593,CUST000189,BR142,28717100006592,Savings,103305.45,INR,2021-12-12,Active
ACC006594,CUST800064,BR109,26069400006593,Savings,117276.3,INR,2024-11-07,Active
ACC006595,CUST000513,BR126,40411300006594,Savings,36033.53,INR,2021-05-06,Active
ACC006596,CUST002890,BR008,76324600006595,Salary,96222.98,INR,2023-10-25,Active
ACC006597,CUST004324,BR126,90622000006596,Savings,13536.34,INR,2022-01-03,Active
ACC006598,CUST002447,BR097,58897200006597,Savings,49374.72,INR,2026-05-23,Active
ACC006599,CUST000234,BR028,68630000006598,Savings,54699.77,INR,2021-10-10,Active
ACC006600,CUST004686,BR134,62651400006599,Savings,54202.31,INR,2024-12-14,Active
ACC006601,CUST002005,BR132,28623200006600,Savings,54506.9,inr,2025-08-12,Active
ACC006602,CUST000696,BR098,45201800006601,Current,150577.86,INR,2026-01-31,Active
ACC006603,CUST002070,BR145,69230000006602,Savings,46330.24,INR,2026-07-09,Active
ACC006604,CUST800065,BR123,60750500006603,Savings,331821.53,INR,2018-03-28,Active
ACC006605,CUST002449,BR064,82731600006604,Salary,51915.21,INR,2026-07-24,Active
ACC006606,CUST003055,BR149,80692600006605,Savings,23253.47,EUR,2025-01-07,Active
ACC006607,CUST003837,BR072,48914700006606,Current,41469.04,INR,2026-02-01,Active
ACC006608,CUST004261,BR024,53418800006607,Savings,128558.98,INR,2022-12-06,Active
ACC006609,CUST002486,BR018,49025300006608,Savings,71798.98,inr,2025-11-28,Active
ACC006610,CUST001703,BR104,82563500006609,Current,83234.02,inr,2022-12-16,Active
ACC006611,CUST004916,BR022,26450600006610,Salary,48781.53,INR,2025-03-20,Active
ACC006612,CUST001929,BR135,12097000006611,Salary,19817.79,INR,2024-01-03,Active
ACC006613,CUST000771,BR140,96480000006612,Salary,8389.39,INR,2021-06-07,Closed
ACC006614,CUST000319,BR005,82186800006613,Savings,37180.18,INR,2025-05-18,Active
ACC006615,CUST002278,BR026,88514300006614,Savings,56112.45,INR,2023-10-26,Active
ACC006616,CUST001925,BR027,90177100006615,Salary,53035.2,INR,10/24/2025,Dormant
ACC006617,CUST001503,BR106,44142300006616,Salary,44527.29,Inr,2021-05-12,Active
ACC006618,CUST002172,BR038,93559600006617,Savings,62015.42,INR,2017-11-18,Active 
ACC006619,CUST002196,BR101,30339300006618,Savings,124484.07,INR,2024-12-02,Active
ACC006620,CUST003532,BR133,51492100006619,Savings,43765.06,INR,2018-04-20,Active
ACC006621,CUST003481,BR099,19678400006620,Current,100179.79,INR,2018-08-28,Closed
ACC006622,CUST001331,BR147,49538400006621,Current,59866.0,INR,2018-07-10,Active
ACC006623,CUST001543,BR073,59494100006622,Savings,210460.26,INR,27/03/2025,Active
ACC006624,CUST003095,BR138,43681100006623,Savings,88818.9,INR,2017-09-17,Closed
ACC006625,CUST003572,BR117,88665700006624,Salary,22941.34,INR,06/24/2023,Active
ACC006626,CUST004459,BR072,17481800006625,Savings,48615.39,INR,2022-12-22,Active
ACC006627,CUST003436,BR043,25912600006626,Salary,72153.15,Inr,2022-07-26,Active
ACC006628,CUST001567,BR101,88689300006627,Salary,101098.52,EUR,2018-07-31,Active
ACC006629,CUST000462,BR117,58214500006628,Salary,73793.86,INR,2026-01-13,Active
ACC006630,CUST001177,BR016,32776300006629,Savings,26474.8,INR,2025-09-01,Closed
ACC006631,CUST002737,BR048,74563800006630,Current,46924.01,INR,2020-08-25,Active
ACC006632,CUST000327,BR147,23650700006631,Savings,,Inr,2021-08-29,Active
ACC006633,CUST002628,BR021,87494500006632,Savings,114285.28,INR,2024-05-16,Active
ACC006634,CUST000236,BR142,78892100006633,Savings,193872.37,INR,2024-07-21,Active
ACC006635,CUST003233,BR020,31636600006634,Savings,104613.69,INR,2020-12-21,Active
ACC006636,CUST003722,BR090,22474800006635,Savings,122789.2,INR,2024-08-05,Active
ACC006637,CUST003514,BR047,32511100006636,Savings,34881.94,INR,27/05/2025,Active
ACC006638,CUST003488,BR022,78812400006637,Savings,124026.28,INR,2024-03-09,Active
ACC006639,CUST001183,BR034,56511500006638,Salary,110728.59,INR,2025-02-12,Active
ACC006640,CUST002528,BR143,84975500006639,Salary,-75616.25,INR,07/13/2021,Active
ACC006641,CUST000110,BR042,76103400006640,Current,148325.64,INR,16/11/2023,Active
ACC006642,CUST004487,BR135,33210400006641,Salary,,Inr,2025-11-05,Active
ACC006643,CUST003792,BR096,39303200006642,Savings,71620.23,INR,2024-08-18,Active
ACC006644,CUST004964,BR149,19080400006643,Savings,65588.13,Gbp,2026-04-11,Active
ACC006645,CUST000039,BR070,78944900006644,Savings,121523.0,INR,2022-01-12,Active
ACC006646,CUST001215,BR077,43109000006645,Savings,41679.69,USD,2021-02-14,Active
ACC006647,CUST000859,BR013,35388300006646,Current,80760.09,INR,2020-07-09,Dormant
ACC006648,CUST003295,BR053,22064100006647,Salary,140154.81,GBP,2023-08-10,Active
ACC006649,CUST004799,BR090,89962500006648,Savings,26677.83,INR,2025-09-19,Active
ACC006650,CUST002927,BR057,62652600006649,Savings,57701.55,INR,2025-05-31,Active
ACC006651,CUST000799,BR026,16688100006650,Savings,41910.0,INR,2023-08-10,active
ACC006652,CUST001858,BR075,90987100006651,Current,51158.88,INR,2021-10-06,Active
ACC006653,CUST003538,BR147,74146900006652,Savings,30138.87,INR,2019-06-23,closed
ACC006654,CUST002507,BR137,56671800006653,Savings,27060.81,INR,2024-01-19,Active
ACC006655,CUST001059,BR056,90752200006654,Savings,42797.43,INR,2025-07-02,Active
ACC006656,CUST001995,BR020,31076700006655,Savings,20745.9,INR,2025-03-23,Active
ACC006657,CUST000060,BR003,32294600006656,Current,47472.69,INR,24/04/2026,active
ACC006658,CUST001051,BR098,63661000006657,Current,170513.24,eur,2020-10-05,Active
ACC006659,CUST004629,BR104,40566300006658,Salary,10115.69,INR,2026-03-22,Active
ACC006660,CUST001141,BR138,18143700006659,Salary,81629.11,INR,2023-10-09,Active
ACC006661,CUST004684,BR087,72990500006660,Savings,27499.65,INR,2026-07-30,Active
ACC006662,CUST004243,BR042,37585600006661,Salary,45985.86,INR,2021-05-15,Active
ACC006663,CUST000407,BR004,96144200006662,Savings,31239.47,INR,2011-07-30,Active
ACC006664,CUST004087,BR079,92310400006663,Savings,23677.82,INR,14/09/2018,Active
ACC006665,CUST003851,BR044,40423500006664,Salary,57190.58,INR,2025-05-12,Active
ACC006666,CUST000626,BR120,86603700006665,Salary,32651.69,INR,2026-02-25,Active
ACC006667,CUST001386,BR097,70616300006666,Savings,109749.09,INR,2023-11-07,Active 
ACC006668,CUST003877,BR078,79305100006667,Salary,40606.11,INR,2020-10-04,Active
ACC006669,CUST000659,BR112,99689900006668,Salary,266688.17,INR,2019-07-13,Active
ACC006670,CUST000586,BR080,71346300006669,Savings,49837.3,INR,2023-06-03,Dormant
ACC006671,CUST001019,BR098,78061400006670,Current,86782.27,INR,2020-01-07,Active
ACC006672,CUST800066,BR115,76038100006671,Savings,122970.7,INR,2021-05-18,Active
ACC006673,CUST000461,BR011,96932600006672,Savings,55017.47,INR,2015-10-03,Dormant
ACC006674,CUST000540,BR025,67427400006673,Savings,105331.67,INR,2019-09-02,Active
ACC006675,CUST001429,BR072,59023000006674,Salary,39023.29,INR,2017-06-15,Active
ACC006676,CUST000689,BR108,61087500006675,Salary,45699.46,INR,2019-09-07,Active
ACC006677,CUST003848,BR063,55136000006676,Savings,88664.83,INR,2020-02-25,Active
ACC006678,CUST004999,BR138,14611600006677,Savings,61737.13,INR,2014-04-17,Active
ACC006679,CUST000262,BR147,53220000006678,Savings,137449.43,INR,2023-11-18,Active
ACC006680,CUST003285,BR016,18916300006679,Savings,59346.72,INR,2023-11-15,ACTIVE
ACC006681,CUST004511,BR100,34618600006680,Savings,215368.63,INR,2024-01-11,Active
ACC006682,CUST000758,BR010,30870900006681,Current,97682.23,INR,2022-12-26,Active
ACC006683,CUST004559,BR118,85081800006682,Savings,179266.43,INR,2017-01-17,ACTIVE
ACC006684,CUST004385,BR014,59272800006683,Current,27387.6,INR,2016-02-05,Active
ACC006685,CUST002490,BR016,48826800006684,Current,46530.84,INR,2026-06-28,Active
ACC006686,CUST000483,BR111,29810400006685,Savings,51144.26,INR,2021-11-23,Active
ACC006687,CUST004220,BR060,93537700006686,Salary,58456.44,Inr,2023-01-19,Active
ACC006688,CUST004031,BR059,52013900006687,Salary,65181.67,INR,2020-03-30,Active
ACC006689,CUST000744,BR065,81121600006688,Savings,319697.57,INR,2019-06-18,Active
ACC006690,CUST001966,BR070,62395100006689,Savings,123088.13,Inr,2016-05-22,Active
ACC006691,CUST000332,BR101,63590200006690,Salary,26164.75,INR,2016-12-15,Active
ACC006692,CUST001380,BR110,77391500006691,Current,174755.29,INR,2026-04-26,Closed
ACC006693,CUST000120,BR144,66587800006692,Salary,48200.18,INR,2020-03-10,Closed
ACC006694,CUST001855,BR079,60237600006693,Savings,61584.16,GBP,2026-06-15,Active
ACC006695,CUST001300,BR127,56005100006694,Salary,45719.71,INR,2024-04-26,Closed
ACC006696,CUST800067,BR091,70854200006695,Savings,94132.34,GBP,2023-05-16,Active
ACC006697,CUST002380,BR011,17501300006696,Savings,23664.29,INR,2026-05-17,Active
ACC006698,CUST003732,BR128,50774100006697,Savings,239527.33,INR,2026-06-12,Active
ACC006699,CUST002168,BR066,29112000006698,Current,37788.59,INR,2021-10-15,Active
ACC006700,CUST001373,BR068,93033900006699,Savings,62635.52,INR,2026-04-23,Active
ACC006701,CUST002909,BR126,78207600006700,Savings,40337.23,INR,2018-09-14,Dormant
ACC006702,CUST004590,BR132,78752500006701,Salary,17768.28,INR,2026-01-01,Active
ACC006703,CUST001042,BR150,29624600006702,Savings,12919.87,INR,2025-12-27,Active
ACC006704,CUST003412,BR079,50098100006703,Savings,117334.35,INR,2013-12-26,Active
ACC006705,CUST002996,BR067,16486400006704,Savings,86588.02,INR,30/07/2022,Active
ACC006706,CUST000235,BR061,26235400006705,Current,47895.7,INR,2023-08-28,Active
ACC006707,CUST004826,BR051,57627900006706,Savings,85428.66,INR,2026-03-22,Active
ACC006708,CUST000867,BR040,73870000006707,Salary,34781.97,INR,2024-01-02,Active
ACC006709,CUST001538,BR048,90019700006708,Current,44767.78,INR,2020.08.28,Closed
ACC006710,CUST000116,BR110,50173000006709,Salary,31079.09,INR,2020-05-31,Active
ACC006711,CUST002803,BR045,71456200006710,Savings,21975.84,INR,2019-02-25,Active
ACC006712,CUST000625,BR094,30215600006711,Current,30122.94,INR,2026-07-10,Active
ACC006713,CUST001640,BR037,44498500006712,Salary,29054.76,INR,2025-03-15,Active
ACC006714,CUST000070,BR122,64075300006713,Salary,82744.62,INR,2019-08-12,Active
ACC006715,CUST001212,BR064,56701700006714,Current,62274.56,INR,2016-10-12,Active
ACC006716,CUST001418,BR083,44842500006715,Salary,51984.5,INR,2026-04-28,Active
ACC006717,CUST001762,BR146,48861100006716,Savings,74279.4,GBP,2025-06-02,Active
ACC006718,CUST004852,BR131,79962000006717,Savings,37057.47,INR,2023-10-10,Active
ACC006719,CUST003240,BR050,49052800006718,,24892.54,INR,2021-10-16,Active
ACC006720,CUST004560,BR044,35423200006719,Savings,34902.47,INR,2022-09-29,Active
ACC006721,CUST002966,BR083,17167100006720,Salary,70257.33,INR,2014-10-06,Active
ACC006722,CUST001575,BR110,52231200006721,Savings,37427.03,INR,2024-06-14,Active
ACC006723,CUST004188,BR146,39248500006722,Savings,61710.01,INR,28/05/2024,Active
ACC006724,CUST001646,BR059,41818200006723,Savings,54746.39,INR,2020-03-28,Active
ACC006725,CUST001551,BR087,41411700006724,Current,45815.05,INR,2026-07-17,Active
ACC006726,CUST003177,BR018,86385200006725,Savings,16771.3,INR,2026-07-12,Active
ACC006727,CUST001466,BR110,89578700006726,Salary,40329.97,INR,2016-01-29,Active
ACC006728,CUST004757,BR080,48276000006727,Salary,76083.46,INR,13/04/2025,Active
ACC006729,CUST000055,BR098,55995000006728,Savings,114850.55,INR,2024-08-29,Active
ACC006730,CUST000183,BR035,31184400006729,Savings,110060.12,INR,2018-01-07,Active
ACC006731,CUST003916,BR065,16391300006730,Savings,103548.99,INR,2020-01-24,active
ACC006732,CUST000876,BR010,87586600006731,Savings,21892.57,inr,2026-06-05,Active
ACC006733,CUST002765,BR054,38081000006732,Savings,139586.35,INR,2022-09-06,Active
ACC006734,CUST003992,BR055,93445000006733,Savings,32185.03,INR,2026-06-02,Active
ACC006735,CUST002795,BR069,34950800006734,Savings,43180.02,EUR,2025-07-24,Active 
ACC006736,CUST001754,BR147,43235400006735,Savings,68715.09,INR,2023-01-03,Active
ACC006737,CUST002867,BR093,49410900006736,Salary,131528.46,INR,2014-02-25,Active
ACC006738,CUST003058,BR135,89022900006737,Current,29493.86,INR,2026-01-09,Active
ACC006739,CUST004510,BR031,38438900006738,Current,313296.58,EUR,2019-07-01,Active
ACC006740,CUST004002,BR147,54126800006739,Current,57041.15,Inr,2022-12-06,active
ACC006741,CUST003463,BR091,80764100006740,Salary,56169.63,INR,2024-06-14,Closed
ACC006742,CUST001077,BR005,75928800006741,Current,64553.85,INR,2025-06-24,Active
ACC006743,CUST004307,BR130,38900000006742,Savings,112307.21,INR,2024-10-12,Active
ACC006744,CUST001770,BR023,34517100006743,Savings,101992.84,INR,2014-10-17,Active
ACC006745,CUST000886,BR121,37604000006744,Savings,,INR,2026-03-16,Active
ACC006746,CUST004832,BR036,24378400006745,Savings,88184.49,INR,2024-11-01,Active
ACC006747,CUST003486,BR102,51922600006746,Salary,89718.11,INR,2015.06.26,Active
ACC006748,CUST003008,BR111,56739500006747,Savings,147740.46,GBP,2024-04-23,Active
ACC006749,CUST000468,BR018,92167000006748,Salary,,Inr,2025-10-05,Active
ACC006750,CUST001263,BR147,46237000006749,Salary,158316.32,INR,2021-04-29,Active
ACC006751,CUST003056,BR134,34848600006750,Savings,135892.49,INR,2011-06-26,Active
ACC006752,CUST000517,BR061,10026100006751,Savings,126877.72,INR,2019-11-08,Active
ACC006753,CUST000273,BR038,99493600006752,Savings,179108.35,INR,2021-11-05,Active
ACC006754,CUST003402,BR088,14101500006753,Salary,139069.03,INR,2020-11-11,Active
ACC006755,CUST003195,BR119,10920600006754,Salary,94273.59,INR,2022-11-27,Active
ACC006756,CUST000789,BR014,66459400006755,Salary,57246.69,INR,2025-05-16,Active
ACC006757,CUST001484,BR023,65493800006756,Savings,25222.74,INR,2025-08-28,Dormant
ACC006758,CUST004051,BR095,41089800006757,Current,31967.8,INR,2024-11-22,Active
ACC006759,CUST004576,BR044,56207900006758,Savings,163799.8,INR,2024.10.26,Active
ACC006760,CUST003457,BR136,12964200006759,Savings,49818.95,INR,2013-09-30,Active
ACC006761,CUST002193,BR082,65118000006760,Salary,,INR,2015-11-23,Active
ACC006762,CUST000475,BR099,48684200006761,Salary,84592.15,INR,2023-12-07,Closed
ACC006763,CUST004317,BR053,93663900006762,Current,50506.86,INR,2026-04-22,Active 
ACC006764,CUST001943,BR098,21158100006763,Savings,82494.62,INR,2026-05-27,Active
ACC006765,CUST002156,BR039,92493500006764,Savings,55026.38,INR,2019-11-03,Active
ACC006766,CUST004575,BR074,23556100006765,Savings,,usd,2024-09-13,Active
ACC006767,CUST001776,BR004,16652100006766,Savings,83109.37,INR,2024-09-16,Active
ACC006768,CUST004252,BR068,78410400006767,Salary,40154.22,INR,2026-01-18,Active
ACC006769,CUST002342,BR115,14122500006768,Savings,84346.1,INR,2026-04-26,Dormant
ACC006770,CUST002134,BR056,16974000006769,Savings,50172.06,INR,2019-08-02,Active
ACC006771,CUST800068,BR009,64993400006770,Savings,191930.3,INR,2023-01-30,DORMANT
ACC006772,CUST003963,BR124,51418600006771,,10651.24,INR,2025-07-15,Active
ACC006773,CUST003003,BR044,43065000006772,Savings,139818.84,INR,2022-08-16,Active
ACC006774,CUST004632,BR097,39431500006773,Savings,50885.32,INR,2024-08-26,Active
ACC006775,CUST004982,BR108,82198100006774,Savings,108596.54,INR,2026-03-02,Closed
ACC006776,CUST002411,BR045,98115600006775,Savings,55508.22,INR,2025-10-21,Active
ACC006777,CUST002657,BR045,80641200006776,Savings,95155.3,inr,2021-02-03,Active
ACC006778,CUST002129,BR078,11955100006777,Savings,84373.54,INR,2026-05-11,Active
ACC006779,CUST002154,BR070,59464200006778,Savings,55629.0,INR,2023-09-06,Active
ACC006780,CUST001927,BR018,50957100006779,Savings,33662.4,INR,2021-06-12,Active
ACC006781,CUST000636,BR013,40832100006780,Salary,15343.74,INR,2023-11-16,Active
ACC006782,CUST003535,BR007,72922000006781,Savings,87695.38,INR,2017-08-27,Active
ACC006783,CUST003702,BR048,54848100006782,Salary,113839.56,INR,2025-02-05,Active
ACC006784,CUST004873,BR021,94878000006783,Salary,16402.87,INR,2022-07-30,Active
ACC006785,CUST003773,BR114,61314200006784,Salary,64326.51,INR,2026-04-25,Active
ACC006786,CUST002187,BR131,38380800006785,Salary,25810.87,INR,2025-10-26,Active
ACC006787,CUST001792,BR120,94458500006786,Salary,103117.93,INR,2022-10-18,Active
ACC006788,CUST000287,BR039,67097200006787,Savings,10958.1,INR,2026-04-20,Closed
ACC006789,CUST003620,BR051,75348900006788,Savings,33690.68,INR,2025-11-15,Active
ACC006790,CUST004093,BR145,32997700006789,Current,50435.09,INR,2022-05-14,Active
ACC006791,CUST004346,BR021,30258400006790,Savings,72274.3,INR,2024-06-30,Active
ACC006792,CUST004350,BR051,66667500006791,Current,63511.34,INR,06/03/2025,Active
ACC006793,CUST002657,BR067,35320200006792,Savings,141410.92,INR,2020-10-08,Active
ACC006794,CUST003852,BR062,17871700006793,Savings,-160541.5,Inr,2019-07-10,Active
ACC006795,CUST003491,BR142,47547000006794,Current,115828.28,INR,2026-07-13,Dormant
ACC006796,CUST004403,BR122,35751300006795,Current,51888.34,INR,2022-01-25,Active
ACC006797,CUST002378,BR148,93595700006796,Savings,67895.41,INR,2020-07-18,Closed
ACC006798,CUST004606,BR034,49984100006797,Savings,45617.92,Inr,2015-03-10,Active
ACC006799,CUST004560,BR011,43236000006798,Salary,56019.33,INR,2025-11-07,Active
ACC006800,CUST000401,BR137,15409200006799,Salary,155290.17,INR,2026-05-05,Active
ACC006801,CUST000420,BR021,67396000006800,Savings,185638.36,INR,2016-08-21,Active
ACC006802,CUST002753,BR099,27579500006801,Current,126550.99,INR,2019-06-23,Active
ACC006803,CUST003968,BR134,73681400006802,Savings,82833.65,INR,2020-12-22,Active
ACC006804,CUST004633,BR010,19489900006803,Savings,69087.44,INR,2026-01-28,Active
ACC006805,CUST003250,BR094,73090300006804,Savings,77594.27,USD,2026-07-28,Dormant
ACC006806,CUST000458,BR144,95062600006805,Savings,71093.25,INR,2023-06-30,Dormant
ACC006807,CUST000902,BR145,94637800006806,Savings,127231.23,INR,2021-08-27,Active
ACC006808,CUST003479,BR044,56086300006807,Savings,88339.24,USD,2024-03-22,Active
ACC006809,CUST004651,BR039,37276100006808,Current,61504.93,INR,2019-03-06,Active
ACC006810,CUST000701,BR035,62847200006809,Savings,109131.0,INR,2026-04-27,Active
ACC006811,CUST000057,BR090,79897600006810,Savings,65354.34,INR,2026-01-26,Active
ACC006812,CUST004398,BR135,83647400006811,Savings,40306.5,INR,2020-03-25,Active
ACC006813,CUST004720,BR137,16017400006812,Salary,35450.17,EUR,2013-01-14,Active
ACC006814,CUST000202,BR049,40887100006813,Current,16540.25,INR,2019-02-01,Active
ACC006815,CUST004649,BR078,55274900006814,Salary,255645.11,INR,2018-06-16,Dormant
ACC006816,CUST001339,BR109,19018800006815,Savings,-92672.64,INR,2020-04-23,Closed
ACC006817,CUST001914,BR102,63072900006816,Savings,80238.07,INR,2026-03-25,Active
ACC006818,CUST000809,BR006,25208200006817,Savings,25081.38,INR,03/10/2024,Active
ACC006819,CUST003134,BR133,22917200006818,Salary,29929.5,INR,02/03/2024,Active
ACC006820,CUST000803,BR139,71906800006819,Current,79742.89,INR,09/06/2024,Active
ACC006821,CUST003059,BR096,69913500006820,Salary,57806.09,INR,2025-04-14,Active
ACC006822,CUST004098,BR062,95258800006821,Current,25111.08,Inr,2024-03-12,Active
ACC006823,CUST001324,BR119,97374200006822,Savings,31957.57,INR,2026.06.06,Active
ACC006824,CUST004705,BR027,50514000006823,Savings,45028.85,inr,2022-01-08,Active
ACC006825,CUST004926,BR034,72420200006824,Savings,79107.56,INR,2026-04-27,Active
ACC006826,CUST004174,BR148,37745000006825,Savings,41964.99,INR,2024-10-19,Active
ACC006827,CUST000445,BR053,56073600006826,Current,48802.03,USD,2026-06-20,Active
ACC006828,CUST003035,BR112,89333700006827,Savings,11875.87,INR,2024-02-10,Active 
ACC006829,CUST001261,BR061,36901900006828,Current,79089.02,inr,2021-07-12,Active
ACC006830,CUST001635,BR120,45749700006829,Savings,40219.99,INR,2024-01-15,Dormant
ACC006831,CUST002164,BR121,22277000006830,Savings,154604.4,INR,2016-03-14,Active
ACC006832,CUST000637,BR076,21625100006831,Savings,147250.66,INR,2025-01-13,Active
ACC006833,CUST001666,BR058,81035400006832,Savings,82373.73,inr,2026-06-27,Active
ACC006834,CUST000832,BR104,33248400006833,Savings,101750.32,INR,2024-04-18,Active
ACC006835,CUST002457,BR031,63106300006834,Savings,167786.29,INR,2025-10-23,Dormant
ACC006836,CUST000852,BR044,80255500006835,Salary,107129.62,inr,2018-11-14,Active
ACC006837,CUST000473,BR008,43045600006836,Savings,72110.36,inr,09/16/2023,Active
ACC006838,CUST004283,BR078,87614700006837,Current,34899.83,INR,2023-01-14,Active
ACC006839,CUST004205,BR097,90235900006838,Current,88194.97,INR,2013-12-23,Active
ACC006840,CUST003040,BR058,81191200006839,Savings,32587.07,INR,2023-09-28,Active
ACC006841,CUST000275,BR113,61404200006840,Current,166829.74,INR,2024-11-30,Dormant
ACC006842,CUST000741,BR064,98585400006841,Current,31564.55,INR,2021-06-26,Closed
ACC006843,CUST003285,BR032,76357500006842,Salary,57180.33,INR,2023-12-23,Active
ACC006844,CUST003682,BR001,22012200006843,Savings,23870.37,INR,2026-07-03,Active
ACC006845,CUST002629,BR128,69508600006844,Savings,14029.18,INR,2026-07-05,Active
ACC006846,CUST001829,BR122,54197000006845,Savings,154495.26,INR,2019-03-01,Active
ACC006847,CUST003279,BR068,27638100006846,Savings,59037.25,EUR,2024-05-13,Active
ACC006848,CUST001550,BR033,69419900006847,Savings,196446.98,INR,2022-04-19,Active
ACC006849,CUST004003,BR089,99722700006848,Savings,101483.28,INR,2026-07-14,Closed
ACC006850,CUST002955,BR072,97908100006849,Current,29334.77,inr,2025-09-11,Active
ACC006851,CUST004883,BR053,70591800006850,Salary,264453.81,INR,2022-08-06,Closed
ACC006852,CUST001843,BR099,95363200006851,Savings,-62527.23,INR,2015-12-08,Dormant
ACC006853,CUST000246,BR035,46209400006852,Savings,154212.55,INR,2024-07-06,Active
ACC006854,CUST001850,BR006,42141400006853,Savings,68712.86,INR,2026-06-01,Active
ACC006855,CUST000928,BR025,66820800006854,Salary,36312.6,INR,2023-12-19,active
ACC006856,CUST001636,BR052,89972500006855,Savings,83286.02,INR,2026.07.13,Active
ACC006857,CUST002095,BR125,25282900006856,Savings,156932.01,INR,2025-03-23,active
ACC006858,CUST001397,BR040,56369900006857,Savings,76928.44,Inr,2020-05-05,Active
ACC006859,CUST000510,BR145,88601100006858,Savings,61521.42,INR,2025-01-15,Active
ACC006860,CUST003550,BR020,18674000006859,Current,90428.62,INR,2018-08-18,Dormant
ACC006861,CUST003631,BR150,22752100006860,Savings,127698.49,INR,2020-07-30,Active
ACC006862,CUST003221,BR123,15231800006861,Savings,123453.26,INR,2021-06-18,Active
ACC006863,CUST002416,BR011,78701600006862,Savings,88259.55,INR,2025-10-03,Active
ACC006864,CUST002179,BR082,99927100006863,Current,87721.61,INR,2025-10-26,Active
ACC006865,CUST004203,BR103,56109200006864,Savings,50315.19,INR,2026-06-16,Active
ACC006866,CUST001631,BR069,94773200006865,Savings,62731.33,INR,2026-05-23,Active
ACC006867,CUST003145,BR148,95953300006866,Salary,57683.88,USD,2019-04-14,Active
ACC006868,CUST002404,BR020,66880600006867,Salary,106152.47,Usd,2017-08-05,Active
ACC006869,CUST001388,BR081,83561500006868,Savings,124833.31,USD,2022-11-29,Active
ACC006870,CUST001280,BR078,72988400006869,Savings,49300.0,Inr,2023-10-08,Active
ACC006871,CUST004993,BR092,37137200006870,Current,,usd,05/09/2015,Active
ACC006872,CUST004773,BR041,62573700006871,Salary,21956.97,INR,2024-02-12,active
ACC006873,CUST000633,BR074,12991900006872,Savings,81421.18,INR,2026-05-30,Active
ACC006874,CUST002647,BR019,81588300006873,Savings,6087.62,INR,2025-08-12,Active
ACC006875,CUST003368,BR019,10383200006874,Salary,32189.42,INR,2015-11-12,Active
ACC006876,CUST800069,BR080,35455000006875,Savings,23787.5,INR,2022-05-15,Active
ACC006877,CUST002740,BR111,23761100006876,Savings,8071.79,INR,2023-06-29,Active
ACC006878,CUST001241,BR103,32430300006877,Savings,45474.96,INR,2019-04-10,Active
ACC006879,CUST001745,BR144,18962600006878,Salary,127226.29,INR,2022-07-24,Active
ACC006880,CUST004219,BR009,55123700006879,Savings,14379.37,INR,2025-11-13,Active
ACC006881,CUST001076,BR066,19265900006880,Savings,89590.44,INR,2025-04-22,Active
ACC006882,CUST002030,BR009,28351300006881,Current,140859.57,INR,2017-05-25,Active
ACC006883,CUST003920,BR055,46438600006882,Savings,156078.97,INR,2022-05-11,Dormant
ACC006884,CUST001182,BR111,56533700006883,Savings,46188.92,INR,2021-02-27,Active
ACC006885,CUST000224,BR090,88041000006884,Savings,44162.18,INR,2026-07-25,Active
ACC006886,CUST001305,BR032,95999800006885,Savings,34118.43,INR,2022-11-17,Active
ACC006887,CUST004011,BR011,65458600006886,Salary,135660.13,INR,2024.12.25,Active
ACC006888,CUST003343,BR024,37644300006887,Savings,68367.5,INR,2022-12-17,active
ACC006889,CUST000648,BR064,16345800006888,Salary,37287.31,INR,2024.02.16,Active
ACC006890,CUST002116,BR145,64296100006889,Salary,28154.86,INR,2016-12-12,Active
ACC006891,CUST004364,BR059,80725100006890,Salary,82241.78,INR,2014-11-22,Active
ACC006892,CUST001839,BR027,90810200006891,Savings,34588.13,INR,2021-10-24,Active
ACC006893,CUST002077,BR040,53033400006892,Savings,85484.98,INR,2021-07-20,Active
ACC006894,CUST002965,BR103,61467500006893,Current,60175.46,INR,2022-10-22,Active
ACC006895,CUST002610,BR042,74564200006894,Savings,229132.84,INR,2021-03-22,Active
ACC006896,CUST004697,BR123,19402200006895,Salary,40852.66,INR,2019-05-28,Active
ACC006897,CUST001957,BR006,51948200006896,Current,74985.44,USD,2024-08-15,ACTIVE
ACC006898,CUST001688,BR050,65939300006897,Salary,76914.83,INR,2026-07-16,Closed
ACC006899,CUST002498,BR039,67044400006898,Salary,79251.03,INR,2020-07-13,Dormant
ACC006900,CUST004172,BR070,64142600006899,Salary,34261.94,INR,2014-12-20,Dormant 
ACC006901,CUST002057,BR060,38480000006900,Savings,22965.62,INR,2022-03-23,active
ACC006902,CUST002811,BR084,38511800006901,Salary,67824.1,inr,2026-04-28,Active
ACC006903,CUST003491,BR050,95161700006902,Savings,126130.36,EUR,2026-05-19,Active
ACC006904,CUST003657,BR031,65438400006903,Salary,74633.97,INR,2024-05-05,Active
ACC006905,CUST004779,BR097,10814000006904,Current,39018.91,INR,2025.03.23,Active
ACC006906,CUST004600,BR045,79045000006905,Savings,168987.95,INR,2020-10-09,Active
ACC006907,CUST001479,BR132,60826400006906,Savings,47075.3,INR,2019-12-18,Active
ACC006908,CUST001731,BR145,82995900006907,Current,92611.31,INR,2022-09-22,Active
ACC006909,CUST001008,BR035,35338200006908,Savings,34599.78,INR,2026-07-25,Active
ACC006910,CUST002930,BR042,80449100006909,Current,105184.43,INR,2026-04-21,Active
ACC006911,CUST000934,BR143,30568000006910,Savings,39838.5,INR,2023-05-20,Active
ACC006912,CUST000480,BR122,55388500006911,Savings,29133.34,INR,2026-03-23,Dormant
ACC006913,CUST002578,BR068,88943100006912,Current,94054.23,INR,2023-10-12,Active
ACC006914,CUST004214,BR081,78552700006913,Savings,42523.82,Inr,2021-05-13,Active
ACC006915,CUST000292,BR037,75241500006914,Current,62104.04,INR,2022-01-15,Active
ACC006916,CUST002535,BR097,15011000006915,Savings,38043.66,INR,2020-01-22,Active
ACC006917,CUST000911,BR141,42396700006916,Salary,26899.33,INR,2026-06-05,Active
ACC006918,CUST004860,BR069,75670200006917,Salary,58084.26,INR,2024-08-08,Active
ACC006919,CUST001774,BR066,82778900006918,Current,54097.19,INR,2021-10-15,Active
ACC006920,CUST000092,BR089,32840900006919,Savings,76585.59,INR,2026-06-06,Active
ACC006921,CUST002123,BR124,91130400006920,Savings,68769.46,inr,2025-09-05,Active
ACC006922,CUST001595,BR082,17725900006921,Savings,86420.77,INR,2022-03-03,ACTIVE
ACC006923,CUST000349,BR067,54474500006922,Salary,19152.37,EUR,2019-09-06,ACTIVE
ACC006924,CUST000088,BR073,52771400006923,Savings,42758.83,INR,2018-08-31,Active
ACC006925,CUST800070,BR002,27025600006924,Savings,88552.78,INR,2023-01-18,Active
ACC006926,CUST004146,BR121,26574400006925,Savings,122262.65,inr,2023-09-16,Active
ACC006927,CUST001259,BR054,50589000006926,Savings,146829.26,INR,08/14/2024,Closed
ACC006928,CUST000709,BR133,98081900006927,Salary,120460.71,inr,2025-07-28,Active 
ACC006929,CUST001500,BR056,68824700006928,Savings,33471.24,INR,2026-04-08,Active
ACC006930,CUST001290,BR039,26859500006929,Savings,70613.28,INR,2024-07-06,Active
ACC006931,CUST800071,BR133,67235900006930,Savings,34591.74,INR,2025-05-13,Active
ACC006932,CUST000845,BR021,94086900006931,Savings,77675.49,INR,2015-10-03,Active
ACC006933,CUST000010,BR117,39552100006932,Savings,75586.6,INR,2026-07-22,Active
ACC006934,CUST004113,BR122,85545500006933,Current,8737.61,INR,2026-07-08,Active
ACC006935,CUST002858,BR034,61593800006934,Salary,120269.35,Inr,2024-12-27,Active
ACC006936,CUST000751,BR032,86190200006935,Current,73399.61,INR,2023-12-17,Dormant
ACC006937,CUST002328,BR050,53367700006936,Savings,32377.15,INR,2025-05-17,Active
ACC006938,CUST002906,BR130,49628100006937,Savings,10250.76,INR,2024-11-16,Active
ACC006939,CUST004772,BR052,16023500006938,Savings,224168.56,INR,2020-10-04,Active
ACC006940,CUST004450,BR016,33866900006939,Current,79828.94,inr,2025-10-11,Active
ACC006941,CUST004269,BR061,25989200006940,Salary,72753.07,INR,2026-07-28,Active
ACC006942,CUST003092,BR014,53234100006941,Salary,84010.77,INR,2021-07-03,Active
ACC006943,CUST000221,BR080,58089200006942,Salary,68022.15,INR,2025-03-03,Dormant
ACC006944,CUST003017,BR028,95876300006943,Savings,25605.96,INR,2020-07-26,Active
ACC006945,CUST001092,BR042,30760200006944,Salary,56180.37,INR,2020-08-02,Active
ACC006946,CUST004452,BR002,37110200006945,Savings,40658.54,INR,2026-04-06,Active
ACC006947,CUST003903,BR004,54986300006946,Savings,124325.03,INR,2013-12-26,Closed
ACC006948,CUST004685,BR113,22057200006947,Savings,97391.43,INR,2024-09-18,Active
ACC006949,CUST004394,BR139,50815500006948,Savings,103648.41,INR,2025-09-12,Active
ACC006950,CUST003554,BR060,78508300006949,Salary,11512.29,INR,2014-03-04,Active
ACC006951,CUST004776,BR003,40111900006950,Salary,152561.95,INR,2020-06-06,Active
ACC006952,CUST001852,BR142,52993600006951,Salary,23512.72,INR,2026-05-02,Dormant
ACC006953,CUST004558,BR062,94771700006952,Current,220741.08,inr,06/26/2026,Active
ACC006954,CUST003389,BR055,31913400006953,Current,38073.43,INR,2024-07-30,Active
ACC006955,CUST003967,BR119,92227100006954,Savings,77034.11,INR,2025-12-08,Active
ACC006956,CUST000374,BR106,14070700006955,Savings,44909.84,INR,12/03/2022,Active
ACC006957,CUST004648,BR111,64015400006956,Savings,2551.31,INR,2024-09-25,Active
ACC006958,CUST003405,BR103,82619000006957,Savings,21511.6,USD,2023-10-12,Active
ACC006959,CUST002318,BR003,20103900006958,Salary,128114.7,Inr,2025-12-08,Active
ACC006960,CUST004805,BR049,33161100006959,Current,64377.13,Inr,2023-01-20,Active
ACC006961,CUST003242,BR102,61084200006960,Current,105180.42,INR,2023.10.13,Active
ACC006962,CUST002216,BR134,11109200006961,Savings,4659.75,INR,2023-12-19,Active
ACC006963,CUST001851,BR095,46196300006962,Current,30397.2,INR,2025-12-24,Active
ACC006964,CUST002622,BR060,98506200006963,Current,87968.0,INR,2025-04-13,Active
ACC006965,CUST004030,BR134,50831800006964,Savings,36481.08,INR,2021-01-11,Active
ACC006966,CUST001526,BR083,86510100006965,Savings,196500.75,INR,2020-07-27,Active
ACC006967,CUST000385,BR020,14846500006966,Current,342360.51,INR,2023.09.05,Active
ACC006968,CUST004438,BR060,65937700006967,Savings,56945.38,INR,2016-12-23,Active
ACC006969,CUST001207,BR127,97853500006968,Savings,59295.9,INR,2021-04-27,Active
ACC006970,CUST003655,BR066,63126500006969,Salary,45268.29,INR,04/09/2026,Active
ACC006971,CUST002932,BR083,41760800006970,Savings,104382.56,USD,2026-07-16,Active
ACC006972,CUST000068,BR009,28880300006971,Savings,67496.51,INR,2020-05-27,Active
ACC006973,CUST002317,BR099,20895000006972,Savings,208968.51,INR,2016-02-15,Active
ACC006974,CUST003246,BR047,48100000006973,Savings,35442.94,gbp,2025-12-06,Active
ACC006975,CUST003834,BR014,69524600006974,Current,85191.95,INR,2021-10-27,Active
ACC006976,CUST003714,BR143,66011000006975,Savings,121202.43,INR,2026-07-21,Active
ACC006977,CUST001642,BR062,94421400006976,Savings,95801.0,INR,2017-09-14,Active
ACC006978,CUST004671,BR125,37027100006977,Savings,208141.43,INR,2014-02-09,Active
ACC006979,CUST004211,BR106,55909000006978,Salary,105336.3,INR,2016-07-13,Active
ACC006980,CUST000407,BR133,71387600006979,Savings,43062.34,inr,2014-04-04,Active
ACC006981,CUST001992,BR065,69385500006980,Savings,191094.56,INR,2024-09-18,Dormant
ACC006982,CUST003433,BR107,67694800006981,Savings,56030.98,INR,2025-01-28,ACTIVE
ACC006983,CUST001812,BR141,65406600006982,Savings,27767.09,INR,2022-04-27,Active
ACC006984,CUST000942,BR098,91077200006983,Savings,135491.22,GBP,07/22/2026,Active
ACC006985,CUST003211,BR100,39824600006984,Savings,25197.8,INR,2016-08-26,Active
ACC006986,CUST000156,BR135,18182700006985,Salary,50903.17,EUR,2023-06-22,Active
ACC006987,CUST001789,BR054,96991400006986,Salary,89124.11,INR,2026-06-10,Closed
ACC006988,CUST001333,BR081,13732100006987,Current,10919.87,INR,2017-10-19,Active 
ACC006989,CUST003388,BR110,99723600006988,Salary,38412.28,INR,2022-02-28,Active
ACC006990,CUST002395,BR138,10070300006989,Savings,-18840.78,INR,2019-11-24,Active
ACC006991,CUST001031,BR120,80242300006990,Salary,68269.46,INR,2022-04-03,Active
ACC006992,CUST002189,BR063,98194100006991,Salary,55311.6,INR,2017-09-19,Active
ACC006993,CUST001340,BR119,41476800006992,Current,110731.44,INR,2023-06-05,Active
ACC006994,CUST001355,BR090,64573200006993,Savings,188803.71,INR,2023-03-23,Active
ACC006995,CUST003784,BR069,98470900006994,Salary,51527.71,INR,2022-01-07,Active
ACC006996,CUST001720,BR071,77895000006995,Salary,114414.56,Inr,2026-07-31,Active
ACC006997,CUST002315,BR114,81236300006996,Savings,26015.1,INR,2022-07-23,Active
ACC006998,CUST002332,BR003,68245700006997,Savings,140817.34,INR,2024-07-25,Dormant
ACC006999,CUST002147,BR143,40213500006998,Savings,200786.36,INR,2026-03-24,Dormant
ACC007000,CUST001367,BR030,30743300006999,Salary,57687.84,Inr,2022-09-06,Active
ACC007001,CUST001845,BR105,17495000007000,Salary,39025.45,INR,2021-11-21,Closed
ACC007002,CUST000594,BR140,70070200007001,Savings,46551.07,INR,2013-01-26,ACTIVE
ACC007003,CUST002721,BR032,33179500007002,Savings,32237.52,GBP,2015-01-02,Active
ACC007004,CUST003171,BR090,69332800007003,Savings,98630.82,INR,2025-07-14,ACTIVE
ACC007005,CUST004767,BR081,75414500007004,Salary,80727.75,EUR,2022-09-18,Active
ACC007006,CUST000914,BR007,91891200007005,Savings,28709.91,INR,2020-10-08,Active
ACC007007,CUST000188,BR097,85669900007006,Salary,64786.98,USD,2025-05-10,Active
ACC007008,CUST002203,BR146,41966700007007,Savings,62562.63,INR,2026-02-22,Dormant
ACC007009,CUST001730,BR134,14680600007008,Savings,38788.9,inr,2014-09-22,Active
ACC007010,CUST000597,BR140,66888500007009,Savings,,INR,2019.08.26,Active
ACC007011,CUST004614,BR074,75418100007010,Savings,74133.29,INR,2024-11-30,Active
ACC007012,CUST000919,BR107,45287800007011,Salary,87632.09,INR,2026-01-02,Active
ACC007013,CUST000831,BR036,70464300007012,Savings,99403.64,INR,2024-09-01,Active
ACC007014,CUST004434,BR043,25692500007013,Current,117399.61,INR,2021-07-25,Active
ACC007015,CUST001438,BR140,25444800007014,Salary,,INR,05/03/2022,Active
ACC007016,CUST003058,BR045,79130200007015,Salary,89030.15,INR,2025-06-03,Active
ACC007017,CUST000583,BR109,23854800007016,Salary,70654.01,INR,2023-12-16,Active
ACC007018,CUST003520,BR130,51894200007017,Savings,151328.47,INR,2018-07-12,Active
ACC007019,CUST002584,BR095,33802400007018,Current,66976.6,INR,2024-02-15,Active
ACC007020,CUST003189,BR010,46468300007019,Savings,169525.73,USD,2024-10-07,active
ACC007021,CUST000293,BR143,15801200007020,Salary,32725.9,INR,2025-05-22,Active
ACC007022,CUST004935,BR036,51384600007021,Current,122663.39,INR,2025-01-01,Active
ACC007023,CUST002702,BR149,92150700007022,Salary,39340.23,INR,2016-11-08,Active
ACC007024,CUST002104,BR025,91888000007023,Savings,30756.32,INR,2020-10-23,Dormant
ACC007025,CUST000587,BR052,50936000007024,Current,37431.65,INR,2016-05-23,Dormant
ACC007026,CUST002464,BR108,64418600007025,Salary,15771.49,Inr,2020-08-29,Active
ACC007027,CUST001240,BR008,18527100007026,Savings,11397.52,INR,2025-03-15,Active
ACC007028,CUST004668,BR058,30155400007027,Savings,17898.32,INR,2025-02-13,Active
ACC007029,CUST002583,BR136,62331600007028,Savings,35421.64,INR,2024-05-24,Active
ACC007030,CUST004365,BR138,48345700007029,Salary,78808.06,INR,2025-08-27,Active
ACC007031,CUST004302,BR082,37254000007030,Savings,34694.02,EUR,2017.03.13,Active
ACC007032,CUST004013,BR121,19103600007031,Savings,212030.94,INR,2026-02-03,Closed
ACC007033,CUST000559,BR120,38623200007032,,12655.86,INR,2024-10-02,Active
ACC007034,CUST002516,BR148,38330900007033,Savings,132545.24,inr,2023-03-28,Active
ACC007035,CUST001221,BR065,27890300007034,Salary,-91961.6,INR,2026-02-23,Dormant
ACC007036,CUST002523,BR045,40913900007035,Salary,38652.47,INR,2022-08-06,Active
ACC007037,CUST004620,BR132,51803700007036,Savings,57019.55,INR,2022-07-13,Dormant
ACC007038,CUST001915,BR072,22772200007037,Savings,179457.47,INR,2021-03-30,Active
ACC007039,CUST001106,BR090,13749700007038,Savings,60838.25,INR,2024-08-11,Active
ACC007040,CUST001351,BR099,88598400007039,Savings,28502.0,INR,2021-09-14,Active
ACC007041,CUST800072,BR121,60578300007040,Savings,33034.55,INR,2017-12-18,Active
ACC007042,CUST001680,BR147,66210300007041,Savings,53472.6,INR,2026-07-12,Active
ACC007043,CUST004063,BR056,30132100007042,Savings,215183.41,INR,2019-11-08,Active
ACC007044,CUST003945,BR052,11474300007043,Salary,37242.25,INR,2024-10-27,Active
ACC007045,CUST000796,BR132,85339000007044,Savings,146283.58,INR,2025-02-05,Active
ACC007046,CUST002554,BR050,19043100007045,Savings,43943.58,INR,2025-09-08,Active
ACC007047,CUST001485,BR098,83830700007046,Current,33353.46,INR,2024-01-15,Active
ACC007048,CUST001171,BR095,97818200007047,Savings,58583.35,USD,2020-01-08,Active
ACC007049,CUST004524,BR066,17300900007048,Savings,12138.28,USD,2026-05-17,Active
ACC007050,CUST002602,BR100,18891000007049,Savings,95886.26,INR,2023-07-12,Dormant
ACC007051,CUST003822,BR109,10340100007050,Savings,63473.02,INR,2026-06-18,Active
ACC007052,CUST001113,BR029,71914800007051,Savings,79705.48,INR,2025-08-20,Active
ACC007053,CUST003108,BR029,32841300007052,Savings,158044.46,GBP,2022-03-19,Active
ACC007054,CUST001337,BR069,78096800007053,Savings,53632.31,INR,2022-08-11,Active
ACC007055,CUST003479,BR130,56187900007054,Salary,58219.34,Inr,2026-01-31,Active
ACC007056,CUST004555,BR057,89689900007055,Savings,106834.78,Inr,2026-05-20,Active
ACC007057,CUST000180,BR071,97921700007056,Savings,25142.4,INR,2024-05-07,Active
ACC007058,CUST000261,BR064,88194500007057,Savings,12720.89,INR,2026.04.13,Closed
ACC007059,CUST004406,BR119,39758900007058,Salary,21361.82,EUR,2021-03-09,Dormant
ACC007060,CUST001563,BR022,70111100007059,Current,27406.82,INR,2012-02-11,Dormant
ACC007061,CUST002743,BR091,45420400007060,Savings,139871.49,INR,2024-03-01,Active 
ACC007062,CUST001499,BR098,69818700007061,Savings,60150.93,INR,2022-02-27,Closed
ACC007063,CUST002435,BR031,87065700007062,Salary,70334.96,INR,2019-11-09,Active
ACC007064,CUST002989,BR029,53320800007063,Savings,78630.33,inr,2025-09-28,Active
ACC007065,CUST004552,BR106,75040800007064,Savings,146473.19,GBP,2023.08.30,Active
ACC007066,CUST003512,BR004,15322100007065,Current,65556.39,INR,2022-03-22,Dormant
ACC007067,CUST003841,BR033,75237300007066,Savings,22216.3,INR,2024-05-05,Active
ACC007068,CUST003698,BR075,64186100007067,Savings,-69284.82,Inr,2021-11-15,Active
ACC007069,CUST002104,BR001,79020500007068,Current,209573.07,INR,2026-07-28,Active
ACC007070,CUST001544,BR006,44114000007069,Savings,47546.31,inr,2023-09-26,Active
ACC007071,CUST003450,BR095,86977000007070,,162124.93,INR,2025-08-05,Active
ACC007072,CUST004625,BR100,54454700007071,Salary,83186.27,INR,2022-11-07,closed
ACC007073,CUST004880,BR144,44304900007072,Savings,164086.82,INR,2021-02-09,Active
ACC007074,CUST003766,BR090,68519500007073,Savings,39555.47,INR,2025-09-02,Active
ACC007075,CUST002019,BR018,30301500007074,Savings,34118.92,INR,2022-07-09,Active
ACC007076,CUST003201,BR086,66121900007075,Salary,6466.0,INR,2023-09-20,Active
ACC007077,CUST003166,BR004,67653200007076,Current,49787.38,INR,2025-02-18,Active
ACC007078,CUST001777,BR015,79122600007077,Savings,29221.75,INR,2024-09-20,Active
ACC007079,CUST001198,BR033,25890000007078,Savings,42513.51,INR,2024-07-13,Active
ACC007080,CUST002514,BR019,71591000007079,Savings,86911.13,INR,2021-10-14,Active
ACC007081,CUST000219,BR147,35959800007080,Salary,6252.32,INR,2016-03-29,Active
ACC007082,CUST001768,BR100,86275400007081,Current,91944.18,INR,2013-05-25,Active
ACC007083,CUST002753,BR088,37688300007082,Current,41542.45,INR,2024-03-19,Active
ACC007084,CUST001413,BR005,98434600007083,Salary,132850.18,Inr,2026-04-02,Active
ACC007085,CUST002687,BR021,22025800007084,Savings,134449.98,INR,2020-01-29,Active
ACC007086,CUST004232,BR018,44218800007085,Savings,51803.91,USD,2026-02-27,Active
ACC007087,CUST004464,BR094,67181100007086,Salary,37886.53,INR,2025-07-12,Active
ACC007088,CUST001053,BR115,55741400007087,Salary,68159.59,INR,2025-01-18,Closed
ACC007089,CUST004582,BR092,26770400007088,Savings,131139.28,Inr,2024-06-22,Active
ACC007090,CUST004235,BR026,11955800007089,Savings,110385.91,INR,2022-10-03,Active
ACC007091,CUST001922,BR040,89435100007090,Savings,,INR,2016-12-20,Active
ACC007092,CUST001168,BR075,32915200007091,Current,34947.29,Inr,2026-05-08,Active
ACC007093,CUST000765,BR067,39892900007092,Current,38854.52,GBP,2019-08-05,Active
ACC007094,CUST002000,BR015,56643300007093,Savings,138021.55,INR,2017-07-10,Active
ACC007095,CUST004082,BR065,28727900007094,Salary,52368.24,INR,2021-12-28,Active
ACC007096,CUST000207,BR036,43472900007095,Savings,27526.39,INR,07/31/2021,Active
ACC007097,CUST003854,BR030,78111700007096,Salary,37891.33,INR,2023-05-17,Active
ACC007098,CUST001662,BR132,49299400007097,Savings,73739.21,INR,2022-05-08,Active
ACC007099,CUST004586,BR019,97369100007098,Savings,-202171.88,INR,2012-11-06,Active
ACC007100,CUST003590,BR113,56511300007099,Salary,187627.2,INR,2024-12-11,Active
ACC007101,CUST003375,BR008,79277100007100,Salary,128604.81,INR,2026-07-25,Active
ACC007102,CUST003949,BR029,84390300007101,Salary,48448.77,INR,2025-01-29,Active
ACC007103,CUST001947,BR133,74070800007102,Salary,46772.7,INR,2021-05-26,Dormant
ACC007104,CUST001997,BR033,13951400007103,Savings,197515.68,INR,04/14/2019,Active
ACC007105,CUST000961,BR009,42932100007104,Savings,42085.49,INR,2020-01-06,Active
ACC007106,CUST002139,BR072,66255500007105,Savings,139992.4,INR,2020-04-19,Active
ACC007107,CUST003217,BR037,84201400007106,Savings,85746.72,INR,2026-06-01,Active
ACC007108,CUST000088,BR095,62027200007107,Salary,38965.45,INR,2020-08-20,Active
ACC007109,CUST004491,BR084,85475200007108,Savings,99542.89,INR,2016-06-06,Active
ACC007110,CUST003969,BR088,42193500007109,Savings,89733.16,INR,2026-04-10,Active
ACC007111,CUST000507,BR007,76615800007110,Salary,10082.46,INR,2024-04-01,Active
ACC007112,CUST000270,BR043,78070200007111,Current,55189.02,EUR,2026-02-13,Active
ACC007113,CUST000028,BR006,21842300007112,Savings,72483.49,INR,2022-10-07,Active
ACC007114,CUST001371,BR143,99241100007113,Salary,81169.29,INR,2024-08-09,Active
ACC007115,CUST000888,BR015,79090700007114,Savings,36899.53,USD,2023-09-12,Active
ACC007116,CUST003623,BR126,69703800007115,Current,,INR,2024-06-03,Active
ACC007117,CUST002281,BR132,52523800007116,Savings,46957.32,INR,2024-01-27,Active
ACC007118,CUST002718,BR098,70367100007117,Current,49301.67,INR,2024-08-22,Active
ACC007119,CUST002228,BR122,90032700007118,Savings,179812.36,INR,2026-06-13,Dormant
ACC007120,CUST002414,BR137,31128900007119,Current,169344.6,INR,2023-08-26,Active
ACC007121,CUST004020,BR135,98261700007120,Savings,21619.95,INR,2026-01-18,Active
ACC007122,CUST001833,BR045,88553700007121,Savings,64272.06,INR,2023-09-04,Active
ACC007123,CUST004029,BR115,34074400007122,Savings,113239.06,EUR,2015-05-17,Active
ACC007124,CUST002049,BR045,20116100007123,Salary,35227.13,INR,2025-05-08,Active
ACC007125,CUST002513,BR020,46221600007124,Savings,63451.39,INR,2026-05-21,Active
ACC007126,CUST003115,BR047,80326800007125,Savings,26064.0,INR,2024-10-03,Active
ACC007127,CUST001098,BR142,73982200007126,Current,22486.53,INR,2026-07-28,Active
ACC007128,CUST003500,BR025,90453000007127,Salary,,INR,2021-06-06,Active
ACC007129,CUST001319,BR088,64668400007128,Salary,21971.53,INR,2025-04-26,Active
ACC007130,CUST002343,BR021,74979600007129,Salary,76826.18,INR,2025-08-29,Dormant
ACC007131,CUST003402,BR071,92988200007130,Salary,70253.12,INR,2021-02-08,Active
ACC007132,CUST004549,BR137,38333300007131,Salary,87311.19,inr,2026-02-24,Active
ACC007133,CUST004967,BR143,65399000007132,Savings,20597.27,INR,2024-11-27,Active
ACC007134,CUST001907,BR129,57349300007133,Savings,13790.89,INR,2019-05-15,Active
ACC007135,CUST002540,BR126,74063900007134,Savings,239706.94,INR,2017-03-28,Active 
ACC007136,CUST004793,BR083,87950100007135,Salary,58483.56,INR,2020-07-28,Active
ACC007137,CUST001796,BR006,24668700007136,Salary,96525.7,INR,2019-06-04,Active
ACC007138,CUST003552,BR100,16664200007137,Savings,67912.67,inr,2019-08-31,dormant
ACC007139,CUST003895,BR068,28390200007138,Current,55095.92,INR,2020-03-04,Active
ACC007140,CUST000409,BR036,32304400007139,Savings,69546.68,INR,2025-12-23,Active
ACC007141,CUST001044,BR106,19481500007140,Salary,35445.27,INR,2024-02-13,Active
ACC007142,CUST000982,BR004,29051100007141,Savings,63141.87,INR,2024-05-24,Active
ACC007143,CUST004319,BR023,99388900007142,Current,123380.25,INR,2022-10-11,Active
ACC007144,CUST001352,BR067,67209300007143,Savings,55619.46,INR,2021-06-23,Active
ACC007145,CUST004889,BR028,51556100007144,Savings,191252.4,INR,2025-08-10,Active
ACC007146,CUST001714,BR101,19713900007145,Salary,89435.78,INR,2025-02-03,Active
ACC007147,CUST003182,BR120,67589400007146,Savings,29632.61,USD,2015-08-30,Active
ACC007148,CUST004036,BR102,34235200007147,Savings,98881.13,INR,2024-10-31,Active
ACC007149,CUST001788,BR020,76963200007148,Savings,-134513.85,INR,2024-02-24,Active
ACC007150,CUST001377,BR091,86428200007149,Savings,46267.9,INR,2025-08-30,Closed
ACC007151,CUST000125,BR141,39185200007150,Savings,78983.58,INR,2026-07-08,Active
ACC007152,CUST004810,BR139,65656300007151,Savings,20614.2,INR,2026-03-01,Active
ACC007153,CUST000188,BR025,91395000007152,Savings,74049.84,INR,2022-07-17,Active
ACC007154,CUST004562,BR032,57611500007153,Savings,44542.76,INR,2025-06-04,Active
ACC007155,CUST001133,BR027,27924700007154,Salary,22339.0,inr,2024-11-19,Closed
ACC007156,CUST004189,BR040,18990900007155,Savings,46803.5,INR,05/12/2022,Active
ACC007157,CUST004093,BR137,34234500007156,Current,77079.82,inr,2014-03-08,Active
ACC007158,CUST003636,BR012,24365900007157,Salary,218226.52,INR,2026-05-19,Active
ACC007159,CUST002879,BR084,53011800007158,Salary,119105.35,INR,2024-08-17,Active
ACC007160,CUST002713,BR141,19978700007159,Current,161980.53,INR,2025-06-22,Active
ACC007161,CUST003771,BR124,14275000007160,Savings,136319.11,INR,2014-05-11,Active
ACC007162,CUST004118,BR069,27384400007161,Savings,104524.22,INR,2025-07-12,Active
ACC007163,CUST000173,BR081,20966700007162,Salary,51146.19,INR,2021-12-12,Active
ACC007164,CUST004725,BR061,31173000007163,Current,82062.03,INR,2025-02-08,Active
ACC007165,CUST000975,BR101,72914000007164,Savings,28249.24,INR,2016-10-20,Active
ACC007166,CUST004655,BR148,48806100007165,Salary,80693.25,INR,09/05/2026,Active
ACC007167,CUST002914,BR088,28950900007166,Savings,81396.06,INR,2021-12-10,Active
ACC007168,CUST001402,BR065,39824000007167,Salary,58625.48,INR,2025-10-30,Active
ACC007169,CUST000020,BR136,44975300007168,Salary,59103.63,INR,2018-04-05,Active
ACC007170,CUST000693,BR051,12812400007169,Salary,54616.51,INR,2024-10-24,Active
ACC007171,CUST003743,BR010,80717800007170,Savings,95067.88,INR,07/11/2019,Dormant
ACC007172,CUST004682,BR032,84183800007171,Salary,81376.99,Inr,2025-05-02,Active
ACC007173,CUST001825,BR099,83115300007172,Salary,150593.72,INR,2024-04-02,Active
ACC007174,CUST003932,BR066,84269600007173,Current,171666.31,INR,2020-07-04,Active
ACC007175,CUST003337,BR134,88646200007174,Savings,72991.18,inr,2023-07-15,Active
ACC007176,CUST000656,BR103,43369300007175,Savings,49689.11,INR,2024-04-06,Active
ACC007177,CUST003605,BR087,80324400007176,Current,51631.98,INR,2024-12-10,Active
ACC007178,CUST000837,BR138,90914800007177,Current,27353.68,INR,2013-03-15,Dormant
ACC007179,CUST004591,BR112,55083700007178,Salary,41254.94,USD,2023-02-19,Active
ACC007180,CUST004765,BR029,97101200007179,Savings,114394.87,INR,2025-09-19,active
ACC007181,CUST000185,BR107,94176500007180,Savings,98119.15,INR,2016-06-09,Active
ACC007182,CUST001833,BR104,44174700007181,Current,56650.32,INR,2024-02-08,Active
ACC007183,CUST003894,BR141,10865400007182,Salary,144921.36,INR,31/01/2014,Active
ACC007184,CUST004740,BR001,70618400007183,Savings,65914.2,INR,2021-11-08,Active
ACC007185,CUST003770,BR025,75860100007184,Savings,91564.35,INR,2024-01-13,Active
ACC007186,CUST003655,BR121,87327600007185,Salary,35113.04,INR,2026-06-07,Active
ACC007187,CUST003079,BR145,47009200007186,Savings,103557.98,INR,2023-07-27,Active
ACC007188,CUST003438,BR043,80674800007187,Savings,15390.83,INR,2026-03-15,Active
ACC007189,CUST003926,BR144,20399900007188,,61921.2,INR,2015-02-11,Active
ACC007190,CUST003174,BR006,31126800007189,Salary,54288.29,INR,2022-05-14,Closed
ACC007191,CUST004314,BR106,85468900007190,Savings,76250.85,GBP,2024-10-21,Active
ACC007192,CUST004876,BR060,60011400007191,Salary,215142.56,Inr,2025-04-01,Active
ACC007193,CUST001300,BR097,22482800007192,Salary,42452.08,INR,2025-04-29,Active
ACC007194,CUST002395,BR134,48489100007193,Salary,91452.34,INR,2026-06-08,Active
ACC007195,CUST000343,BR086,29307100007194,Savings,102339.89,INR,07/14/2021,Active
ACC007196,CUST002032,BR035,35665200007195,Current,106267.34,Eur,2026-07-11,Active
ACC007197,CUST003272,BR144,32077700007196,Savings,56267.61,EUR,2024-10-26,Dormant
ACC007198,CUST004992,BR044,66755600007197,Savings,24716.78,INR,2020-11-16,Active
ACC007199,CUST000887,BR076,74758500007198,Current,79517.77,EUR,2025-01-06,Dormant
ACC007200,CUST003635,BR026,10722900007199,Savings,49524.8,INR,2023-02-13,Active
ACC007201,CUST001490,BR132,28444400007200,Savings,83448.16,INR,2025-09-20,Active
ACC007202,CUST004208,BR148,24715900007201,Savings,41387.2,INR,2017-03-22,Active
ACC007203,CUST800073,BR058,21943200007202,Savings,90985.6,GBP,2020-06-30,Active
ACC007204,CUST004284,BR065,19116800007203,Salary,161462.63,INR,2021-12-30,Active
ACC007205,CUST000945,BR070,66929700007204,Salary,37041.97,INR,2026-02-02,Active
ACC007206,CUST002586,BR143,99461400007205,Savings,88875.9,inr,2022-10-17,Active
ACC007207,CUST001233,BR092,55652000007206,Salary,63842.22,inr,2020-08-14,Active
ACC007208,CUST003105,BR014,23927900007207,Salary,105285.21,Inr,2014-01-05,Active
ACC007209,CUST000593,BR114,86951400007208,Savings,32402.01,INR,2023-09-28,Dormant
ACC007210,CUST000024,BR068,84797900007209,Current,13272.45,INR,04/29/2026,Active
ACC007211,CUST003618,BR011,95004700007210,Savings,50581.32,INR,2017.12.23,Closed
ACC007212,CUST000670,BR072,87675400007211,Salary,99328.09,INR,2026-03-17,Active
ACC007213,CUST002772,BR010,36760300007212,Savings,56381.41,INR,2026-01-31,Dormant
ACC007214,CUST002074,BR039,55246400007213,Salary,23387.45,INR,10/08/2022,Active
ACC007215,CUST000111,BR111,88170700007214,Savings,83063.76,INR,2026-03-10,Active
ACC007216,CUST000634,BR075,14907400007215,Current,51993.22,INR,2026-06-06,Active
ACC007217,CUST003593,BR066,49060900007216,Savings,-50464.66,INR,2024-07-26,Active
ACC007218,CUST003974,BR053,78467200007217,Savings,73719.31,Inr,2022-11-07,Active
ACC007219,CUST001026,BR132,72575000007218,Salary,159619.05,INR,2022-12-29,Active
ACC007220,CUST000083,BR037,63407500007219,Savings,24335.66,INR,2023-12-01,ACTIVE
ACC007221,CUST004850,BR142,78692500007220,Savings,60886.08,Inr,2025-02-06,Active
ACC007222,CUST002007,BR055,67755500007221,Salary,122476.99,INR,2016-04-24,Active
ACC007223,CUST000727,BR059,66872900007222,Savings,165772.6,INR,2015-11-10,Active
ACC007224,CUST001426,BR096,60295900007223,Savings,140436.97,INR,2024-05-28,Active
ACC007225,CUST000301,BR115,72330800007224,Savings,29225.91,INR,2025-06-10,Active
ACC007226,CUST001157,BR071,40050400007225,Savings,55640.88,INR,2026-06-29,Active
ACC007227,CUST001367,BR096,33992700007226,Salary,50306.65,INR,2024-01-26,Active
ACC007228,CUST003689,BR062,99381400007227,Current,26059.9,INR,2024-07-20,Active
ACC007229,CUST002828,BR117,42986600007228,Savings,69508.8,INR,2021-01-04,Active
ACC007230,CUST002713,BR129,72288000007229,Savings,38816.16,INR,2012-10-03,Active
ACC007231,CUST000746,BR130,45855900007230,Current,39682.64,INR,2022-04-12,Active
ACC007232,CUST002023,BR097,73843300007231,Salary,340608.72,INR,2020.07.01,Active
ACC007233,CUST002215,BR042,34825200007232,Savings,49082.42,EUR,2025-04-25,Dormant
ACC007234,CUST003752,BR096,59551200007233,Savings,95587.35,INR,2024-03-13,Active
ACC007235,CUST004463,BR094,49912300007234,Salary,40008.47,INR,2023-11-03,Active
ACC007236,CUST000341,BR034,15342800007235,Savings,31812.05,INR,06/01/2021,Active
ACC007237,CUST002054,BR129,48753700007236,Salary,43338.46,INR,2024-02-19,Active
ACC007238,CUST003111,BR113,62869500007237,Savings,54528.35,INR,2023-09-05,Active
ACC007239,CUST001251,BR067,45948200007238,Savings,,INR,2022-12-08,Active
ACC007240,CUST003393,BR006,52860200007239,Savings,80699.02,USD,2018-12-25,Active
ACC007241,CUST003372,BR109,55763700007240,Salary,59861.26,INR,2021-11-17,Active
ACC007242,CUST000839,BR033,47442800007241,Savings,11391.23,INR,2022-10-12,Active
ACC007243,CUST002017,BR113,44795300007242,Salary,130950.26,INR,2026-04-26,Active
ACC007244,CUST002312,BR062,51901100007243,Salary,22335.64,INR,2022-04-05,Dormant
ACC007245,CUST001608,BR108,22707200007244,Savings,114971.7,INR,2024-01-25,Active
ACC007246,CUST004971,BR134,86722200007245,Savings,73198.43,INR,2023-03-26,Active
ACC007247,CUST002401,BR014,60894900007246,Salary,103101.75,INR,2020-12-22,Active
ACC007248,CUST003463,BR005,87679300007247,Savings,157461.29,INR,2023-11-07,Active
ACC007249,CUST000654,BR102,26178700007248,Salary,147938.53,inr,2019-04-03,Active
ACC007250,CUST000150,BR067,87970700007249,Current,71064.95,INR,2023-02-15,Active
ACC007251,CUST004109,BR105,98837700007250,Salary,108128.44,INR,2025-03-18,Active
ACC007252,CUST001417,BR018,61158700007251,Savings,62530.79,INR,2026-05-16,Active
ACC007253,CUST004128,BR131,69244300007252,Current,61988.63,INR,2023-10-03,Closed
ACC007254,CUST003192,BR035,77299700007253,Salary,55548.66,INR,2023-05-30,Active
ACC007255,CUST002232,BR020,40979100007254,Current,131170.21,INR,2024-12-21,Active
ACC007256,CUST001017,BR061,34159800007255,Salary,96861.94,INR,2022-05-18,Active
ACC007257,CUST003687,BR123,46158900007256,Savings,98387.92,INR,2018-12-30,Active
ACC007258,CUST001653,BR015,23932400007257,Salary,50938.27,USD,2026-03-11,Active
ACC007259,CUST001090,BR076,30801200007258,Savings,121232.95,INR,2025-08-03,Active
ACC007260,CUST003192,BR125,66743600007259,Savings,122979.0,inr,2023-02-07,Active
ACC007261,CUST004496,BR078,57200000007260,Current,19288.0,INR,2025-10-18,Active
ACC007262,CUST003406,BR013,91303600007261,Current,211532.42,Inr,2015-08-12,Active
ACC007263,CUST001761,BR031,39649900007262,Salary,48579.3,GBP,2022-04-04,Active
ACC007264,CUST002118,BR088,70767000007263,Current,99298.43,INR,2024-05-10,Active
ACC007265,CUST002198,BR098,43937200007264,Savings,34686.81,INR,2024-12-30,Active
ACC007266,CUST003954,BR025,93285000007265,Salary,51789.59,INR,2026-04-25,Active
ACC007267,CUST004377,BR059,80249400007266,Savings,155750.36,inr,2026-03-02,Active
ACC007268,CUST001289,BR016,49566200007267,Current,33153.3,INR,2024-01-24,Active
ACC007269,CUST000740,BR087,75606800007268,Savings,87028.82,INR,2025-11-08,Active
ACC007270,CUST000840,BR070,47465800007269,Savings,60350.63,INR,2022-08-17,Active
ACC007271,CUST000071,BR099,96087600007270,Savings,15593.61,INR,2025-11-10,Active
ACC007272,CUST003579,BR052,89157900007271,Current,106517.4,INR,2025-07-15,Active
ACC007273,CUST000917,BR149,38440900007272,Salary,132479.06,INR,2022-07-08,active
ACC007274,CUST001167,BR007,61328000007273,Salary,69552.66,INR,2021-11-05,Active
ACC007275,CUST004731,BR037,20168400007274,Salary,121838.9,INR,2025-11-11,Active
ACC007276,CUST000177,BR010,31379700007275,Savings,54170.58,INR,2026-06-01,Active
ACC007277,CUST002271,BR129,66921500007276,Savings,52369.59,INR,2017-02-12,ACTIVE
ACC007278,CUST002852,BR045,13156900007277,Savings,126767.76,USD,2025-01-11,Active
ACC007279,CUST003031,BR005,33080200007278,Salary,53697.26,Inr,2025-07-05,Active
ACC007280,CUST002613,BR118,33297600007279,Savings,150882.52,INR,2022-12-24,Active
ACC007281,CUST001169,BR134,84782000007280,Current,190692.26,INR,2021-05-15,Active
ACC007282,CUST002739,BR128,10423600007281,Salary,65483.09,INR,2023-07-31,active
ACC007283,CUST002497,BR032,85380900007282,Savings,110290.24,INR,2025-11-17,Active
ACC007284,CUST000124,BR010,98862100007283,Savings,162096.5,inr,2019-10-24,Active
ACC007285,CUST003807,BR044,72183500007284,Savings,20250.85,INR,2024-04-24,Active
ACC007286,CUST003574,BR026,24208000007285,Current,48613.03,INR,2019-12-03,Active
ACC007287,CUST000030,BR116,31708900007286,Savings,-94093.07,INR,2025-08-16,Active
ACC007288,CUST004138,BR051,24470700007287,Savings,90340.88,INR,2021-04-06,Active
ACC007289,CUST002275,BR068,84573100007288,Savings,100924.71,INR,2026-01-31,Active
ACC007290,CUST002767,BR098,75003400007289,Salary,65228.1,INR,2023-07-22,Active
ACC007291,CUST004412,BR067,19956700007290,Salary,65685.23,INR,2026-07-25,Active
ACC007292,CUST003653,BR043,95118500007291,Current,123688.69,INR,2025-11-03,Active
ACC007293,CUST004311,BR033,13814800007292,Savings,106134.88,INR,2023-05-03,Closed
ACC007294,CUST000356,BR034,25007400007293,Savings,5868.23,INR,2024-01-15,Active
ACC007295,CUST002790,BR020,97232900007294,Savings,113772.02,INR,2025-09-13,ACTIVE
ACC007296,CUST002266,BR089,29797800007295,Salary,65710.96,INR,2024-06-23,Active
ACC007297,CUST000787,BR035,75351400007296,Savings,86592.02,INR,2021-09-22,Active
ACC007298,CUST001744,BR103,41266900007297,Savings,12596.24,INR,2023-10-09,Active
ACC007299,CUST004067,BR055,47363100007298,Salary,100096.58,INR,2024-01-04,Active
ACC007300,CUST001411,BR074,54336800007299,Salary,259745.09,INR,2025-04-07,ACTIVE
ACC007301,CUST000359,BR127,52357600007300,Savings,13008.15,INR,2025-07-26,Active
ACC007302,CUST003737,BR101,16941900007301,Current,129479.68,Inr,2024-08-05,Active
ACC007303,CUST004637,BR044,23058000007302,Salary,115082.95,INR,2023-11-25,Active
ACC007304,CUST004083,BR001,13874100007303,Savings,32642.45,INR,2026-06-22,Active
ACC007305,CUST003871,BR110,86634700007304,Salary,42121.8,INR,2024-10-07,Dormant
ACC007306,CUST004376,BR050,10249700007305,Savings,58525.81,INR,2017-06-30,Active
ACC007307,CUST003075,BR012,83982100007306,Current,64300.76,INR,2015-09-09,Active
ACC007308,CUST001166,BR092,99652800007307,Savings,96477.0,EUR,2024-07-28,Active
ACC007309,CUST000123,BR122,37289900007308,Savings,31918.0,INR,2023-07-13,Active
ACC007310,CUST000902,BR098,68627200007309,Savings,56340.82,INR,2013-10-20,Active
ACC007311,CUST004014,BR124,68002100007310,Savings,119810.83,INR,2024-05-18,Active
ACC007312,CUST002842,BR030,91080800007311,Savings,12435.55,INR,2016-01-17,Active
ACC007313,CUST004247,BR129,10213400007312,Savings,119994.5,INR,2024-11-25,Dormant
ACC007314,CUST004139,BR050,79221900007313,Salary,,INR,2026-02-17,active
ACC007315,CUST004430,BR079,88762600007314,Savings,132019.14,INR,2023-05-19,Active
ACC007316,CUST002822,BR034,91558400007315,Current,36066.41,INR,2026-03-21,Active
ACC007317,CUST003703,BR093,13366500007316,Savings,36862.54,INR,2023-06-06,Active
ACC007318,CUST003803,BR135,45989200007317,Salary,65068.12,INR,2023-08-18,Active
ACC007319,CUST003452,BR147,81134800007318,Savings,77106.32,INR,2015-02-22,Active
ACC007320,CUST003063,BR045,82684600007319,Savings,60544.41,INR,2019-09-30,Active
ACC007321,CUST001228,BR061,38493100007320,Savings,46318.96,INR,2024-04-07,Active
ACC007322,CUST000415,BR133,97712900007321,Salary,108740.31,INR,2022-03-21,Active
ACC007323,CUST004589,BR047,53134800007322,Savings,33149.48,INR,2022-12-27,Dormant
ACC007324,CUST002482,BR133,56316500007323,Current,105620.08,INR,2026-05-26,Active
ACC007325,CUST001968,BR081,63418600007324,Savings,49685.34,INR,2024-01-28,Active
ACC007326,CUST003386,BR079,82761100007325,Salary,101230.76,INR,2023.10.07,Dormant
ACC007327,CUST002331,BR141,38860700007326,Savings,30384.68,INR,2024-08-26,Active
ACC007328,CUST000683,BR131,96701300007327,Savings,74707.37,INR,2019.11.20,Dormant
ACC007329,CUST002768,BR138,59059000007328,Current,26823.67,INR,2024-05-25,Active
ACC007330,CUST004298,BR012,76114700007329,Savings,50490.85,USD,2023-01-18,Active
ACC007331,CUST001422,BR018,70700900007330,Savings,91682.79,INR,2016-10-17,Active
ACC007332,CUST003699,BR019,10963700007331,Salary,58557.3,INR,2026-05-11,Active
ACC007333,CUST002201,BR081,84860500007332,Salary,167329.74,USD,2022-11-11,Active
ACC007334,CUST001209,BR062,81954400007333,Savings,47631.5,INR,2022-02-03,Active
ACC007335,CUST000074,BR033,89642800007334,Savings,99896.12,INR,2024-03-05,Active
ACC007336,CUST003706,BR104,19714600007335,Savings,34681.13,Inr,2023-09-24,Active
ACC007337,CUST003471,BR034,28507100007336,Savings,166270.85,INR,2022-12-23,Active
ACC007338,CUST004399,BR146,94987700007337,Current,135823.42,INR,2020-03-23,Active
ACC007339,CUST000078,BR054,84795100007338,Savings,-78672.45,INR,2026-06-04,Dormant
ACC007340,CUST002303,BR071,88759700007339,Salary,70598.79,INR,2022-05-13,Active
ACC007341,CUST003681,BR009,50875200007340,Current,60034.75,INR,2026-02-01,Active
ACC007342,CUST000751,BR002,39031100007341,Current,95958.25,INR,2022-04-30,Active
ACC007343,CUST000904,BR025,29489800007342,Savings,121810.57,INR,12/05/2025,Active
ACC007344,CUST003220,BR028,67103300007343,Savings,20381.13,INR,2026-02-13,Active
ACC007345,CUST002344,BR015,33357000007344,Savings,82083.64,INR,2025-10-02,Active
ACC007346,CUST000456,BR066,97306200007345,Savings,10675.87,INR,2026-07-14,Active
ACC007347,CUST000871,BR106,97157800007346,Savings,92034.88,INR,2025-07-26,Active
ACC007348,CUST004741,BR104,39493200007347,Salary,85551.48,INR,2024-04-08,Active
ACC007349,CUST004461,BR121,15582500007348,Salary,21577.35,INR,2024-07-18,Dormant
ACC007350,CUST002659,BR088,77697800007349,Savings,30160.32,INR,2019-03-25,Active
ACC007351,CUST002237,BR021,75830200007350,Savings,53332.11,INR,2025-03-21,Active
ACC007352,CUST000682,BR132,39411400007351,Salary,34789.78,INR,2026-03-21,Active
ACC007353,CUST002828,BR127,15272300007352,Savings,17094.42,INR,04/14/2023,Dormant
ACC007354,CUST003664,BR040,55866300007353,Savings,32402.65,INR,2023-08-13,Active
ACC007355,CUST004380,BR130,96435700007354,Salary,118552.09,INR,2026-05-20,Active 
ACC007356,CUST002256,BR081,94490900007355,Salary,87792.61,INR,2013-04-11,Active
ACC007357,CUST004780,BR058,35705800007356,Savings,77465.52,INR,2021-03-01,Active
ACC007358,CUST000764,BR022,51556900007357,Current,74257.85,INR,2026-07-15,Dormant
ACC007359,CUST000520,BR141,43667100007358,Salary,53152.64,EUR,19/04/2026,Closed
ACC007360,CUST001867,BR097,11724100007359,,21639.34,INR,2021-02-11,Active
ACC007361,CUST002042,BR066,68302800007360,,64738.11,INR,2026-05-28,Active
ACC007362,CUST000344,BR115,55624600007361,Savings,11366.17,inr,2020-02-03,Active
ACC007363,CUST004975,BR117,32737000007362,Savings,57090.01,INR,2022-07-18,Active
ACC007364,CUST004134,BR078,38934400007363,Salary,36690.3,INR,2025-04-12,Active
ACC007365,CUST001107,BR033,32313500007364,Savings,31095.93,INR,2020-01-04,Closed
ACC007366,CUST004034,BR068,86976600007365,Savings,100400.11,inr,2023-12-10,Active
ACC007367,CUST000896,BR092,53787800007366,Savings,53236.35,INR,07/04/2022,Active
ACC007368,CUST004932,BR028,82446900007367,Current,264292.77,INR,2017-11-05,Active
ACC007369,CUST000380,BR019,29662600007368,Salary,93849.38,GBP,2026-01-14,Active
ACC007370,CUST001857,BR141,79584100007369,Salary,,INR,2019-11-22,Active
ACC007371,CUST002194,BR088,77092000007370,Current,126153.27,INR,2019-02-04,Active
ACC007372,CUST002444,BR091,72775500007371,Salary,54930.1,INR,2019-09-13,Dormant
ACC007373,CUST003137,BR067,76814900007372,Savings,73229.93,INR,2024-08-03,Closed
ACC007374,CUST002268,BR123,98803000007373,Savings,66899.93,INR,2025-01-28,Active
ACC007375,CUST000166,BR056,80227500007374,Savings,23978.58,INR,2025-12-15,Active
ACC007376,CUST002389,BR004,35727200007375,Savings,127254.49,INR,2026-07-31,Closed
ACC007377,CUST001810,BR116,39607100007376,Savings,54814.85,INR,2025-01-29,Active
ACC007378,CUST004909,BR038,17653400007377,Savings,45337.01,INR,2025-06-17,Active
ACC007379,CUST001345,BR115,72843100007378,Savings,30196.33,INR,2012-06-26,Active
ACC007380,CUST003150,BR073,72392300007379,Salary,185641.33,INR,11/09/2021,Active
ACC007381,CUST004966,BR054,34498900007380,Salary,66009.0,INR,2023-08-27,Active
ACC007382,CUST003720,BR081,67230600007381,Salary,86672.49,INR,05/14/2023,Active
ACC007383,CUST003954,BR066,97396400007382,Savings,56347.98,INR,2026-05-19,Dormant
ACC007384,CUST800074,BR061,43069200007383,Savings,66503.61,INR,2025-08-03,Active
ACC007385,CUST002451,BR041,97183700007384,Savings,,INR,07/01/2026,Active
ACC007386,CUST004160,BR051,11734600007385,Savings,37786.73,INR,2025-11-23,Active
ACC007387,CUST002902,BR050,16446800007386,Savings,42660.02,INR,2024-07-14,Active
ACC007388,CUST000034,BR068,43295700007387,Savings,160256.32,USD,12/12/2024,Closed
ACC007389,CUST003580,BR146,76299700007388,Savings,170314.98,INR,2023-02-22,Active
ACC007390,CUST000683,BR055,25082400007389,Current,86376.98,INR,2023-09-14,Active
ACC007391,CUST000217,BR094,34072000007390,Salary,84471.04,INR,2025-07-30,Dormant
ACC007392,CUST004511,BR007,23594500007391,Savings,42715.92,INR,2023-09-19,Active
ACC007393,CUST004594,BR001,20050300007392,Savings,101212.22,Gbp,2018-12-28,Active
ACC007394,CUST003379,BR104,89313700007393,Savings,86943.43,INR,2024.10.14,Active
ACC007395,CUST001468,BR101,27322800007394,Current,88950.77,EUR,2025-12-20,Active
ACC007396,CUST004246,BR116,55291300007395,Savings,21794.15,INR,2021-03-01,Active
ACC007397,CUST002931,BR084,76094000007396,Savings,194936.68,INR,2026-06-07,Active
ACC007398,CUST004077,BR047,56268200007397,Savings,59084.44,INR,2026-07-27,Active
ACC007399,CUST003350,BR015,42231700007398,Savings,45247.27,INR,2026-06-13,Active
ACC007400,CUST002988,BR145,22922900007399,Savings,62202.3,INR,06/21/2022,Active
ACC007401,CUST002425,BR028,92571600007400,Current,41398.7,Inr,13/06/2026,Active
ACC007402,CUST002962,BR149,94137300007401,Salary,67011.04,INR,2024-11-20,Active
ACC007403,CUST004819,BR041,50969000007402,Salary,75179.34,INR,2020-11-18,Active
ACC007404,CUST002088,BR086,43400100007403,,103067.12,INR,2012-07-05,Active
ACC007405,CUST002288,BR014,66819600007404,Salary,35178.55,INR,2025-07-09,Active
ACC007406,CUST002376,BR120,62877000007405,Savings,46488.45,USD,2026-07-06,Active 
ACC007407,CUST004854,BR061,13968000007406,Savings,53790.6,INR,2018-04-28,Dormant
ACC007408,CUST003142,BR082,17084900007407,Savings,43518.95,EUR,2026-02-27,Dormant
ACC007409,CUST004791,BR020,19444300007408,Savings,167428.8,INR,2025-08-10,Active
ACC007410,CUST003649,BR040,58296500007409,Salary,56665.65,INR,2022-01-04,Active
ACC007411,CUST000579,BR061,80124800007410,Salary,137099.56,INR,2025-07-18,Active
ACC007412,CUST002751,BR011,17390100007411,Savings,87320.78,INR,2015-09-10,Active
ACC007413,CUST000505,BR111,62955900007412,Salary,102638.67,INR,2023-09-21,Active
ACC007414,CUST004357,BR052,49854300007413,Savings,37820.99,INR,2026-04-05,Active
ACC007415,CUST000242,BR111,25602400007414,Current,119073.5,INR,2024.09.11,Active
ACC007416,CUST003369,BR028,88155000007415,Savings,69892.7,INR,2020-01-28,Active
ACC007417,CUST002735,BR006,37392200007416,Savings,29970.62,USD,2022-07-15,Active
ACC007418,CUST000863,BR139,14201400007417,Salary,30774.23,INR,2022-03-11,Active
ACC007419,CUST002917,BR034,41145900007418,Savings,15395.1,INR,2025-09-06,Dormant
ACC007420,CUST004184,BR146,45801500007419,Savings,96657.39,INR,2018-02-04,Active
ACC007421,CUST003041,BR105,15731600007420,Salary,54387.08,INR,2025-10-11,Active
ACC007422,CUST003558,BR080,32808300007421,Savings,89321.17,INR,2026-05-20,Active
ACC007423,CUST003055,BR096,26146400007422,Savings,,INR,2023-01-04,Dormant
ACC007424,CUST004969,BR085,27319500007423,Savings,-17683.06,INR,2023.01.05,Active
ACC007425,CUST003921,BR057,94310300007424,Current,52931.1,inr,2022-04-06,Active
ACC007426,CUST002059,BR140,45923200007425,Savings,21325.08,USD,2026-01-26,Active
ACC007427,CUST004431,BR010,54819700007426,Salary,44908.3,INR,2026-01-01,Active
ACC007428,CUST000047,BR113,92968200007427,Savings,25089.95,Inr,2020-05-22,Active
ACC007429,CUST003688,BR093,23103800007428,Savings,168674.23,EUR,2018-08-23,Active
ACC007430,CUST001323,BR025,51768900007429,Savings,50863.59,INR,2023-11-06,Active
ACC007431,CUST000631,BR100,29836600007430,Savings,195089.88,INR,2020-02-09,Active
ACC007432,CUST002437,BR143,65505100007431,Savings,89722.39,INR,2021-12-29,Active
ACC007433,CUST002078,BR044,10579200007432,Savings,91457.13,INR,2024-10-09,Closed
ACC007434,CUST000204,BR086,85346200007433,Current,35075.81,INR,2019-09-09,Active
ACC007435,CUST001528,BR057,64367600007434,Salary,42862.83,INR,2024-02-20,Closed
ACC007436,CUST003125,BR004,20560200007435,Salary,53180.09,USD,2023-04-30,Active
ACC007437,CUST002807,BR009,14334300007436,Current,92834.64,INR,2026-07-22,Active
ACC007438,CUST004705,BR030,40753100007437,Savings,10844.37,INR,2021-03-30,Active
ACC007439,CUST000668,BR096,59927200007438,Savings,20919.73,INR,2025-06-14,Active
ACC007440,CUST002349,BR120,13621000007439,Savings,84754.91,GBP,2026-03-22,Active
ACC007441,CUST004628,BR012,81975900007440,Savings,19780.08,INR,2024.04.10,Active
ACC007442,CUST002571,BR020,18464000007441,Current,80399.47,INR,2026.03.15,Active
ACC007443,CUST004446,BR130,19964000007442,Savings,164307.81,INR,2021-04-27,Active
ACC007444,CUST000431,BR128,34598800007443,Salary,39028.96,INR,2021-06-09,Active
ACC007445,CUST003596,BR080,58854900007444,Savings,111428.4,INR,12/24/2025,Active
ACC007446,CUST001908,BR118,64754600007445,Savings,77908.96,INR,2018-01-06,Active
ACC007447,CUST004412,BR033,11651400007446,Salary,26440.34,EUR,2022-09-15,Active
ACC007448,CUST000167,BR006,49448300007447,Savings,8996.69,INR,2015-11-14,Active
ACC007449,CUST000154,BR137,93779400007448,Salary,61535.78,INR,2026-07-06,Active
ACC007450,CUST004822,BR050,27309400007449,Savings,172353.29,INR,2026-01-16,Active
ACC007451,CUST000071,BR054,96603800007450,Savings,72035.0,INR,2025-11-24,Active
ACC007452,CUST002733,BR077,14588700007451,Savings,147116.15,INR,18/05/2021,Active
ACC007453,CUST003216,BR092,67910000007452,Savings,,INR,2026-07-16,Active
ACC007454,CUST003307,BR012,53770600007453,Salary,81325.45,INR,2023-10-25,Active
ACC007455,CUST004257,BR088,56476800007454,Savings,115982.27,INR,29/01/2026,Closed
ACC007456,CUST000378,BR087,13370800007455,Savings,23407.48,INR,2024-03-27,Dormant
ACC007457,CUST004413,BR112,53688700007456,Savings,,INR,2023-06-15,Active
ACC007458,CUST003875,BR148,26748900007457,Savings,131814.28,INR,2018-12-05,Active
ACC007459,CUST002685,BR108,31461400007458,Current,53953.77,INR,2023-12-26,Active
ACC007460,CUST001295,BR091,15262600007459,Savings,59369.37,INR,2025-02-13,Active
ACC007461,CUST004115,BR134,27083500007460,Current,144258.7,INR,2023-06-29,Active
ACC007462,CUST004233,BR075,61555900007461,Savings,45557.06,INR,2012-03-09,Dormant
ACC007463,CUST000644,BR009,18232400007462,Salary,82683.42,INR,2025-02-01,Active
ACC007464,CUST003466,BR131,23943200007463,Savings,69928.41,INR,2024-01-15,Active
ACC007465,CUST002355,BR146,17869900007464,Salary,189801.61,GBP,2025-09-07,Active
ACC007466,CUST001963,BR145,43611800007465,Savings,105937.17,INR,2021-01-28,Active
ACC007467,CUST004865,BR138,55735600007466,Current,58972.91,INR,2020.02.02,Active
ACC007468,CUST003245,BR136,29874100007467,Savings,70992.2,INR,2017-02-12,Active
ACC007469,CUST003891,BR104,61174300007468,Savings,10270.23,INR,2024-09-12,Active
ACC007470,CUST004234,BR006,90864200007469,Savings,145405.06,INR,02/27/2013,Active
ACC007471,CUST001315,BR113,69218200007470,Current,91047.42,INR,2020-06-16,Closed
ACC007472,CUST003047,BR015,67246000007471,Savings,50923.68,INR,2020-11-10,Active
ACC007473,CUST002231,BR023,32668600007472,Savings,92587.09,INR,2022-12-24,Active
ACC007474,CUST001555,BR093,47759500007473,Current,105868.22,INR,2025-09-15,Active
ACC007475,CUST000338,BR139,59683900007474,Savings,76199.99,usd,2021-03-17,Active
ACC007476,CUST002871,BR035,83288800007475,Savings,78634.98,INR,12/28/2021,Closed
ACC007477,CUST004004,BR025,33390900007476,Savings,,INR,2017-03-06,Active
ACC007478,CUST003741,BR079,83673000007477,Savings,94744.25,INR,2020-09-18,Dormant
ACC007479,CUST003819,BR054,21557700007478,Salary,95818.09,INR,17/03/2026,Active
ACC007480,CUST004921,BR126,74077400007479,Salary,136098.29,INR,2023-03-25,Active
ACC007481,CUST002798,BR029,83954100007480,Savings,119748.13,EUR,2025-06-17,Active
ACC007482,CUST002898,BR141,55853500007481,Savings,50843.23,INR,2024-05-01,Active
ACC007483,CUST004480,BR040,54822300007482,Salary,-84761.29,INR,2025-11-27,Active
ACC007484,CUST001719,BR051,56780900007483,Current,84688.07,INR,2024-01-09,Active
ACC007485,CUST000194,BR101,57150400007484,Savings,108578.83,INR,2025-01-03,Active
ACC007486,CUST003947,BR128,82780900007485,Salary,53134.55,Inr,2026-06-25,Active
ACC007487,CUST003312,BR073,81918400007486,Salary,92614.23,INR,2014-10-14,Dormant
ACC007488,CUST003023,BR076,23292700007487,Savings,136564.7,INR,2020-09-05,Active
ACC007489,CUST004896,BR097,16573500007488,Salary,73146.53,INR,2025-11-23,Active
ACC007490,CUST001781,BR099,60254000007489,Current,71724.17,INR,2025-05-30,Dormant
ACC007491,CUST001162,BR118,45824400007490,Salary,32106.88,INR,2016-11-12,Active
ACC007492,CUST004070,BR019,93061100007491,Savings,112914.18,INR,2026-02-05,Active
ACC007493,CUST004651,BR144,29481300007492,Savings,62322.04,INR,2016-01-31,Active
ACC007494,CUST003708,BR010,84427500007493,Savings,54020.98,INR,17/05/2023,Active
ACC007495,CUST003374,BR036,81177600007494,Savings,71022.8,INR,2015-07-01,Active
ACC007496,CUST001121,BR118,49437900007495,Savings,37396.34,INR,2015-08-16,Active
ACC007497,CUST001517,BR043,85712900007496,Savings,118458.66,INR,2022-12-15,Active
ACC007498,CUST000618,BR090,79551700007497,Savings,100683.12,Inr,2022-09-09,Active
ACC007499,CUST003427,BR024,20741700007498,Salary,75032.87,EUR,08/11/2015,Active
ACC007500,CUST000224,BR124,23451500007499,Savings,50747.34,inr,2024-01-06,Active
ACC007501,CUST003492,BR046,41578900007500,Salary,79104.73,INR,2026-07-02,Active
ACC007502,CUST003848,BR018,91813900007501,Savings,-80489.63,INR,2017-03-01,Active
ACC007503,CUST000252,BR017,51667100007502,Savings,168991.21,INR,2022-08-05,Active
ACC007504,CUST000171,BR026,56158000007503,Salary,174433.91,INR,2022-07-03,Dormant
ACC007505,CUST000941,BR110,62049900007504,Savings,44280.0,INR,2023-10-26,Active
ACC007506,CUST003519,BR010,81434800007505,Savings,47608.53,INR,2022-09-09,Active
ACC007507,CUST003522,BR090,74314100007506,Savings,132638.14,INR,2026-06-11,Active
ACC007508,CUST000102,BR098,57522500007507,Current,45455.01,INR,2019-08-04,Closed
ACC007509,CUST003232,BR050,48080400007508,Salary,,INR,2026-05-31,Active
ACC007510,CUST004778,BR093,65177900007509,Savings,102943.38,INR,2025-04-24,Active
ACC007511,CUST003671,BR044,41594300007510,Savings,46428.91,INR,2020-09-06,Active
ACC007512,CUST004757,BR064,45019400007511,Salary,78846.15,INR,2026.06.27,Active
ACC007513,CUST003071,BR005,62269700007512,Current,23473.4,EUR,2021-03-05,Active
ACC007514,CUST001918,BR021,24896900007513,Savings,92248.54,INR,2025-09-01,Active
ACC007515,CUST001325,BR016,51388400007514,Salary,-88221.24,INR,2022-07-19,Active
ACC007516,CUST002641,BR004,56797800007515,Savings,74478.15,Inr,2021-12-13,Active
ACC007517,CUST004323,BR051,97781100007516,Current,53634.11,INR,2017-02-24,Active
ACC007518,CUST004541,BR039,98778500007517,Savings,12874.99,INR,2026-05-28,Active
ACC007519,CUST002456,BR039,21938800007518,Savings,143718.86,INR,2019-07-22,Active
ACC007520,CUST000322,BR001,12709800007519,Savings,,Inr,2026-07-01,Active
ACC007521,CUST004207,BR119,83747300007520,Salary,85583.28,INR,2025-10-31,Active
ACC007522,CUST002937,BR143,41563400007521,Salary,55401.27,INR,2025-12-21,Active
ACC007523,CUST001085,BR111,31528100007522,Savings,55175.91,INR,2026.06.01,Active
ACC007524,CUST004628,BR026,18745100007523,Savings,99245.17,INR,2025-12-13,Closed
ACC007525,CUST004678,BR118,10543800007524,Savings,175273.82,Inr,2026-06-04,Active
ACC007526,CUST001691,BR040,71909400007525,Savings,9987.99,INR,2026-03-04,Active
ACC007527,CUST001050,BR046,42854100007526,Current,70613.96,INR,2018-08-30,Active
ACC007528,CUST002517,BR120,39529600007527,Current,129902.05,INR,2024-04-10,Active
ACC007529,CUST003001,BR032,58695500007528,Savings,32122.57,INR,2026-05-07,Active
ACC007530,CUST003442,BR150,98361300007529,Savings,168303.74,inr,2020-09-07,Active
ACC007531,CUST003577,BR129,17379300007530,Savings,21079.62,INR,2026-06-24,Active
ACC007532,CUST000399,BR094,25427200007531,Savings,51569.43,INR,2025-02-25,Active
ACC007533,CUST003929,BR076,27315100007532,Current,29382.67,INR,2025-05-12,Active
ACC007534,CUST003198,BR038,51930700007533,Savings,41344.63,INR,2026-07-18,Active
ACC007535,CUST001535,BR099,77144700007534,Current,153543.61,GBP,2022-03-25,Dormant
ACC007536,CUST004197,BR068,98752500007535,Current,29599.29,INR,2024-11-02,Active
ACC007537,CUST002734,BR098,70867100007536,Salary,74183.54,INR,2023-02-06,Active
ACC007538,CUST003236,BR009,27853700007537,Current,43251.05,INR,2025-06-11,Active
ACC007539,CUST004048,BR056,75985900007538,Salary,97227.0,INR,08/25/2023,Dormant
ACC007540,CUST001891,BR017,20450400007539,Savings,64924.43,INR,2023-07-13,Active
ACC007541,CUST004176,BR063,67263900007540,Savings,65142.62,INR,2022-04-25,Active
ACC007542,CUST004411,BR107,69020100007541,Savings,38875.61,Inr,2025-04-29,Active
ACC007543,CUST003864,BR018,31783300007542,Savings,154906.21,INR,2025-10-11,Active
ACC007544,CUST002432,BR125,16918100007543,Salary,87515.92,INR,2023-11-12,Active
ACC007545,CUST003354,BR124,31378100007544,Savings,83050.91,INR,2017-08-01,Active
ACC007546,CUST000401,BR041,46178000007545,,101856.03,INR,2025-01-21,Active
ACC007547,CUST001694,BR030,51952800007546,Savings,43102.12,INR,2014-03-28,Active
ACC007548,CUST003855,BR111,35683400007547,Savings,122526.69,INR,2011-09-16,Active
ACC007549,CUST001064,BR115,89364800007548,Savings,90376.28,INR,2018-03-29,Dormant
ACC007550,CUST004933,BR097,53882400007549,Current,96750.68,INR,2016-01-12,Active
ACC007551,CUST004670,BR023,41849700007550,Savings,2307.49,INR,2026-07-16,active
ACC007552,CUST002420,BR077,18282000007551,Savings,60965.4,Inr,2018-03-05,Active
ACC007553,CUST002137,BR039,62567200007552,Savings,,INR,2022-06-14,Active
ACC007554,CUST002439,BR044,89762100007553,Salary,81370.59,INR,2015-02-05,Active
ACC007555,CUST001890,BR087,70785100007554,Salary,147227.69,INR,2021-06-19,Active
ACC007556,CUST001301,BR148,17093200007555,Savings,44031.94,inr,2022-06-20,Active
ACC007557,CUST004513,BR030,14820500007556,Savings,80831.48,Inr,2024-03-25,Active
ACC007558,CUST001243,BR038,92852700007557,Salary,95109.35,INR,2022-01-19,Active
ACC007559,CUST002469,BR037,27229500007558,Salary,73763.59,INR,2021-02-08,Active
ACC007560,CUST001247,BR032,81895700007559,Current,48917.48,INR,2019-05-04,Active
ACC007561,CUST000278,BR142,12791600007560,Current,23861.35,INR,2026-01-31,Active
ACC007562,CUST001525,BR017,85869300007561,Current,13100.41,INR,2023-04-26,Dormant
ACC007563,CUST000043,BR030,15722800007562,Current,51430.13,Inr,2022-07-30,Active
ACC007564,CUST001738,BR099,74702000007563,Salary,48613.09,INR,2022-09-05,Active
ACC007565,CUST000196,BR053,86860600007564,Current,74499.88,INR,2021.08.04,Active
ACC007566,CUST001574,BR136,97807600007565,Current,151582.07,INR,2025-06-03,Active
ACC007567,CUST000826,BR089,29955600007566,Salary,57237.06,INR,2019-07-10,Active
ACC007568,CUST003934,BR021,82082900007567,Salary,17404.68,INR,2021-02-27,Active
ACC007569,CUST000857,BR073,21986700007568,Savings,74001.42,INR,2017-01-06,Active
ACC007570,CUST002557,BR016,47933300007569,Salary,10296.65,inr,2019-05-20,Active
ACC007571,CUST001202,BR065,54298800007570,Savings,12535.64,INR,2016-12-05,Active
ACC007572,CUST003717,BR136,84040800007571,Savings,31195.59,INR,2018-05-03,Active
ACC007573,CUST002273,BR072,29702700007572,Savings,33873.38,INR,02/07/2019,Active
ACC007574,CUST001652,BR100,94750900007573,Savings,53761.71,INR,2025-11-24,Active
ACC007575,CUST001372,BR059,42855200007574,Savings,103633.83,INR,2026-06-10,Active
ACC007576,CUST002920,BR146,87758500007575,Salary,45103.42,INR,2025-06-17,Active
ACC007577,CUST002752,BR090,86641400007576,Savings,71232.1,INR,2026-03-21,Dormant
ACC007578,CUST002741,BR107,66859300007577,Salary,118418.04,INR,2015-07-01,Active
ACC007579,CUST002448,BR120,47339200007578,Savings,218771.25,INR,2012-05-10,Active
ACC007580,CUST001588,BR116,92591200007579,Savings,39158.51,INR,2022-06-21,Active
ACC007581,CUST002190,BR142,98713100007580,Savings,48745.36,INR,2019-03-21,Closed
ACC007582,CUST002003,BR070,60079100007581,Savings,74496.72,INR,2019-09-13,Active
ACC007583,CUST002683,BR025,28329400007582,Salary,69265.37,INR,2025-12-23,Active
ACC007584,CUST003993,BR036,29300800007583,Savings,62346.99,INR,2017-09-03,active
ACC007585,CUST003161,BR037,55478000007584,Savings,46794.91,INR,2024-04-03,Active
ACC007586,CUST001540,BR086,25791800007585,Salary,18633.47,INR,2023-11-12,Active
ACC007587,CUST004978,BR014,44045800007586,Savings,62976.29,inr,14/09/2025,Active
ACC007588,CUST004333,BR054,72909700007587,Savings,45148.35,inr,2025-07-06,Active
ACC007589,CUST001306,BR110,92253500007588,Savings,51553.54,INR,2025-10-28,Active
ACC007590,CUST000495,BR071,41604000007589,Current,74150.25,INR,2026-03-18,Dormant
ACC007591,CUST004509,BR051,79327300007590,Savings,151010.98,Inr,2023-07-10,Active
ACC007592,CUST002742,BR078,18250400007591,Current,-24861.28,Inr,2026-05-10,Active 
ACC007593,CUST000870,BR020,30041000007592,Salary,56899.8,INR,2025-04-23,Active
ACC007594,CUST000710,BR004,16163200007593,Savings,23729.74,inr,2022-10-29,Active
ACC007595,CUST000113,BR108,45907100007594,Current,123369.38,INR,2026-07-29,Active
ACC007596,CUST002799,BR092,21476900007595,Salary,115123.37,INR,2013-02-24,Closed
ACC007597,CUST000412,BR104,87483100007596,Savings,155235.19,INR,2024.07.04,Active
ACC007598,CUST000453,BR054,79585600007597,Savings,86505.86,EUR,2016-12-03,Dormant
ACC007599,CUST001194,BR034,85847700007598,Current,4051.6,INR,2021-05-24,Active
ACC007600,CUST002206,BR122,14026800007599,Current,80947.67,INR,2025-04-03,Active
ACC007601,CUST000560,BR110,18972300007600,,222678.52,INR,2026-05-30,Active
ACC007602,CUST004257,BR009,79435500007601,Salary,49032.08,INR,2026-07-26,Active
ACC007603,CUST004196,BR146,87385200007602,Savings,39531.71,INR,2026-01-13,Active
ACC007604,CUST001446,BR084,10366900007603,Savings,46155.2,INR,2026-03-05,Active
ACC007605,CUST003060,BR045,64464600007604,Savings,95472.6,INR,2025-05-02,Active
ACC007606,CUST003200,BR055,16855300007605,Salary,33861.88,INR,2026-05-20,active
ACC007607,CUST000533,BR083,17193800007606,Savings,118727.87,INR,2023-12-23,Active
ACC007608,CUST003184,BR014,88496800007607,Current,9927.13,INR,2025-08-08,Active
ACC007609,CUST002664,BR013,61707600007608,Salary,157606.59,EUR,2025-05-02,Dormant
ACC007610,CUST001894,BR063,84300300007609,Savings,50058.39,INR,2025-09-09,Active
ACC007611,CUST000300,BR144,98317600007610,Savings,111278.03,inr,2020-01-11,Active
ACC007612,CUST000441,BR062,62588100007611,Salary,46669.28,INR,2023-03-17,Active
ACC007613,CUST003148,BR129,10393000007612,Savings,42389.4,inr,28/05/2026,Active
ACC007614,CUST001493,BR113,30295400007613,Savings,56933.66,INR,2025-12-14,Active
ACC007615,CUST000293,BR128,83910600007614,Savings,108442.43,gbp,2021-02-17,Active
ACC007616,CUST001314,BR023,14270000007615,Current,43879.89,INR,2024-12-21,Active
ACC007617,CUST004240,BR150,67326300007616,Savings,97991.94,INR,05/30/2020,Active
ACC007618,CUST001875,BR125,44764700007617,Salary,80495.16,INR,2017-12-11,Dormant
ACC007619,CUST000365,BR129,77132300007618,Salary,157282.94,EUR,2019-09-06,Active
ACC007620,CUST001108,BR008,80604000007619,Savings,108050.67,INR,2017-12-16,Active
ACC007621,CUST000762,BR040,45763200007620,Savings,21264.02,INR,15/03/2021,Active
ACC007622,CUST002531,BR078,58933400007621,Current,61058.27,INR,2026-04-20,Active
ACC007623,CUST001200,BR095,50793700007622,Savings,96237.12,INR,2021-08-18,Active 
ACC007624,CUST001950,BR098,83458800007623,Savings,31102.13,inr,2022-05-26,Active
ACC007625,CUST004344,BR147,85979100007624,Savings,88811.52,INR,2019-11-04,Active
ACC007626,CUST003781,BR003,70960700007625,Current,132397.58,INR,2024-12-02,Active 
ACC007627,CUST000363,BR038,21414500007626,Savings,39855.5,INR,2020-02-06,Active
ACC007628,CUST004032,BR011,90892000007627,Savings,93750.92,INR,2025.01.18,Active
ACC007629,CUST003327,BR080,71187200007628,Current,358104.0,GBP,2024-07-14,Active
ACC007630,CUST001656,BR042,78460800007629,Salary,69576.51,INR,2018-06-25,Active
ACC007631,CUST004244,BR093,27013600007630,Savings,88861.74,INR,2022.09.13,Active
ACC007632,CUST003288,BR058,25816800007631,Current,77123.35,INR,2026-03-18,Active
ACC007633,CUST001505,BR039,78167400007632,Savings,49612.71,EUR,2025-12-05,Active
ACC007634,CUST000989,BR052,29840400007633,Savings,45279.57,INR,2026-03-19,active
ACC007635,CUST001451,BR095,83359200007634,Savings,40700.5,INR,2020-05-02,Active
ACC007636,CUST004112,BR146,36699500007635,Salary,23524.99,INR,2026-07-14,Closed
ACC007637,CUST004934,BR026,97318600007636,Savings,34111.17,EUR,2026-01-24,Active
ACC007638,CUST002496,BR026,33940800007637,Salary,133785.1,INR,2025-10-14,Active
ACC007639,CUST001122,BR145,51581100007638,Savings,147631.33,INR,2020-04-29,Active
ACC007640,CUST001328,BR134,22067800007639,Current,81801.0,INR,2026-06-27,Active
ACC007641,CUST002645,BR134,43443700007640,Savings,55247.39,INR,2017-04-08,Dormant
ACC007642,CUST002483,BR142,81438700007641,Current,24985.75,INR,2019-07-29,Dormant
ACC007643,CUST004359,BR033,90282300007642,Salary,83223.39,INR,2023-02-12,Active
ACC007644,CUST000545,BR027,36866600007643,Salary,126462.93,INR,2025.03.04,Closed
ACC007645,CUST004490,BR099,69931000007644,Salary,152366.6,INR,2026-06-28,Active
ACC007646,CUST003192,BR114,55534200007645,Savings,194420.76,INR,2024-11-21,Active
ACC007647,CUST002153,BR125,22080500007646,Salary,37100.1,INR,2021-04-09,Active
ACC007648,CUST003113,BR150,95088300007647,Salary,173919.19,INR,2023-07-29,Active
ACC007649,CUST000155,BR135,22767800007648,Savings,70170.52,INR,2025-11-23,Active
ACC007650,CUST002610,BR038,36599800007649,Savings,86491.14,INR,2025-05-25,Active
ACC007651,CUST004103,BR045,24005900007650,Savings,80047.49,INR,2026-06-25,Active
ACC007652,CUST003471,BR076,64481400007651,Current,47657.82,INR,2022-08-24,Active
ACC007653,CUST002566,BR045,95957900007652,Savings,95183.06,INR,2016-10-04,Active
ACC007654,CUST003790,BR114,55977900007653,Savings,27135.97,inr,2022-07-30,Active
ACC007655,CUST001288,BR124,38751700007654,Savings,161931.05,INR,2022-05-26,Active
ACC007656,CUST003371,BR111,90640500007655,Current,72646.7,INR,2026-02-21,Active
ACC007657,CUST004476,BR002,93345000007656,Savings,5170.07,INR,2024-03-21,Active
ACC007658,CUST002184,BR125,95381700007657,Salary,275737.51,INR,2025-09-07,Closed
ACC007659,CUST004595,BR044,58459300007658,Savings,79633.85,INR,2024-10-28,Active
ACC007660,CUST004468,BR053,98613000007659,Savings,29476.03,inr,2016-04-18,Active
ACC007661,CUST004517,BR084,17276400007660,Current,118282.41,INR,2026-05-18,Active
ACC007662,CUST001507,BR019,31255500007661,Savings,31899.73,Eur,2020-08-11,Closed
ACC007663,CUST003160,BR110,93373000007662,Salary,40200.87,Gbp,2021-06-05,Active
ACC007664,CUST002725,BR102,93931700007663,Salary,56299.44,INR,2019-07-12,Active
ACC007665,CUST004120,BR068,96086200007664,Savings,26253.39,INR,2025-12-27,Closed
ACC007666,CUST000320,BR051,86430100007665,Savings,80734.24,INR,2019-04-04,Active
ACC007667,CUST001101,BR043,35449600007666,Savings,34194.29,EUR,2022-06-21,Active
ACC007668,CUST003644,BR097,55703100007667,Savings,138852.19,INR,2025-03-24,Active
ACC007669,CUST003822,BR149,13435500007668,Savings,39467.65,INR,2026-03-28,Active
ACC007670,CUST003309,BR072,63810100007669,Salary,13562.55,INR,2022-06-02,Active
ACC007671,CUST004771,BR147,69363800007670,Savings,71937.04,INR,2015-06-14,Active
ACC007672,CUST004157,BR069,10932700007671,Salary,49610.12,INR,2025-07-12,ACTIVE
ACC007673,CUST002158,BR001,77736400007672,Savings,81914.41,INR,2015-04-18,Active
ACC007674,CUST000688,BR133,88653900007673,Savings,128826.69,GBP,2026-06-26,Active
ACC007675,CUST002842,BR053,46253500007674,Savings,26350.43,INR,2015-03-02,Active
ACC007676,CUST001617,BR097,31234100007675,Savings,177058.05,USD,2023-10-22,Active
ACC007677,CUST000240,BR071,41666300007676,Savings,112035.41,INR,2016-09-24,Dormant
ACC007678,CUST002413,BR094,55824300007677,Current,26630.45,INR,2026-06-16,Active
ACC007679,CUST000367,BR115,12636000007678,Salary,21919.55,INR,2026-07-30,Active
ACC007680,CUST001023,BR146,70862300007679,Savings,114590.97,INR,2022-08-13,Active
ACC007681,CUST003292,BR144,65783100007680,Salary,171748.57,INR,2024-07-27,Active
ACC007682,CUST002589,BR041,82398800007681,Savings,56231.52,INR,2019-10-07,Active
ACC007683,CUST004473,BR004,85692800007682,Salary,9648.33,INR,2015-07-13,Active
ACC007684,CUST004824,BR104,81618400007683,Savings,109884.14,INR,2019-05-02,Active
ACC007685,CUST004587,BR031,67202400007684,Savings,163469.49,INR,2021-07-28,Active
ACC007686,CUST003454,BR054,67476900007685,Salary,23215.21,INR,2025-03-11,Active
ACC007687,CUST003573,BR114,37289700007686,Savings,33543.31,INR,2025-08-07,Active
ACC007688,CUST003499,BR090,37866300007687,Salary,73073.82,INR,2026-06-08,Closed
ACC007689,CUST002022,BR090,76450000007688,Salary,100213.2,INR,2022-11-19,Dormant
ACC007690,CUST001571,BR123,85773000007689,Savings,86701.96,INR,2026-07-24,Active
ACC007691,CUST003630,BR095,63849800007690,Savings,18937.96,INR,2018-01-09,Active
ACC007692,CUST004788,BR139,36391800007691,Savings,60927.64,USD,2022-05-12,Active
ACC007693,CUST002682,BR030,48076800007692,Savings,40503.54,INR,2023-05-11,Active
ACC007694,CUST800075,BR065,85263200007693,Current,179155.01,INR,2025-08-16,Active
ACC007695,CUST001984,BR067,73100300007694,Savings,82366.92,INR,2019-09-20,Active
ACC007696,CUST003637,BR125,34552900007695,Savings,33435.78,INR,2022-09-03,Active
ACC007697,CUST000538,BR126,49837200007696,Savings,40509.03,INR,2019-02-11,Active
ACC007698,CUST000575,BR051,46571000007697,Salary,34760.02,INR,2025-01-08,ACTIVE
ACC007699,CUST001266,BR138,10081300007698,Savings,16074.82,INR,2022-01-17,Closed
ACC007700,CUST001213,BR100,44265500007699,Current,26549.24,INR,2024-10-15,Active
ACC007701,CUST000278,BR036,62519200007700,Savings,47051.62,INR,2026-01-07,Active
ACC007702,CUST002530,BR132,72545300007701,Savings,50859.46,EUR,2026-03-27,Active
ACC007703,CUST004814,BR026,74918300007702,Salary,83993.1,INR,2024-10-13,Active
ACC007704,CUST003009,BR103,68719500007703,Savings,55662.6,INR,2026-06-22,Active
ACC007705,CUST004380,BR140,81417100007704,Current,107121.57,INR,2022.10.29,Active
ACC007706,CUST001769,BR106,31056400007705,Savings,55291.52,INR,2025-12-12,Active
ACC007707,CUST004165,BR076,11237000007706,Savings,90936.54,INR,2026-06-18,Dormant
ACC007708,CUST001622,BR126,37881700007707,Salary,-36555.35,INR,2025-06-06,Active
ACC007709,CUST004545,BR029,63197100007708,Savings,127667.62,INR,2024-04-14,Active
ACC007710,CUST004646,BR038,76336700007709,Savings,91092.2,INR,2024-12-17,Active
ACC007711,CUST003116,BR097,35787200007710,Savings,42525.48,INR,18/10/2024,Active
ACC007712,CUST003784,BR113,16735800007711,Current,66210.61,INR,2020-05-03,Active
ACC007713,CUST001015,BR042,16515700007712,Salary,41446.55,INR,2022-07-15,Active
ACC007714,CUST002475,BR096,91176600007713,Savings,58237.73,INR,2024-12-13,Active
ACC007715,CUST004658,BR119,56343700007714,Savings,33993.15,INR,2026-05-22,active
ACC007716,CUST004589,BR082,89553300007715,Salary,,INR,2026-03-15,Active
ACC007717,CUST004535,BR025,28025400007716,Salary,160111.24,INR,2022-08-08,Dormant
ACC007718,CUST003606,BR147,11617300007717,Salary,119889.75,USD,2025-08-15,Active
ACC007719,CUST000844,BR054,68190800007718,Savings,44880.78,INR,2015-12-06,Active
ACC007720,CUST002641,BR062,79074600007719,Savings,49476.33,INR,2022-02-25,Active
ACC007721,CUST002080,BR086,52715900007720,Savings,11304.35,INR,2022-03-17,Active
ACC007722,CUST003173,BR036,10327600007721,Savings,27522.55,INR,08/13/2025,Active
ACC007723,CUST000142,BR012,74545600007722,Salary,188873.73,INR,2026-03-17,Active
ACC007724,CUST002756,BR126,37674000007723,Salary,178870.95,INR,2019-10-30,Active
ACC007725,CUST001095,BR113,24316500007724,Current,145360.68,INR,2019-09-08,Closed
ACC007726,CUST004617,BR028,33957800007725,Savings,152750.22,INR,2025-04-24,Active
ACC007727,CUST003081,BR078,10742700007726,Savings,24135.39,INR,2019-12-11,Active
ACC007728,CUST000033,BR112,80986100007727,Savings,112196.28,INR,2025-08-27,Active
ACC007729,CUST000723,BR148,51748500007728,Savings,103287.46,INR,02/07/2016,Active
ACC007730,CUST003800,BR140,22829700007729,Savings,117455.67,Inr,2026-05-11,Active
ACC007731,CUST003330,BR010,86649400007730,Current,211076.99,INR,2025.08.18,Closed
ACC007732,CUST000215,BR124,36653800007731,Salary,11461.73,INR,2025-04-28,Closed
ACC007733,CUST004864,BR022,53719600007732,Salary,12500.42,INR,2021-04-08,Active
ACC007734,CUST000261,BR095,75761500007733,Savings,29497.58,GBP,2026-02-05,Active
ACC007735,CUST002742,BR089,63783700007734,Savings,21932.42,INR,2026-06-03,Active
ACC007736,CUST004467,BR139,12753900007735,Savings,56772.34,INR,2026-07-26,Active
ACC007737,CUST002771,BR088,54656100007736,Salary,84009.15,INR,2025-10-05,Active
ACC007738,CUST004820,BR074,34978100007737,Savings,99650.93,INR,2026-04-16,Active
ACC007739,CUST003052,BR091,89028300007738,,15724.19,INR,2020-09-10,Active
ACC007740,CUST004015,BR012,99953700007739,Savings,39867.81,inr,2021-06-04,Active
ACC007741,CUST001278,BR005,63459500007740,Salary,82250.21,GBP,2022-08-11,Active
ACC007742,CUST004292,BR111,87041700007741,Savings,,INR,2019-08-10,Active
ACC007743,CUST004829,BR075,62662800007742,Savings,53023.48,INR,2015-05-13,Active
ACC007744,CUST004656,BR108,68862000007743,Current,136961.4,INR,2026-07-30,Active
ACC007745,CUST002230,BR073,35038000007744,Savings,42041.16,GBP,2026-07-31,ACTIVE
ACC007746,CUST000743,BR130,48791600007745,Savings,182577.3,INR,2024-02-13,Active
ACC007747,CUST000255,BR047,30101900007746,Savings,31106.06,INR,2018-09-14,Active
ACC007748,CUST001742,BR061,76660600007747,Savings,33525.65,INR,2023-07-30,Dormant
ACC007749,CUST003513,BR040,79797600007748,Savings,87767.95,INR,2023-09-10,Active
ACC007750,CUST000884,BR022,47309900007749,Salary,46566.52,inr,2026-03-20,Active
ACC007751,CUST003339,BR018,38401800007750,Savings,,INR,2024-01-27,Active
ACC007752,CUST004943,BR016,16566200007751,Savings,39951.8,INR,2025-10-18,Active
ACC007753,CUST004687,BR015,33465800007752,,81300.34,INR,2016-12-03,Active
ACC007754,CUST002310,BR052,55323500007753,Savings,13033.24,Inr,2025-04-15,Active
ACC007755,CUST000419,BR067,89349500007754,Savings,31314.09,INR,2021-04-05,Active
ACC007756,CUST004295,BR119,68572900007755,Salary,50103.88,INR,2023-10-24,Active
ACC007757,CUST001936,BR124,56733200007756,Salary,92303.23,INR,2015-08-16,Active
ACC007758,CUST002814,BR079,62020400007757,Savings,43196.76,INR,2021-05-24,Active
ACC007759,CUST001927,BR089,43721100007758,Salary,216054.5,INR,2013-03-28,Active
ACC007760,CUST000267,BR026,56674900007759,Savings,102780.75,INR,2022-09-17,Active
ACC007761,CUST001184,BR040,90998700007760,Savings,90735.55,INR,2026-06-13,Active
ACC007762,CUST001588,BR037,98423400007761,Savings,65343.77,Inr,2017-07-19,Closed
ACC007763,CUST004201,BR075,35193800007762,Savings,76561.06,USD,2019-09-09,Active
ACC007764,CUST002311,BR053,10366800007763,Savings,55464.78,INR,2024-11-27,Active
ACC007765,CUST001950,BR032,34718000007764,Current,100483.67,INR,2021-04-13,Active
ACC007766,CUST002601,BR073,45377500007765,Salary,122328.54,INR,2025-12-17,Active
ACC007767,CUST000093,BR018,99336100007766,Salary,70171.09,INR,2015-02-04,Active
ACC007768,CUST004314,BR126,23674800007767,Savings,216469.43,INR,2024-07-23,Active
ACC007769,CUST003280,BR114,89315500007768,Current,42370.76,INR,2015-08-16,Active
ACC007770,CUST001844,BR149,44441300007769,Salary,180411.0,INR,2019-05-18,Active
ACC007771,CUST003774,BR041,79045400007770,Savings,101781.47,INR,06/08/2021,Active
ACC007772,CUST002939,BR090,41831400007771,Savings,55354.49,INR,2021-02-05,Active
ACC007773,CUST003508,BR122,77378900007772,Current,47275.98,INR,2018-03-10,Active
ACC007774,CUST002212,BR059,14147200007773,Savings,13442.61,INR,2025-12-10,Active 
ACC007775,CUST000003,BR141,30785500007774,Current,136191.78,INR,2023-02-25,Active
ACC007776,CUST002275,BR028,22810900007775,Savings,176560.24,INR,2022-12-26,Active
ACC007777,CUST003440,BR026,80007900007776,Savings,84589.35,INR,2026-06-14,Closed
ACC007778,CUST001610,BR077,79035500007777,Salary,40548.75,INR,2022-12-13,Active
ACC007779,CUST003485,BR054,18536600007778,Savings,27592.84,INR,2024-07-26,Active
ACC007780,CUST000208,BR092,46481300007779,Salary,88575.24,INR,2024-02-08,Active
ACC007781,CUST002113,BR128,65155700007780,Current,84169.47,INR,2018-06-26,Active
ACC007782,CUST002319,BR050,91874700007781,Savings,61712.95,INR,2025-08-21,Active
ACC007783,CUST800076,BR112,56309100007782,Savings,68260.34,INR,05/25/2026,Active
ACC007784,CUST001791,BR049,99602400007783,Salary,107021.73,USD,2023.07.11,Active
ACC007785,CUST004366,BR007,78169400007784,Savings,75911.54,INR,2022-08-29,Active
ACC007786,CUST004832,BR125,89504700007785,Savings,70648.59,INR,2023-02-10,Active
ACC007787,CUST000912,BR079,97497000007786,Savings,94569.69,INR,2018-10-09,Dormant
ACC007788,CUST001886,BR099,68361900007787,Salary,193262.17,INR,23/03/2025,Active
ACC007789,CUST004261,BR057,72618500007788,Savings,23712.79,INR,2021-05-04,Active
ACC007790,CUST004423,BR068,60249700007789,Savings,63432.72,EUR,2025-09-27,Active
ACC007791,CUST000134,BR123,86407900007790,Salary,23796.6,INR,2025-08-26,active
ACC007792,CUST004905,BR084,76296200007791,Savings,-17180.22,EUR,2020-12-01,Active
ACC007793,CUST001526,BR023,46193900007792,Savings,81122.36,INR,2020-09-22,Active
ACC007794,CUST003432,BR076,10728800007793,Savings,116458.84,INR,2025-09-21,Active
ACC007795,CUST003847,BR021,91287100007794,Savings,42780.41,INR,2023-06-25,Dormant
ACC007796,CUST003229,BR027,20522800007795,Savings,68511.44,INR,2026-01-31,Active
ACC007797,CUST000564,BR148,83772600007796,Savings,89027.0,INR,2020-10-18,Active
ACC007798,CUST004395,BR131,13781300007797,Current,163907.49,INR,2026-03-20,Active
ACC007799,CUST001838,BR131,72666000007798,Savings,15202.69,INR,2022-10-30,ACTIVE
ACC007800,CUST001058,BR014,83051600007799,Salary,83435.71,INR,2023-10-15,Active
ACC007801,CUST003647,BR150,31207700007800,Savings,135213.53,INR,2023-09-15,Closed
ACC007802,CUST003505,BR032,23482600007801,Savings,89645.59,GBP,2025-06-29,Active
ACC007803,CUST003731,BR027,72083800007802,Salary,27933.21,INR,2025-09-08,Active
ACC007804,CUST004385,BR085,92696100007803,Salary,43357.78,INR,2017-04-24,Active
ACC007805,CUST002522,BR058,31604900007804,Current,,inr,2026-06-25,Active
ACC007806,CUST000813,BR070,64127900007805,Current,7256.91,INR,2024-03-13,Dormant
ACC007807,CUST004440,BR130,99572000007806,Current,169096.44,INR,2025-09-05,Closed
ACC007808,CUST004254,BR090,99657700007807,Savings,17946.76,INR,2021-10-21,Active
ACC007809,CUST003249,BR045,67507800007808,Current,39508.26,GBP,2026-02-17,Active
ACC007810,CUST000395,BR138,75151000007809,Savings,74691.27,INR,2021-03-30,Active
ACC007811,CUST004812,BR106,52715700007810,Salary,29092.42,GBP,2024-09-06,Dormant
ACC007812,CUST001768,BR043,17874300007811,Savings,48157.29,INR,2018-10-07,Active
ACC007813,CUST003883,BR009,65660000007812,Current,148965.32,INR,2019-10-27,Active
ACC007814,CUST004038,BR023,53876200007813,Savings,183238.99,INR,2022-05-10,Active
ACC007815,CUST001307,BR031,31643200007814,Savings,46447.02,inr,2021-01-31,Active
ACC007816,CUST000131,BR019,25485900007815,Savings,57469.96,INR,2016-12-10,Dormant
ACC007817,CUST002998,BR139,85584900007816,Savings,18617.59,INR,2018-12-08,Active
ACC007818,CUST001303,BR009,17239500007817,Savings,32754.49,INR,2017-01-05,Active
ACC007819,CUST003203,BR143,77786500007818,Current,85687.14,INR,2023-04-08,Active
ACC007820,CUST003644,BR119,63780100007819,Savings,73747.15,INR,2021-05-25,Active
ACC007821,CUST001494,BR012,27674500007820,Savings,105022.02,Inr,2025-10-12,Active
ACC007822,CUST000461,BR069,42188800007821,Current,54295.81,INR,2022-06-04,Active
ACC007823,CUST002180,BR002,18751400007822,Savings,112277.03,INR,2025-04-02,Active
ACC007824,CUST000534,BR039,50656500007823,,84975.31,INR,2025-09-25,Active
ACC007825,CUST000614,BR041,63745200007824,Current,26537.75,INR,2019-05-16,Active
ACC007826,CUST003710,BR102,50606300007825,Salary,75911.79,INR,2026-07-05,Active
ACC007827,CUST002681,BR029,59734100007826,Salary,137153.15,INR,2024-04-22,Active
ACC007828,CUST000402,BR117,19807300007827,Savings,7698.83,INR,2021-01-02,Active
ACC007829,CUST004839,BR106,48636700007828,Savings,57363.69,INR,2026-04-13,Active
ACC007830,CUST003404,BR141,10477800007829,Current,31284.32,INR,2026-03-07,Active
ACC007831,CUST004912,BR083,78267400007830,Savings,81243.92,Inr,2026-07-28,Active
ACC007832,CUST001282,BR060,92779100007831,Current,47594.11,INR,2021-09-12,Active
ACC007833,CUST004088,BR108,12499300007832,Salary,88694.64,INR,2020-05-15,Active
ACC007834,CUST003830,BR104,41706900007833,Savings,114897.37,INR,2024-04-02,Active
ACC007835,CUST000277,BR032,52310100007834,Salary,52162.77,inr,2023-09-14,Active
ACC007836,CUST001709,BR041,15998900007835,Current,80106.79,INR,2025-06-07,Active
ACC007837,CUST004830,BR096,81235900007836,Salary,145909.65,INR,2023-08-09,Active
ACC007838,CUST002394,BR130,43375300007837,Savings,78842.32,INR,2025-01-02,Active
ACC007839,CUST001183,BR079,66432000007838,Savings,21333.38,INR,2025-02-21,Dormant
ACC007840,CUST003878,BR137,71091400007839,Salary,23429.28,INR,2018-06-15,Active
ACC007841,CUST002538,BR082,52471700007840,Salary,48172.98,INR,2025-05-20,Active
ACC007842,CUST003462,BR095,59931000007841,Savings,64517.68,EUR,2025-09-04,Active
ACC007843,CUST002109,BR055,14424500007842,Savings,97941.15,INR,2021-04-09,Active
ACC007844,CUST001763,BR099,35824000007843,Savings,53436.34,INR,2024-05-09,ACTIVE
ACC007845,CUST003196,BR012,39772400007844,Savings,22376.19,INR,2026-07-25,Active
ACC007846,CUST002833,BR099,34491700007845,Savings,124029.06,INR,2026-01-28,Dormant
ACC007847,CUST003864,BR061,60105200007846,Salary,81543.54,INR,2026-02-14,Active
ACC007848,CUST800077,BR089,66716000007847,Savings,25935.61,INR,2024-09-27,Active
ACC007849,CUST001598,BR149,64336700007848,Savings,9262.51,INR,25/04/2018,Closed
ACC007850,CUST001379,BR066,44528900007849,Current,85378.01,INR,2025-02-27,Active
ACC007851,CUST002390,BR102,38780300007850,Current,59738.86,INR,2020-04-15,Active
ACC007852,CUST000371,BR112,64462800007851,Salary,84209.47,INR,2023-01-09,Active
ACC007853,CUST000878,BR026,88022100007852,Savings,38066.93,INR,2017-06-23,Active
ACC007854,CUST004448,BR147,31657700007853,Savings,109582.79,INR,2025-06-09,Active
ACC007855,CUST800078,BR084,19814600007854,Savings,30618.78,Inr,2013-04-09,Active
ACC007856,CUST002899,BR112,41543100007855,Current,69827.91,INR,2020.10.09,Active
ACC007857,CUST004924,BR020,31894600007856,Salary,126604.33,Inr,2024-08-27,Active
ACC007858,CUST000210,BR047,84936900007857,Savings,84466.12,INR,2020-11-20,Active
ACC007859,CUST001670,BR141,86276800007858,Salary,18117.21,INR,2017-05-25,Active
ACC007860,CUST004614,BR076,59922000007859,Salary,121646.09,INR,2026-02-24,Active
ACC007861,CUST003989,BR004,45876700007860,Savings,78528.59,INR,2024-04-01,Active
ACC007862,CUST004710,BR090,45386300007861,Savings,101491.11,INR,2014-07-18,Active
ACC007863,CUST003199,BR128,33739300007862,Savings,19812.54,inr,2025-02-07,Active
ACC007864,CUST003326,BR013,28764000007863,Salary,95823.71,INR,2018-10-31,Active
ACC007865,CUST004358,BR029,58690200007864,Savings,21869.34,INR,2022-06-01,Active
ACC007866,CUST003869,BR074,64478100007865,Savings,97184.02,inr,2023-10-19,Active
ACC007867,CUST002321,BR061,61951600007866,Savings,71864.46,INR,2020-04-05,Active
ACC007868,CUST002533,BR016,46358000007867,Salary,39198.78,INR,2015-10-24,Active
ACC007869,CUST000356,BR029,81214400007868,Savings,66656.89,INR,2023-09-01,Dormant
ACC007870,CUST001235,BR077,38967600007869,Savings,29351.38,INR,2026-07-15,Active
ACC007871,CUST002812,BR090,74674400007870,Savings,37817.0,INR,2023-02-27,Active
ACC007872,CUST000561,BR014,67640300007871,Savings,53437.76,INR,2025-12-04,Active
ACC007873,CUST001627,BR108,42508100007872,Savings,83534.16,INR,2022-01-10,Dormant
ACC007874,CUST003520,BR055,62954200007873,Savings,35815.27,INR,2021-06-05,Active
ACC007875,CUST002992,BR150,29355400007874,Savings,60437.32,INR,2024-04-22,Active
ACC007876,CUST001916,BR144,29179300007875,Savings,117756.28,INR,2019-08-20,Active
ACC007877,CUST003632,BR093,43492000007876,Salary,57041.81,INR,2026-02-03,Active
ACC007878,CUST003804,BR002,79062300007877,Savings,55088.79,INR,2014-02-21,Dormant
ACC007879,CUST002901,BR020,80242600007878,Savings,124185.73,INR,14/10/2021,Active
ACC007880,CUST004136,BR042,79951600007879,Savings,44179.73,INR,2020-02-21,Active
ACC007881,CUST002809,BR067,44767700007880,Savings,41682.07,INR,2025-12-07,Active
ACC007882,CUST001256,BR056,64863400007881,Current,130864.53,INR,2023-07-03,Dormant
ACC007883,CUST002505,BR117,98067600007882,Salary,76475.86,INR,2024-01-23,Active
ACC007884,CUST001726,BR089,64755000007883,Savings,52659.85,inr,2024-01-18,Dormant
ACC007885,CUST003337,BR045,79752300007884,Current,69902.98,INR,2022-04-07,Active
ACC007886,CUST002996,BR145,36287800007885,Salary,,INR,2021-12-14,Active
ACC007887,CUST001040,BR135,66608500007886,Current,44205.64,INR,2024-09-05,Dormant
ACC007888,CUST004984,BR096,45802900007887,Salary,10533.29,INR,2014-05-31,Active
ACC007889,CUST002575,BR033,89896900007888,Savings,78935.77,INR,2020-03-03,Active
ACC007890,CUST001626,BR135,87271000007889,Savings,121020.18,INR,2024-02-10,Active
ACC007891,CUST002736,BR110,82573100007890,Savings,63073.7,INR,2022-06-30,Active
ACC007892,CUST002010,BR025,85353000007891,Savings,169272.52,INR,2025-11-12,Active
ACC007893,CUST000096,BR027,58573000007892,Savings,62623.02,inr,2022-05-23,Closed
ACC007894,CUST004220,BR044,87471500007893,Salary,32143.72,INR,2026-04-04,Active
ACC007895,CUST004955,BR095,13736000007894,Savings,25551.16,INR,2017-03-27,Active
ACC007896,CUST001304,BR134,86987600007895,Salary,104165.83,INR,2020-03-19,Dormant
ACC007897,CUST002770,BR021,63093100007896,Savings,53717.2,INR,2022-07-22,Active
ACC007898,CUST000408,BR001,85743800007897,Salary,18921.23,INR,2026-07-07,Active
ACC007899,CUST002691,BR103,75899300007898,Savings,26325.36,INR,2024-10-30,Dormant
ACC007900,CUST002827,BR069,52715800007899,Savings,68145.81,INR,2024-05-11,Active
ACC007901,CUST001505,BR012,82562000007900,Current,,INR,2025-10-30,Active
ACC007902,CUST004885,BR068,41445600007901,Savings,37828.34,USD,2024-08-18,Active
ACC007903,CUST001589,BR006,51444200007902,Salary,68391.34,INR,2024-12-30,Active
ACC007904,CUST001740,BR142,96214100007903,Savings,123344.7,INR,08/22/2025,Active
ACC007905,CUST000016,BR130,59824400007904,Savings,218601.43,INR,2025-08-03,Active
ACC007906,CUST003902,BR068,78599500007905,Salary,48128.33,INR,2025-11-13,Active
ACC007907,CUST004761,BR124,47734000007906,Savings,44255.82,INR,2014-10-17,Active
ACC007908,CUST001862,BR136,11278100007907,Current,67040.2,GBP,2014-12-06,Active
ACC007909,CUST001505,BR005,99375700007908,Savings,66509.43,INR,2024-01-09,Active
ACC007910,CUST001753,BR088,24077200007909,Current,109649.67,INR,2023-05-11,Active 
ACC007911,CUST000112,BR034,61227400007910,Current,73578.69,INR,2026-02-16,Active 
ACC007912,CUST001103,BR045,71574300007911,Salary,41663.5,INR,2026-03-14,Active
ACC007913,CUST003984,BR096,86858900007912,Savings,40941.2,INR,2025-05-27,Active
ACC007914,CUST003752,BR023,78746000007913,Savings,50788.27,INR,2021-05-09,Active
ACC007915,CUST002491,BR138,83257400007914,Savings,87989.5,INR,2024-01-20,Active
ACC007916,CUST001898,BR074,19856700007915,,18238.65,Inr,2018-04-13,Active
ACC007917,CUST000239,BR131,41226800007916,Savings,94852.09,INR,2022-05-29,Active
ACC007918,CUST001985,BR003,60681000007917,Salary,17924.43,INR,2022-09-13,Active
ACC007919,CUST001780,BR119,85194800007918,Salary,26365.57,EUR,2020-03-22,Active
ACC007920,CUST000868,BR051,60808300007919,Salary,9589.26,INR,2025-12-19,Active
ACC007921,CUST001487,BR106,93925500007920,Savings,149919.24,INR,2018-02-10,Active
ACC007922,CUST004313,BR079,46625200007921,Savings,69857.86,INR,2024-01-14,Active
ACC007923,CUST000084,BR087,43292200007922,Savings,82971.83,INR,2026-06-06,Closed
ACC007924,CUST003442,BR084,59485000007923,Salary,22623.76,INR,2020-12-13,Active
ACC007925,CUST002272,BR073,20064200007924,Salary,70949.49,INR,2024-03-04,active
ACC007926,CUST004118,BR067,14621700007925,Savings,70086.29,INR,2021-10-02,Active
ACC007927,CUST004049,BR146,36896000007926,Savings,49535.12,INR,2024-03-16,Active
ACC007928,CUST800079,BR145,47135600007927,Salary,92174.23,INR,2023-05-24,Dormant
ACC007929,CUST000570,BR089,44473800007928,Savings,80032.68,INR,2025-04-27,Dormant
ACC007930,CUST001691,BR023,25510200007929,Savings,57321.27,INR,2025-05-05,Active 
ACC007931,CUST003659,BR008,85752100007930,Current,80177.41,INR,2026-01-09,Dormant
ACC007932,CUST004432,BR150,65351000007931,Savings,70029.56,INR,2021-03-23,Active
ACC007933,CUST002754,BR028,49881600007932,Savings,,INR,2024-04-26,Active
ACC007934,CUST001092,BR104,59629900007933,Salary,24345.27,INR,2023-07-03,Active
ACC007935,CUST000443,BR107,70105900007934,Savings,149483.95,INR,2020-08-29,Active
ACC007936,CUST004666,BR124,10296100007935,Current,54875.56,INR,12/05/2026,Active
ACC007937,CUST002680,BR046,92013500007936,Salary,67201.64,EUR,2018-11-28,Active
ACC007938,CUST000007,BR096,96468300007937,Savings,20192.73,EUR,2023-07-13,Active
ACC007939,CUST004989,BR069,21462100007938,Savings,31900.29,INR,2025-08-28,Dormant
ACC007940,CUST000967,BR033,46146300007939,Current,62361.36,inr,2025-02-01,Active
ACC007941,CUST000769,BR110,85457400007940,Savings,80353.07,INR,2024-12-31,Active
ACC007942,CUST004228,BR113,29997800007941,Savings,111285.2,GBP,2020-09-14,Active
ACC007943,CUST003662,BR078,56902400007942,Savings,17062.92,INR,2026-05-04,Active
ACC007944,CUST001998,BR128,54644100007943,Salary,37580.26,USD,2022-08-03,Active
ACC007945,CUST001152,BR094,74703800007944,Current,29495.49,GBP,2023-05-09,Active
ACC007946,CUST003762,BR113,65009600007945,Savings,47844.9,INR,2023.01.12,Dormant
ACC007947,CUST001595,BR113,15895000007946,Savings,71463.89,inr,2023-06-20,Active
ACC007948,CUST000509,BR132,95342300007947,Salary,97522.63,INR,2026-07-12,Active
ACC007949,CUST003058,BR096,85516800007948,Salary,193634.23,INR,2024-08-18,Active
ACC007950,CUST001817,BR010,95280100007949,Savings,45222.56,INR,2025-05-04,Active
ACC007951,CUST004843,BR145,15434700007950,Current,59731.02,INR,2019-10-03,Active
ACC007952,CUST002230,BR145,74910900007951,Savings,118734.69,Inr,2026-07-31,Active
ACC007953,CUST003134,BR110,52155800007952,Savings,48534.69,Inr,30/11/2025,Active
ACC007954,CUST004914,BR141,77641600007953,Salary,170065.05,INR,2024-01-21,Active
ACC007955,CUST004015,BR031,43747300007954,Savings,37073.06,INR,2024-10-19,Active
ACC007956,CUST002287,BR135,41814500007955,Savings,46505.76,INR,2024-07-24,Active
ACC007957,CUST001946,BR020,50725100007956,Savings,85390.81,INR,2017-05-01,Active
ACC007958,CUST000474,BR096,39030500007957,Savings,99009.38,INR,2024-12-23,Active
ACC007959,CUST001517,BR077,92673500007958,Salary,59958.69,INR,2020-10-07,Active
ACC007960,CUST001016,BR128,42153600007959,Savings,258052.6,INR,2024-01-09,active
ACC007961,CUST002245,BR081,36607900007960,Current,78247.53,INR,2025-02-18,Closed
ACC007962,CUST004852,BR091,44245600007961,Salary,40187.47,INR,2023-06-08,Active
ACC007963,CUST004424,BR048,35770400007962,Salary,57428.14,INR,2024-01-23,Active
ACC007964,CUST002434,BR074,63709500007963,Salary,20581.94,USD,2020-08-27,Active
ACC007965,CUST003445,BR056,12823300007964,Current,33867.59,INR,2024-12-23,Active
ACC007966,CUST003800,BR140,56683900007965,Savings,32599.62,INR,2025-11-09,Active
ACC007967,CUST003289,BR082,77623200007966,Savings,57412.65,INR,2020-05-01,Active
ACC007968,CUST003308,BR032,41811300007967,Salary,50420.68,INR,2026-07-25,Active
ACC007969,CUST000607,BR007,36816400007968,Savings,97376.9,INR,2026-07-29,Active
ACC007970,CUST000601,BR128,79023300007969,Savings,35379.19,INR,2026-06-09,Active
ACC007971,CUST003908,BR094,27003200007970,Savings,85246.07,inr,2025-09-11,Active
ACC007972,CUST002546,BR067,98264400007971,Savings,143589.13,INR,2026-01-03,Active
ACC007973,CUST001378,BR043,91547500007972,Savings,115577.78,INR,2012-12-07,Active
ACC007974,CUST000717,BR044,58691400007973,Savings,40801.32,GBP,2025-10-21,Active
ACC007975,CUST000268,BR094,12692700007974,Savings,151432.38,INR,2025-02-25,Dormant
ACC007976,CUST002776,BR076,41699600007975,Current,34493.93,INR,2026-01-21,Active
ACC007977,CUST003106,BR080,77453300007976,Salary,98770.46,INR,2016-01-11,Active
ACC007978,CUST000401,BR096,77803300007977,,65120.15,INR,2025-09-20,Dormant
ACC007979,CUST000677,BR140,12516100007978,,49750.02,INR,2015-01-02,Active
ACC007980,CUST003940,BR028,26960900007979,Savings,47407.78,INR,2024-04-19,Active
ACC007981,CUST004536,BR095,66584600007980,Savings,99735.54,INR,2020-02-25,Active
ACC007982,CUST001004,BR113,63860700007981,Savings,34805.22,INR,2024-05-20,Dormant
ACC007983,CUST003466,BR074,17130700007982,Savings,210438.73,INR,2020-07-03,Active
ACC007984,CUST002209,BR060,35427700007983,Salary,,INR,2025-03-10,Active
ACC007985,CUST000550,BR080,46933400007984,Savings,143723.32,INR,2023-12-22,Active
ACC007986,CUST000298,BR106,27019200007985,Current,61481.21,INR,2026-03-18,Active
ACC007987,CUST000511,BR052,62187400007986,Salary,58668.88,INR,2018-08-29,Active
ACC007988,CUST004458,BR024,57939200007987,,152173.02,INR,2020-12-15,Active
ACC007989,CUST000524,BR013,68580500007988,Savings,69298.67,INR,2025-09-02,Active
ACC007990,CUST000492,BR009,20663000007989,Savings,150014.0,INR,03/04/2026,Active
ACC007991,CUST002601,BR136,63730400007990,Savings,38414.24,INR,2025-02-02,Active
ACC007992,CUST002846,BR025,58655700007991,Salary,65211.87,gbp,2026-01-24,Dormant
ACC007993,CUST004182,BR100,68022600007992,Savings,9309.64,INR,2026-06-09,Active
ACC007994,CUST004558,BR028,87742000007993,Salary,84913.89,INR,2025-05-26,Active
ACC007995,CUST004727,BR079,86436700007994,Salary,66659.86,inr,2025-05-08,Active
ACC007996,CUST001387,BR115,76351500007995,Savings,34553.11,INR,2024-09-05,Dormant
ACC007997,CUST000603,BR022,34101800007996,Savings,44290.72,Inr,2024-04-15,Active
ACC007998,CUST000549,BR074,67167500007997,Current,89670.87,INR,2020-11-23,Active
ACC007999,CUST002123,BR064,21870700007998,Current,79788.73,INR,2025-08-23,Active
ACC008000,CUST003540,BR115,16549400007999,Savings,19266.61,INR,2026-07-11,Active
ACC003408,CUST001928,BR105,19790500003407,Savings,177651.79,Inr,2012-10-18,Active
ACC005597,CUST000063,BR146,27999500005596,Salary,173772.0,USD,2023-12-28,Dormant
ACC006040,CUST002250,BR140,76289500006039,Savings,25982.34,INR,2024-11-16,Dormant
ACC005969,CUST001961,BR067,33060700005968,Current,12593.36,INR,2017-03-06,Active
ACC002688,CUST004327,BR010,11702200002687,Current,39497.95,INR,2026-03-30,Active
ACC007876,CUST001916,BR144,29179300007875,Savings,117756.28,INR,2019-08-20,Active
ACC001552,CUST002771,BR026,97094300001551,Salary,32618.31,INR,2025-07-27,Active
ACC006297,CUST003204,BR078,56070700006296,Salary,14372.78,INR,2015-05-30,Active
ACC000869,CUST003347,BR025,62993800000868,Savings,70742.5,INR,2023-08-26,Active
ACC005059,CUST004082,BR074,15400900005058,Savings,11962.72,INR,2020-02-19,Active
ACC000241,CUST001176,BR060,57350200000240,Savings,79976.67,USD,2019-06-18,Active
ACC000110,CUST000610,BR087,27595800000109,Savings,112619.86,INR,2021-05-08,Active
ACC004627,CUST004836,BR137,58557900004626,Savings,37113.43,inr,2025-08-20,Active
ACC003250,CUST004268,BR118,16356600003249,Savings,173770.51,INR,2022-05-19,Active
ACC001152,CUST004792,BR027,48267300001151,Savings,77601.83,INR,2025-08-07,Dormant
ACC003197,CUST002034,BR134,74001500003196,Savings,17763.05,INR,2022-07-01,Active
ACC006879,CUST001745,BR144,18962600006878,Salary,127226.29,INR,2022-07-24,Active
ACC001324,CUST002991,BR002,30140600001323,Savings,47516.89,INR,2025-03-23,Active
ACC001819,CUST000053,BR093,38691600001818,Current,59764.49,INR,2026-07-26,Active
ACC000944,CUST002271,BR099,32495800000943,Savings,135104.13,INR,2015-09-19,Active
ACC006540,CUST003057,BR055,38839800006539,Savings,36183.42,INR,2023-05-16,Active
ACC005021,CUST003794,BR123,53016100005020,Savings,60234.13,INR,2023-08-02,Dormant
ACC006777,CUST002657,BR045,80641200006776,Savings,95155.3,inr,2021-02-03,Active
ACC000412,CUST003755,BR028,93413400000411,Salary,62130.74,inr,2024-06-29,Dormant
ACC002839,CUST003781,BR114,28501800002838,Salary,123368.82,INR,2022-09-03,Active
ACC005241,CUST000262,BR102,51237700005240,Savings,86039.63,INR,2023.11.04,Active
ACC006116,CUST002963,BR001,46380900006115,Current,92201.66,Inr,2022-10-26,Active
ACC007912,CUST001103,BR045,71574300007911,Salary,41663.5,INR,2026-03-14,Active
ACC002485,CUST002975,BR089,99955000002484,Salary,162715.36,INR,2020-02-05,Active
ACC005530,CUST003776,BR091,47306300005529,Salary,66659.71,INR,2026-02-13,Active
ACC005311,CUST004130,BR084,42231600005310,Savings,31301.99,INR,2026-02-18,Closed
ACC001828,CUST000949,BR123,45040900001827,Salary,94846.75,INR,2020-01-19,Active
ACC007459,CUST002685,BR108,31461400007458,Current,53953.77,INR,2023-12-26,Active
ACC005072,CUST000147,BR099,15539300005071,Savings,21158.31,GBP,2026-04-19,Active
ACC005343,CUST000053,BR078,17652200005342,Salary,64874.2,INR,2026-07-08,Dormant
ACC000630,CUST004873,BR099,88470700000629,Savings,13748.34,INR,2020-01-09,Active
ACC006200,CUST000829,BR103,82645100006199,Savings,83138.69,INR,2026-05-24,Dormant
ACC007275,CUST004731,BR037,20168400007274,Salary,121838.9,INR,2025-11-11,Active
ACC007520,CUST000322,BR001,12709800007519,Savings,,Inr,2026-07-01,Active
ACC002575,CUST002745,BR035,61348700002574,Salary,8085.49,INR,2022-06-23,Active
ACC003349,CUST000423,BR049,42036100003348,Current,65059.44,INR,2025-08-14,Active
ACC004612,CUST001937,BR044,41510700004611,Savings,129831.23,INR,2026-07-26,Active
ACC000971,CUST001221,BR014,96967900000970,Salary,199603.98,INR,2024-06-29,Active
ACC002501,CUST000931,BR036,85831000002500,Salary,58353.04,inr,02/03/2026,Active
ACC002213,CUST002156,BR011,76726400002212,Savings,23637.37,INR,2020-11-03,Active
ACC005952,CUST004472,BR134,38566000005951,Current,59142.82,INR,2023-07-31,Active
ACC003536,CUST004568,BR127,83010400003535,Savings,4637.09,INR,2021-06-15,Active 
ACC007040,CUST001351,BR099,88598400007039,Savings,28502.0,INR,2021-09-14,Active
ACC003212,CUST004191,BR082,83023900003211,Savings,73659.2,USD,2021-05-25,Active
ACC007910,CUST001753,BR088,24077200007909,Current,109649.67,INR,2023-05-11,Active 
ACC005482,CUST002017,BR060,13966500005481,Salary,121184.96,INR,2025-08-10,Active
ACC002958,CUST002200,BR009,14359500002957,Savings,70254.32,INR,2022-06-18,Active
ACC004068,CUST000359,BR129,15793100004067,Savings,161300.22,INR,2024-04-07,Active
ACC004635,CUST002510,BR112,28131600004634,Salary,-64079.27,INR,2025-12-27,Active
ACC003952,CUST002238,BR088,27892000003951,Current,177025.9,INR,2018-12-01,Active
ACC007787,CUST000912,BR079,97497000007786,Savings,94569.69,INR,2018-10-09,Dormant
ACC001770,CUST000122,BR075,90782000001769,Current,54385.78,INR,2025-11-19,Active
ACC001031,CUST000266,BR058,95785000001030,Current,264163.83,INR,2026-01-26,Active
ACC001590,CUST004997,BR052,29387900001589,Savings,11775.14,Inr,2026-05-09,Active
ACC002099,CUST002587,BR036,94174900002098,Savings,16853.49,Inr,2026-07-22,Closed
ACC004774,CUST002259,BR013,16063600004773,Savings,7579.59,Inr,2019-11-26,Active
ACC000178,CUST003845,BR028,50241700000177,Savings,94917.32,INR,2024-07-07,Closed
ACC007243,CUST002017,BR113,44795300007242,Salary,130950.26,INR,2026-04-26,Active
ACC004335,CUST003931,BR077,70855600004334,Savings,46508.76,INR,2024-07-30,Active
ACC005699,CUST001701,BR047,29697300005698,Salary,88312.81,INR,2026-06-21,Active
ACC005525,CUST004047,BR033,73972100005524,Savings,137948.52,INR,2023-09-29,Active
ACC003362,CUST002102,BR089,68254500003361,Savings,68056.01,INR,2023-04-15,Active
ACC003627,CUST004005,BR122,50699700003626,Savings,73768.7,INR,2024-04-14,Active
ACC005142,CUST004857,BR034,15488500005141,Savings,58572.05,INR,2023-12-16,Active
ACC007596,CUST002799,BR092,21476900007595,Salary,115123.37,INR,2013-02-24,Closed
ACC001532,CUST002694,BR031,35174700001531,Savings,59774.14,INR,2022-12-08,Active
ACC007002,CUST000594,BR140,70070200007001,Savings,46551.07,INR,2013-01-26,ACTIVE
ACC006602,CUST000696,BR098,45201800006601,Current,150577.86,INR,2026-01-31,Active
ACC004818,CUST001815,BR072,98078000004817,Savings,52093.22,INR,2018-02-20,Active
ACC006557,CUST002567,BR141,17241900006556,Savings,151443.67,INR,2026-02-07,Active
ACC006928,CUST000709,BR133,98081900006927,Salary,120460.71,inr,2025-07-28,Active 
ACC003030,CUST004938,BR033,22133400003029,Savings,32593.93,INR,2024-09-04,Active
ACC002788,CUST002514,BR134,18852300002787,Savings,11594.36,INR,2019-11-13,Active
ACC004277,CUST004408,BR096,27010700004276,Savings,81542.97,INR,2021-02-11,Active
ACC000537,CUST002347,BR075,27691900000536,Savings,,INR,2018-10-14,Active
