customer_id,customer_name,gender,dob,phone,email,occupation,customer_type,city,state,country,created_date,status
CUST000001,Tanvi Ghosh,Female,1964-01-26,9499776979,tanvi.ghosh27@yahoo.com,Teacher,Retail,Amritsar,Punjab,India,2016-12-29,Active
CUST000002,Naveen Joshi,Male,2004-06-26,9675647895,naveen.joshi226@rediffmail.com,Bank Employee,Retail,Coimbatore,Tamil Nadu,India,2022-07-09,Active
CUST000003,Anika Kale,Female,1958-10-01,9423604417,anika.kale792@outlook.com,Bank Employee,Retail,Chennai,Tamil Nadu,India,2021-11-15,Active
CUST000004,Neha Reddy,Female,1987-09-10,9613468958,NEHA.REDDY684@OUTLOOK.COM,Shop Owner,Retail,Varanasi,Uttar Pradesh,India,2014-02-13,Inactive
CUST000005,Nisha Venkatesh,Female,1980-02-16,9103176555,nisha.venkatesh808@outlook.com,Pharmacist,Retail,Surat,Gujarat,India,2020-02-27,Active
CUST000006,Sunil Pillai,Male,1954-03-29,9741624526,sunil.pillai350@yahoo.com,Driver,Retail,Kochi,Kerala,India,2023-07-31,Active
CUST000007,Vihaan Bhosale,Male,1984-08-22,9884353992,vihaan.bhosale928@rediffmail.com,Farmer,Retail,Visakhapatnam,Andhra Pradesh,India,2021-08-14,Inactive
CUST000008, Anika Bhat,Female,1956-11-21,9135095178,anika.bhat919@rediffmail.com,Consultant,Retail,Kanpur,Uttar Pradesh,India,2014-11-01,Active
CUST000009,Yash Iyer,Male,1980-09-08,9172465702,yash.iyer367@yahoo.com,Government Employee,Retail,Howrah,West Bengal,India,2014-09-06,Active
CUST000010,Pradeep Rao,Male,07/08/1986,9222706649,pradeep.rao208@outlook.com,Civil Engineer,Corporate,Dehradun,Uttarakhand,India,2014-06-15,Active
CUST000011,Naveen Kotian,Male,1952-05-16,9647262850,NAVEEN.KOTIAN960@OUTLOOK.COM,Tailor,Retail,Vadodara,Gujarat,India,2020-10-26,Active
CUST000012,Anil Bhosale,Male,1961-01-23,9785026097,anil.bhosale350@outlook.com,Retired,Premium,Kochi,Kerala,India,2021-06-12,Active
CUST000013,Amit Kamath,Male,1965-11-30,9803064130,amit.kamath496@gmail.com,Journalist,Retail,Mysuru,Karnataka,India,2019-02-04,Active
CUST000014,Krishna Gowda,Male,2004-03-28,9619394800,KRISHNA.GOWDA930@GMAIL.COM,Consultant,Retail,Lucknow,Uttar Pradesh,India,2022-03-29,Active
CUST000015,Aarav Bhosale,Male,1961-05-25,9351943513,aarav.bhosale269@rediffmail.com,Pharmacist,Premium,Vadodara,Gujarat,India,2011-12-19,Active
CUST000016,Vikram Das,Male,2003-10-11,9264626539,vikram.das883@gmail.com,Chef,Retail,Bengaluru,Karnataka,India,2023-12-25,Active
CUST000017,Siddharth Bose,Male,1980-05-07,9967096076,siddharth.bose161@outlook.com,Farmer,Senior Citizen,Chennai,Tamil Nadu,India,2021-04-04,Active
CUST000018,Shreya Dutta,Female,2005-06-21,9137585028,shreya.dutta293@rediffmail.com,Homemaker,Senior Citizen,Patna,Bihar,India,2023-06-23,Active
CUST000019,Vivaan Ghosh,Male,1998-05-12,,vivaan.ghosh388@outlook.com,Bank Employee,Retail,Delhi,Delhi,India,2016-05-27,Active
CUST000020, Saanvi Verma,Female,1965-09-30,9680033655,SAANVI.VERMA483@GMAIL.COM,Doctor,Retail,Mysuru,Karnataka,India,2015-06-24,Active
CUST000021,Anita Gowda,Female,1981-11-29,9243828674,anita.gowda243@rediffmail.com,Bank Employee,Retail,Nagpur,Maharashtra,India,2015-09-21,Active
CUST000022,Vishal Gupta,Male,1991-06-08,9387401120,VISHAL.GUPTA882@GMAIL.COM,Business Owner,Senior Citizen,Pune,Maharashtra,India,2020-04-16,Active
CUST000023,Manoj Raghunathan,Male,1952.09.30,9876024109,manoj.raghunathan664@outlook.com,Farmer,Retail,Vadodara,Gujarat,India,2023-03-27,Active
CUST000024,Suman Deshmukh,Female,02-03-1988,+919112698901,suman.deshmukh670@yahoo.com,Software Engineer,Premium,Udaipur,Rajasthan,India,2024-06-18,Dormant
CUST000025,Lakshmi Bhosale,Female,1975-11-06,9272498585,lakshmi.bhosale731@outlook.com,Tailor,Retail,Kochi,Kerala,India,2019-02-10,Active
CUST000026,Pooja Naik,Female,1950-02-26,9488173461,pooja.naik637@yahoo.com,Electrician,Retail,Varanasi,Uttar Pradesh,India,2016-08-30,Active
CUST000027,Sunita Chavan,Female,2000-07-11,9178780539,sunita.chavan643@outlook.com,Business Owner,Retail,Kanpur,Uttar Pradesh,India,2018-07-26,Active
CUST000028,Sarita Menon,Female,1964-02-02,9232324706,sarita.menon660@yahoo.com,Architect,Corporate,Shimla,Himachal Pradesh,India,2022-06-11,Active
CUST000029,Kavya Reddy,Female,17/12/2000,9901305545,kavya.reddy720@outlook.com,HR Manager,Premium,Coimbatore,Tamil Nadu,India,2018-12-31,Active
CUST000030,Karan Shetty,Male,07/11/1960,9293731972,KARAN.SHETTY920@REDIFFMAIL.COM,Retired,Retail,Patna,Bihar,India,2017-06-17,Active
CUST000031,Anika Shetty,Female,1980-10-24,9620784677,anika.shetty197@rediffmail.com,Teacher,Retail,Belagavi,Karnataka,India,2023-03-21,Active
CUST000032,Umesh Mukherjee,Male,1970-06-19,9942876383,umesh.mukherjee517@yahoo.com,Business Owner,Retail,Ludhiana,Punjab,India,2019-06-09,Active
CUST000033,Aditi Sharma,Female,2002-02-06,943 804 3618,aditi.sharma184@rediffmail.com,Consultant,Retail,Howrah,West Bengal,India,2020-02-02,Active
CUST000034,Sangeeta Shetty,Female,2005-09-27,9159600286,sangeeta.shetty182@rediffmail.com,Tailor,Corporate,Kolkata,West Bengal,India,2023-10-11,Active
CUST000035,Ishaan Pillai,Male,1994-08-26,9831714316,ishaan.pillai948@outlook.com,Doctor,Retail,Mysuru,Karnataka,India,2015-06-26,Inactive
CUST000036,Usha Kale,Female,25-03-1999,09685961096,USHA.KALE472@OUTLOOK.COM,Police Officer,Senior Citizen,Lucknow,Uttar Pradesh,India,2017-03-27,Inactive
CUST000037,Santosh Naidu ,Male,1994-08-01,9911844396,santosh.naidu703@gmail.com,Teacher,Retail,Ahmedabad,Gujarat,India,2023-04-02,Active
CUST000038,Ira Ghosh,Female,1965-10-10,9798203194,ira.ghosh728@outlook.com,Driver,Corporate,Raipur,Chhattisgarh,India,2018-01-25,Inactive
CUST000039,Karan Bhosale,Male,2003-10-05,9719512771,karan.bhosale32@gmail.com,Government Employee,Senior Citizen,Delhi,Delhi,India,2021-10-23,Active
CUST000040,Shreya Mehta,Female,1980-02-10,9400123466,shreya.mehta492@gmail.com,Marketing Manager,Premium,Surat,Gujarat,India,2012-06-24,Active
CUST000041,Sanjay Naik,Male,1968-10-22,9753337027,sanjay.naik180@rediffmail.com,Journalist,Student,Visakhapatnam,Andhra Pradesh,India,2025-05-23,Active
CUST000042,Lakshmi Kale,Female,1959-08-25,9861267629,lakshmi.kale313@yahoo.com,Government Employee,Retail,Amritsar,Punjab,India,2022-04-07,Active
CUST000043,Aditi Jadhav,Female,1990-12-31,9725579589,aditi.jadhav188@outlook.com,Homemaker,Premium,Bhubaneswar,Odisha,India,2015-04-05,Active
CUST000044,Komal Pawar,Female,1964-10-22,+919746486384,komal.pawar665@rediffmail.com,Lawyer,Retail,Kanpur,Uttar Pradesh,India,2020-06-11,Active
CUST000045,Shweta Sen,Female,1987-07-17,9666689843,shweta.sen132@outlook.com,Homemaker,Retail,Dehradun,Uttarakhand,India,2018-03-20,Active
CUST000046,Pooja Mukherjee,Female,1951-12-09,09948780177,pooja.mukherjee450@rediffmail.com,Teacher,Retail,Chennai,Tamil Nadu,India,2016-01-30,Active
CUST000047,Saanvi Yadav,Female,1986-06-17,916 408 6720,SAANVI.YADAV306@REDIFFMAIL.COM,Nurse,Corporate,Amritsar,Punjab,India,2015-11-04,Active
CUST000048,Suresh Menon,Male,1986-12-06,9736882796,suresh.menon961@yahoo.com,Chef,Senior Citizen,Chandigarh,Chandigarh,India,2012-03-08,Inactive
CUST000049,Sneha Pawar,Female,1979-10-16,9480382545,sneha.pawar787@rediffmail.com,Data Analyst,Retail,Kolkata,West Bengal,India,2026-02-22,Active
CUST000050,Vishal Roy,Male,1987-10-19,9912696055,vishal.roy352@rediffmail.com,Chef,Corporate,Chennai,Tamil Nadu,India,2025-05-20,Active
CUST000051,Deepika Chavan,Female,2008-03-16,9524655854,deepika.chavan293@yahoo.com,Civil Engineer,Premium,Lucknow,Uttar Pradesh,India,2026-03-23,Active
CUST000052,Aryan Kulkarni ,Male,1998-10-19,,aryan.kulkarni717@rediffmail.com,Farmer,Premium,Mumbai,Maharashtra,India,2016-11-09,Active
CUST000053,Shalini Sen,Female,1974-08-18,09956895354,shalini.sen631@gmail.com,Electrician,Retail,Patna,Bihar,India,2026-06-28,Inactive
CUST000054,Swati Gowda,Female,2000-10-19,9397820300,swati.gowda554@gmail.com,Professor,Retail,Coimbatore,Tamil Nadu,India,2018-10-21,Active
CUST000055,Umesh Mehta,Male,2005-10-28,9494285470,umesh.mehta73@outlook.com,Civil Engineer,Retail,Ahmedabad,Gujarat,India,2023-10-26,Active
CUST000056, Sneha Singh,Female,1957-09-11,9871810327,sneha.singh78@outlook.com,Shop Owner,Premium,Delhi,Delhi,India,2012-07-27,Dormant
CUST000057,Pooja Kumar,Female,1969-09-29,9815588006,pooja.kumar636@outlook.com,Professor,Retail,Jaipur,Rajasthan,India,2015-10-28,Active
CUST000058,Saanvi Reddy,Female,1993-01-06,9796283573,saanvi.reddy469@rediffmail.com,Accountant,Corporate,Howrah,West Bengal,India,2019-12-21,Active
CUST000059,Vikram Pawar,Male,1979-03-14,9195001297,vikram.pawar828@yahoo.com,Chef,Senior Citizen,Delhi,Delhi,India,2026-01-14,Active
CUST000060,Saanvi Joshi,Female,02/28/1956,9179586562,SAANVI.JOSHI30@REDIFFMAIL.COM,Accountant,Retail,Panaji,Goa,India,2015-02-16,Active
CUST000061,Sunita Singh,Female,1976-08-16,9919384887,sunita.singh186@rediffmail.com,Tailor,Premium,Bhubaneswar,Odisha,India,2017-09-19,Active
CUST000062,Karan Ghosh,Male,1970-08-22,9385799502,karan.ghosh789@gmail.com,Pharmacist,Retail,Ahmedabad,Gujarat,India,2024-02-05,Active
CUST000063,Siddharth Mehta,Male,1992-10-04,9416274278,siddharth.mehta978@yahoo.com,Driver,Premium,Nagpur,Maharashtra,India,2018-05-04,Active
CUST000064,Gaurav Bhosale,Male,1979-03-26,9253057217,gaurav.bhosale734@gmail.com,Driver,Retail,Ludhiana,Punjab,India,2021-08-10,Active
CUST000065,Pallavi Naidu,Female,1956-06-23,9814094992,pallavi.naidu13@outlook.com,Software Engineer,Senior Citizen,Indore,Madhya Pradesh,India,2017-07-01,Active
CUST000066, Vikram Nair,Male,1950-12-30,9702468019,vikram.nair51@yahoo.com,Lawyer,Corporate,Varanasi,Uttar Pradesh,India,2011-01-23,Active
CUST000067,Saanvi Kumar,Female,1965-05-28,9999302768,saanvi.kumar877@yahoo.com,Government Employee,Premium,Kochi,Kerala,India,2015-05-26,Active
CUST000068,Priya Bhosale,Female,1957-06-30,9793261976,priya.bhosale499@yahoo.com,Data Analyst,Retail,Mumbai,Maharashtra,India,2019-10-16,Blocked
CUST000069,Reyansh Das,Male,2001-02-01,9287143417,reyansh.das496@yahoo.com,Farmer,Retail,Jaipur,Rajasthan,India,30/01/2019,Active
CUST000070,Payal Chavan,Female,1964-06-04,98055-88832,payal.chavan960@gmail.com,Pharmacist,Corporate,Delhi,Delhi,India,08/08/2014,Active
CUST000071,Sangeeta Yadav,Female,1986-06-10,95355-89054,sangeeta.yadav248@gmail.com,Lawyer,Senior Citizen,Bhopal,Madhya Pradesh,India,2025-10-22,Active
CUST000072,Nikhil Das,Male,1955-09-23,9310619303,nikhil.das285@outlook.com,Police Officer,Student,Vijayawada,Andhra Pradesh,India,2011-03-29,Active
CUST000073,Sunil Menon,Male,1974-10-05,9659141313,sunil.menon685@rediffmail.com,Architect,Premium,Kanpur,Uttar Pradesh,India,2014-11-04,Active
CUST000074,Aditya Chatterjee,Male,2004.08.03,9244005564,aditya.chatterjee903@outlook.com,HR Manager,Premium,Kochi,Kerala,India,2022-07-30,Active
CUST000075,Vihaan Menon,Male,1986-12-24,9504788586,vihaan.menon366@rediffmail.com,Civil Engineer,Retail,Bhopal,Madhya Pradesh,India,2019-10-01,Active
CUST000076,Prasad Naik,Male,1965-06-19,9955394192,prasad.naik151@gmail.com,Tailor,Premium,Vijayawada,Andhra Pradesh,India,2014-03-08,active
CUST000077,Manisha Das,Female,1993-04-18,9898887012,manisha.das57@rediffmail.com,Shop Owner,Retail,Pune,Maharashtra,India,2011-12-05,Dormant
CUST000078,Vivaan Kotian ,,1978-05-12,+919544456819,vivaan.kotian7@outlook.com,Architect,Corporate,Warangal,Telangana,India,2024-12-23,Active
CUST000079,Rajesh Mukherjee,Male,1962-03-30,9758496391,rajesh.mukherjee374@outlook.com,Homemaker,Retail,Madurai,Tamil Nadu,India,2019-07-23,Active
CUST000080,Vandana Das,Female,2008-05-16,9840790475,vandana.das530@gmail.com,Software Engineer,Senior Citizen,Patna,Bihar,India,2026-06-02,Active
CUST000081,Deepika Sen,Female,2004-10-19,9645879633,DEEPIKA.SEN489@OUTLOOK.COM,Tailor,Retail,Vadodara,Gujarat,India,2022-10-20,Inactive
CUST000082,Kiran Raghunathan ,Female,1982-04-30,9285960473,kiran.raghunathan239@yahoo.com,Civil Engineer,Retail,Bhubaneswar,Odisha,India,2014-04-02,Active
CUST000083,Priya Kumar,Female,1950-01-04,98302-95490,priya.kumar676@rediffmail.com,Teacher,Retail,Jaipur,Rajasthan,India,2012-02-18,Active
CUST000084,Ashok Chatterjee,Male,1972-12-05,9179669523,ASHOK.CHATTERJEE878@REDIFFMAIL.COM,Farmer,Premium,Shimla,Himachal Pradesh,India,2026-03-19,Active
CUST000085,Amit Naik,Male,1979-02-19,9570182212,amit.naik233@rediffmail.com,Software Engineer,Premium,Bhubaneswar,Odisha,India,12/17/2022,Inactive
CUST000086,Prasad Reddy,Other,2027-01-15,+919802493249,prasad.reddy673@rediffmail.com,Civil Engineer,Premium,Mumbai,Maharashtra,India,2022-05-19,Active
CUST000087,Kiran Mehta ,Female,1992-05-28,9613551439,kiran.mehta544@outlook.com,Homemaker,Retail,Shimla,Himachal Pradesh,India,2021-07-30,Active
CUST000088,Jyoti Deshmukh,Female,1961-06-24,9413950445,jyoti.deshmukh686@gmail.com,Business Owner,Retail,Raipur,Chhattisgarh,India,2013-07-28,Active
CUST000089,Ramesh More,Male,1978-11-24,9474674307,ramesh.more15@yahoo.com,Consultant,Corporate,Pune,Maharashtra,India,2026-05-10,Inactive
CUST000090,Kalpana Iyer,Female,1958-11-15,9513823991,kalpana.iyer672@rediffmail.com,Driver,Student,Ahmedabad,Gujarat,India,2019-01-14,Active
CUST000091,Kalpana Sharma,Female,1976-09-15,9992916121,kalpana.sharma746@outlook.com,Driver,Premium,Raipur,Chhattisgarh,India,2019-01-10,Active
CUST000092,Arjun Chatterjee,Male,1980-06-07,9800724617,arjun.chatterjee678@rediffmail.com,Retired,Retail,Ludhiana,Punjab,India,2025-11-27,Active
CUST000093,Pallavi Iyer,Female,1978-11-19,9384877517,PALLAVI.IYER839@REDIFFMAIL.COM,Police Officer,Premium, Jaipur ,Rajasthan,India,2012-06-28,Active
CUST000094,Aadhya Hegde,Female,1973-11-20,9200082114,aadhya.hegde746@outlook.com,Journalist,Retail,Kanpur,Uttar Pradesh,India,2017-08-04,active
CUST000095,Vinod Chowdhury,Male,1974-06-28,9525831212,VINOD.CHOWDHURY983@GMAIL.COM,Business Owner,Student,Pune,Maharashtra,India,2012-05-15,Active
CUST000096,Siddharth Bose,Male,1996-04-13,9671330197,siddharth.bose669@rediffmail.com,Chef,Retail,Varanasi,Uttar Pradesh,India,10-08-2017,Active
CUST000097,Snehal Mehta,Female,1978-08-24,9180161902,snehal.mehta446@gmail.com,Student,Retail,Bhopal,Madhya Pradesh,India,2015-02-25,Active
CUST000098,Mallikarjun Kulkarni,Male,1950-07-18,9327005017,MALLIKARJUN.KULKARNI833@GMAIL.COM,,Retail,Howrah,West Bengal,India,2018-03-01,Active
CUST000099,Chetan Patil,Male,1992-11-18,9744788891,chetan.patil694@gmail.com,Journalist,Premium,Warangal,Telangana,India,2021-11-27,Active
CUST000100,Vikram Naik ,Male,1985-06-04,9702991951,vikram.naik558@gmail.com,Sales Executive,Premium,Ludhiana,Punjab,India,2015-05-09,Inactive
CUST000101,Aditya Menon,Male,1990-02-23,9506557917,ADITYA.MENON578@YAHOO.COM,Electrician,Premium,Vadodara,Gujarat,India,2011-10-18,Active
CUST000102,Ritu Shetty,Female,1991-01-20,9400497786,ritu.shetty350@rediffmail.com,Tailor,Retail,Madurai,Tamil Nadu,India,2013-07-07,Active
CUST000103,Manisha Bhosale,Female,1958-06-29,9257513029,manisha.bhosale613@rediffmail.com,Student,Corporate,Howrah,West Bengal,India,2022-02-14,active
CUST000104,Vikram Krishnan,Male,2006-11-18,,vikram.krishnan466@yahoo.com,Business Owner,Retail,Udaipur,Rajasthan,India,2024-12-02,Active
CUST000105,Kavya Joshi,Other,2008-01-01,9790490950,kavya.joshi131@yahoo.com,,Retail,Madurai,Tamil Nadu,India,16-03-2026,Active
CUST000106,Rashmi Deshmukh,Female,1956.10.30,95146-01062,rashmi.deshmukh440@yahoo.com,Pharmacist,Premium,Varanasi,Uttar Pradesh,India,2024-11-22,Active
CUST000107,Ayaan Chowdhury,Male,1961-04-06,9612292377,ayaan.chowdhury948@rediffmail.com,Architect,Retail,Dehradun,Uttarakhand,India,2013-07-03,Active
CUST000108,Neha Bhat,Female,1962-12-01,9676663276,neha.bhat332@gmail.com,Doctor,Retail,Ranchi,Jharkhand,India,2022-06-07,Active
CUST000109,Anil Patil,Male,2006-07-20,9420249181,ANIL.PATIL677@GMAIL.COM,Teacher,Retail,Coimbatore,Tamil Nadu,India,2024-08-04,Active
CUST000110,Snehal Chatterjee,Other,2004-06-28,9943420433,snehal.chatterjee415@gmail.com,Chef,Premium,Jaipur,Rajasthan,India,2022-07-16,Active
CUST000111,Vidya Gowda,Female,1964-01-21,9511577917,VIDYA.GOWDA286@REDIFFMAIL.COM,Student,Retail,Kanpur,Uttar Pradesh,India,2023-04-29,Active
CUST000112,Geeta Gowda,Female,1986-03-16,9924717214,geeta.gowda385@gmail.com,Shop Owner,Retail,Indore,Madhya Pradesh,India,2017-03-24,Active
CUST000113,Ayaan Mukherjee,Male,1962-10-01,9444205035,ayaan.mukherjee958@rediffmail.com,Student,Retail,Bhubaneswar,Odisha,India,2026-07-02,Active
CUST000114,Sneha Joshi,Female,1950-04-21,9310609770,sneha.joshi111@gmail.com,Marketing Manager,Premium,Udaipur,Rajasthan,India,2011-01-31,Inactive
CUST000115,Raghavendra Bose,Male,1961-12-14,9972683392,raghavendra.bose667@outlook.com,Chef,Retail,Warangal,Telangana,India,2018-10-23,Active
CUST000116,Yash Menon,Male,1952-09-07,9807310721,yash.menon829@rediffmail.com,Retired,Retail,Bhopal,Madhya Pradesh,India,2015-10-14,Active
CUST000117,Aryan Kotian,Male,1999-05-11,99514-39672,aryan.kotian185@gmail.com,Homemaker,Retail, Mysuru ,Karnataka,India,2026.04.24,active
CUST000118,Anita Subramaniam,Female,1995-08-02,9125156625,anita.subramaniam755@yahoo.com,Professor,Retail,Bhopal,Madhya Pradesh,India,2021-05-26,Blocked
CUST000119,Raghavendra Patil,Male,1959-03-02,09950254200,raghavendra.patil636@outlook.com,Software Engineer,Retail,Panaji,Goa,India,29/12/2022,Active
CUST000120,Ira Kotian,Female,1982-05-19,,ira.kotian337@rediffmail.com,Lawyer,Premium,Patna,Bihar,India,2015-07-06,Active
CUST000121,Bhavna Kotian,Female,1960-06-05,9296210045,bhavna.kotian177@rediffmail.com,Pharmacist,Retail,Vadodara,Gujarat,India,2024-11-24,Inactive
CUST000122,Ashok Chavan,Male,1982-04-03,9175153224,ashok.chavan944@gmail.com,Doctor,Retail,Amritsar,Punjab,India,2024-01-23,Active
CUST000123,Suresh Raghunathan,Male,2002-04-13,92126-43576,suresh.raghunathan197@rediffmail.com,Lawyer,Retail,Kanpur,Uttar Pradesh,India,2023-03-08,Active
CUST000124,Ayaan Verma,Male,2001-04-21,9536884496,ayaan.verma948@yahoo.com,,Retail,Kanpur,Uttar Pradesh,India,2019-05-11,Active
CUST000125,Suman Bhosale,Female,1998-06-21,09435252599,suman.bhosale647@outlook.com,Data Analyst,Premium,Dehradun,Uttarakhand,India,2025-04-29,Active
CUST000126,Swati Gupta,Female,1962-08-10,9406646237,swati.gupta856@rediffmail.com,Police Officer,Premium,Delhi,Delhi,India,2021-05-25,Active
CUST000127,Vikram Venkatesh,Male,1959-07-22,9254636541,VIKRAM.VENKATESH296@REDIFFMAIL.COM,Bank Employee,Premium,Guwahati,Assam,India,2012-01-08,Active
CUST000128,Vidya Bhat,Female,1957-09-20,9975632916,vidya.bhat30@gmail.com,Civil Engineer,Retail,Indore,Madhya Pradesh,India,2024-09-24,Active
CUST000129,Manoj Nair,Male,1955-09-14,9399217152,manoj.nair655@yahoo.com,HR Manager,Retail,Kanpur,Uttar Pradesh,India,2011-04-29,Inactive
CUST000130,Diya Kotian,Female,1985-03-09,9525462486,diya.kotian371@yahoo.com,Journalist,Retail,Belagavi,Karnataka,India,2021-08-10,Active
CUST000131,Meera Kotian,Female,22/11/1987,92280-07707,meera.kotian550@outlook.com,Journalist,Retail,Bhubaneswar,Odisha,India,2014-11-19,Active
CUST000132,Manisha Agarwal,Female,2001-06-17,92909-39373,manisha.agarwal457@rediffmail.com,Electrician,Corporate,Chennai,Tamil Nadu,India,2024-12-10,Active
CUST000133,Ananya Mukherjee ,Female,1953-06-21,9310895465,ANANYA.MUKHERJEE321@YAHOO.COM,Doctor,Retail, Panaji ,Goa,India,2022-05-04,Active
CUST000134,Suman Sharma,Female,1964-01-26,9973657758,suman.sharma718@gmail.com,HR Manager,Retail,Guwahati,Assam,India,2023-07-22,Blocked
CUST000135,Ashok Chowdhury,Male,1992-02-07,9562493611,ashok.chowdhury500@gmail.com,Consultant,Premium,Howrah,West Bengal,India,15/11/2021,Active
CUST000136,Dhruv Joshi,Male,1989-04-10,9589774539,dhruv.joshi634@gmail.com,Electrician,Retail,Vadodara,Gujarat,India,2019-10-24,Active
CUST000137,Pradeep Subramaniam,Male,1973-11-23,9172787158,pradeep.subramaniam671@yahoo.com,Consultant,Senior Citizen,Pune,Maharashtra,India,2024-06-02,Active
CUST000138,Karan Deshmukh,Male,1957-03-25,9257444463,karan.deshmukh678@rediffmail.com,Homemaker,Retail,Udaipur,Rajasthan,India,2015-08-14,Active
CUST000139,Shalini Bhosale,Female,1977-05-02,+919611580614,shalini.bhosale330@yahoo.com,Nurse,Corporate,Nagpur,Maharashtra,India,2019.03.18,Active
CUST000140,Deepika Bhosale,Female,1958-05-31,9545316299,deepika.bhosale766@yahoo.com,Lawyer,Premium,Shimla,Himachal Pradesh,India,2015-08-19,Active
CUST000141,Priya Subramaniam ,Female,1980-06-11,9292106765,priya.subramaniam220@outlook.com,Architect,Premium,Thiruvananthapuram,Kerala,India,2012-10-07,Active
CUST000142,Aryan Verma,Male,2002-08-13,9661807732,aryan.verma947@outlook.com,Driver,Retail,Coimbatore,Tamil Nadu,India,2024-08-07,Active
CUST000143,Radha Roy,Female,1959-11-09,9914190003,radha.roy808@yahoo.com,Civil Engineer,Retail,Amritsar,Punjab,India,2018-09-21,Active
CUST000144,Ganesh Patil,Male,1955-02-23,9864694006,ganesh.patil551@gmail.com,Teacher,Retail,Mumbai,Maharashtra,India,2011-11-02,Active
CUST000145,Krishna Roy,Male,08-09-1992,9255876811,krishna.roy180@gmail.com,Nurse,Premium,Kanpur,Uttar Pradesh,India,2023-10-27,Active
CUST000146,Swati Chatterjee,Female,1949-06-22,9319522547,swati.chatterjee903@gmail.com,Data Analyst,Retail,Bengaluru,Karnataka,India,2025-08-17,Active
CUST000147,Shreya Subramaniam,Other,2007-07-30,9875610871,shreya.subramaniam554@gmail.com,Software Engineer,Retail,Nagpur,Maharashtra,India,2025-08-12,Active
CUST000148,Usha Nair,Female,1994-12-12,9585374888,USHA.NAIR814@YAHOO.COM,Chartered Accountant,Retail,Coimbatore,Tamil Nadu,India,2016-01-31,Active
CUST000149,Rajesh Agarwal,Male,1889-06-01,9706959776,rajesh.agarwal28@outlook.com,Chartered Accountant,Corporate,Hyderabad,Telangana,India,2024-05-09,Active
CUST000150,Snehal Shetty,Female,1969-12-17,9221228866,snehal.shetty338@outlook.com,Lawyer,Retail,Ranchi,Jharkhand,India,2022-06-25,Active
CUST000151,Vikram Dutta,Male,1971-06-09,9913247630,vikram.dutta300@rediffmail.com,Retired,Retail,Panaji,Goa,India,2015-06-05,Active
CUST000152,Myra Gupta ,Female,1972-01-12,9534544850,MYRA.GUPTA813@YAHOO.COM,Driver,Premium,Guwahati,Assam,India,2016-02-16,Active
CUST000153,Myra Verma,Female,1998-11-11,9489783422,myra.verma464@outlook.com,Bank Employee,Senior Citizen,Ranchi,Jharkhand,India,05/07/2026,ACTIVE
CUST000154,Karan Kale,Male,1996-06-16,9150270210,karan.kale118@rediffmail.com,Business Owner,Premium,Varanasi,Uttar Pradesh,India,2025-10-23,Active
CUST000155, Ashok Patil,Male,1960-05-24,9586625812,ashok.patil614@gmail.com,Chef,Retail,Howrah,West Bengal,India,2021-07-05,Active
CUST000156,Amit Salunkhe,Male,1958-11-25,9452028573,amit.salunkhe159@rediffmail.com,Police Officer,Retail,Madurai,Tamil Nadu,India,2011-07-26,Active
CUST000157,Preeti Verma,Other,1980-09-30,9658393522,preeti.verma446@gmail.com,Professor,Retail,Vijayawada,Andhra Pradesh,India,2014-07-27,Active
CUST000158,Gaurav Ghosh,Male,1987-05-26,9844047366,GAURAV.GHOSH991@OUTLOOK.COM,Business Owner,Retail,Lucknow,Uttar Pradesh,India,28-06-2016,Active
CUST000159,Saanvi Kamath,Female,1992-01-20,9453210286,saanvi.kamath434@rediffmail.com,Chef,Retail,Varanasi,Uttar Pradesh,India,2019-04-30,Inactive
CUST000160,Aadhya Dutta,Female,12/29/1966,9115156417,aadhya.dutta428@yahoo.com,Retired,Retail,Mumbai,Maharashtra,India,2024-06-23,Active
CUST000161,Divya Gupta,Female,1977-03-24,9601856096,divya.gupta41@outlook.com,Shop Owner,Retail,Jaipur,Rajasthan,India,03/06/2024,Active
CUST000162,Naveen Chatterjee,Male,1954-04-26,9455387778,NAVEEN.CHATTERJEE460@OUTLOOK.COM,Architect,Retail,Indore,Madhya Pradesh,India,2015-04-05,Blocked
CUST000163,Ananya Mehta,Female,1975-08-11,921 039 2411,ananya.mehta956@outlook.com,Bank Employee,Premium,Udaipur,Rajasthan,India,2012-09-09,Active
CUST000164,Abhishek Verma,Male,1989-08-25,9477361497,abhishek.verma950@outlook.com,Lawyer,Retail,Kochi,Kerala,India,2015-04-14,Active
CUST000165,Bhavna Iyer,Female,1966-06-11,9436074112,bhavna.iyer962@rediffmail.com,Farmer,Student,Amritsar,Punjab,India,2014-08-28,Active
CUST000166,Payal Das,Female,1967-04-22,9757839256,payal.das362@gmail.com,Chartered Accountant,Corporate,Mumbai,Maharashtra,India,2024-12-18,Active
CUST000167,Kavya Prabhu,Female,1976-01-03,+919231196381,kavya.prabhu66@yahoo.com,Chef,Retail,Visakhapatnam,Andhra Pradesh,India,2011-03-22,Active
CUST000168,Shreya Naik,Female,02-07-2000,9652361651,SHREYA.NAIK237@REDIFFMAIL.COM,Tailor,Retail,Amritsar,Punjab,India,2023-11-27,Active
CUST000169,Dhruv Nair,Male,1984-08-06,9413847295,dhruv.nair211@yahoo.com,Professor,Student,Surat,Gujarat,India,2021-03-16,Active
CUST000170,Shivraj Patil,Male,05-09-2003,94469-71174,shivraj.patil78@yahoo.com,Accountant,Senior Citizen,Bhubaneswar,Odisha,India,2021-09-11,Active
CUST000171,Kabir Kale,Male,1951-09-26,9294120297,kabir.kale708@outlook.com,HR Manager,Retail,Nagpur,Maharashtra,India,2021-08-23,Active
CUST000172,Dhruv Pillai,Male,09-06-1999,9826867960,,Police Officer,Retail,Warangal,Telangana,India,2020.01.06,Active
CUST000173,Chetan Gowda,Male,1950-08-26,9934810451,chetan.gowda721@yahoo.com,Shop Owner,Student,Bengaluru,Karnataka,India,2011-01-22,Active
CUST000174,Amit Bose,Male,1967-07-12,9845183046,amit.bose200@rediffmail.com,Consultant,Premium,Thiruvananthapuram,Kerala,India,2014-06-21,Inactive
CUST000175,Gaurav Naidu,Male,1973-11-04,09784435897,gaurav.naidu695@outlook.com,Sales Executive,Premium,Dehradun,Uttarakhand,India,2016-05-29,Active
CUST000176,Aditya Kulkarni,Male,1962-05-02,9505193363,aditya.kulkarni65@gmail.com,Pharmacist,Retail,Kochi,Kerala,India,2014-05-05,Active
CUST000177,Yash Chatterjee,Male,2007-12-08,9953729240,yash.chatterjee721@rediffmail.com,Data Analyst,Corporate,Patna,Bihar,India,2025-12-22,Active
CUST000178,Radha Naik,Female,2002-02-01,09626454479,radha.naik812@yahoo.com,Retired,Retail,Mysuru,Karnataka,India,2020-07-24,Active
CUST000179,Kalpana Agarwal,Female,1982-08-10,,kalpana.agarwal254@yahoo.com,Software Engineer,Retail,Vijayawada,Andhra Pradesh,India,2013-08-21,Active
CUST000180,Chetan Kale ,Male,1975-06-10,,chetan.kale328@outlook.com,Chef,Premium,Delhi,Delhi,India,2012-12-03,Inactive
CUST000181,Harsh Reddy,Male,1994-02-24,932 878 0130,harsh.reddy435@outlook.com,Shop Owner,Retail,Kanpur,Uttar Pradesh,India,2021-03-08,Active
CUST000182,Manoj Kamath,Male,1990-11-16,09888600672,manoj.kamath579@outlook.com,Chef,Retail,Indore,Madhya Pradesh,India,2018-04-19,Active
CUST000183,Deepika Mehta,Female,1977-02-12,9305753894,deepika.mehta528@gmail.com,Civil Engineer,Premium,Dehradun,Uttarakhand,India,2015-02-13,Inactive
CUST000184,Mallikarjun Chowdhury,Male,1998-02-10,9786148582,mallikarjun.chowdhury105@rediffmail.com,Shop Owner,Premium,Vijayawada,Andhra Pradesh,India,2016-02-18,Active
CUST000185,Karan Yadav,Male,1959-09-09,9353947459,karan.yadav378@yahoo.com,HR Manager,Student,Chandigarh,Chandigarh,India,2011-08-11,Active
CUST000186,Sanjay Iyer,Male,1964.10.27,9851680624,sanjay.iyer505@gmail.com,Bank Employee,Retail,Chandigarh,Chandigarh,India,2024-04-08,Active
CUST000187,Vihaan Bhosale,Male,25-01-1949,9852044711,vihaan.bhosale613@outlook.com,Electrician,Retail,Surat,Gujarat,India,2024-01-29,Active
CUST000188,Gaurav Singh,Male,1955-03-20,9757120274,gaurav.singh631@outlook.com,Software Engineer,Retail,Varanasi,Uttar Pradesh,India,2019-08-13,Active
CUST000189,Sangeeta Chowdhury,Female,1960-01-16,9992875479,sangeeta.chowdhury665@gmail.com,HR Manager,Retail,Bhopal,Madhya Pradesh,India,2016-06-05,Active
CUST000190,Snehal Desai,Female,1985-11-08,9561077615,snehal.desai449@rediffmail.com,Lawyer,Retail,Thiruvananthapuram,Kerala,India,2014-05-05,Active
CUST000191,Kalpana Gowda,Female,1999-10-30,9854842726,KALPANA.GOWDA502@OUTLOOK.COM,Doctor,Retail,Chandigarh,Chandigarh,India,08/11/2017,Active
CUST000192,Sarita Kale ,Female,1983-10-03,9597177235,sarita.kale337@rediffmail.com,Chartered Accountant,Retail,Vadodara,Gujarat,India,24/05/2025,Active
CUST000193,Vandana Agarwal,Female,1974-12-25,9475918099,vandana.agarwal272@outlook.com,Government Employee,Retail,Delhi,Delhi,India,2012-05-19,Active
CUST000194,Naveen Deshmukh,Male,1964-05-14,9129212972,naveen.deshmukh311@gmail.com,Government Employee,Retail,Nagpur,Maharashtra,India,2023-10-14,Active
CUST000195,Divya Joshi,Female,1954-02-22,9697863418,divya.joshi438@gmail.com,Business Owner,Retail,Surat,Gujarat,India,2015-09-25,Dormant
CUST000196,Vandana Reddy,Female,1983-06-04,+919237188464,vandana.reddy110@rediffmail.com,Retired,Retail,Ahmedabad,Gujarat,India,2015-02-14,Active
CUST000197,Pradeep Salunkhe,Male,1956-07-13,93923-10889,pradeep.salunkhe219@outlook.com,Architect,Retail,Kochi,Kerala,India,2023-08-01,Active
CUST000198,Payal Dutta,Female,1995-11-19,9765693528,payal.dutta116@gmail.com,Student,Retail,Visakhapatnam,Andhra Pradesh,India,2025-12-06,Active
CUST000199,Pradeep Raghunathan,Male,1972-10-08,9402437938,pradeep.raghunathan408@gmail.com,Architect,Senior Citizen,Patna,Bihar,India,2026-05-29,Active
CUST000200,Kiran Mukherjee,Female,1969-03-16,9554603823,kiran.mukherjee495@outlook.com,HR Manager,Retail,Amritsar,Punjab,India,2015-02-28,Active
CUST000201,Ira Pillai,Female,1949-08-12,9622942781,ira.pillai163@outlook.com,Sales Executive,Premium,Chandigarh,Chandigarh,India,2020-03-08,Active
CUST000202,Deepika Pillai,Female,1962-09-06,9417869123,deepika.pillai139@gmail.com,Chartered Accountant,Corporate,Vijayawada,Andhra Pradesh,India,2015-07-19,Active
CUST000203,Vidya Naik,Female,1948-10-22,9774840208,vidya.naik525@gmail.com,Electrician,Corporate,Vijayawada,Andhra Pradesh,India,2014-01-03,Inactive
CUST000204,Reyansh Jadhav,Male,1991-12-03,9483829149,reyansh.jadhav224@outlook.com,Software Engineer,Corporate,Hubballi,Karnataka,India,2016-12-30,Active
CUST000205,Shweta Gowda,Female,1977-09-04,9329973317,shweta.gowda867@yahoo.com,Electrician,Retail,Thiruvananthapuram,Kerala,India,2011-12-21,Active
CUST000206,Nisha Dutta,Female,1995-08-11,,nisha.dutta165@gmail.com,Bank Employee,Retail,Lucknow,Uttar Pradesh,India,2013-09-04,DORMANT
CUST000207,Abhishek Desai,Male,1982-03-30,9676180325,abhishek.desai481@gmail.com,Driver,Premium,Raipur,Chhattisgarh,India,2020-04-02,Active
CUST000208,Vidya More,Female,2005-10-24,9826344916,vidya.more801@gmail.com,Accountant,Retail,Chandigarh,Chandigarh,India,2023-10-25,Active
CUST000209,Ashok Hegde,Male,1995-06-26,9432864374,ashok.hegde104@outlook.com,HR Manager,Retail,Mumbai,Maharashtra,India,2015-03-15,Active
CUST000210,Rohan Dutta,Male,1956-12-09,9307691436,rohan.dutta449@yahoo.com,Retired,Premium,Chennai,Tamil Nadu,India,2019-08-29,Active
CUST000211,Mahesh Pillai,Male,1955-01-24,9129852213,mahesh.pillai471@gmail.com,Business Owner,Retail,Mysuru,Karnataka,India,2022-11-17,Active
CUST000212,Pooja Joshi,Female,2001-11-15,09874548274,pooja.joshi552@rediffmail.com,Tailor,Retail,Chennai,Tamil Nadu,India,2024-11-24,Active
CUST000213,Prasad Naidu,Male,1964-04-20,9396764226,prasad.naidu885@outlook.com,Architect,Premium,Belagavi,Karnataka,India,2019-11-01,Active
CUST000214,Rajesh Chavan,Male,1994-05-09,9779137737,rajesh.chavan582@outlook.com,Government Employee,Premium,Guwahati,Assam,India,2014-09-28,Active
CUST000215,Pradeep Dutta,Male,1986-01-30,9429721928,pradeep.dutta377@gmail.com,Software Engineer,Corporate,Udaipur,Rajasthan,India,2022-01-27,Active
CUST000216,Anil Krishnan,Male,1990-07-10,93988-11238,anil.krishnan396@outlook.com,Bank Employee,Premium,Bhopal,Madhya Pradesh,India,2013-08-24,Active
CUST000217,Varun Sharma,Male,1964-02-29,9310870792,varun.sharma623@rediffmail.com,Software Engineer,Retail,Shimla,Himachal Pradesh,India,2013-02-28,Active
CUST000218,Sunita Hegde,Female,1966-12-19,09803215142,sunita.hegde298@outlook.com,Driver,Retail,Thiruvananthapuram,Kerala,India,2016-07-28,Active
CUST000219,Siddharth Singh,Male,1981-08-12,9357683525,siddharth.singh684@yahoo.com,Retired,Retail,Udaipur,Rajasthan,India,2016-02-10,Active
CUST000220,Lakshmi Naidu ,Female,1949-05-06,9366677381,lakshmi.naidu382@yahoo.com,Sales Executive,Retail,Madurai,Tamil Nadu,India,2013-04-09,Active
CUST000221,Swati Dutta,Female,1966-11-18,9734434684,swati.dutta61@rediffmail.com,Professor,Premium,Bhubaneswar,Odisha,India,2011-10-25,Inactive
CUST000222,Varun Roy,Male,01-10-1978,9566191885,varun.roy534@gmail.com,Chef,Premium,Lucknow,Uttar Pradesh,India,2025-09-13,Active
CUST000223,Ashok Singh,Male,1960-05-21,9771639807,ashok.singh251@gmail.com,Lawyer,Corporate,Bhubaneswar,Odisha,India,2021-07-10,Active
CUST000224,Suman Singh,Female,1965-04-24,919 319 6463,suman.singh358@gmail.com,Homemaker,Retail, Mumbai ,Maharashtra,India,2022-02-23,Active
CUST000225,Prasad Bhosale,Male,2007-08-02,99630-09068,prasad.bhosale324@outlook.com,Marketing Manager,Retail,Hubballi,Karnataka,India,2025-08-18,Active
CUST000226,Karan Kumar,Male,1965-07-23,9313054670,karan.kumar137@yahoo.com,Nurse,Retail,Mysuru,Karnataka,India,16-05-2023,Active
CUST000227,Ritu Yadav,Female,2002-09-02,9206279438,ritu.yadav289@gmail.com,Government Employee,Retail,Indore,Madhya Pradesh,India,2020-08-29,Inactive
CUST000228,Ganesh Raghunathan,Other,2004-03-02,9198425919,GANESH.RAGHUNATHAN912@REDIFFMAIL.COM,Shop Owner,Retail,Lucknow,Uttar Pradesh,India,2022-08-16,Active
CUST000229,Swati Sen,Female,1988-10-28,938 055 2503,swati.sen320@outlook.com,Business Owner,Retail,Warangal,Telangana,India,2018-08-15,Active
CUST000230,Raghavendra Chowdhury,Male,1957-04-07,9481159198,raghavendra.chowdhury731@gmail.com,Civil Engineer,Retail,Warangal,Telangana,India,2014-10-09,Active
CUST000231,Ira Gowda,Female,1960-06-17,9169340073,ira.gowda408@rediffmail.com,Professor,Retail,Kochi,Kerala,India,2015-01-28,Active
CUST000232,Preeti Roy ,Female,2004-08-06,9651973359,preeti.roy67@outlook.com,Sales Executive,Premium,Raipur,Chhattisgarh,India,2022-08-14,ACTIVE
CUST000233,Siddharth Naik,Male,1948-02-02,97993-91452,siddharth.naik837@gmail.com,Student,Premium,Shimla,Himachal Pradesh,India,2023-11-22,Active
CUST000234,Komal Venkatesh,Female,1978-07-10,9114749463,komal.venkatesh904@rediffmail.com,Tailor,Retail,Jaipur,Rajasthan,India,2017-09-03,Active
CUST000235, Manoj Shetty,Male,1984-02-15,9186625928,manoj.shetty236@gmail.com,Data Analyst,Premium,Bhopal,Madhya Pradesh,India,2023-02-13,Inactive
CUST000236,Amit Patil,Male,1998-10-14,9284820706,amit.patil171@rediffmail.com,Marketing Manager,Retail,Belagavi,Karnataka,India,2023-11-18,Active
CUST000237,Bhavna Reddy,Female,2002-03-24,9494340170,bhavna.reddy929@yahoo.com,Professor,Retail,Vijayawada,Andhra Pradesh,India,2020-03-21,Active
CUST000238,Rajesh Sen,Male,1965-03-07,9628282039,rajesh.sen98@yahoo.com,Teacher,Premium,Mumbai,Maharashtra,India,2016-02-19,Active
CUST000239,Varun Mukherjee,Male,1978-06-12,9281644879,varun.mukherjee888@gmail.com,Student,Retail,Kolkata,West Bengal,India,2012-12-05,Active
CUST000240,Pooja Yadav,Female,1986-05-28,94228-64782,pooja.yadav173@rediffmail.com,Bank Employee,Premium,Ranchi,Jharkhand,India,2011-02-24,Active
CUST000241,Rashmi Pawar,Other,2006-06-22,9589938632,rashmi.pawar865@outlook.com,Farmer,Retail,Raipur,Chhattisgarh,India,2026-04-30,Active
CUST000242,Suman Kale,Female,1981-09-20,9573774081,suman.kale932@outlook.com,Shop Owner,Retail,Hubballi,Karnataka,India,2021-04-03,Active
CUST000243,Suman More,Female,1955-05-19,9676213756,suman.more240@rediffmail.com,Data Analyst,Retail,Bhopal,Madhya Pradesh,India,2018-01-07,Active
CUST000244,Meera Desai,Other,2003-12-27,9780046991,meera.desai221@outlook.com,HR Manager,Retail,Delhi,Delhi,India,2022-01-18,Active
CUST000245,Sanjay Subramaniam,Male,1979-01-17,996 881 1554,sanjay.subramaniam106@yahoo.com,HR Manager,Retail,Nagpur,Maharashtra,India,2020-03-07,Active
CUST000246,Karan Reddy,Male,1958-11-11,9453587698,karan.reddy786@rediffmail.com,Nurse,Retail,Surat,Gujarat,India,2019-06-08,Active
CUST000247,Basavaraj Dutta,Male,1959-07-12,+919395358902,basavaraj.dutta349@outlook.com,Marketing Manager,Retail,Chandigarh,Chandigarh,India,2014-06-18,Active
CUST000248, Rajesh Pawar,Male,1960-05-23,9351007222,rajesh.pawar642@gmail.com,Accountant,Retail,Madurai,Tamil Nadu,India,2011-03-26,Active
CUST000249,Vidya Reddy,Female,1991-09-11,9415075918,vidya.reddy613@rediffmail.com,Retired,Retail,Raipur,Chhattisgarh,India,2018-04-15,Dormant
CUST000250,Varun Subramaniam,Male,2005-06-28,9584924619,varun.subramaniam518@rediffmail.com,Pharmacist,Premium,Kochi,Kerala,India,2023-07-22,Active
CUST000251,Vivaan Reddy,Male,1974-09-27,9643767809,vivaan.reddy243@gmail.com,Driver,Corporate,Vadodara,Gujarat,India,2023-05-28,Active
CUST000252,Vihaan Joshi,Male,1953-12-07,9162713176,vihaan.joshi365@outlook.com,Lawyer,Premium,Udaipur,Rajasthan,India,2017-02-11,Active
CUST000253,Mallikarjun Bose,Male,2001-10-29,9998897277,mallikarjun.bose500@rediffmail.com,Lawyer,Senior Citizen,Jaipur,Rajasthan,India,31/10/2019,Active
CUST000254,Shalini Joshi,Female,1986-06-14,9137722800,shalini.joshi93@rediffmail.com,Homemaker,Retail,Bengaluru,Karnataka,India,2024-09-05,Active
CUST000255,Ayaan Prabhu,Male,1982-07-30,9460882558,ayaan.prabhu404@gmail.com,Civil Engineer,Premium,Kochi,Kerala,India,2017-06-05,Active
CUST000256,Vinod Mehta,Male,1951-09-02,9507013510,vinod.mehta710@rediffmail.com,Driver,Premium,Guwahati,Assam,India,2022-03-20,Active
CUST000257,Prasad Kulkarni,Male,2006-10-20,9410742984,prasad.kulkarni421@gmail.com,Bank Employee,Corporate,Surat,Gujarat,India,2024-10-17,Active
CUST000258,Ramesh Sharma,Male,1952-08-30,09296270874,ramesh.sharma394@outlook.com,Marketing Manager,Premium,Vadodara,Gujarat,India,2011-07-24,ACTIVE
CUST000259,Shweta Kulkarni,Female,1984-12-24,9577486204,shweta.kulkarni839@outlook.com,Lawyer,Senior Citizen,Visakhapatnam,Andhra Pradesh,India,2011-05-13,Active
CUST000260,Girish Bhosale,Male,1984-03-05,9106494917,girish.bhosale534@gmail.com,Doctor,Retail,Kochi,Kerala,India,2023.04.08,Active
CUST000261, Suresh Gowda,Male,1979-02-17,9769039406,suresh.gowda736@outlook.com,Marketing Manager,Senior Citizen,Hyderabad,Telangana,India,2014-09-28,Active
CUST000262,Santosh Bose,Male,1981-05-27,9711433413,santosh.bose52@yahoo.com,Police Officer,Retail,Mumbai,Maharashtra,India,2023-04-18,Active
CUST000263,Rekha Reddy,Female,1972-02-08,97938-50914,REKHA.REDDY927@REDIFFMAIL.COM,Retired,Retail,Amritsar,Punjab,India,2025-09-06,Active
CUST000264,Aadhya Shetty,Female,1982-09-18,+919898772605,aadhya.shetty775@rediffmail.com,Business Owner,Retail,Thiruvananthapuram,Kerala,India,2021-04-22,Active
CUST000265,Aditi Gowda,Female,1970-01-16,98515-25771,aditi.gowda826@outlook.com,Police Officer,Retail,Thiruvananthapuram,Kerala,India,2026-04-26,active
CUST000266,Ritu Reddy,Female,1976-09-10,9211146009,RITU.REDDY691@OUTLOOK.COM,Government Employee,Retail,Hyderabad,Telangana,India,2025-06-09,Active
CUST000267,Komal Gowda,Female,1989-01-30,9985586456,komal.gowda538@gmail.com,Retired,Retail,Delhi,Delhi,India,2022-03-25,Active
CUST000268,Kabir Shah,Male,1992-12-21,9341880114,kabir.shah529@rediffmail.com,Student,Retail,Udaipur,Rajasthan,India,2023-06-25,Active
CUST000269,Suresh Menon,Male,1957-04-16,9901516379,suresh.menon624@outlook.com,Data Analyst,Premium,Bhubaneswar,Odisha,India,2020-05-17,Active
CUST000270,Saanvi Jadhav,Female,2008-02-10,09757733257,saanvi.jadhav496@yahoo.com,HR Manager,Retail,Hyderabad,Telangana,India,2026-02-11,Active
CUST000271,Nikhil Patil,Male,1953-11-09,9502374829,nikhil.patil729@gmail.com,Nurse,Retail,Kanpur,Uttar Pradesh,India,2012-08-06,Active
CUST000272,Kiran Mukherjee,Female,1964-09-15,9245892319,KIRAN.MUKHERJEE337@OUTLOOK.COM,Chartered Accountant,Premium,Shimla,Himachal Pradesh,India,2016-12-05,Active
CUST000273,Vinod Gupta,Male,1969-01-04,9757991255,vinod.gupta768@rediffmail.com,Student,Premium,Chennai,Tamil Nadu,India,2018-05-20,Active
CUST000274,Pooja Kulkarni,Female,1967-08-06,9938883682,pooja.kulkarni342@rediffmail.com,Architect,Premium,Coimbatore,Tamil Nadu,India,2016-06-08,Active
CUST000275,Swati Salunkhe,Female,1969-04-26,9273447392,,Accountant,Retail, Coimbatore ,Tamil Nadu,India,2012-08-01,Active
CUST000276,Aditya Rao,Male,1967-07-28,9100390226,aditya.rao69@rediffmail.com,Student,Student,Visakhapatnam,Andhra Pradesh,India,2018-11-05,Active
CUST000277,Snehal Patil,Female,1974-06-01,9306550593,snehal.patil899@gmail.com,Electrician,Senior Citizen,Kanpur,Uttar Pradesh,India,2018-09-30,Active
CUST000278,Sarita Kulkarni,Female,1994-03-29,9365257161,sarita.kulkarni686@yahoo.com,Driver,Retail,Visakhapatnam,Andhra Pradesh,India,2025-10-26,Active
CUST000279,Anita Nair,Female,1998-02-17,+919441237782,anita.nair250@yahoo.com,Civil Engineer,Retail,Vijayawada,Andhra Pradesh,India,2025-10-29,Active
CUST000280,Shivraj Jadhav,Male,1969-01-30,997 878 9265,shivraj.jadhav45@gmail.com,Data Analyst,Retail,Surat,Gujarat,India,2020-07-25,Active
CUST000281,Vivaan Ghosh,Male,28/08/1963,9967106073,,Farmer,Corporate,Nagpur,Maharashtra,India,19/03/2024,Active
CUST000282,Sunita Shah,Female,1988-12-30,9703621213,sunita.shah2@rediffmail.com,Nurse,Corporate,Warangal,Telangana,India,2015-11-11,Active
CUST000283,Rahul Prabhu,Male,1951-08-11,9295650212,rahul.prabhu481@outlook.com,,Senior Citizen,Kanpur,Uttar Pradesh,India,2026-01-23,Active
CUST000284,Manoj Naidu,Male,1975-01-05,9290661039,,Student,Student,Ahmedabad,Gujarat,India,2025-08-18,Blocked
CUST000285,Manisha Reddy,Female,1961-04-30,9173463732,MANISHA.REDDY693@OUTLOOK.COM,Marketing Manager,Premium,Mumbai,Maharashtra,India,2012-12-12,Active
CUST000286,Jyoti Bhosale,Female,1984-10-27,+919812229022,jyoti.bhosale204@yahoo.com,Tailor,Retail,Shimla,Himachal Pradesh,India,2021-11-18,Active
CUST000287,Ayaan Kulkarni,Male,1952-09-28,9298751948,ayaan.kulkarni427@gmail.com,Civil Engineer,Retail,Warangal,Telangana,India,2018-02-10,Active
CUST000288,Ramesh Hegde,Male,1998-03-23,9908277020,ramesh.hegde570@outlook.com,Police Officer,Retail,Kochi,Kerala,India,2016-03-24,Inactive
CUST000289,Vishal Hegde,Male,1964-05-10,9640324015,vishal.hegde370@rediffmail.com,Driver,Retail,Vijayawada,Andhra Pradesh,India,2017-05-27,Active
CUST000290,Shivraj Deshmukh,Male,1979-02-22,9936355153,shivraj.deshmukh680@gmail.com,Business Owner,Retail,Kanpur,Uttar Pradesh,India,2025-01-31,Active
CUST000291,Diya Gupta,Female,1982-09-01,9240421287,diya.gupta508@yahoo.com,Data Analyst,Retail,Indore,Madhya Pradesh,India,2025-05-12,Active
CUST000292,Vivaan Menon,Male,1976-10-14,9517347951,vivaan.menon420@yahoo.com,Pharmacist,Premium,Pune,Maharashtra,India,07-05-2016,Active
CUST000293,Manoj Prabhu,Male,1975-02-21,9332733719,manoj.prabhu322@rediffmail.com,Student,Retail,Indore,Madhya Pradesh,India,2018-03-05,Inactive
CUST000294,Ira Sen,Female,1964-03-04,+919263001642,ira.sen408@gmail.com,Marketing Manager,Corporate,Ludhiana,Punjab,India,2019-01-08,Active
CUST000295,Manoj Sharma,Male,1994-10-20,994 880 2704,manoj.sharma321@gmail.com,Accountant,Senior Citizen,Visakhapatnam,Andhra Pradesh,India,2022-05-25,Active
CUST000296,Vihaan Kumar,Male,1979-04-03,+919644739863,vihaan.kumar576@gmail.com,Bank Employee,Retail,Belagavi,Karnataka,India,2018-06-12,Dormant
CUST000297,Anjali Venkatesh,Female,1961-01-26,9380716152,anjali.venkatesh764@gmail.com,Journalist,Retail,Coimbatore,Tamil Nadu,India,2017-02-24,Active
CUST000298,Sunita Bose,Female,1963-11-24,9850276939,sunita.bose596@rediffmail.com,Farmer,Retail,Pune,Maharashtra,India,2025-05-08,Active
CUST000299,Kavya Mehta,Other,1974-07-28,9230983906,kavya.mehta33@yahoo.com,Homemaker,Corporate, Visakhapatnam ,Andhra Pradesh,India,2016-10-16,Active
CUST000300,Sangeeta Chowdhury,Female,1999-02-08,9767548497,SANGEETA.CHOWDHURY844@YAHOO.COM,Homemaker,Premium,Madurai,Tamil Nadu,India,2017-03-01,Active
CUST000301,Varun Ghosh,Male,2006-03-30,9195045319,varun.ghosh785@yahoo.com,Driver,Retail,Kanpur,Uttar Pradesh,India,2024-04-10,Active
CUST000302,Ritu Kale,Female,1971-07-23,9403107393,ritu.kale818@rediffmail.com,Tailor,Premium,Udaipur,Rajasthan,India,06/03/2016,Active
CUST000303,Manisha Bhosale,Female,1971.12.09,921 611 8743,manisha.bhosale50@outlook.com,Civil Engineer,Corporate,Indore,Madhya Pradesh,India,2019-08-17,Active
CUST000304,Ananya Chavan,Female,1955-10-27,9457038361,ananya.chavan822@yahoo.com,Tailor,Retail,Panaji,Goa,India,2021-04-04,Active
CUST000305,Anika Bose,Female,1981-01-21,9341022229,anika.bose467@rediffmail.com,Bank Employee,Premium,Warangal,Telangana,India,2013-02-01,Active
CUST000306,Geeta Venkatesh,Female,1962-07-16,9230675388,geeta.venkatesh843@gmail.com,HR Manager,Retail,Guwahati,Assam,India,2024-10-10,Active
CUST000307,Deepika Verma,Female,1997-08-26,9133892541,deepika.verma780@outlook.com,Chartered Accountant,Retail,Hyderabad,Telangana,India,2015-08-28,Active
CUST000308,Anil Patil,Male,1980-05-21,9555048966,anil.patil879@yahoo.com,Journalist,Senior Citizen,Delhi,Delhi,India,2012-10-13,Active
CUST000309,Kalpana Chavan,Female,1961-06-10,9122130954,kalpana.chavan122@yahoo.com,Marketing Manager,Retail,Bengaluru,Karnataka,India,2021-05-20,Active
CUST000310,Gaurav Krishnan,Male,07/06/2003,9294099338,gaurav.krishnan555@gmail.com,Lawyer,Corporate,Howrah,West Bengal,India,2021-07-30,Active
CUST000311,Riya Reddy,Female,26-05-1997,9260623084,riya.reddy728@gmail.com,Pharmacist,Premium,Varanasi,Uttar Pradesh,India,2022-08-27,Active
CUST000312,Ritu More,Female,1966-03-17,9405851101,RITU.MORE594@OUTLOOK.COM,,Retail,Guwahati,Assam,India,2025-09-24,Dormant
CUST000313,Anita Naidu,Female,1955-04-12,9769284362,anita.naidu811@rediffmail.com,Nurse,Premium,Ludhiana,Punjab,India,2021-10-05,Dormant
CUST000314,Aarav Pillai,Other,1964-01-07,9478971948,aarav.pillai726@rediffmail.com,Lawyer,Retail,Kanpur,Uttar Pradesh,India,2023-01-29,Active
CUST000315,Karan Yadav,Male,1970-10-27,9113292971,karan.yadav36@gmail.com,Chartered Accountant,Retail,Surat,Gujarat,India,2018-09-08,ACTIVE
CUST000316,Deepika Menon,Female,1972-08-18,9608309263,deepika.menon199@rediffmail.com,Student,Retail,Hubballi,Karnataka,India,2016-05-17,Active
CUST000317,Ananya Kumar,Female,1997-10-26,9415789762,ananya.kumar634@gmail.com,Journalist,Senior Citizen,Visakhapatnam,Andhra Pradesh,India,2020-07-12,Active
CUST000318,Aryan Iyer,Male,1889-06-01,9769333210,aryan.iyer360@rediffmail.com,Retired,Senior Citizen,Ahmedabad,Gujarat,India,2024-09-05,Active
CUST000319,Naveen Mukherjee,Male,1993-04-09,9327227632,naveen.mukherjee356@outlook.com,Tailor,Retail,Bhubaneswar,Odisha,India,2024-08-12,Dormant
CUST000320,Naveen Dutta,Male,1999-03-17,9710102708,naveen.dutta911@rediffmail.com,Lawyer,Retail,Thiruvananthapuram,Kerala,India,2018-04-18,Active
CUST000321,Preeti Naik,Female,1955-07-31,09190642939,preeti.naik90@gmail.com,Chartered Accountant,Student,Vijayawada,Andhra Pradesh,India,2018-10-02,Active
CUST000322,Krishna Singh,Male,1957-01-24,9989581996,krishna.singh522@rediffmail.com,Farmer,Premium,Raipur,Chhattisgarh,India,2021-06-20,Active
CUST000323,Myra Bose,Other,2003-01-07,9988019169,myra.bose311@yahoo.com,Data Analyst,Retail,Patna,Bihar,India,2021-01-10,Active
CUST000324,Rohan Menon,Male,1985-03-08,9348064535,rohan.menon52@outlook.com,Marketing Manager,Retail,Bhopal,Madhya Pradesh,India,2019-09-19,Active
CUST000325,Nisha Bose,Female,1962-04-13,9310765081,nisha.bose375@outlook.com,Shop Owner,Retail,Mysuru,Karnataka,India,2022-09-18,Active
CUST000326,Manoj Bhosale,Male,1995-12-22,9978386137,manoj.bhosale405@outlook.com,Pharmacist,Retail,Mumbai,Maharashtra,India,2023-01-22,Active
CUST000327,Neha Venkatesh,Female,1958-08-07,9101891819,neha.venkatesh454@outlook.com,Accountant,Retail,Kanpur,Uttar Pradesh,India,2014-06-30,Active
CUST000328,Shivraj Naik,Male,1994-07-12,9187766839,,Government Employee,Premium,Patna,Bihar,India,2012-08-03,Active
CUST000329,Shreya Bhat,Female,2001-07-02,936 543 6501,shreya.bhat727@yahoo.com,Consultant,Premium,Ranchi,Jharkhand,India,2019-07-25,Active
CUST000330,Anjali Shah,Female,1977-08-13,+919977713918,ANJALI.SHAH356@GMAIL.COM,Marketing Manager,Retail,Madurai,Tamil Nadu,India,2023.09.23,Active
CUST000331,Ananya Singh,Female,1987-10-07,09249931280,ananya.singh573@outlook.com,,Premium,Lucknow,Uttar Pradesh,India,2015-02-15,Active
CUST000332,Shweta Reddy,,1992-05-02,9613043464,shweta.reddy544@outlook.com,Marketing Manager,Retail,Dehradun,Uttarakhand,India,11/26/2011,Active
CUST000333,Rohan More,Male,2001-05-02,9685398691,rohan.more564@outlook.com,Teacher,Premium,Belagavi,Karnataka,India,2020-04-12,Active
CUST000334,Rohan Hegde,Male,1983-05-10,9819431679,rohan.hegde505@outlook.com,Chef,Retail,Ahmedabad,Gujarat,India,2024-09-08,Active
CUST000335,Basavaraj Pawar,Male,1965-10-12,9729445994,basavaraj.pawar301@yahoo.com,Civil Engineer,Retail,Vijayawada,Andhra Pradesh,India,2014-06-27,Active
CUST000336,Gaurav Subramaniam,Male,1960-03-15,9986571113,gaurav.subramaniam490@gmail.com,Retired,Retail,Delhi,Delhi,India,2011-09-03,Active
CUST000337,Shalini Reddy,Female,16/07/1969,9695512534,shalini.reddy530@rediffmail.com,Business Owner,Retail,Warangal,Telangana,India,2013-03-06,Active
CUST000338,Ritu Nair,Female,1951-05-25,9859841095,ritu.nair19@rediffmail.com,Farmer,Premium,Jaipur,Rajasthan,India,2012-12-26,Active
CUST000339,Anjali Desai,Female,1990-04-29,9387854428,ANJALI.DESAI723@REDIFFMAIL.COM,Student,Retail,Indore,Madhya Pradesh,India,2014-03-06,Active
CUST000340,Nisha Patil,Female,1970-05-21,9466854288,NISHA.PATIL445@GMAIL.COM,Teacher,Retail,Madurai,Tamil Nadu,India,2013-10-19,Active
CUST000341,Geeta Desai,Female,1889-06-01,9763457596,geeta.desai293@outlook.com,Driver,Retail,Guwahati,Assam,India,2020-11-24,Active
CUST000342,Rekha Jadhav,Female,1951-10-02,9888293290,rekha.jadhav29@outlook.com,Professor,Premium,Coimbatore,Tamil Nadu,India,2014-06-19,Active
CUST000343,Prasad Kulkarni,Male,1967-07-02,9104574521,,Professor,Premium, Howrah ,West Bengal,India,2019-07-09,active
CUST000344,Vinod Singh,Male,1971-12-06,9490375824,vinod.singh405@rediffmail.com,Shop Owner,Premium,Varanasi,Uttar Pradesh,India,29/03/2017,Blocked
CUST000345,Deepika Bhat,Female,1953-04-21,9202571239,deepika.bhat835@rediffmail.com,Government Employee,Corporate,Mumbai,Maharashtra,India,2021-03-02,Active
CUST000346,Geeta Kamath,Female,1998.03.20,9417529884,geeta.kamath646@yahoo.com,Doctor,Premium,Bhubaneswar,Odisha,India,08-03-2021,Active
CUST000347,Santosh Naik,Male,1984-03-14,9593318215,SANTOSH.NAIK418@OUTLOOK.COM,Farmer,Retail,Bhopal,Madhya Pradesh,India,2020-03-18,active
CUST000348,Sushma Sharma,Female,1999-02-24,9174575988,sushma.sharma126@rediffmail.com,Nurse,Corporate,Ludhiana,Punjab,India,2024-11-13,Active
CUST000349, Diya Menon,Female,1996-07-30,9924172605,diya.menon275@rediffmail.com,Consultant,Retail,Madurai,Tamil Nadu,India,2014-08-20,Active
CUST000350,Ishaan Salunkhe,Male,1950-01-23,09806084468,ishaan.salunkhe915@rediffmail.com,Data Analyst,Premium,Ahmedabad,Gujarat,India,2019-02-24,Active
CUST000351,Dhruv Bhosale,Male,2000-06-04,9484693846,dhruv.bhosale128@rediffmail.com,Electrician,Student,Panaji,Goa,India,2018-06-18,Active
CUST000352,Aditi Venkatesh,Female,1952-03-18,9969386496,aditi.venkatesh630@outlook.com,Pharmacist,Retail,Nagpur,Maharashtra,India,2019-04-10,Active
CUST000353,Ritu Reddy,Female,2000.10.11,+919869379654,ritu.reddy517@rediffmail.com,Business Owner,Retail,Udaipur,Rajasthan,India,2018.10.18,Active
CUST000354,Kabir Krishnan,Male,1988-07-31,9564271801,kabir.krishnan218@rediffmail.com,Marketing Manager,Retail,Udaipur,Rajasthan,India,2015-12-18,Active
CUST000355,Ritu Hegde,Female,1997-08-23,9517764244,ritu.hegde872@gmail.com,Retired,Student,Vadodara,Gujarat,India,2025-08-15,Active
CUST000356,Aditya Dutta,Male,1978-04-16,9802726360,aditya.dutta394@outlook.com,Teacher,Retail,Vadodara,Gujarat,India,2023-06-10,Active
CUST000357,Shalini Kumar,Female,1957-09-13,9716117253,shalini.kumar660@yahoo.com,Journalist,Premium,Ranchi,Jharkhand,India,2017-08-14,Active
CUST000358,Ashok Chowdhury,Male,1957-01-18,9981339019,ashok.chowdhury97@yahoo.com,Tailor,Retail,Delhi,Delhi,India,2012-09-19,Active
CUST000359,Kiran Desai,Female,1955-03-12,939 982 1651,kiran.desai964@gmail.com,HR Manager,Retail,Panaji,Goa,India,2021-01-28,Active
CUST000360,Abhishek Mehta,Male,1996-10-19,9201405575,abhishek.mehta23@outlook.com,Data Analyst,Retail,Panaji,Goa,India,2015-09-05,Active
CUST000361,Arjun Bhosale,Male,1980-04-28,+919275242605,arjun.bhosale310@rediffmail.com,Government Employee,Corporate,Delhi,Delhi,India,2016-02-13,Active
CUST000362,Geeta Desai,Female,1961-02-11,9574922244,GEETA.DESAI915@YAHOO.COM,Farmer,Retail,Raipur,Chhattisgarh,India,2012-07-04,Inactive
CUST000363,Ishaan Singh,Male,1955-07-25,9382123362,ishaan.singh637@outlook.com,Bank Employee,Senior Citizen,Madurai,Tamil Nadu,India,2015-06-29,Active
CUST000364, Ishaan Venkatesh,Male,1952-09-25,9828385341,ishaan.venkatesh674@yahoo.com,Business Owner,Premium,Nagpur,Maharashtra,India,2014-04-30,Active
CUST000365,Rajesh Mehta,Male,1963-08-21,9887647267,rajesh.mehta314@outlook.com,Consultant,Senior Citizen,Ahmedabad,Gujarat,India,2011-07-12,Active
CUST000366, Ananya Sen,Female,1993-05-29,99907-93885,ananya.sen779@gmail.com,Chef,Retail,Guwahati,Assam,India,2020-02-11,Active
CUST000367,Sneha Desai,Female,2002-01-24,9668107037,sneha.desai930@rediffmail.com,Civil Engineer,Retail,Ludhiana,Punjab,India,2026-01-23,ACTIVE
CUST000368, Suman Ghosh,Other,1984-11-03,9281064603,suman.ghosh621@yahoo.com,Professor,Retail,Thiruvananthapuram,Kerala,India,2012-12-15,Active
CUST000369,Ganesh Chavan,Male,2008-04-28,9248827071,,Tailor,Retail,Amritsar,Punjab,India,2026-05-12,Active
CUST000370,Karan Salunkhe,Male,1971-11-24,9523998284,karan.salunkhe905@rediffmail.com,Homemaker,Retail,Madurai,Tamil Nadu,India,2012-07-25,Inactive
CUST000371,Raghavendra Kotian,Male,1968-02-22,9163974455,raghavendra.kotian5@gmail.com,Accountant,Retail,Panaji,Goa,India,2019-06-25,Active
CUST000372,Usha Kulkarni,Female,1989-12-19,+919218023793,usha.kulkarni895@rediffmail.com,Journalist,Student,Thiruvananthapuram,Kerala,India,2023-11-01,Active
CUST000373,Divya Reddy,Other,1956-02-28,9778437599,divya.reddy10@outlook.com,Consultant,Retail,Mysuru,Karnataka,India,2015-10-24,Active
CUST000374,Anjali Dutta,Female,2003-03-20,9539964444,anjali.dutta59@rediffmail.com,Consultant,Retail,Mysuru,Karnataka,India,2021-03-15,Active
CUST000375,Anita More,Female,1995-04-07,9575200229,anita.more42@outlook.com,Tailor,Retail,Madurai,Tamil Nadu,India,2013-04-27,Active
CUST000376,Rohan Dutta,Male,1950-01-26,9392211406,rohan.dutta190@gmail.com,Civil Engineer,Retail, Nagpur ,Maharashtra,India,2020-06-12,Active
CUST000377,Ira Subramaniam,Female,1959-05-06,9600490180,ira.subramaniam726@outlook.com,Accountant,Retail,Hyderabad,Telangana,India,2016-07-17,Active
CUST000378,Deepak More,Male,1986-01-10,+919408619063,deepak.more395@outlook.com,HR Manager,Student,Shimla,Himachal Pradesh,India,2016-06-20,Active
CUST000379,Suresh Agarwal,Male,1992-09-28,09140685747,suresh.agarwal80@rediffmail.com,Tailor,Retail,Coimbatore,Tamil Nadu,India,2014-09-16,Active
CUST000380,Nikhil Subramaniam,Male,20/03/1961,96113-84251,nikhil.subramaniam341@outlook.com,Bank Employee,Retail,Thiruvananthapuram,Kerala,India,2024-12-04,Active
CUST000381,Shivraj Joshi,Male,1993-04-02,9719964356,shivraj.joshi996@yahoo.com,Electrician,Retail,Shimla,Himachal Pradesh,India,2016-10-28,Active
CUST000382,Umesh Pawar,Male,1976-09-21,9923160689,umesh.pawar525@gmail.com,Accountant,Retail,Madurai,Tamil Nadu,India,2021-12-29,Active
CUST000383,Aarav Reddy,Male,1988-11-27,9700702140,aarav.reddy728@yahoo.com,Data Analyst,Retail,Indore,Madhya Pradesh,India,2022-07-14,Active
CUST000384,Mahesh Dutta,Male,1973-09-07,9619057741,mahesh.dutta266@outlook.com,Business Owner,Corporate,Jaipur,Rajasthan,India,2011-12-04,Active
CUST000385,Anita Chatterjee ,Female,1975-07-09,9967885592,anita.chatterjee520@yahoo.com,Marketing Manager,Retail,Hyderabad,Telangana,India,2014-11-10,Active
CUST000386,Sai Nair,Male,1971-08-17,9297286012,SAI.NAIR796@YAHOO.COM,Homemaker,Retail,Raipur,Chhattisgarh,India,2024-11-29,Active
CUST000387,Suresh Das,Male,1957-07-04,9796576293,suresh.das674@gmail.com,Police Officer,Retail,Bhopal,Madhya Pradesh,India,2024-09-19,Active
CUST000388,Usha Raghunathan,Female,1959-07-14,9286715166,usha.raghunathan8@rediffmail.com,Lawyer,Senior Citizen,Vadodara,Gujarat,India,2017-06-06,Active
CUST000389,Rashmi Kamath,Female,1958-02-27,9100431160,rashmi.kamath606@rediffmail.com,Journalist,Retail,Amritsar,Punjab,India,2013-06-05,Active
CUST000390,Nisha Patil,Female,1996-08-17,9316812867,nisha.patil790@yahoo.com,Software Engineer,Retail,Visakhapatnam,Andhra Pradesh,India,2015-08-20,Active
CUST000391,Yash Iyer,Male,1973-08-22,+919552192748,yash.iyer135@gmail.com,Business Owner,Retail,Guwahati,Assam,India,2025-10-01,Active
CUST000392,Payal Das,Female,1970-12-29,09157382101,payal.das393@rediffmail.com,Accountant,Retail,Dehradun,Uttarakhand,India,2021-06-15,Active
CUST000393,Rajesh Pillai,Male,1999-11-03,9350865476,rajesh.pillai644@rediffmail.com,HR Manager,Retail,Warangal,Telangana,India,2017-11-03,Active
CUST000394,Rahul Gupta,Male,30-09-2001,9144786926,rahul.gupta6@rediffmail.com,Architect,Retail,Kolkata,West Bengal,India,2022-02-26,Active
CUST000395,Neha Bhat,Female,1962-03-05,9318999955,neha.bhat710@outlook.com,Software Engineer,Retail,Coimbatore,Tamil Nadu,India,2013.04.13,ACTIVE
CUST000396,Divya Agarwal,Female,1969-06-27,9747986813,divya.agarwal846@outlook.com,Chartered Accountant,Retail,Indore,Madhya Pradesh,India,2015-09-17,Active
CUST000397,Snehal Joshi,Female,1972-12-10,923 695 7285,snehal.joshi526@outlook.com,Nurse,Corporate,Amritsar,Punjab,India,26/06/2018,Active
CUST000398,Anita Rao,Female,1998-11-15,9337381132,anita.rao446@gmail.com,Civil Engineer,Retail,Bhopal,Madhya Pradesh,India,2016-12-05,Active
CUST000399,Namrata More,Female,08-09-1988,9222101331,namrata.more92@outlook.com,Consultant,Retail,Chandigarh,Chandigarh,India,2021-11-06,Active
CUST000400,Rahul Dutta ,Male,25-12-1980,9446018495,rahul.dutta724@yahoo.com,Accountant,Retail,Bhubaneswar,Odisha,India,2013-06-06,Active
CUST000401,Karan Roy,Male,1889-06-01,9784951441,karan.roy942@rediffmail.com,Retired,Retail,Delhi,Delhi,India,2024-08-17,Active
CUST000402,Amit Shetty,Male,1971-05-13,9583626631,amit.shetty877@rediffmail.com,Police Officer,Retail,Howrah,West Bengal,India,2020-03-21,Active
CUST000403,Sanjay Verma,Male,1949-09-30,928 017 2032,sanjay.verma549@gmail.com,Architect,Retail,Patna,Bihar,India,2015-10-01,Active
CUST000404,Diya Venkatesh,Female,1990-08-26,9388057684,diya.venkatesh35@gmail.com,Police Officer,Retail,Nagpur,Maharashtra,India,2025-11-13,Active
CUST000405,Gaurav Dutta,Male,2003-09-01,9530907771,gaurav.dutta286@yahoo.com,Nurse,Retail,Visakhapatnam,Andhra Pradesh,India,2021-09-14,Active
CUST000406,Ira Chatterjee,Female,1995-08-29,9513940154,ira.chatterjee262@gmail.com,Nurse,Retail, Hubballi ,Karnataka,India,2017-06-22,Active
CUST000407,Anjali Kumar,Female,1966-09-27,9878509587,anjali.kumar8@gmail.com,Farmer,Retail,Guwahati,Assam,India,2011-04-30,Active
CUST000408,Geeta Verma,Female,1977-03-29,9837249419,geeta.verma119@rediffmail.com,Government Employee,Retail,Kochi,Kerala,India,2026-06-24,Inactive
CUST000409,Arjun Reddy,Male,2006-01-05,9319689532,ARJUN.REDDY574@OUTLOOK.COM,Bank Employee,Retail,Ludhiana,Punjab,India,2024-02-25,Active
CUST000410,Aditya Salunkhe,Male,1973-10-09,9733838850,aditya.salunkhe98@rediffmail.com,Homemaker,Retail,Guwahati,Assam,India,2013-09-28,Active
CUST000411,Aarav Verma,Other,1998-11-01,9812133704,aarav.verma39@outlook.com,Accountant,Retail,Lucknow,Uttar Pradesh,India,2025-09-22,Active
CUST000412,Ritu Naik,Female,1982-12-25,9909984672,ritu.naik944@outlook.com,Consultant,Retail,Bhubaneswar,Odisha,India,2023-05-15,Blocked
CUST000413,Anita Kumar,Female,1978-03-24,9337553788,anita.kumar604@outlook.com,Bank Employee,Student, Kolkata ,West Bengal,India,2017-07-16,Active
CUST000414,Sunita Shetty,Female,1983-06-14,9755186989,sunita.shetty804@gmail.com,Business Owner,Retail,Chandigarh,Chandigarh,India,2025-06-03,Active
CUST000415,Kavya Kulkarni,Female,1961-07-18,09268252846,kavya.kulkarni249@gmail.com,Pharmacist,Retail,Visakhapatnam,Andhra Pradesh,India,2019-09-08,Dormant
CUST000416,Prakash Reddy,Male,1973-10-11,9500100930,,Consultant,Corporate,Belagavi,Karnataka,India,2021-09-09,Active
CUST000417,Sunita Kumar,Female,1966-06-09,91653-92874,SUNITA.KUMAR610@YAHOO.COM,Nurse,Retail,Howrah,West Bengal,India,2013-11-05,Active
CUST000418,Gaurav Subramaniam,Male,1993-11-25,9643448762,gaurav.subramaniam686@rediffmail.com,Homemaker,Retail,Mumbai,Maharashtra,India,2012-09-12,Active
CUST000419,Vandana Singh,Female,1985-02-05,97157-81368,vandana.singh368@yahoo.com,Journalist,Corporate,Kanpur,Uttar Pradesh,India,2019-03-14,Active
CUST000420,Deepika Deshmukh,Female,1972-03-20,9470470426,deepika.deshmukh918@yahoo.com,Nurse,Retail,Guwahati,Assam,India,2016-01-28,Active
CUST000421,Pallavi Mukherjee,Female,1997-10-30,9317821132,pallavi.mukherjee703@outlook.com,Bank Employee,Retail,Pune,Maharashtra,India,2026-04-03,Active
CUST000422,Aryan Ghosh,Male,1975-06-11,9793384221,aryan.ghosh221@gmail.com,Civil Engineer,Retail,Kanpur,Uttar Pradesh,India,2012-05-01,Active
CUST000423,Rohan Shetty,Male,2005-10-02,9919311751,rohan.shetty99@rediffmail.com,,Retail, Surat ,Gujarat,India,2023-10-05,Active
CUST000424,Sunita Naik,Female,1984-09-02,921 940 4017,sunita.naik15@gmail.com,Civil Engineer,Retail,Guwahati,Assam,India,2020-05-07,Active
CUST000425,Siddharth Nair,Male,2001-08-29,9348258187,siddharth.nair843@rediffmail.com,Farmer,Premium,Chennai,Tamil Nadu,India,2024-08-28,Active
CUST000426,Nikhil More ,Male,2007-10-14,9643015497,nikhil.more823@outlook.com,Journalist,Retail,Hubballi,Karnataka,India,2026-07-05,Active
CUST000427,Naveen Iyer,Male,1967-10-23,9429212577,naveen.iyer478@rediffmail.com,Software Engineer,Retail,Belagavi,Karnataka,India,2024-07-11,Active
CUST000428,Ayaan Naidu,Male,1963-10-17,9111688340,ayaan.naidu722@yahoo.com,Nurse,Senior Citizen,Surat,Gujarat,India,2016-10-27,Active
CUST000429,Reyansh Rao,Male,1998-08-16,9310446985,reyansh.rao882@rediffmail.com,Retired,Student,Udaipur,Rajasthan,India,2021-10-22,Active
CUST000430,Riya Sharma,Female,1962-01-19,9970840455,riya.sharma160@rediffmail.com,Shop Owner,Retail,Visakhapatnam,Andhra Pradesh,India,2013-07-13,Active
CUST000431,Sunil Deshmukh,Male,1993-07-25,9648682481,sunil.deshmukh979@yahoo.com,Architect,Retail,Jaipur,Rajasthan,India,2018-07-20,Active
CUST000432,Nikhil Menon,Male,1958-09-19,9329723471,nikhil.menon489@yahoo.com,Tailor,Premium,Hubballi,Karnataka,India,2015-03-05,Inactive
CUST000433,Naveen Hegde,Male,2000-09-12,9780566811,naveen.hegde438@gmail.com,Architect,Premium,Indore,Madhya Pradesh,India,2018-09-22,Active
CUST000434,Prakash Salunkhe,Male,1989.10.08,94543-15440,prakash.salunkhe161@gmail.com,Civil Engineer,Senior Citizen,Nagpur,Maharashtra,India,2019-11-14,Active
CUST000435,Vikram Shah,Male,1979-07-26,09605496537,vikram.shah672@outlook.com,Marketing Manager,Premium,Kolkata,West Bengal,India,2012-12-21,Active
CUST000436,Riya Naik,Female,1975-03-17,9305575339,RIYA.NAIK602@REDIFFMAIL.COM,Electrician,Premium,Bhopal,Madhya Pradesh,India,2019-11-03,Active
CUST000437,Ayaan Bose,Male,1986-08-10,+919754827906,ayaan.bose30@outlook.com,Chartered Accountant,Retail,Madurai,Tamil Nadu,India,2017-03-25,Inactive
CUST000438,Krishna Das,Male,1971-07-18,9382333561,krishna.das647@rediffmail.com,Architect,Retail,Chandigarh,Chandigarh,India,2014-07-28,Active
CUST000439,Pradeep Pawar,Male,1972-02-06,97350-90448,pradeep.pawar142@rediffmail.com,Sales Executive,Retail,Jaipur,Rajasthan,India,2019.09.26,Active
CUST000440,Kabir Jadhav,Male,1960-05-13,9565618309,kabir.jadhav277@outlook.com,Chartered Accountant,Premium,Raipur,Chhattisgarh,India,2022-08-31,Active
CUST000441,Prakash Kale,Male,1957-07-24,9233362539,prakash.kale611@outlook.com,Doctor,Retail,Hyderabad,Telangana,India,2020-06-23,Active
CUST000442, Basavaraj Joshi,Male,2001-12-27,9661072523,basavaraj.joshi780@rediffmail.com,Marketing Manager,Retail,Visakhapatnam,Andhra Pradesh,India,2020-01-18,Active
CUST000443,Riya Pawar,Female,1993-05-22,9167653317,riya.pawar134@rediffmail.com,Nurse,Retail,Thiruvananthapuram,Kerala,India,2019-09-25,Active
CUST000444,Girish Chatterjee,Male,1974-11-06,+919743532839,girish.chatterjee473@gmail.com,Driver,Student,Ranchi,Jharkhand,India,2020-09-05,Active
CUST000445,Dhruv Chatterjee,Male,1998-05-22,,dhruv.chatterjee285@outlook.com,Student,Retail,Hubballi,Karnataka,India,2021-08-14,ACTIVE
CUST000446,Sai Dutta,Male,1984-10-25,9703436491,sai.dutta705@yahoo.com,Marketing Manager,Premium,Mumbai,Maharashtra,India,2017-08-12,Active
CUST000447,Ashok Iyer,Male,1984-04-17,9375122254,ashok.iyer827@rediffmail.com,Tailor,Retail,Ranchi,Jharkhand,India,2012-06-22,Inactive
CUST000448,Gaurav Kumar,Male,1954-10-26,9325830705,gaurav.kumar639@gmail.com,Journalist,Retail,Udaipur,Rajasthan,India,2012-12-22,Inactive
CUST000449,Pallavi Yadav,Female,1980-08-10,9408236183,pallavi.yadav794@rediffmail.com,Business Owner,Retail,Warangal,Telangana,India,2016-02-27,Active
CUST000450,Komal Menon,Female,1954-07-17,9148384591,komal.menon450@yahoo.com,Homemaker,Retail,Panaji,Goa,India,2020-11-09,Active
CUST000451,Amit Gowda,Male,1989-06-08,9457460026,amit.gowda597@rediffmail.com,Lawyer,Premium,Kolkata,West Bengal,India,2022-06-26,Dormant
CUST000452,Manoj Bhat,Male,1952-01-30,9210819906,manoj.bhat293@rediffmail.com,Data Analyst,Retail,Vadodara,Gujarat,India,2021-06-16,Active
CUST000453,Ishaan Naik,Male,1979-02-26,9566740374,ishaan.naik987@yahoo.com,Driver,Senior Citizen,Patna,Bihar,India,2015-11-07,Active
CUST000454,Harsh Desai,Male,1970-04-03,9181559657,harsh.desai204@rediffmail.com,Chef,Premium,Raipur,Chhattisgarh,India,2017-11-02,Active
CUST000455,Ritu Venkatesh,Female,1955-12-04,9108373360,ritu.venkatesh920@gmail.com,Chef,Retail,Panaji,Goa,India,2011-09-23,Active
CUST000456,Naveen Prabhu,Male,1976-08-25,94951-53522,naveen.prabhu745@gmail.com,Teacher,Retail,Bhopal,Madhya Pradesh,India,2023-05-26,Active
CUST000457,Karan Das,Male,1960-02-27,9368202127,karan.das985@outlook.com,Accountant,Retail,Bengaluru,Karnataka,India,2016-06-28,Active
CUST000458,Shreya Ghosh,Female,1962-10-26,9889188592,shreya.ghosh641@yahoo.com,Software Engineer,Retail,Bengaluru,Karnataka,India,11/30/2018,Active
CUST000459,Mahesh Raghunathan,Male,2001-11-29,9337930425,mahesh.raghunathan352@gmail.com,Chartered Accountant,Retail, Indore ,Madhya Pradesh,India,2019-11-28,Active
CUST000460,Amit Deshmukh,Male,1969-03-08,9459391673,amit.deshmukh281@rediffmail.com,Government Employee,Retail,Lucknow,Uttar Pradesh,India,2015-06-10,ACTIVE
CUST000461,Aadhya Sharma,Female,1972-06-21,+919312600728,AADHYA.SHARMA180@GMAIL.COM,Data Analyst,Student,Mysuru,Karnataka,India,2013-08-12,Active
CUST000462,Vivaan Deshmukh,Male,1948-05-18,9900527134,vivaan.deshmukh966@outlook.com,Lawyer,Premium,Indore,Madhya Pradesh,India,2025-10-25,Inactive
CUST000463,Reyansh Bhosale,Male,1966-03-16,9254782598,reyansh.bhosale107@yahoo.com,Lawyer,Corporate,Vijayawada,Andhra Pradesh,India,2012-11-09,Active
CUST000464,Santosh Naidu,Male,1969-04-08,9326168196,SANTOSH.NAIDU809@YAHOO.COM,Retired,Retail, Nagpur ,Maharashtra,India,2025-09-01,Active
CUST000465,Snehal Singh,Female,1991-07-27,9267794378,snehal.singh698@gmail.com,Chartered Accountant,Retail,Ludhiana,Punjab,India,2012-10-04,Active
CUST000466,Ganesh Pawar,Male,1955-03-22,9235868176,ganesh.pawar127@yahoo.com,Consultant,Senior Citizen,Kolkata,West Bengal,India,2012-06-26,Active
CUST000467,Ayaan Reddy,Male,2004-05-02,9316678839,ayaan.reddy914@outlook.com,Student,Retail,Ahmedabad,Gujarat,India,2025-01-11,Active
CUST000468,Aditya Mukherjee,Male,1955-10-11,9866643404,aditya.mukherjee163@yahoo.com,HR Manager,Premium,Patna,Bihar,India,2025-09-13,Active
CUST000469,Vikram Mehta,Male,1987-07-20,+919512943904,vikram.mehta161@outlook.com,Farmer,Senior Citizen,Coimbatore,Tamil Nadu,India,2024-11-28,Active
CUST000470,Ananya Sharma,Female,1948-04-09,9444647346,ananya.sharma543@yahoo.com,Student,Senior Citizen,Hubballi,Karnataka,India,2023-01-18,Active
CUST000471,Vishal Naik,Male,1997-08-27,927 172 3150,vishal.naik103@rediffmail.com,Nurse,Retail,Raipur,Chhattisgarh,India,2018.08.27,Active
CUST000472,Snehal Raghunathan,Female,1990-03-10,9265630597,snehal.raghunathan103@yahoo.com,Business Owner,Corporate,Kolkata,West Bengal,India,2012-08-28,Active
CUST000473,Meera Salunkhe,Female,1998-09-28,9599708525,meera.salunkhe623@yahoo.com,Lawyer,Retail,Hubballi,Karnataka,India,2020-03-11,Active
CUST000474,Preeti Yadav,Female,2004-06-02,9776087069,preeti.yadav963@outlook.com,Farmer,Retail,Indore,Madhya Pradesh,India,2022-06-14,Inactive
CUST000475,Nikhil Patil,Male,1998-07-11,9602146711,nikhil.patil54@outlook.com,Lawyer,Retail,Chennai,Tamil Nadu,India,2022-06-06,Active
CUST000476,Snehal Bhat,Female,1985-08-27,9691456894,snehal.bhat637@yahoo.com,Software Engineer,Retail,Guwahati,Assam,India,2011-07-18,Active
CUST000477,Usha Dutta,Female,1998.10.18,93353-47473,usha.dutta601@rediffmail.com,HR Manager,Retail, Nagpur ,Maharashtra,India,2016-10-24,active
CUST000478,Vishal Nair,Male,1953.10.29,9950769789,vishal.nair67@outlook.com,Architect,Retail,Lucknow,Uttar Pradesh,India,2020-02-24,Active
CUST000479,Lakshmi Kulkarni,Female,1987-02-02,9840326151,lakshmi.kulkarni150@yahoo.com,Homemaker,Retail,Surat,Gujarat,India,2024-04-15,Active
CUST000480,Komal Krishnan,Female,2007-12-15,9890016020,komal.krishnan443@gmail.com,HR Manager,Corporate,Raipur,Chhattisgarh,India,2025-12-26,Active
CUST000481,Ramesh Pawar,Male,1970-11-07,9724883824,,Pharmacist,Senior Citizen,Lucknow,Uttar Pradesh,India,2019-11-02,Active
CUST000482,Vandana Shah,Female,2007-02-07,9163764187,vandana.shah222@gmail.com,Doctor,Corporate,Vijayawada,Andhra Pradesh,India,2025-02-04,Inactive
CUST000483,Ashok Verma,Male,1978-09-11,9244892012,ASHOK.VERMA434@GMAIL.COM,Shop Owner,Retail, Coimbatore ,Tamil Nadu,India,2018-05-02,Active
CUST000484,Snehal Kumar,Female,1976-05-14,9219226913,snehal.kumar490@yahoo.com,Marketing Manager,Senior Citizen,Jaipur,Rajasthan,India,2018-11-26,Active
CUST000485,Deepak Deshmukh ,Other,1966-03-08,96291-75072,deepak.deshmukh711@yahoo.com,Architect,Retail,Amritsar,Punjab,India,2020-08-14,Active
CUST000486,Vinod Subramaniam,Male,1954-07-14,9206909820,vinod.subramaniam247@rediffmail.com,Pharmacist,Retail,Hubballi,Karnataka,India,2014-07-15,Active
CUST000487,Kiran Venkatesh,Female,2001.02.03,9594458451,kiran.venkatesh688@outlook.com,Doctor,Retail,Vijayawada,Andhra Pradesh,India,2019-02-09,Active
CUST000488,Vivaan Mehta,Male,31/08/1991,9635896408,vivaan.mehta831@rediffmail.com,Lawyer,Retail,Bhubaneswar,Odisha,India,2019-05-28,Active
CUST000489,Geeta Yadav,Female,1972-03-30,9925105200,geeta.yadav582@outlook.com,Chartered Accountant,Retail,Indore,Madhya Pradesh,India,2024.03.21,Active
CUST000490,Komal Sen,Female,2006-04-01,9626190142,,Sales Executive,Retail,Coimbatore,Tamil Nadu,India,2024-04-22,Active
CUST000491,Aarav Salunkhe,Male,1959.02.19,9103440652,aarav.salunkhe168@rediffmail.com,Doctor,Student,Amritsar,Punjab,India,2022-09-17,Active
CUST000492,Raghavendra Kulkarni,Male,1995-03-06,9791918292,raghavendra.kulkarni905@yahoo.com,Farmer,Retail,Ludhiana,Punjab,India,2014-05-06,Active
CUST000493,Raghavendra Bhosale,Male,1975-05-25,9888413315,raghavendra.bhosale301@yahoo.com,Lawyer,Retail,Hyderabad,Telangana,India,2017-04-26,Active
CUST000494,Reyansh Naik,Male,1985-10-25,917 518 5124,reyansh.naik198@outlook.com,Bank Employee,Retail,Chandigarh,Chandigarh,India,2019-08-08,Active
CUST000495,Varun Rao,Male,1950-04-04,9585386266,varun.rao548@gmail.com,Civil Engineer,Retail, Nagpur ,Maharashtra,India,2026-01-13,Active
CUST000496,Raghavendra Ghosh,Male,1985-01-02,95227-75876,raghavendra.ghosh385@yahoo.com,Farmer,Student,Ahmedabad,Gujarat,India,2016-07-05,Active
CUST000497,Santosh Bose,Male,1989-02-22,923 612 4567,santosh.bose461@outlook.com,HR Manager,Retail,Hubballi,Karnataka,India,04/08/2025,Inactive
CUST000498,Karan Shetty,Male,2007-03-31,9870279166,karan.shetty804@outlook.com,Lawyer,Retail,Varanasi,Uttar Pradesh,India,2025-04-13,Active
CUST000499,Meera Bhat,Female,1968-12-19,9452529649,meera.bhat535@outlook.com,Doctor,Premium,Kanpur,Uttar Pradesh,India,2020-11-05,Active
CUST000500,Ananya Bhosale,Female,1952-06-05,9583206712,ananya.bhosale374@rediffmail.com,Software Engineer,Retail,Kanpur,Uttar Pradesh,India,2021-11-28,Active
CUST000501,Kiran Chowdhury,Female,1951-09-26,97993-92850,,Retired,Retail,Indore,Madhya Pradesh,India,2023-04-28,Blocked
CUST000502,Basavaraj Desai,Male,1957-01-22,9503349131,basavaraj.desai379@gmail.com,HR Manager,Retail,Visakhapatnam,Andhra Pradesh,India,2021-11-09,Active
CUST000503,Meera Desai,Female,2027-01-15,9549746351,meera.desai957@gmail.com,Business Owner,Retail,Delhi,Delhi,India,2021-06-13,Active
CUST000504,Lakshmi Kotian,Female,1998-05-02,99871-81030,lakshmi.kotian985@outlook.com,Lawyer,Premium,Chennai,Tamil Nadu,India,2016-11-14,ACTIVE
CUST000505,Varun Dutta,Male,1959-10-29,9232634417,varun.dutta469@rediffmail.com,HR Manager,Corporate,Chennai,Tamil Nadu,India,2017-08-25,Active
CUST000506,Raghavendra Chowdhury,Male,1956-10-16,9899314879,RAGHAVENDRA.CHOWDHURY770@OUTLOOK.COM,Professor,Retail,Vijayawada,Andhra Pradesh,India,2020-04-23,Active
CUST000507,Aadhya Kotian,Female,1949-12-06,9201464357,aadhya.kotian707@gmail.com,Data Analyst,Premium,Belagavi,Karnataka,India,2024-02-09,Active
CUST000508,Ayaan Naik,Male,1971-03-22,9695400815,ayaan.naik860@outlook.com,Retired,Premium,Pune,Maharashtra,India,2021-02-11,Dormant
CUST000509,Yash Salunkhe,Male,1984-07-23,9603581785,yash.salunkhe461@rediffmail.com,HR Manager,Retail,Hubballi,Karnataka,India,2026-05-07,Active
CUST000510,Ira Sen,Other,1965-01-20,,ira.sen407@gmail.com,Nurse,Retail,Bhubaneswar,Odisha,India,2021-07-30,Active
CUST000511,Vivaan Sharma,Male,1978-01-07,9778885299,vivaan.sharma277@yahoo.com,Teacher,Retail,Chandigarh,Chandigarh,India,2017-05-01,Active
CUST000512,Vikram Deshmukh,Male,1962-09-30,9856706669,vikram.deshmukh585@outlook.com,Consultant,Retail,Visakhapatnam,Andhra Pradesh,India,2019-12-09,Active
CUST000513,Snehal Verma,Other,1996-06-19,9308928072,snehal.verma615@yahoo.com,Consultant,Retail,Chennai,Tamil Nadu,India,2020-09-07,Active
CUST000514,Ira Pawar,,1949-07-23,986 029 4475,ira.pawar450@gmail.com,Pharmacist,Retail,Ahmedabad,Gujarat,India,2024.06.20,Active
CUST000515,Aarav Desai,Male,1960-02-27,963 011 8849,aarav.desai310@outlook.com,Bank Employee,Retail,Varanasi,Uttar Pradesh,India,2014-12-23,Active
CUST000516,Swati Mukherjee,Female,1982-04-22,9128836516,swati.mukherjee450@outlook.com,Professor,Premium,Nagpur,Maharashtra,India,2014-11-12,Active
CUST000517,Sunita Venkatesh,Female,1999-01-14,+919902430048,sunita.venkatesh502@outlook.com,Driver,Retail,Visakhapatnam,Andhra Pradesh,India,25/01/2017,Active
CUST000518,Ananya Naik,Female,1972-04-22,+919794883312,ananya.naik128@outlook.com,Electrician,Senior Citizen,Amritsar,Punjab,India,2011-11-13,ACTIVE
CUST000519,Meera Pawar,Female,1952-03-21,9410962104,meera.pawar659@outlook.com,Tailor,Retail,Mysuru,Karnataka,India,2021-06-27,Active
CUST000520,Ganesh Venkatesh,Male,1981-06-01,9414979268,GANESH.VENKATESH841@YAHOO.COM,Consultant,Retail,Ludhiana,Punjab,India,15/12/2025,Blocked
CUST000521,Basavaraj Nair,Male,1964-05-19,9348828347,basavaraj.nair322@gmail.com,Doctor,Retail,Vadodara,Gujarat,India,2020-07-14,Active
CUST000522,Swati Kale,Female,1966-06-13,9468864108,swati.kale390@rediffmail.com,Bank Employee,Retail,Kolkata,West Bengal,India,11/12/2011,Active
CUST000523,Varun Singh,Male,2003-11-15,9131298008,VARUN.SINGH93@GMAIL.COM,Student,Senior Citizen,Vijayawada,Andhra Pradesh,India,2021-12-09,Inactive
CUST000524,Ananya Rao,Female,2005-01-13,9770940999,ANANYA.RAO581@REDIFFMAIL.COM,Government Employee,Retail,Lucknow,Uttar Pradesh,India,2025-01-11,Active
CUST000525,Pooja Joshi,Female,1963-09-05,9777127156,pooja.joshi427@outlook.com,Business Owner,Retail,Coimbatore,Tamil Nadu,India,2011-10-22,Active
CUST000526,Rahul Shetty,Male,1983-10-29,9987899265,rahul.shetty856@outlook.com,Nurse,Retail,Amritsar,Punjab,India,2020-07-06,Inactive
CUST000527,Sneha Jadhav,Female,1980-10-06,9595531482,sneha.jadhav906@gmail.com,Shop Owner,Retail,Patna,Bihar,India,2017-11-05,Active
CUST000528,Suresh Kotian,Male,2006-03-26,9989042644,suresh.kotian772@rediffmail.com,Doctor,Premium,Delhi,Delhi,India,2025-04-10,Active
CUST000529,Riya Mehta,Female,2005-04-28,09288895639,RIYA.MEHTA210@OUTLOOK.COM,Shop Owner,Premium,Indore,Madhya Pradesh,India,2023-04-29,Active
CUST000530,Sanjay Sen,Male,1969-03-15,9526458574,sanjay.sen198@rediffmail.com,Data Analyst,Retail,Thiruvananthapuram,Kerala,India,2019-10-12,Active
CUST000531,Radha Naidu,Female,1949-07-16,98042-29222,radha.naidu485@rediffmail.com,Electrician,Premium,Hyderabad,Telangana,India,2022-03-22,Active
CUST000532,Aadhya Singh,Female,02/20/1948,981 059 5665,aadhya.singh618@gmail.com,Civil Engineer,Premium,Vadodara,Gujarat,India,2023-10-04,Active
CUST000533,Naveen Verma,Male,1948-04-12,9796314013,naveen.verma32@rediffmail.com,Homemaker,Retail,Ludhiana,Punjab,India,2019-01-04,Active
CUST000534,Rashmi Gupta,Female,1995-05-01,9519455342,rashmi.gupta495@outlook.com,Driver,Retail,Hubballi,Karnataka,India,2022.03.17,Active
CUST000535,Kalpana Mehta,Female,1992-10-28,9165766860,kalpana.mehta87@gmail.com,Tailor,Senior Citizen,Patna,Bihar,India,2023-07-07,Active
CUST000536,Shalini Kumar,Female,1998-02-15,9879363232,shalini.kumar260@outlook.com,Retired,Premium,Ludhiana,Punjab,India,2019-02-28,Active
CUST000537,Nisha Subramaniam,Female,1956-06-14,9443300214,nisha.subramaniam359@outlook.com,Pharmacist,Retail,Vijayawada,Andhra Pradesh,India,2022-02-15,Active
CUST000538,Girish Gupta,Other,1951-07-22,09684754894,girish.gupta41@outlook.com,Homemaker,Retail,Warangal,Telangana,India,2016-08-23,Active
CUST000539,Dhruv Chatterjee,Male,1958-04-28,9219954550,dhruv.chatterjee262@yahoo.com,Chef,Premium,Madurai,Tamil Nadu,India,2016-07-07,Active
CUST000540,Nisha Roy,Female,1985-11-20,9942976350,nisha.roy629@rediffmail.com,Marketing Manager,Senior Citizen,Vijayawada,Andhra Pradesh,India,2011-01-17,Active
CUST000541,Arjun Verma,Male,1948-07-17,9331088439,arjun.verma996@gmail.com,Farmer,Retail,Jaipur,Rajasthan,India,2021-05-26,Active
CUST000542,Sushma Yadav,Female,1988-01-18,99975-16144,sushma.yadav779@yahoo.com,Farmer,Corporate,Varanasi,Uttar Pradesh,India,2014-11-24,Active
CUST000543,Komal Joshi,Female,2001-11-07,9743866878,komal.joshi306@rediffmail.com,Tailor,Retail,Lucknow,Uttar Pradesh,India,2023-08-24,Dormant
CUST000544,Prakash Kamath,Male,1956-10-29,9397168893,prakash.kamath940@gmail.com,Chartered Accountant,Retail,Lucknow,Uttar Pradesh,India,2025-10-15,Active
CUST000545, Shivraj Ghosh,Male,1992-10-05,9432621320,shivraj.ghosh440@yahoo.com,Lawyer,Premium,Kochi,Kerala,India,2024-08-10,Active
CUST000546,Priya Rao ,Female,1981-06-22,9981391430,priya.rao355@yahoo.com,Electrician,Retail,Surat,Gujarat,India,2015-04-13,Blocked
CUST000547,Mahesh Naidu,Male,2005-03-14,9634434831,MAHESH.NAIDU846@REDIFFMAIL.COM,Teacher,Retail,Ahmedabad,Gujarat,India,2023-03-11,Active
CUST000548,Vidya Mehta,Female,1962-09-25,9723261669,vidya.mehta399@rediffmail.com,Chef,Premium,Surat,Gujarat,India,2022-09-06,Active
CUST000549,Rohan Gowda,Male,29/09/1961,93142-77579,rohan.gowda738@rediffmail.com,Electrician,Retail,Bhopal,Madhya Pradesh,India,2018-11-12,Active
CUST000550,Rekha Roy,Female,1948-12-30,9102800754,rekha.roy163@yahoo.com,Sales Executive,Retail,Amritsar,Punjab,India,2018-11-25,Active
CUST000551,Aditya Nair,Male,1990-09-20,9464462562,aditya.nair332@yahoo.com,Bank Employee,Retail,Varanasi,Uttar Pradesh,India,2017-10-21,Active
CUST000552,Santosh Bhat,Male,2000-07-09,9715454642,SANTOSH.BHAT983@GMAIL.COM,Doctor,Retail,Indore,Madhya Pradesh,India,2018-07-29,Active
CUST000553,Myra Kotian,Female,1949-02-19,9371397058,myra.kotian244@rediffmail.com,HR Manager,Retail,Surat,Gujarat,India,2019-11-28,Active
CUST000554,Pallavi Sharma,Female,1977-10-15,9300141712,pallavi.sharma848@yahoo.com,Government Employee,Retail,Bhubaneswar,Odisha,India,2026-05-26,Active
CUST000555,Ashok Reddy,Male,1991-11-14,9449836189,ashok.reddy466@yahoo.com,Doctor,Senior Citizen,Ahmedabad,Gujarat,India,2014-05-27,Active
CUST000556,Ayaan Menon,Male,1995-05-11,9308240758,,Tailor,Premium,Surat,Gujarat,India,2013-05-20,Active
CUST000557,Namrata Hegde,Female,2004-05-11,9491475578,namrata.hegde416@rediffmail.com,Consultant,Premium,Nagpur,Maharashtra,India,2022-06-02,Active
CUST000558,Riya Ghosh,Female,1991-10-18,9596951257,riya.ghosh495@gmail.com,Doctor,Retail,Madurai,Tamil Nadu,India,2020-01-17,Inactive
CUST000559,Vihaan Jadhav,Male,2003-10-08,9345153498,vihaan.jadhav394@rediffmail.com,Nurse,Retail,Ranchi,Jharkhand,India,2021-10-28,Active
CUST000560,Saanvi Roy,Female,2008-03-14,91278-33329,saanvi.roy210@yahoo.com,Consultant,Senior Citizen,Belagavi,Karnataka,India,2026-04-08,Active
CUST000561,Payal Chavan,Female,2004-03-10,9191626731,payal.chavan843@yahoo.com,Government Employee,Premium,Chennai,Tamil Nadu,India,2025-10-08,Active
CUST000562,Deepika Kulkarni,Female,1974-07-14,9474732329,DEEPIKA.KULKARNI573@GMAIL.COM,Tailor,Corporate,Guwahati,Assam,India,2012-03-10,Active
CUST000563,Priya Bhosale,Female,1972-08-28,92596-40344,priya.bhosale505@outlook.com,Professor,Retail,Dehradun,Uttarakhand,India,2013-09-18,Inactive
CUST000564,Vidya Chavan,Female,1973-11-25,9248406631,vidya.chavan372@yahoo.com,Professor,Retail,Surat,Gujarat,India,2014-04-29,Active
CUST000565,Reyansh Mukherjee,Male,2005-08-06,9124534214,reyansh.mukherjee771@gmail.com,Shop Owner,Retail,Surat,Gujarat,India,2023-08-24,Active
CUST000566,Meera Reddy,Female,1965-01-25,+919657416101,meera.reddy348@gmail.com,Tailor,Retail,Lucknow,Uttar Pradesh,India,2021-10-14,Active
CUST000567,Swati Kale,Female,1993-07-30,9661547420,,Lawyer,Corporate,Bhubaneswar,Odisha,India,2013-11-06,Active
CUST000568,Divya Pawar,Female,1985-11-15,9704695306,divya.pawar83@gmail.com,Consultant,Retail,Jaipur,Rajasthan,India,2012-09-06,Active
CUST000569,Sanjay Salunkhe,Male,1889-06-01,9712548057,sanjay.salunkhe872@outlook.com,HR Manager,Retail,Hubballi,Karnataka,India,2012-05-01,Active
CUST000570,Basavaraj Gupta,Male,1977-06-13,+919876555435,basavaraj.gupta74@outlook.com,Shop Owner,Retail,Vadodara,Gujarat,India,2023-06-12,Active
CUST000571,Deepika Kamath,Female,1959-10-18,9644301495,deepika.kamath844@rediffmail.com,Police Officer,Premium,Madurai,Tamil Nadu,India,2011-06-17,Active
CUST000572,Ayaan Reddy,Male,1992-02-25,09451618235,ayaan.reddy379@gmail.com,Accountant,Premium,Indore,Madhya Pradesh,India,2020-09-17,Active
CUST000573,Ira Venkatesh,Female,1975-02-06,9533362554,ira.venkatesh3@yahoo.com,Electrician,Retail,Mysuru,Karnataka,India,2019-12-26,Active
CUST000574,Basavaraj Sen,Male,1969-08-06,09830910095,basavaraj.sen925@gmail.com,Pharmacist,Student, Kochi ,Kerala,India,2012-07-26,Active
CUST000575,Kiran Kulkarni,Female,1951-12-23,9228775008,kiran.kulkarni740@rediffmail.com,Farmer,Retail,Mysuru,Karnataka,India,2019-08-02,Active
CUST000576,Shreya Shah,Female,1955-12-05,9751438236,shreya.shah722@outlook.com,Sales Executive,Corporate,Raipur,Chhattisgarh,India,2015-06-16,Active
CUST000577,Aarav Pawar,Male,1994-04-15,9342660054,AARAV.PAWAR547@REDIFFMAIL.COM,Tailor,Premium,Thiruvananthapuram,Kerala,India,2019-01-01,Active
CUST000578,Naveen Agarwal,Male,2000-03-31,,naveen.agarwal760@gmail.com,Retired,Senior Citizen,Mysuru,Karnataka,India,2018-04-08,Active
CUST000579,Aadhya Rao,Female,1889-06-01,92258-36671,aadhya.rao133@outlook.com,Architect,Premium,Raipur,Chhattisgarh,India,2021-05-17,Active
CUST000580,Sushma Iyer,Female,1998-03-02,956 517 3904,SUSHMA.IYER234@GMAIL.COM,Architect,Retail,Varanasi,Uttar Pradesh,India,2023-05-24,Active
CUST000581,Karan Singh,Male,1981-06-10,9460467365,karan.singh543@gmail.com,Government Employee,Retail,Kochi,Kerala,India,2011-01-18,Active
CUST000582,Saanvi Das,Female,1969-04-06,9444020683,saanvi.das734@yahoo.com,HR Manager,Corporate,Nagpur,Maharashtra,India,13/04/2019,Dormant
CUST000583,Shweta Prabhu,Female,1975-05-09,9872095933,shweta.prabhu588@yahoo.com,Accountant,Corporate,Delhi,Delhi,India,01/22/2021,Active
CUST000584,Umesh Reddy,Male,1989-10-28,9580432678,umesh.reddy406@yahoo.com,Government Employee,Retail,Amritsar,Punjab,India,2011-01-17,Active
CUST000585,Mahesh Iyer,Male,2003-01-28,9640273283,mahesh.iyer671@gmail.com,Accountant,Premium,Jaipur,Rajasthan,India,2022-04-01,Active
CUST000586,Dhruv Chatterjee,Male,1977-10-30,9575913540,dhruv.chatterjee60@outlook.com,HR Manager,Retail,Kochi,Kerala,India,2019-06-08,Active
CUST000587,Aryan Raghunathan,Male,1968-12-30,9645755303,aryan.raghunathan508@yahoo.com,Chef,Retail,Shimla,Himachal Pradesh,India,2015-10-05,Active
CUST000588,Shivraj Roy,Male,1994-02-06,9217919474,shivraj.roy395@rediffmail.com,Doctor,Retail,Vadodara,Gujarat,India,2018-07-02,Active
CUST000589,Rajesh Mehta,Male,1979-10-24,9126328466,rajesh.mehta498@rediffmail.com,Chef,Premium,Ahmedabad,Gujarat,India,2021-08-07,Active
CUST000590,Myra Patil,Female,20-08-1971,+919585971118,myra.patil131@yahoo.com,Journalist,Premium,Amritsar,Punjab,India,2020-12-28,Active
CUST000591,Vikram Sharma,Male,1975-11-08,9267471979,vikram.sharma902@rediffmail.com,Shop Owner,Premium,Nagpur,Maharashtra,India,2023-01-25,Active
CUST000592,Anjali Subramaniam,Female,1980-06-13,9508629073,ANJALI.SUBRAMANIAM852@OUTLOOK.COM,Teacher,Retail,Jaipur,Rajasthan,India,2011-07-17,Active
CUST000593,Naveen Mehta,Male,1956-06-29,,naveen.mehta941@yahoo.com,Civil Engineer,Retail,Dehradun,Uttarakhand,India,2023-03-27,Active
CUST000594,Anil Reddy,Male,1951-07-03,9636378391,anil.reddy839@rediffmail.com,Shop Owner,Retail,Coimbatore,Tamil Nadu,India,2011-07-21,Active
CUST000595,Myra Krishnan,Female,1988-04-10,9251585345,myra.krishnan664@outlook.com,Pharmacist,Retail,Warangal,Telangana,India,2021-02-06,Active
CUST000596,Kiran Kamath,Female,1958-08-06,9946747170,kiran.kamath287@yahoo.com,Nurse,Retail,Jaipur,Rajasthan,India,2016-06-05,Active
CUST000597,Abhishek Pillai,Male,1980-03-16,9425281067,ABHISHEK.PILLAI114@OUTLOOK.COM,Consultant,Premium,Nagpur,Maharashtra,India,2011-12-28,Active
CUST000598,Ganesh Mehta,Male,1995-05-12,9206603881,ganesh.mehta611@rediffmail.com,Professor,Premium,Nagpur,Maharashtra,India,2021-09-12,Active
CUST000599,Vihaan Rao,Male,1961-01-09,9553647757,vihaan.rao945@outlook.com,Civil Engineer,Senior Citizen,Madurai,Tamil Nadu,India,2019-08-02,Active
CUST000600,Pallavi Sen,,1971-02-12,9655170716,pallavi.sen364@outlook.com,Homemaker,Retail,Panaji,Goa,India,2021-05-10,Active
CUST000601,Aarav Gowda,Male,08-04-2007,9455588036,aarav.gowda992@gmail.com,Tailor,Corporate,Chennai,Tamil Nadu,India,2025-04-04,Active
CUST000602,Vivaan Joshi,Male,1950-02-15,9639372340,vivaan.joshi154@outlook.com,Driver,Retail,Ranchi,Jharkhand,India,2015-04-29,Active
CUST000603,Deepak Prabhu,Male,1993-10-13,9788940939,deepak.prabhu283@yahoo.com,Farmer,Retail,Vadodara,Gujarat,India,2020-09-14,Active
CUST000604,Prakash Shah,Male,1958-02-26,9620230663,prakash.shah649@rediffmail.com,Tailor,Premium,Bhubaneswar,Odisha,India,2014-05-11,Active
CUST000605,Myra Mehta,Female,2002.11.13,9816781327,myra.mehta492@rediffmail.com,Business Owner,Student,Kolkata,West Bengal,India,2023-08-14,Active
CUST000606,Vandana Kotian,Female,1972-12-07,9231459869,vandana.kotian759@gmail.com,Consultant,Retail,Dehradun,Uttarakhand,India,2021-08-12,Active
CUST000607,Pradeep Verma,,05/30/1948,9599828954,pradeep.verma345@rediffmail.com,HR Manager,Premium,Howrah,West Bengal,India,2026-07-14,Active
CUST000608,Girish Prabhu,Male,1991-06-29,9710490794,girish.prabhu774@rediffmail.com,Chartered Accountant,Retail,Guwahati,Assam,India,2011-06-03,Active
CUST000609,Krishna Rao,Male,1956-12-02,9470719397,krishna.rao301@rediffmail.com,Data Analyst,Retail,Ludhiana,Punjab,India,2020-02-06,Active
CUST000610,Santosh Bhosale,Male,1970-01-08,9796614583,santosh.bhosale149@yahoo.com,Marketing Manager,Retail, Vadodara ,Gujarat,India,2019-08-26,Active
CUST000611,Sushma Bhat,Female,1978-06-07,9984936506,sushma.bhat568@yahoo.com,Farmer,Retail,Bhopal,Madhya Pradesh,India,2024-04-28,Active
CUST000612, Geeta Verma,Female,1993-02-22,9109778942,geeta.verma512@outlook.com,Teacher,Premium,Bengaluru,Karnataka,India,2017-08-03,Dormant
CUST000613,Anika Salunkhe,Female,1973-05-19,+919601185771,anika.salunkhe566@rediffmail.com,Lawyer,Retail,Udaipur,Rajasthan,India,2025-07-20,Inactive
CUST000614,Suman Menon,Other,26/12/1999,9484692382,suman.menon24@yahoo.com,Tailor,Premium,Howrah,West Bengal,India,2017-12-24,Active
CUST000615,Deepika Dutta ,Other,1977.03.08,9779528909,DEEPIKA.DUTTA411@REDIFFMAIL.COM,Civil Engineer,Corporate,Raipur,Chhattisgarh,India,2024-04-09,Active
CUST000616,Jyoti Krishnan,Female,1968-08-31,9392979675,jyoti.krishnan90@yahoo.com,Marketing Manager,Corporate,Vijayawada,Andhra Pradesh,India,2019-01-31,Active
CUST000617,Raghavendra Joshi,Male,1968-06-03,9789868407,raghavendra.joshi804@rediffmail.com,Driver,Retail,Guwahati,Assam,India,2025-08-31,Active
CUST000618,Yash Chavan,Male,1889-06-01,9229186651,yash.chavan81@gmail.com,Architect,Retail,Vijayawada,Andhra Pradesh,India,2014-07-10,Active
CUST000619,Anil Naidu,Male,1988-04-12,9653297041,ANIL.NAIDU930@REDIFFMAIL.COM,Professor,Retail,Shimla,Himachal Pradesh,India,2015-01-16,Dormant
CUST000620,Aditi Chavan,Female,1955-09-08,980 042 1851,aditi.chavan58@rediffmail.com,Electrician,Retail,Bhubaneswar,Odisha,India,08/10/2019,Active
CUST000621,Krishna Shetty,Male,1993-06-17,9248058897,krishna.shetty610@outlook.com,Police Officer,Retail,Chandigarh,Chandigarh,India,2019-07-29,Active
CUST000622,Saanvi Bose,Female,1973-02-27,9695265954,saanvi.bose334@outlook.com,Teacher,Retail,Chennai,Tamil Nadu,India,2013-04-25,Active
CUST000623,Sunita Kale,Female,1969.02.17,9981669901,sunita.kale111@yahoo.com,Driver,Premium,Amritsar,Punjab,India,2021-02-13,Active
CUST000624,Sneha Chatterjee,Female,1953-11-28,9858636615,sneha.chatterjee357@rediffmail.com,Retired,Retail,Delhi,Delhi,India,2017-04-21,Active
CUST000625,Krishna Chowdhury,Male,2008-06-22,9274978198,KRISHNA.CHOWDHURY40@GMAIL.COM,Civil Engineer,Retail,Delhi,Delhi,India,2026-06-30,Active
CUST000626,Aarav Dutta,Male,1951-03-08,9991219011,aarav.dutta697@yahoo.com,Software Engineer,Corporate,Panaji,Goa,India,2018-12-06,Active
CUST000627,Varun Shah,Male,2008-05-18,9421357347,varun.shah870@gmail.com,Homemaker,Senior Citizen,Bengaluru,Karnataka,India,2026-06-12,ACTIVE
CUST000628,Ananya Prabhu,Female,1951-11-28,952 889 9607,ananya.prabhu330@yahoo.com,Police Officer,Premium,Mysuru,Karnataka,India,2011-06-29,Inactive
CUST000629,Sushma Sen,Female,1978-08-13,9362438793,sushma.sen439@outlook.com,Doctor,Retail,Lucknow,Uttar Pradesh,India,2025-04-20,Active
CUST000630,Deepika Gupta,Female,1954-05-06,9729470344,DEEPIKA.GUPTA141@YAHOO.COM,Lawyer,Premium,Chandigarh,Chandigarh,India,2020-06-27,Active
CUST000631,Suresh Prabhu,Male,1977-11-09,9213145617,suresh.prabhu482@yahoo.com,Marketing Manager,Retail,Pune,Maharashtra,India,2015-01-17,Active
CUST000632,Ishaan Sen,Male,1998-08-18,97389-64843,ishaan.sen945@gmail.com,Bank Employee,Senior Citizen, Ahmedabad ,Gujarat,India,2022-08-29,Active
CUST000633,Reyansh Rao,Male,1983-09-30,9149746271,reyansh.rao538@yahoo.com,Electrician,Retail,Coimbatore,Tamil Nadu,India,2024-02-09,Active
CUST000634,Payal Deshmukh,Female,2027-01-15,9860115923,payal.deshmukh874@yahoo.com,Professor,Premium,Warangal,Telangana,India,2025-11-08,Active
CUST000635,Anita Gowda,Female,1955-03-17,930 521 8515,anita.gowda779@gmail.com,Professor,Retail,Delhi,Delhi,India,2023-04-13,Active
CUST000636,Vihaan Das,Male,2005-05-24,9196882966,vihaan.das124@rediffmail.com,Retired,Premium,Indore,Madhya Pradesh,India,2023-05-24,Active
CUST000637,Sunita Rao,Female,1970-09-28,9120943685,sunita.rao53@rediffmail.com,Professor,Premium,Jaipur,Rajasthan,India,2013-07-17,Active
CUST000638,Varun Desai,Male,1980-08-04,9981426658,varun.desai363@rediffmail.com,Pharmacist,Premium,Raipur,Chhattisgarh,India,2014-03-30,Active
CUST000639,Komal Das,Female,2002-05-21,9222636704,komal.das939@gmail.com,Teacher,Retail,Mumbai,Maharashtra,India,2024-08-08,Blocked
CUST000640,Gaurav Prabhu,Male,1986-02-02,9562420679,gaurav.prabhu168@yahoo.com,Sales Executive,Retail,Guwahati,Assam,India,2015-09-26,Active
CUST000641,Siddharth Naidu,Male,1992-07-11,9174632933,siddharth.naidu45@rediffmail.com,Police Officer,Retail,Visakhapatnam,Andhra Pradesh,India,2016-02-18,Active
CUST000642,Myra Naidu,Female,1959-03-06,,myra.naidu958@yahoo.com,Electrician,Premium,Udaipur,Rajasthan,India,2024-11-03,Active
CUST000643,Sai Dutta,Male,1975-11-15,9600276929,sai.dutta198@gmail.com,Retired,Retail,Indore,Madhya Pradesh,India,2014-03-04,Active
CUST000644, Aditya Pawar,Male,1980-09-30,9543235528,aditya.pawar356@outlook.com,Marketing Manager,Retail,Vadodara,Gujarat,India,2017-04-27,Active
CUST000645,Sai Sen,Male,1958-08-24,9231169625,sai.sen779@gmail.com,Software Engineer,Premium,Chandigarh,Chandigarh,India,2015-08-09,Active
CUST000646,Pradeep Naik ,Male,05/05/1971,9955595352,pradeep.naik98@outlook.com,Consultant,Retail,Visakhapatnam,Andhra Pradesh,India,2015-09-09,Active
CUST000647,Kiran Venkatesh,Female,1998-05-16,9422484094,kiran.venkatesh171@yahoo.com,Sales Executive,Premium,Kanpur,Uttar Pradesh,India,2020-04-03,Active
CUST000648, Vidya Joshi,Female,2004-06-05,9708994485,vidya.joshi726@outlook.com,Chartered Accountant,Retail,Chandigarh,Chandigarh,India,08/07/2022,Active
CUST000649,Divya Sen,Female,1997-11-18,99140-09313,divya.sen7@outlook.com,Professor,Premium,Shimla,Himachal Pradesh,India,2015-12-06,Active
CUST000650,Naveen Dutta,Male,30/07/2004,9393303572,naveen.dutta711@outlook.com,Accountant,Retail,Udaipur,Rajasthan,India,2022-08-10,Active
CUST000651,Ritu Patil,Female,2008-06-28,9832994860,ritu.patil542@outlook.com,Architect,Corporate,Hubballi,Karnataka,India,2026-07-14,Active
CUST000652,Karan Pillai,Male,1960-01-10,9363165439,,Sales Executive,Retail,Indore,Madhya Pradesh,India,12/07/2019,Active
CUST000653,Aditya Kumar,Male,1999-10-30,+919385239893,aditya.kumar613@rediffmail.com,Civil Engineer,Retail,Indore,Madhya Pradesh,India,2021-03-29,Active
CUST000654,Rahul Kumar,Male,1985-07-27,9129499897,rahul.kumar321@gmail.com,Sales Executive,Retail,Coimbatore,Tamil Nadu,India,2017-12-29,Active
CUST000655,Divya Salunkhe,Female,2000-01-13,9412093352,divya.salunkhe948@rediffmail.com,Consultant,Corporate,Ranchi,Jharkhand,India,2023-01-26,Active
CUST000656,Lakshmi Bhosale,Female,1986-08-30,9627699003,lakshmi.bhosale415@rediffmail.com,Journalist,Retail,Nagpur,Maharashtra,India,2020-09-16,Active
CUST000657,Ritu Kulkarni,Female,1955-07-27,9675885903,ritu.kulkarni747@outlook.com,Student,Retail,Warangal,Telangana,India,2022-10-09,active
CUST000658,Pooja Chavan,Female,1982-01-29,9487091138,pooja.chavan268@outlook.com,Doctor,Retail,Dehradun,Uttarakhand,India,2022-05-11,Active
CUST000659,Basavaraj Ghosh,Male,1994-01-25,09420860041,basavaraj.ghosh832@gmail.com,Driver,Premium,Kochi,Kerala,India,2018-09-20,Inactive
CUST000660,Namrata Mehta,Female,1955-07-14,930 187 1076,namrata.mehta289@rediffmail.com,Professor,Retail,Kochi,Kerala,India,2016-01-19,Active
CUST000661,Diya Sen,Female,1978-07-25,99137-75447,diya.sen507@outlook.com,Driver,Retail,Kochi,Kerala,India,2020-01-17,Active
CUST000662,Ayaan Kale,Male,1987-08-16,9445792711,ayaan.kale800@yahoo.com,Tailor,Retail,Hubballi,Karnataka,India,2020-11-20,Inactive
CUST000663,Vinod Sen,Male,1976-02-16,9375363548,vinod.sen925@outlook.com,Journalist,Retail,Raipur,Chhattisgarh,India,2019-11-18,Active
CUST000664, Mahesh Chowdhury,Male,1996-05-30,9946847986,mahesh.chowdhury751@outlook.com,Bank Employee,Retail,Hyderabad,Telangana,India,2019-02-23,Active
CUST000665,Sneha Sharma,Female,1955-09-10,9673114586,sneha.sharma667@yahoo.com,Marketing Manager,Retail,Guwahati,Assam,India,2016-04-30,Active
CUST000666,Ayaan Reddy,Male,1968-11-30,9863560105,ayaan.reddy692@yahoo.com,Farmer,Retail,Shimla,Himachal Pradesh,India,2013-01-30,Active
CUST000667,Deepika Joshi,Female,2005-08-19,9487366568,deepika.joshi406@gmail.com,Farmer,Student,Coimbatore,Tamil Nadu,India,2023-08-16,Active
CUST000668,Raghavendra Krishnan,Male,1979-03-05,97565-75985,raghavendra.krishnan686@rediffmail.com,Sales Executive,Retail,Thiruvananthapuram,Kerala,India,2024-09-12,Active
CUST000669,Deepika Reddy,Female,1958-12-18,9981957722,deepika.reddy574@outlook.com,Marketing Manager,Premium,Pune,Maharashtra,India,2022-02-19,INACTIVE
CUST000670,Prakash Menon,Male,01/18/1955,9809831893,prakash.menon521@yahoo.com,Architect,Retail,Thiruvananthapuram,Kerala,India,2022-09-22,Dormant
CUST000671,Abhishek Reddy,Male,1983-12-08,9638076375,abhishek.reddy313@outlook.com,Data Analyst,Retail,Vadodara,Gujarat,India,2022-06-13,Active
CUST000672,Arjun Kumar,Male,2004-05-20,9414227689,arjun.kumar351@outlook.com,Business Owner,Corporate,Nagpur,Maharashtra,India,04/27/2025,inactive
CUST000673,Sanjay Mukherjee,Male,1950-12-23,951 063 0774,sanjay.mukherjee124@gmail.com,Driver,Premium,Bhopal,Madhya Pradesh,India,2014-07-07,Active
CUST000674,Payal Shetty,Female,1954-08-20,9887155016,PAYAL.SHETTY720@GMAIL.COM,Professor,Premium,Raipur,Chhattisgarh,India,2022-03-12,Dormant
CUST000675,Siddharth Nair,Male,1970-09-24,9223212015,siddharth.nair23@gmail.com,Data Analyst,Premium,Belagavi,Karnataka,India,2012-01-30,Active
CUST000676,Shweta Patil,Female,1889-06-01,934 097 9275,SHWETA.PATIL117@GMAIL.COM,Government Employee,Retail,Panaji,Goa,India,2014-10-21,Active
CUST000677,Varun Yadav,Male,1955-05-03,9327857208,varun.yadav293@rediffmail.com,Bank Employee,Senior Citizen,Ludhiana,Punjab,India,2011-06-16,Active
CUST000678,Vihaan Salunkhe,Male,1966-01-30,9299892486,vihaan.salunkhe141@gmail.com,Journalist,Retail,Kanpur,Uttar Pradesh,India,2017-09-09,Active
CUST000679,Kalpana Mukherjee,Female,1986-12-10,9547837169,,Student,Corporate, Visakhapatnam ,Andhra Pradesh,India,2013-03-09,Active
CUST000680,Yash Das,Male,1998-01-11,9964492590,yash.das127@outlook.com,Professor,Premium,Warangal,Telangana,India,2017-01-04,Active
CUST000681,Anil Shah,Other,1966-07-24,9395615008,anil.shah456@gmail.com,Police Officer,Retail,Patna,Bihar,India,2013-02-03,Active
CUST000682,Manisha Bose,Female,1990-06-13,9760842016,manisha.bose732@rediffmail.com,Electrician,Retail, Indore ,Madhya Pradesh,India,2011-07-23,Inactive
CUST000683,Shreya Bose,Female,1997-11-13,9759504024,shreya.bose588@gmail.com,Shop Owner,Student,Chandigarh,Chandigarh,India,2018-06-02,Active
CUST000684,Santosh Menon,Male,1948-06-04,+919787402732,santosh.menon591@rediffmail.com,Sales Executive,Retail,Ludhiana,Punjab,India,2017-05-18,Active
CUST000685,Vinod Pillai,Male,1999-09-01,9660238411,vinod.pillai344@gmail.com,Homemaker,Retail,Panaji,Goa,India,2017-09-01,Blocked
CUST000686,Shalini Bose,Female,1959-02-13,9785307869,shalini.bose450@outlook.com,Homemaker,Premium,Guwahati,Assam,India,2016-05-15,Active
CUST000687,Rohan Bhosale,Male,1989-07-02,09714616625,rohan.bhosale766@yahoo.com,Civil Engineer,Retail,Chandigarh,Chandigarh,India,2017-05-11,Active
CUST000688,Prasad Das ,Male,1993.06.12,9602637443,prasad.das476@outlook.com,Police Officer,Retail,Shimla,Himachal Pradesh,India,2011-06-10,Active
CUST000689,Gaurav Kotian,Male,1999-03-18,9182123170,GAURAV.KOTIAN699@REDIFFMAIL.COM,HR Manager,Premium,Varanasi,Uttar Pradesh,India,2018-06-05,Active
CUST000690,Manisha Chavan,Female,1972-06-19,9557321259,manisha.chavan826@rediffmail.com,Accountant,Senior Citizen,Thiruvananthapuram,Kerala,India,2024-02-29,Active
CUST000691,Ananya Kale,Female,1987-12-15,9778310961,ananya.kale245@yahoo.com,Architect,Retail,Delhi,Delhi,India,2013-03-02,Active
CUST000692,Preeti Deshmukh,Female,1949-08-03,9407759782,preeti.deshmukh122@gmail.com,Student,Senior Citizen,Warangal,Telangana,India,27-03-2013,Active
CUST000693,Anjali Sen,Female,1975-01-28,9324029709,anjali.sen463@yahoo.com,Retired,Retail,Visakhapatnam,Andhra Pradesh,India,2023-02-13,ACTIVE
CUST000694,Aditya Menon,Male,2006-05-25,9634790732,aditya.menon383@rediffmail.com,Police Officer,Retail,Udaipur,Rajasthan,India,2024-06-13,Active
CUST000695,Rekha Roy,Female,1957-08-08,9219164737,rekha.roy150@outlook.com,Marketing Manager,Retail,Lucknow,Uttar Pradesh,India,2014-12-30,Active
CUST000696,Reyansh Kulkarni,Male,1957-02-28,9747151404,reyansh.kulkarni759@rediffmail.com,Pharmacist,Retail,Amritsar,Punjab,India,2023-03-12,Active
CUST000697,Anita Gupta,Female,1990-06-01,9984702691,anita.gupta623@yahoo.com,Sales Executive,Premium,Kolkata,West Bengal,India,2016-01-19,Active
CUST000698,Raghavendra Krishnan,Male,1978-12-04,9535783822,raghavendra.krishnan657@outlook.com,Business Owner,Retail,Madurai,Tamil Nadu,India,2020-05-23,Active
CUST000699,Nikhil Venkatesh,Other,1975-07-25,9125077404,nikhil.venkatesh708@gmail.com,Driver,Retail,Mumbai,Maharashtra,India,2019-08-22,Active
CUST000700,Rohan Nair,Male,1963-01-16,9344312287,rohan.nair435@gmail.com,Business Owner,Premium,Coimbatore,Tamil Nadu,India,2013-08-19,Active
CUST000701,Arjun Deshmukh,Male,1958-05-17,9378921278,arjun.deshmukh510@outlook.com,Marketing Manager,Premium,Lucknow,Uttar Pradesh,India,2022-09-24,Active
CUST000702,Ganesh Hegde,Male,1992-09-04,9795995695,ganesh.hegde224@gmail.com,Bank Employee,Premium, Patna ,Bihar,India,2020-08-09,Active
CUST000703,Anil Rao,Male,1969-09-03,9859781855,,Software Engineer,Retail,Kolkata,West Bengal,India,2014-03-29,Active
CUST000704,Deepak Kamath,Male,1995-01-21,9504599414,deepak.kamath945@yahoo.com,Homemaker,Student,Vadodara,Gujarat,India,2022-10-09,Active
CUST000705,Shalini Bhosale,Female,1974-11-10,9206674950,SHALINI.BHOSALE873@OUTLOOK.COM,HR Manager,Premium,Chennai,Tamil Nadu,India,2020-08-22,Active
CUST000706,Varun Pawar,Male,1972-01-24,9917488269,varun.pawar408@rediffmail.com,Accountant,Senior Citizen,Amritsar,Punjab,India,2024-04-12,Active
CUST000707,Sneha Hegde,Female,1961-12-10,9455895849,sneha.hegde50@rediffmail.com,Student,Senior Citizen,Lucknow,Uttar Pradesh,India,2023-09-29,Active
CUST000708,Vishal Venkatesh,Male,1987-11-22,9896870425,vishal.venkatesh877@outlook.com,Shop Owner,Corporate,Mysuru,Karnataka,India,2015-12-14,Active
CUST000709,Meera Rao ,Female,1965-03-30,9760871644,meera.rao574@rediffmail.com,Business Owner,Retail,Kochi,Kerala,India,2025-07-21,Active
CUST000710,Pradeep Jadhav,Male,2003-01-27,9945717247,,Retired,Retail,Kolkata,West Bengal,India,2021-02-05,Inactive
CUST000711,Ananya Mukherjee,Female,1972-09-26,9680975422,ananya.mukherjee301@gmail.com,Bank Employee,Retail,Dehradun,Uttarakhand,India,2016-03-11,Inactive
CUST000712,Anjali Ghosh,Female,1997-05-13,9633459477,ANJALI.GHOSH860@YAHOO.COM,Pharmacist,Retail,Madurai,Tamil Nadu,India,2020-06-12,Active
CUST000713,Vivaan Menon,Male,1976-06-21,9310039010,VIVAAN.MENON837@REDIFFMAIL.COM,Retired,Retail,Dehradun,Uttarakhand,India,04/23/2019,Active
CUST000714,Myra Raghunathan,Female,1973-02-18,9351361381,myra.raghunathan17@rediffmail.com,Accountant,Retail,Indore,Madhya Pradesh,India,2014-07-05,Active
CUST000715,Arjun Jadhav,Male,1975-06-16,9396285345,arjun.jadhav564@yahoo.com,Shop Owner,Retail,Mysuru,Karnataka,India,2014-02-06,Active
CUST000716,Aarav Kulkarni,Male,1974-09-29,,aarav.kulkarni477@yahoo.com,Accountant,Corporate,Bhubaneswar,Odisha,India,18/02/2023,Active
CUST000717,Deepika Kotian,Female,1977-01-06,9883055420,deepika.kotian657@rediffmail.com,Data Analyst,Retail,Patna,Bihar,India,2024-08-11,Active
CUST000718,Ritu Menon,Female,2001-09-23,9131865901,ritu.menon259@gmail.com,Nurse,Senior Citizen,Jaipur,Rajasthan,India,2021-07-25,Active
CUST000719,Nikhil Chatterjee,Male,1990-08-05,9656738032,nikhil.chatterjee98@rediffmail.com,Driver,Premium,Hubballi,Karnataka,India,2019-03-28,Active
CUST000720,Vikram Pillai,Male,1950-01-30,9782406078,,Civil Engineer,Corporate,Udaipur,Rajasthan,India,2023-01-05,Inactive
CUST000721,Rekha Bhosale,Female,1951.07.12,9498944193,REKHA.BHOSALE525@REDIFFMAIL.COM,,Retail,Kochi,Kerala,India,2014-09-24,Active
CUST000722,Payal Desai,Female,1949-05-19,9347864426,payal.desai270@yahoo.com,Shop Owner,Senior Citizen,Mysuru,Karnataka,India,2026-01-12,Active
CUST000723,Shalini Pawar,Other,1989-11-09,9489161947,shalini.pawar464@outlook.com,Doctor,Retail,Kolkata,West Bengal,India,2012-12-10,Active
CUST000724,Namrata Shetty,Female,1960-06-19,9845511564,namrata.shetty389@yahoo.com,Bank Employee,Corporate,Patna,Bihar,India,2020-01-31,Inactive
CUST000725,Diya Joshi,Female,1971-05-05,9923029674,diya.joshi693@gmail.com,Retired,Retail,Varanasi,Uttar Pradesh,India,2016-04-19,Active
CUST000726,Raghavendra Rao,Male,1998-02-20,9715301956,raghavendra.rao410@yahoo.com,Teacher,Retail,Shimla,Himachal Pradesh,India,01/18/2025,Active
CUST000727,Sarita Mukherjee,Female,1955-12-26,9537046962,sarita.mukherjee145@rediffmail.com,Sales Executive,Retail,Chennai,Tamil Nadu,India,2014-10-21,Active
CUST000728,Sanjay Rao,Male,1957-04-13,9709258302,SANJAY.RAO633@GMAIL.COM,Lawyer,Premium,Guwahati,Assam,India,2020-12-21,Active
CUST000729,Vandana Chowdhury,Female,1952-10-23,9790625007,vandana.chowdhury213@gmail.com,Lawyer,Senior Citizen,Vadodara,Gujarat,India,2013-06-05,Active
CUST000730,Vivaan Desai,Male,1965-04-13,9230177937,vivaan.desai300@rediffmail.com,Chef,Premium,Chennai,Tamil Nadu,India,2013-10-28,Active
CUST000731,Meera Kumar,Female,1953-06-05,9167621069,meera.kumar706@rediffmail.com,Chef,Premium,Raipur,Chhattisgarh,India,2017-06-20,Active
CUST000732,Preeti More,Female,1986-02-10,9411049617,preeti.more273@rediffmail.com,Professor,Retail,Kochi,Kerala,India,2023-06-03,Active
CUST000733,Girish Gowda,Male,1992-08-20,9333973658,girish.gowda62@rediffmail.com,Police Officer,Student,Kanpur,Uttar Pradesh,India,2015-04-28,Active
CUST000734,Meera Bhosale,Female,1959-02-28,9653304076,meera.bhosale360@rediffmail.com,Professor,Retail,Hyderabad,Telangana,India,2021-10-11,Active
CUST000735,Dhruv Shetty,Male,1979-10-07,9569563720,dhruv.shetty388@rediffmail.com,,Senior Citizen,Panaji,Goa,India,2019-11-16,Inactive
CUST000736,Diya Ghosh,Female,1966-05-13,9926563189,DIYA.GHOSH686@REDIFFMAIL.COM,Sales Executive,Premium,Pune,Maharashtra,India,2026-03-12,Dormant
CUST000737,Prasad Venkatesh,Male,11/11/1952,9799440699,prasad.venkatesh708@outlook.com,Teacher,Retail,Bengaluru,Karnataka,India,2015-09-03,Active
CUST000738,Ashok Kulkarni,Male,1976-04-14,9864150176,ashok.kulkarni1@yahoo.com,Chartered Accountant,Retail,Delhi,Delhi,India,2014-10-13,Active
CUST000739,Girish Shah,Male,1990-03-30,9793648881,girish.shah756@yahoo.com,Professor,Premium,Bhopal,Madhya Pradesh,India,2025-01-09,Active
CUST000740,Basavaraj Desai,Male,1961-10-26,9443893288,basavaraj.desai746@yahoo.com,Software Engineer,Senior Citizen,Bengaluru,Karnataka,India,2016-03-05,Dormant
CUST000741,Ayaan Krishnan,Male,1995-09-30,9152158510,ayaan.krishnan174@outlook.com,Farmer,Premium,Guwahati,Assam,India,2014-05-03,Active
CUST000742,Nisha Ghosh,Female,2008-02-15,9814282885,nisha.ghosh339@outlook.com,Farmer,Corporate,Delhi,Delhi,India,2026-03-04,Active
CUST000743,Priya Naik,Female,1951-05-30,9273812449,priya.naik766@gmail.com,Journalist,Student,Indore,Madhya Pradesh,India,2023-08-18,Active
CUST000744,Anjali Bhosale,Female,1957-11-25,9298246698,anjali.bhosale576@gmail.com,Chartered Accountant,Retail,Guwahati,Assam,India,2011-12-23,Active
CUST000745,Siddharth Rao,Male,1965-07-14,9523420850,siddharth.rao339@outlook.com,Nurse,Retail,Panaji,Goa,India,2024-04-20,Active
CUST000746,Rajesh Deshmukh,Male,1999-06-29,9174191718,rajesh.deshmukh760@rediffmail.com,Teacher,Retail,Hyderabad,Telangana,India,2020-11-02,Active
CUST000747,Siddharth Joshi,Male,1956-08-10,+919459389631,siddharth.joshi631@rediffmail.com,Marketing Manager,Retail,Nagpur,Maharashtra,India,2015-05-02,Active
CUST000748,Sarita Kamath,Female,1976-06-24,9321925082,sarita.kamath510@gmail.com,Student,Premium,Bhubaneswar,Odisha,India,2019-04-27,Active
CUST000749,Usha Joshi,Female,1980-07-22,9147699966,usha.joshi7@outlook.com,Teacher,Retail,Vadodara,Gujarat,India,2014-09-16,Active
CUST000750,Pradeep Reddy,Male,1955-10-28,991 283 3345,pradeep.reddy646@outlook.com,Driver,Premium,Vijayawada,Andhra Pradesh,India,2013-08-16,Active
CUST000751,Sneha Ghosh,Female,1950-07-18,9589632777,SNEHA.GHOSH180@YAHOO.COM,Consultant,Retail,Delhi,Delhi,India,2013-01-21,Active
CUST000752,Prakash Venkatesh,Male,1955-03-06,9835085869,prakash.venkatesh919@outlook.com,Tailor,Corporate,Varanasi,Uttar Pradesh,India,2013-07-26,Active
CUST000753,Rahul Bhosale,Male,28-05-1951,9533214198,RAHUL.BHOSALE189@YAHOO.COM,Farmer,Retail,Bengaluru,Karnataka,India,2020-01-21,Active
CUST000754,Prasad Jadhav,Male,1978-04-23,9109083638,prasad.jadhav30@rediffmail.com,Farmer,Retail,Udaipur,Rajasthan,India,2023-08-03,Active
CUST000755,Abhishek Rao,Male,2004-09-27,9837238604,abhishek.rao376@rediffmail.com,Marketing Manager,Retail,Mumbai,Maharashtra,India,2022-10-16,Active
CUST000756, Meera Pawar,Female,1969-06-01,9206472806,meera.pawar349@outlook.com,Lawyer,Corporate,Bhubaneswar,Odisha,India,2011-03-29,Blocked
CUST000757,Aadhya Kotian,Female,1963-07-21,9763793648,aadhya.kotian352@yahoo.com,Journalist,Retail, Kochi ,Kerala,India,2017-08-30,Active
CUST000758,Girish Kamath,Male,1962-03-19,9189642452,girish.kamath926@outlook.com,Chartered Accountant,Retail,Belagavi,Karnataka,India,2022-08-09,Active
CUST000759,Meera Bose ,Female,06/15/2007,9209500399,meera.bose274@rediffmail.com,Bank Employee,Corporate,Udaipur,Rajasthan,India,2025-06-11,Active
CUST000760,Deepika Desai,Female,2006-02-04,9508105327,deepika.desai836@yahoo.com,Architect,Retail,Vadodara,Gujarat,India,2024-02-25,Active
CUST000761,Pallavi Subramaniam,Female,1987-04-16,9641423383,pallavi.subramaniam163@rediffmail.com,Homemaker,Retail,Bhopal,Madhya Pradesh,India,2016-09-27,Active
CUST000762,Divya Menon,Female,1976-01-27,9352614622,DIVYA.MENON616@OUTLOOK.COM,Professor,Retail,Udaipur,Rajasthan,India,2021-02-03,Active
CUST000763,Kabir Ghosh ,Male,06/09/1957,9207983111,kabir.ghosh131@gmail.com,Government Employee,Retail,Jaipur,Rajasthan,India,2012-01-24,Active
CUST000764,Aadhya Kotian,Female,2004-04-08,,aadhya.kotian229@outlook.com,Nurse,Retail,Ludhiana,Punjab,India,2022-04-13,Active
CUST000765,Shivraj Venkatesh,Male,1948-01-31,9849437188,shivraj.venkatesh148@gmail.com,Retired,Retail,Lucknow,Uttar Pradesh,India,2019-05-05,Active
CUST000766,Rashmi Hegde,Female,1957-12-07,985 513 5204,rashmi.hegde330@outlook.com,Police Officer,Retail,Amritsar,Punjab,India,2011-06-10,Active
CUST000767,Amit Rao,Male,1989-02-10,9158374326,amit.rao459@rediffmail.com,Nurse,Retail,Panaji,Goa,India,2011-03-23,Active
CUST000768,Manisha Verma,Female,1959-02-11,9932445411,MANISHA.VERMA857@REDIFFMAIL.COM,Driver,Retail,Ludhiana,Punjab,India,2023-06-17,Active
CUST000769,Mahesh Kamath,Male,1954-07-22,9587683756,mahesh.kamath755@outlook.com,Civil Engineer,Retail,Raipur,Chhattisgarh,India,06/04/2014,Active
CUST000770,Chetan Desai,Male,1984-02-09,9276456158,chetan.desai697@gmail.com,Marketing Manager,Retail,Indore,Madhya Pradesh,India,2012-12-14,Active
CUST000771,Myra Iyer,Female,1949-08-03,9278887772,myra.iyer488@rediffmail.com,Chartered Accountant,Retail,Varanasi,Uttar Pradesh,India,2020-03-13,Dormant
CUST000772,Sarita Sen,Female,1964-05-07,9552566515,sarita.sen286@yahoo.com,Shop Owner,Retail,Kanpur,Uttar Pradesh,India,2015-05-13,Active
CUST000773,Vikram Ghosh,Male,1986-12-09,9643238908,vikram.ghosh297@gmail.com,Professor,Senior Citizen,Chennai,Tamil Nadu,India,2026-03-20,Active
CUST000774,Myra Naidu,Female,1959-03-16,9546483996,myra.naidu132@rediffmail.com,Retired,Retail,Ludhiana,Punjab,India,2025-09-16,Active
CUST000775,Geeta More,Female,1994-01-01,9315917312,geeta.more664@gmail.com,Journalist,Corporate,Indore,Madhya Pradesh,India,2023-10-20,Active
CUST000776,Aryan Kumar,Male,1953-09-26,9653569632,aryan.kumar780@yahoo.com,Police Officer,Retail,Dehradun,Uttarakhand,India,2015-09-10,active
CUST000777,Manisha Bhat,Female,1985-02-25,9480153083,manisha.bhat547@gmail.com,Bank Employee,Retail, Patna ,Bihar,India,2024-08-07,Dormant
CUST000778,Prasad Jadhav,Male,1952-08-14,+919853494223,prasad.jadhav576@outlook.com,Professor,Premium,Udaipur,Rajasthan,India,2014-12-18,Active
CUST000779,Suman Kumar,Female,1992-05-02,9721629321,suman.kumar372@rediffmail.com,Accountant,Retail,Hyderabad,Telangana,India,2014.09.21,Active
CUST000780,Umesh Reddy,Male,1993-08-18,9448742823,umesh.reddy962@outlook.com,Nurse,Student,Shimla,Himachal Pradesh,India,2026-02-14,Active
CUST000781,Rahul Joshi,Male,1996-02-25,9855304641,rahul.joshi886@rediffmail.com,Teacher,Retail,Ranchi,Jharkhand,India,2021-06-22,Active
CUST000782,Suman More,Female,1965-02-03,+919153581597,suman.more406@rediffmail.com,Accountant,Retail,Dehradun,Uttarakhand,India,2012-05-02,Active
CUST000783,Radha Roy,Female,1962-04-25,,RADHA.ROY754@REDIFFMAIL.COM,Data Analyst,Retail,Chandigarh,Chandigarh,India,10/10/2024,Active
CUST000784,Pooja Subramaniam,Female,2007-04-11,9944751670,pooja.subramaniam349@gmail.com,Accountant,Premium,Lucknow,Uttar Pradesh,India,2025-04-09,Active
CUST000785,Komal Patil,Female,1992-03-12,9876955840,komal.patil124@gmail.com,Farmer,Retail,Pune,Maharashtra,India,2021-08-02,Active
CUST000786,Anjali Iyer,Female,1959-02-04,9138162995,anjali.iyer291@yahoo.com,Marketing Manager,Retail,Nagpur,Maharashtra,India,2017-10-23,Active
CUST000787,Kiran Jadhav,Female,1949-10-07,9893705560,kiran.jadhav833@outlook.com,Pharmacist,Senior Citizen,Patna,Bihar,India,2011-04-10,Active
CUST000788,Vidya Sen,Female,1969-06-22,9246444676,vidya.sen481@rediffmail.com,Pharmacist,Retail,Chennai,Tamil Nadu,India,2023-03-29,Active
CUST000789,Rahul Subramaniam,Male,1988-04-18,9673868551,rahul.subramaniam864@yahoo.com,Chef,Retail,Belagavi,Karnataka,India,2021-09-01,Active
CUST000790,Kabir Chowdhury,Male,1970-09-17,9779528841,kabir.chowdhury323@outlook.com,Teacher,Retail, Guwahati ,Assam,India,2024-09-27,Active
CUST000791, Vivaan Singh,Male,1996-12-07,9844914008,vivaan.singh460@gmail.com,Business Owner,Retail,Kochi,Kerala,India,2020-07-03,Active
CUST000792,Swati Hegde,Female,20/04/1978,9454265935,SWATI.HEGDE74@OUTLOOK.COM,Sales Executive,Retail,Bengaluru,Karnataka,India,2022-09-28,Active
CUST000793,Sunil Prabhu,Male,21/01/2008,+919369420240,sunil.prabhu780@rediffmail.com,Nurse,Premium,Udaipur,Rajasthan,India,2026-01-20,Blocked
CUST000794,Aryan Jadhav,Male,2000-09-29,9332387611,aryan.jadhav312@yahoo.com,Doctor,Senior Citizen,Jaipur,Rajasthan,India,2026-03-02,Active
CUST000795,Aadhya Salunkhe,Female,1976.07.19,9555064053,aadhya.salunkhe91@gmail.com,Shop Owner,Retail,Mumbai,Maharashtra,India,17/09/2019,Active
CUST000796,Mallikarjun Kulkarni,Male,1998-07-28,9818715111,mallikarjun.kulkarni219@yahoo.com,Driver,Retail,Kochi,Kerala,India,2016-07-24,ACTIVE
CUST000797,Krishna Mehta,Male,1975-02-24,9302909651,krishna.mehta665@rediffmail.com,Marketing Manager,Retail,Ahmedabad,Gujarat,India,2016-05-16,Active
CUST000798,Suman Mehta,Female,1948-08-08,9155236582,suman.mehta814@rediffmail.com,Software Engineer,Retail,Panaji,Goa,India,2020-08-16,Active
CUST000799,Kalpana Sen,Female,1966-08-30,9113537090,kalpana.sen953@outlook.com,Marketing Manager,Retail,Bengaluru,Karnataka,India,2012-09-14,Active
CUST000800,Siddharth Kulkarni,Male,1972-10-16,9525092884,siddharth.kulkarni236@outlook.com,Electrician,Retail,Ludhiana,Punjab,India,2012-10-22,Active
CUST000801,Prakash Das,Male,2007-02-26,9904830173,prakash.das590@yahoo.com,Government Employee,Corporate,Mumbai,Maharashtra,India,2025-03-06,Active
CUST000802, Yash Verma,Male,1998-02-27,9946183824,yash.verma458@rediffmail.com,,Retail,Bhubaneswar,Odisha,India,2025-02-22,Dormant
CUST000803,Deepika Singh,Female,1956-11-18,9283627563,deepika.singh714@rediffmail.com,Professor,Senior Citizen,Guwahati,Assam,India,2015-12-31,Active
CUST000804,Riya Roy,Female,1948-01-05,9168180170,riya.roy672@rediffmail.com,Journalist,Senior Citizen,Surat,Gujarat,India,2025-07-13,Active
CUST000805,Sai Subramaniam,Male,1980-01-14,9408569464,SAI.SUBRAMANIAM71@REDIFFMAIL.COM,Civil Engineer,Retail,Hyderabad,Telangana,India,2023-06-23,Active
CUST000806,Snehal Menon,Female,1980-04-30,9596122732,snehal.menon149@outlook.com,Civil Engineer,Corporate,Mysuru,Karnataka,India,2015-09-16,Active
CUST000807,Mahesh Naik,Male,1992-07-20,9608550600,mahesh.naik589@rediffmail.com,Business Owner,Premium,Kolkata,West Bengal,India,2014-08-04,Active
CUST000808,Siddharth Deshmukh,Male,09/20/1963,9709371155,siddharth.deshmukh531@outlook.com,Sales Executive,Retail,Bhopal,Madhya Pradesh,India,11/11/2023,Active
CUST000809,Kavya Chowdhury,Other,1997-03-16,9759908021,kavya.chowdhury884@outlook.com,Software Engineer,Retail,Patna,Bihar,India,2022-09-30,Active
CUST000810,Vikram Mukherjee,Male,1973-01-02,9835548564,vikram.mukherjee846@outlook.com,Consultant,Retail,Delhi,Delhi,India,2020-10-16,Active
CUST000811,Chetan Roy,Male,1968-04-08,93454-87551,CHETAN.ROY59@GMAIL.COM,HR Manager,Retail,Mumbai,Maharashtra,India,2026-03-13,Active
CUST000812,Anil Naidu,Male,1973-06-18,9495363748,anil.naidu583@rediffmail.com,Civil Engineer,Corporate,Varanasi,Uttar Pradesh,India,2012-07-24,Active
CUST000813,Aditi Naik,Female,2005-03-21,9924189982,aditi.naik406@yahoo.com,Software Engineer,Retail,Chandigarh,Chandigarh,India,2023-03-17,Active
CUST000814,Nisha Desai,Female,1971-09-25,9586174187,nisha.desai482@outlook.com,Consultant,Retail,Shimla,Himachal Pradesh,India,2020-05-13,Active
CUST000815,Jyoti More,Other,1981-12-17,9801268279,jyoti.more65@rediffmail.com,Professor,Premium,Bhubaneswar,Odisha,India,2012-02-12,Active
CUST000816,Sanjay Das,Male,2002-01-14,,sanjay.das838@gmail.com,Accountant,Student,Varanasi,Uttar Pradesh,India,2026-03-02,Active
CUST000817,Vivaan Subramaniam,Male,1949-02-08,9106837164,vivaan.subramaniam165@yahoo.com,Shop Owner,Retail,Chandigarh,Chandigarh,India,19/11/2019,Active
CUST000818,Sarita Jadhav,Female,1980-07-01,9769422082,sarita.jadhav946@rediffmail.com,Bank Employee,Retail,Thiruvananthapuram,Kerala,India,2015-10-15,Active
CUST000819,Krishna Bose,Male,1990-11-30,9178494757,krishna.bose930@yahoo.com,Journalist,Retail,Jaipur,Rajasthan,India,2014-09-19,Active
CUST000820,Sushma Ghosh,Female,2002-10-02,9671711781,sushma.ghosh820@outlook.com,Consultant,Senior Citizen,Indore,Madhya Pradesh,India,2020-09-27,Active
CUST000821,Namrata Naik,Female,1951-09-23,99979-63617,namrata.naik118@outlook.com,Chartered Accountant,Retail,Delhi,Delhi,India,2020-03-17,Active
CUST000822,Mahesh Yadav,Male,1992-01-11,9123050402,mahesh.yadav408@rediffmail.com,Shop Owner,Retail,Ludhiana,Punjab,India,2026-03-06,Active
CUST000823,Aditi Gupta,Female,1996.08.14,9881360875,aditi.gupta24@outlook.com,Professor,Retail,Dehradun,Uttarakhand,India,2014-08-26,Active
CUST000824,Rajesh Ghosh,Male,1969-04-09,9664112472,,Nurse,Retail,Vadodara,Gujarat,India,2017-06-07,Active
CUST000825,Chetan Kotian,Male,1993-03-15,9720984847,chetan.kotian863@gmail.com,HR Manager,Retail,Jaipur,Rajasthan,India,2021-04-15,Active
CUST000826,Anika More,Female,1977-11-25,9911225806,anika.more526@yahoo.com,Marketing Manager,Corporate,Udaipur,Rajasthan,India,2017-09-11,Active
CUST000827,Vinod Krishnan,Male,14-11-1987,+919799483539,vinod.krishnan24@outlook.com,Student,Premium,Amritsar,Punjab,India,2021-02-11,Active
CUST000828,Nisha Chavan,Female,08/14/1971,9135677318,nisha.chavan303@outlook.com,Civil Engineer,Retail, Delhi ,Delhi,India,2022-01-27,Active
CUST000829,Shweta Rao,Female,1958-09-25,97967-30586,shweta.rao170@rediffmail.com,Farmer,Senior Citizen,Kolkata,West Bengal,India,2026-01-01,Active
CUST000830,Komal Rao,Other,1998-03-13,9781640075,KOMAL.RAO435@REDIFFMAIL.COM,Professor,Retail,Kochi,Kerala,India,22-05-2020,Active
CUST000831,Mallikarjun Reddy,Other,1961-02-10,9305334467,mallikarjun.reddy372@yahoo.com,Data Analyst,Retail,Indore,Madhya Pradesh,India,2022-01-11,Active
CUST000832,Riya Reddy,Female,1959-05-14,9689209812,riya.reddy828@gmail.com,Marketing Manager,Retail,Hyderabad,Telangana,India,09/10/2015,Active
CUST000833,Ayaan Prabhu,Male,2001-09-06,9857686182,ayaan.prabhu221@yahoo.com,Student,Retail,Bengaluru,Karnataka,India,2019-09-10,Active
CUST000834,Anita Subramaniam,Female,2004-09-23,+919863398747,anita.subramaniam300@yahoo.com,Homemaker,Retail,Lucknow,Uttar Pradesh,India,2022-10-09,Active
CUST000835,Lakshmi Shah,Female,1984-11-30,9883820564,lakshmi.shah238@rediffmail.com,Electrician,Retail,Thiruvananthapuram,Kerala,India,2012-09-12,Active
CUST000836,Manoj Pawar,Male,1983-03-01,9800113809,manoj.pawar888@rediffmail.com,Homemaker,Retail,Bhubaneswar,Odisha,India,2023-11-09,Active
CUST000837,Ganesh Gupta,Male,1969-11-09,09209878508,ganesh.gupta294@rediffmail.com,Consultant,Student,Mumbai,Maharashtra,India,2011-08-19,Active
CUST000838,Sai Kumar,Male,1985-01-22,9536437769,sai.kumar990@rediffmail.com,Chartered Accountant,Retail,Mumbai,Maharashtra,India,2018-07-06,Active
CUST000839,Abhishek Gowda,Male,1984-11-27,9163871607,ABHISHEK.GOWDA665@GMAIL.COM,Government Employee,Retail,Ahmedabad,Gujarat,India,2020-07-12,Active
CUST000840,Shreya Reddy,Female,1979-04-23,9337109294,shreya.reddy307@gmail.com,Software Engineer,Retail,Varanasi,Uttar Pradesh,India,2021-06-13,Active
CUST000841,Anil Dutta,Male,1987-09-09,9918461385,anil.dutta593@outlook.com,Marketing Manager,Corporate,Mumbai,Maharashtra,India,2012-01-10,Active
CUST000842,Kalpana Mukherjee,Female,1981-08-04,9638211935,kalpana.mukherjee123@yahoo.com,Pharmacist,Retail,Hubballi,Karnataka,India,2024-05-15,Active
CUST000843,Divya Dutta,Female,2001-04-07,9787152020,divya.dutta903@rediffmail.com,Accountant,Retail,Surat,Gujarat,India,2019-04-28,Active
CUST000844,Anita Gowda,Female,1988-06-13,09552535568,anita.gowda956@yahoo.com,Police Officer,Senior Citizen,Hyderabad,Telangana,India,2011-04-11,Active
CUST000845,Arjun Das,Male,1971-05-03,9420756457,arjun.das294@gmail.com,Marketing Manager,Retail,Patna,Bihar,India,2013.01.23,Active
CUST000846,Mahesh Das,Male,1987-09-07,95345-57234,mahesh.das171@gmail.com,,Corporate,Pune,Maharashtra,India,2024-05-09,Active
CUST000847,Komal Iyer,,12/09/1961,998 553 5421,komal.iyer428@yahoo.com,Driver,Retail,Panaji,Goa,India,2025-08-27,Active
CUST000848,Kiran Sen,Female,1960-12-21,9379997397,kiran.sen770@gmail.com,Pharmacist,Corporate,Hubballi,Karnataka,India,2022-09-06,Dormant
CUST000849,Naveen Kulkarni,Male,1998-02-03,9433504550,naveen.kulkarni626@yahoo.com,Police Officer,Retail,Vadodara,Gujarat,India,2016-03-06,Active
CUST000850,Ananya Chatterjee,Female,1983-04-15,9913520643,ananya.chatterjee40@outlook.com,Retired,Student,Shimla,Himachal Pradesh,India,2025-09-17,Dormant
CUST000851,Amit Kumar,Male,1951-04-04,9977208127,amit.kumar9@rediffmail.com,Shop Owner,Retail,Bhopal,Madhya Pradesh,India,2015-04-14,Active
CUST000852,Ritu Gupta,Female,1969-06-26,9159432395,ritu.gupta236@outlook.com,Pharmacist,Retail,Shimla,Himachal Pradesh,India,2014-08-18,Active
CUST000853,Vikram Reddy,Male,2007-08-18,09701299968,vikram.reddy753@gmail.com,Journalist,Premium,Mumbai,Maharashtra,India,2025-09-09,Active
CUST000854,Sai Bhosale,Male,1986-08-05,91847-54841,sai.bhosale260@yahoo.com,Chartered Accountant,Retail,Patna,Bihar,India,2016-01-04,Active
CUST000855,Sneha Singh,Female,2000-08-15,9891275414,sneha.singh893@rediffmail.com,Tailor,Retail,Belagavi,Karnataka,India,2019-01-29,Active
CUST000856,Rohan Shah,Male,1981-03-10,920 370 0939,ROHAN.SHAH297@YAHOO.COM,Pharmacist,Retail, Kochi ,Kerala,India,2021-04-11,Active
CUST000857,Vishal Verma,Male,1950-07-31,9792411541,vishal.verma891@outlook.com,Teacher,Retail,Kolkata,West Bengal,India,31/07/2013,Active
CUST000858,Siddharth Dutta,Male,1958-11-19,9582803501,siddharth.dutta918@rediffmail.com,Software Engineer,Retail,Guwahati,Assam,India,2025-05-20,Active
CUST000859,Krishna Yadav,Male,1953-07-31,928 710 0292,krishna.yadav727@gmail.com,Student,Retail,Bengaluru,Karnataka,India,2013-08-01,Dormant
CUST000860,Sushma Kale,Female,06/07/1992,9340270137,sushma.kale175@yahoo.com,Chef,Retail,Panaji,Goa,India,06/04/2026,Dormant
CUST000861,Ramesh Singh,Male,1993-11-02,9488084156,ramesh.singh72@outlook.com,Nurse,Retail,Udaipur,Rajasthan,India,2015-04-24,Active
CUST000862,Sushma Rao,Female,08-09-1975,9862701273,sushma.rao174@rediffmail.com,Chef,Premium,Lucknow,Uttar Pradesh,India,2017-06-22,Active
CUST000863,Vandana Shetty,Female,1991-11-21,990 791 5510,vandana.shetty632@rediffmail.com,Police Officer,Retail,Varanasi,Uttar Pradesh,India,2014-12-08,Active
CUST000864,Ishaan Kulkarni,Male,1981-05-29,9551698809,ishaan.kulkarni691@yahoo.com,Business Owner,Retail,Pune,Maharashtra,India,2019-05-19,Active
CUST000865,Ganesh Chavan,Male,1992-10-26,9309574628,ganesh.chavan984@yahoo.com,Driver,Retail,Warangal,Telangana,India,2011-01-05,Dormant
CUST000866,Myra Sen,Female,1988-10-01,9607915932,myra.sen951@rediffmail.com,Government Employee,Retail,Patna,Bihar,India,2013-08-25,active
CUST000867,Shweta Mukherjee,Female,1975-08-08,9848471412,shweta.mukherjee308@rediffmail.com,Doctor,Retail,Raipur,Chhattisgarh,India,2019-01-26,Active
CUST000868,Jyoti Chavan,Female,1987-07-21,9587231166,jyoti.chavan389@rediffmail.com,Civil Engineer,Retail,Shimla,Himachal Pradesh,India,2021-10-13,Active
CUST000869,Sunita Chowdhury,Female,1967-04-21,9901459335,sunita.chowdhury771@outlook.com,Government Employee,Retail,Kanpur,Uttar Pradesh,India,2025-12-16,Active
CUST000870,Ayaan Venkatesh,Male,1993-05-16,91086-29254,ayaan.venkatesh772@yahoo.com,Consultant,Premium,Madurai,Tamil Nadu,India,2024-01-05,Dormant
CUST000871,Yash Sharma,Male,2003-05-09,9551729033,yash.sharma314@yahoo.com,Civil Engineer,Retail,Udaipur,Rajasthan,India,2025-04-27,Dormant
CUST000872,Komal Iyer,Female,1960-07-11,9141282194,komal.iyer31@outlook.com,Marketing Manager,Retail,Jaipur,Rajasthan,India,2023-05-30,Active
CUST000873,Deepak Roy,Male,1988-05-30,9654745892,deepak.roy97@yahoo.com,Doctor,Retail,Ahmedabad,Gujarat,India,2023-01-24,Active
CUST000874,Vidya Sen,Female,2027-01-15,9381086610,vidya.sen823@outlook.com,Doctor,Retail,Howrah,West Bengal,India,2016-05-16,Dormant
CUST000875, Siddharth Das,Male,1970-11-14,9814993621,siddharth.das348@outlook.com,Sales Executive,Premium,Dehradun,Uttarakhand,India,2025-01-22,Active
CUST000876,Sushma Kamath,,1988-07-16,9956121864,sushma.kamath722@yahoo.com,Teacher,Premium,Ahmedabad,Gujarat,India,2025-12-19,Active
CUST000877,Ganesh Pawar,Male,1964-10-21,9491472760,ganesh.pawar800@yahoo.com,Professor,Student,Pune,Maharashtra,India,2018-12-24,Active
CUST000878,Karan More,Male,1962-04-18,9271367467,karan.more895@rediffmail.com,Business Owner,Retail,Patna,Bihar,India,2012-11-13,Active
CUST000879,Aryan Kotian,Male,1971-04-04,9465971865,ARYAN.KOTIAN492@YAHOO.COM,Software Engineer,Retail,Bhopal,Madhya Pradesh,India,2011-08-30,Active
CUST000880,Rohan Naidu,Male,1954-12-10,9791491195,rohan.naidu637@yahoo.com,Business Owner,Corporate,Ahmedabad,Gujarat,India,2018-09-04,Inactive
CUST000881,Kavya Venkatesh,Female,1985-11-21,9875868536,kavya.venkatesh196@yahoo.com,Civil Engineer,Premium,Thiruvananthapuram,Kerala,India,2020-11-11,Inactive
CUST000882,Suresh Patil,Male,1955-12-14,09197759248,suresh.patil940@yahoo.com,Student,Retail, Vijayawada ,Andhra Pradesh,India,2019-08-14,Active
CUST000883,Ganesh Verma,Male,1968-03-08,9237282831,ganesh.verma882@outlook.com,Civil Engineer,Retail,Visakhapatnam,Andhra Pradesh,India,2024-12-04,Dormant
CUST000884,Abhishek Dutta,Male,1966-12-13,9604178997,abhishek.dutta390@rediffmail.com,Architect,Retail,Guwahati,Assam,India,2019-05-03,Active
CUST000885,Aditya Shah,Male,2006-08-21,9731991515,aditya.shah367@yahoo.com,Lawyer,Retail,Chandigarh,Chandigarh,India,2024-08-22,Active
CUST000886,Snehal Roy,Female,2008-02-01,9499742342,snehal.roy732@gmail.com,Civil Engineer,Retail,Pune,Maharashtra,India,2026-02-10,Active
CUST000887,Karan Bose,Male,1952-10-20,9162730649,karan.bose414@rediffmail.com,Accountant,Retail,Lucknow,Uttar Pradesh,India,2024-11-26,Active
CUST000888,Arjun Naidu,Other,1957-07-11,9895129250,ARJUN.NAIDU725@GMAIL.COM,Sales Executive,Senior Citizen,Amritsar,Punjab,India,2020-06-21,Inactive
CUST000889,Mallikarjun Verma,Male,1992-05-10,9405047992,mallikarjun.verma91@rediffmail.com,Accountant,Retail,Ludhiana,Punjab,India,2019-08-30,Active
CUST000890,Divya Dutta,Female,1966-02-01,9291531908,divya.dutta269@gmail.com,Marketing Manager,Premium,Bhubaneswar,Odisha,India,2012-03-13,Inactive
CUST000891,Prasad Pillai,Male,08-01-1987,967 636 5225,prasad.pillai779@yahoo.com,Tailor,Retail,Shimla,Himachal Pradesh,India,2020-12-24,Active
CUST000892,Raghavendra Shah,Male,2003-10-13,9221574840,raghavendra.shah919@rediffmail.com,Police Officer,Retail,Lucknow,Uttar Pradesh,India,2021-10-31,Active
CUST000893,Aadhya Bhat,Female,1957-11-12,96311-39605,,Civil Engineer,Corporate,Bengaluru,Karnataka,India,2016-09-23,Active
CUST000894,Swati Singh,Female,2006-05-12,+919154763470,swati.singh778@gmail.com,Homemaker,Retail,Udaipur,Rajasthan,India,2024-05-28,Active
CUST000895,Anika Gowda,Female,1951-03-07,9337386727,anika.gowda70@outlook.com,Sales Executive,Retail,Warangal,Telangana,India,13/04/2012,Active
CUST000896,Rahul Reddy,Male,1961-11-11,9753591765,rahul.reddy865@gmail.com,Data Analyst,Retail,Ludhiana,Punjab,India,2021-10-16,Active
CUST000897,Reyansh Bhat,Male,1978-10-01,9434622507,REYANSH.BHAT253@GMAIL.COM,,Retail,Guwahati,Assam,India,2015-05-12,Active
CUST000898,Anika Desai,Female,2001-05-04,9910477748,anika.desai362@outlook.com,Consultant,Corporate,Surat,Gujarat,India,2019-05-27,Active
CUST000899,Ishaan Verma,Male,1981-07-22,9420154901,ishaan.verma716@rediffmail.com,Accountant,Premium,Ahmedabad,Gujarat,India,2016-06-10,Active
CUST000900,Usha Patil,Female,1956-05-31,9721354262,usha.patil840@rediffmail.com,Civil Engineer,Premium,Hubballi,Karnataka,India,2016-07-10,Active
CUST000901,Sarita Hegde,,1963-01-30,9978807581,sarita.hegde414@rediffmail.com,Accountant,Retail,Pune,Maharashtra,India,2017-02-12,Active
CUST000902,Meera Desai,Female,1994-02-19,9737299661,meera.desai315@outlook.com,Lawyer,Corporate,Warangal,Telangana,India,2012-02-22,INACTIVE
CUST000903,Aditi Gupta,Female,1982-01-08,9392717284,,Farmer,Retail,Coimbatore,Tamil Nadu,India,2014-01-13,Active
CUST000904,Sushma Gupta,Female,1948-10-14,9359645292,sushma.gupta963@rediffmail.com,Teacher,Retail,Madurai,Tamil Nadu,India,2023-03-18,Active
CUST000905,Reyansh Reddy,Male,1978-05-21,9493002982,reyansh.reddy523@outlook.com,HR Manager,Corporate,Shimla,Himachal Pradesh,India,2012-11-22,Active
CUST000906,Santosh Prabhu,Male,1972-08-19,933 003 0440,santosh.prabhu24@gmail.com,Homemaker,Retail,Indore,Madhya Pradesh,India,2018-09-22,Active
CUST000907,Snehal Chavan,Female,1948-01-13,9118688632,snehal.chavan968@gmail.com,Marketing Manager,Retail,Varanasi,Uttar Pradesh,India,2013-03-05,Active
CUST000908,Girish Krishnan,Male,1962-12-26,9700002429,girish.krishnan618@outlook.com,Sales Executive,Corporate,Delhi,Delhi,India,2019-05-16,Active
CUST000909,Basavaraj Reddy,Male,2004-08-31,9744963952,basavaraj.reddy552@rediffmail.com,Homemaker,Retail,Ludhiana,Punjab,India,2022-09-22,Active
CUST000910,Naveen Bhosale,Male,1990-08-26,9708230508,naveen.bhosale113@outlook.com,Shop Owner,Retail,Thiruvananthapuram,Kerala,India,2018-04-15,Active
CUST000911, Deepika Kotian,Female,1952-04-15,9571431097,deepika.kotian992@yahoo.com,Government Employee,Retail,Lucknow,Uttar Pradesh,India,2022-12-27,Active
CUST000912,Aditi Kulkarni,Female,1948-12-21,99869-62959,aditi.kulkarni718@yahoo.com,Driver,Senior Citizen,Jaipur,Rajasthan,India,2015-02-14,Active
CUST000913,Ira Kamath,Female,1968-12-15,97352-83665,ira.kamath218@outlook.com,Chartered Accountant,Retail,Varanasi,Uttar Pradesh,India,2019-09-02,Active
CUST000914,Vikram Salunkhe,Male,1976-03-01,9474977288,vikram.salunkhe363@rediffmail.com,Consultant,Retail,Ludhiana,Punjab,India,2015-04-18,Active
CUST000915,Mahesh Chavan,Male,1975-06-22,,mahesh.chavan344@yahoo.com,Pharmacist,Retail,Patna,Bihar,India,2018-11-28,Active
CUST000916,Ira Menon,Female,1990-03-18,9670647259,ira.menon869@outlook.com,Shop Owner,Retail,Udaipur,Rajasthan,India,2011-12-27,Active
CUST000917,Mallikarjun More,Male,1958-07-03,9772765565,mallikarjun.more475@yahoo.com,Marketing Manager,Retail,Bhopal,Madhya Pradesh,India,2015-03-08,Active
CUST000918,Ananya Kotian,Female,1950-10-30,9296490393,ananya.kotian871@gmail.com,HR Manager,Senior Citizen,Vijayawada,Andhra Pradesh,India,2021-12-29,Active
CUST000919,Namrata Sharma,Female,1988-10-01,09832065159,namrata.sharma687@yahoo.com,Government Employee,Premium,Kolkata,West Bengal,India,2023-02-02,Active
CUST000920,Basavaraj Pawar,Male,2002-05-14,9742977051,basavaraj.pawar368@gmail.com,,Senior Citizen,Visakhapatnam,Andhra Pradesh,India,2020-05-31,Active
CUST000921,Prakash Hegde,Male,1958-02-28,9377053137,prakash.hegde405@outlook.com,Retired,Premium,Kochi,Kerala,India,01/05/2015,Active
CUST000922,Shivraj Naidu,Male,18/11/1969,9871960811,shivraj.naidu809@gmail.com,Nurse,Retail,Delhi,Delhi,India,2015-08-22,Active
CUST000923,Kiran Patil,Female,1985-12-18,9250474969,KIRAN.PATIL499@YAHOO.COM,Bank Employee,Retail,Raipur,Chhattisgarh,India,2015-05-04,Active
CUST000924,Manisha Nair,Female,05/01/1958,9372467989,manisha.nair680@rediffmail.com,Doctor,Retail,Indore,Madhya Pradesh,India,2026-06-09,Active
CUST000925,Vikram Kotian,Male,06-02-2000,9272859353,vikram.kotian123@gmail.com,Business Owner,Retail,Ahmedabad,Gujarat,India,2021-02-12,Active
CUST000926,Sangeeta Krishnan,Female,1961-08-29,93743-90393,sangeeta.krishnan426@yahoo.com,Doctor,Premium,Chennai,Tamil Nadu,India,2016-12-29,Active
CUST000927,Rajesh Kumar,Male,1980-04-07,9284179274,rajesh.kumar576@outlook.com,Retired,Retail,Visakhapatnam,Andhra Pradesh,India,2018-03-06,Active
CUST000928,Shivraj Sen,Male,1968-07-13,9825402065,shivraj.sen343@rediffmail.com,Accountant,Premium,Amritsar,Punjab,India,2018-12-08,Active
CUST000929,Bhavna Sen ,Female,06/07/1988,9992072612,bhavna.sen847@rediffmail.com,Shop Owner,Retail,Pune,Maharashtra,India,08/05/2019,Active
CUST000930,Sanjay More,Male,1960-01-07,09972437889,sanjay.more210@gmail.com,Accountant,Retail,Thiruvananthapuram,Kerala,India,2017-01-02,Active
CUST000931,Pradeep Deshmukh,Male,1953-12-13,+919422337914,pradeep.deshmukh848@gmail.com,Chartered Accountant,Student,Bengaluru,Karnataka,India,2026-02-20,Active
CUST000932,Swati Ghosh,Female,1978-12-07,9939003124,swati.ghosh64@rediffmail.com,Civil Engineer,Retail,Hyderabad,Telangana,India,2015-07-05,Active
CUST000933,Ganesh Chavan,Male,2000-06-01,09173582149,ganesh.chavan427@outlook.com,Nurse,Retail,Varanasi,Uttar Pradesh,India,2018-06-20,Active
CUST000934,Anita Sen,Female,1986-05-06,9199971399,anita.sen517@rediffmail.com,HR Manager,Retail,Coimbatore,Tamil Nadu,India,2011-02-03,Active
CUST000935,Karan Ghosh,Male,1993-10-10,9392958899,karan.ghosh254@gmail.com,Government Employee,Retail,Lucknow,Uttar Pradesh,India,2018-08-21,Inactive
CUST000936,Rohan Joshi,Male,1974-04-04,9359628952,rohan.joshi539@gmail.com,Homemaker,Retail,Vadodara,Gujarat,India,2024-04-13,Inactive
CUST000937,Yash More,Male,1956-06-27,9925868333,YASH.MORE900@GMAIL.COM,Homemaker,Student,Chandigarh,Chandigarh,India,2026-06-30,Active
CUST000938,Mahesh Prabhu,Male,1973-11-14,9783906872,MAHESH.PRABHU444@GMAIL.COM,Electrician,Corporate,Amritsar,Punjab,India,2018-05-09,Active
CUST000939,Sanjay Krishnan ,Male,2007-10-29,9777977881,sanjay.krishnan538@rediffmail.com,Data Analyst,Premium,Hubballi,Karnataka,India,2025-10-31,Inactive
CUST000940,Pradeep Pillai,Male,1995-05-11,9825619235,pradeep.pillai949@rediffmail.com,Chef,Premium,Guwahati,Assam,India,2022-03-09,Active
CUST000941,Rekha Raghunathan,Female,1990-08-15,9553839875,rekha.raghunathan922@yahoo.com,Marketing Manager,Retail,Chennai,Tamil Nadu,India,2020-12-14,Active
CUST000942,Aarav Bhat,Male,1966-03-27,9152879470,aarav.bhat14@gmail.com,Nurse,Senior Citizen,Pune,Maharashtra,India,2025-11-23,Dormant
CUST000943,Arjun Desai,Male,1984-04-30,+919114492500,arjun.desai725@gmail.com,Electrician,Retail,Vadodara,Gujarat,India,2018-11-06,Active
CUST000944,Umesh Singh,Male,1985-09-23,9978088530,UMESH.SINGH849@YAHOO.COM,Student,Retail,Warangal,Telangana,India,2011-01-17,Dormant
CUST000945,Abhishek Das,Male,1987-08-20,9551662815,abhishek.das941@outlook.com,Accountant,Senior Citizen,Delhi,Delhi,India,2024-12-29,Active
CUST000946,Sunil Ghosh,Male,04/02/2002,9957762164,sunil.ghosh800@rediffmail.com,Chef,Retail,Surat,Gujarat,India,2021-06-27,Active
CUST000947,Ananya Naik,Female,1989-04-16,9128032230,ANANYA.NAIK83@OUTLOOK.COM,Driver,Retail, Dehradun ,Uttarakhand,India,2023-06-08,Active
CUST000948,Aarav Prabhu,Male,02/06/1961,9672361930,aarav.prabhu758@rediffmail.com,Chef,Premium,Chandigarh,Chandigarh,India,2012-11-04,Active
CUST000949,Sushma Venkatesh,Female,1961-06-03,9353255899,sushma.venkatesh843@rediffmail.com,Chef,Retail,Ranchi,Jharkhand,India,07-02-2018,Inactive
CUST000950,Rashmi Chatterjee,Female,1985-07-22,9427927216,rashmi.chatterjee524@rediffmail.com,Teacher,Retail,Mysuru,Karnataka,India,2018-02-11,Active
CUST000951,Manoj More,Male,2000-06-23,9691174044,manoj.more21@gmail.com,Accountant,Retail,Belagavi,Karnataka,India,2018-07-01,Inactive
CUST000952,Suresh Naidu,Male,2005-06-06,9545750938,SURESH.NAIDU190@REDIFFMAIL.COM,Farmer,Retail,Kolkata,West Bengal,India,2024-02-27,Active
CUST000953,Manoj Subramaniam,Male,1984-12-07,9221142159,manoj.subramaniam275@rediffmail.com,Student,Retail,Bhubaneswar,Odisha,India,2013-12-03,Blocked
CUST000954,Kiran Yadav,Female,1980-02-05,9999705254,kiran.yadav862@outlook.com,Architect,Retail,Panaji,Goa,India,2012-02-10,Active
CUST000955,Aditya Subramaniam,Male,1997-06-08,9741240588,aditya.subramaniam126@outlook.com,Software Engineer,Retail,Bengaluru,Karnataka,India,2015-06-11,Active
CUST000956,Nisha Kotian,Female,2007-03-08,9424594911,nisha.kotian744@rediffmail.com,Consultant,Retail,Udaipur,Rajasthan,India,2026-05-18,Active
CUST000957,Usha Salunkhe,Female,1949-09-08,9486724796,usha.salunkhe179@outlook.com,Lawyer,Retail,Ahmedabad,Gujarat,India,2012-10-05,Active
CUST000958,Saanvi Sen,Female,1966-10-13,9482354013,saanvi.sen832@yahoo.com,Police Officer,Retail, Ranchi ,Jharkhand,India,2020-01-10,Active
CUST000959,Manisha Gowda,Female,1968-03-23,9535405130,manisha.gowda12@outlook.com,HR Manager,Retail,Chennai,Tamil Nadu,India,2013-11-05,Inactive
CUST000960,Shalini Das,Other,1982-03-09,9106294350,shalini.das236@rediffmail.com,Police Officer,Retail,Udaipur,Rajasthan,India,2017.02.19,Dormant
CUST000961,Sunil Kamath,Male,1965-11-12,9597853595,sunil.kamath102@gmail.com,Student,Retail,Ludhiana,Punjab,India,2019-07-29,Active
CUST000962,Deepak Agarwal,Male,1966-11-04,9946595359,deepak.agarwal554@outlook.com,Civil Engineer,Retail,Jaipur,Rajasthan,India,2011-04-21,Active
CUST000963,Karan Reddy,Male,1949-06-24,9900009587,karan.reddy780@gmail.com,Doctor,Corporate,Guwahati,Assam,India,2014-09-30,Active
CUST000964,Tanvi Deshmukh,Female,1948-03-23,,tanvi.deshmukh416@outlook.com,HR Manager,Retail,Kochi,Kerala,India,2020-02-13,Active
CUST000965,Usha Yadav,Female,1975-04-06,9471198027,usha.yadav533@gmail.com,Electrician,Retail,Chandigarh,Chandigarh,India,2011-03-24,Active
CUST000966, Pallavi Desai,Female,2008-06-02,9610473671,pallavi.desai639@rediffmail.com,Software Engineer,Retail,Madurai,Tamil Nadu,India,2026-06-26,Active
CUST000967,Aditya Iyer,Male,1965-11-28,9635176161,aditya.iyer455@outlook.com,Doctor,Retail,Shimla,Himachal Pradesh,India,2020-05-18,Active
CUST000968,Myra Hegde,Female,1962-07-18,9853909071,myra.hegde752@yahoo.com,Lawyer,Retail,Coimbatore,Tamil Nadu,India,2014-05-06,Dormant
CUST000969,Umesh Pawar,Male,01/08/1964,9959147830,umesh.pawar284@outlook.com,Sales Executive,Premium,Vijayawada,Andhra Pradesh,India,2013-07-09,Active
CUST000970,Harsh Iyer,Male,2006-12-14,9329353241,harsh.iyer174@outlook.com,Government Employee,Premium,Shimla,Himachal Pradesh,India,2025.01.01,ACTIVE
CUST000971,Radha Jadhav,Female,1988-03-20,9211677397,,Chartered Accountant,Retail,Lucknow,Uttar Pradesh,India,2022-03-02,Active
CUST000972,Siddharth Shah,Male,1987-07-25,9338489340,siddharth.shah174@outlook.com,Electrician,Retail,Dehradun,Uttarakhand,India,14-03-2011,Dormant
CUST000973,Ashok Singh,Male,1959-06-22,9336502598,ashok.singh38@outlook.com,Bank Employee,Student,Patna,Bihar,India,2016-03-31,Active
CUST000974,Radha Kumar,Female,2002-10-06,+919370325669,radha.kumar44@yahoo.com,Civil Engineer,Retail,Ranchi,Jharkhand,India,2026-07-13,Active
CUST000975,Abhishek Desai,Male,1959-12-01,9925024547,abhishek.desai53@yahoo.com,Electrician,Retail,Nagpur,Maharashtra,India,2016-03-20,Active
CUST000976,Reyansh Chowdhury,Male,2006-08-06,9293859151,reyansh.chowdhury157@yahoo.com,Chartered Accountant,Retail,Mysuru,Karnataka,India,2024-08-25,Active
CUST000977,Ganesh Reddy ,Male,13/09/2005,94798-03970,ganesh.reddy633@gmail.com,Shop Owner,Retail,Nagpur,Maharashtra,India,2023-10-08,Active
CUST000978,Girish Pillai,Male,1982-05-26,9421898979,girish.pillai240@rediffmail.com,HR Manager,Premium,Pune,Maharashtra,India,2018-06-18,Active
CUST000979,Anita Prabhu,Female,2000-08-06,9344831849,anita.prabhu584@outlook.com,Police Officer,Retail,Ludhiana,Punjab,India,2018-08-27,Active
CUST000980,Deepika Menon,Female,2008-07-25,9276781344,DEEPIKA.MENON73@YAHOO.COM,Doctor,Retail,Delhi,Delhi,India,2026-07-31,Active
CUST000981,Karan Roy,Male,1983-02-28,9997605739,karan.roy799@yahoo.com,Accountant,Retail,Mumbai,Maharashtra,India,2011-06-24,Active
CUST000982,Umesh Kotian,Male,1994-06-27,+919689464455,umesh.kotian355@outlook.com,Data Analyst,Senior Citizen,Vijayawada,Andhra Pradesh,India,2022-01-28,Active
CUST000983,Vihaan Dutta,Male,1983-10-14,9650388708,vihaan.dutta441@gmail.com,Consultant,Retail,Hyderabad,Telangana,India,2016-11-30,Active
CUST000984,Pallavi Dutta,Female,1979-09-25,9423277592,pallavi.dutta674@outlook.com,Bank Employee,Retail,Amritsar,Punjab,India,10/21/2024,Active
CUST000985,Ira Iyer,Female,1968-04-11,09809267081,ira.iyer996@gmail.com,Software Engineer,Retail,Raipur,Chhattisgarh,India,2022-04-07,Active
CUST000986,Pooja Mehta,Female,1987-09-05,980 806 5097,pooja.mehta792@rediffmail.com,Chef,Premium,Lucknow,Uttar Pradesh,India,2025-08-17,Active
CUST000987,Amit Kotian,Male,1964-03-11,9675244404,amit.kotian401@rediffmail.com,Doctor,Retail,Vijayawada,Andhra Pradesh,India,2012-12-31,Active
CUST000988,Vikram Sharma,Male,1959-10-08,9497657816,vikram.sharma346@rediffmail.com,Electrician,Retail,Raipur,Chhattisgarh,India,2013-12-09,Active
CUST000989,Yash Mehta,Male,1964-09-08,9286261352,yash.mehta338@gmail.com,Government Employee,Student,Mysuru,Karnataka,India,2025-01-12,Active
CUST000990,Vidya Bhosale,Female,1948-09-01,9139564930,vidya.bhosale84@gmail.com,Sales Executive,Premium,Mysuru,Karnataka,India,2017-01-24,Dormant
CUST000991,Krishna Gowda,Male,2004-07-29,9926463322,krishna.gowda338@yahoo.com,Data Analyst,Retail,Howrah,West Bengal,India,2023-09-03,Active
CUST000992,Namrata Kumar,Female,1963-07-23,9856924380,namrata.kumar758@yahoo.com,Shop Owner,Student,Varanasi,Uttar Pradesh,India,2021-09-02,Active
CUST000993,Sneha Raghunathan,Female,1996-06-18,9281126283,sneha.raghunathan276@outlook.com,Teacher,Retail,Guwahati,Assam,India,2018-10-06,Active
CUST000994,Kabir More,Male,1974-05-09,9822463725,kabir.more391@outlook.com,Doctor,Premium, Delhi ,Delhi,India,2011-09-13,Active
CUST000995,Abhishek Patil,Male,1968-07-24,9143030031,abhishek.patil70@yahoo.com,Chef,Premium,Delhi,Delhi,India,2012-02-24,Active
CUST000996,Karan Chatterjee,Male,1961-10-25,+919313642676,karan.chatterjee251@gmail.com,Bank Employee,Corporate,Warangal,Telangana,India,2022-02-20,Active
CUST000997, Chetan Sen,Male,1997-09-20,9235201344,CHETAN.SEN69@YAHOO.COM,Marketing Manager,Retail,Madurai,Tamil Nadu,India,16/09/2015,Active
CUST000998,Chetan Sharma,Male,1979-02-21,9406474680,chetan.sharma470@outlook.com,Chartered Accountant,Premium,Vijayawada,Andhra Pradesh,India,2011-01-28,Active
CUST000999,Lakshmi Iyer,Female,1975-03-31,9561333097,LAKSHMI.IYER297@YAHOO.COM,Police Officer,Premium,Ahmedabad,Gujarat,India,2014-05-30,Active
CUST001000,Rahul Pillai,Male,1987-11-10,9512870788,RAHUL.PILLAI968@YAHOO.COM,Nurse,Retail,Dehradun,Uttarakhand,India,2025.03.15,Active
CUST001001,Sunil Roy ,Male,1996-08-16,9202729336,sunil.roy589@gmail.com,Government Employee,Senior Citizen,Nagpur,Maharashtra,India,2020-09-25,Active
CUST001002,Payal Naik,Female,1987-09-24,9234994087,,Electrician,Retail,Bengaluru,Karnataka,India,2022-02-27,Active
CUST001003,Kavya Singh ,Female,1976-05-05,98385-08073,kavya.singh537@outlook.com,Architect,Retail,Amritsar,Punjab,India,2021-02-18,Active
CUST001004,Amit Desai,Male,2002-02-23,95933-37915,AMIT.DESAI958@REDIFFMAIL.COM,Data Analyst,Premium,Coimbatore,Tamil Nadu,India,2020-02-22,Active
CUST001005,Sneha Sen,Female,2002-04-06,9929889972,sneha.sen181@rediffmail.com,Data Analyst,Retail,Belagavi,Karnataka,India,2020-04-08,Active
CUST001006,Diya Kulkarni ,Female,2006-07-17,9217582888,diya.kulkarni253@rediffmail.com,Bank Employee,Corporate,Chandigarh,Chandigarh,India,2024-07-18,Active
CUST001007,Neha Pawar,Female,1953-07-06,9377374897,neha.pawar545@outlook.com,Sales Executive,Retail,Mysuru,Karnataka,India,2019-06-19,ACTIVE
CUST001008,Snehal Agarwal,Female,2001-12-17,9242040020,snehal.agarwal106@outlook.com,Data Analyst,Retail,Nagpur,Maharashtra,India,2026-05-09,Active
CUST001009,Vikram Salunkhe,Male,1959-09-14,9931626517,vikram.salunkhe519@gmail.com,Shop Owner,Premium,Surat,Gujarat,India,2024-12-20,Active
CUST001010,Anjali Kotian,Female,1985-07-28,9243004375,ANJALI.KOTIAN157@GMAIL.COM,Consultant,Senior Citizen,Varanasi,Uttar Pradesh,India,2022-06-11,Active
CUST001011,Abhishek Krishnan,Male,1987-11-11,9273144739,abhishek.krishnan863@outlook.com,Pharmacist,Premium,Kanpur,Uttar Pradesh,India,2023-08-21,Active
CUST001012,Sangeeta Iyer,Female,1960-06-19,,sangeeta.iyer773@rediffmail.com,Homemaker,Retail,Chandigarh,Chandigarh,India,2023-07-18,Active
CUST001013,Ritu Mehta,Female,1948-06-28,9509754226,ritu.mehta49@rediffmail.com,Homemaker,Retail,Mumbai,Maharashtra,India,2021-05-17,Active
CUST001014,Karan Bhosale,Male,2005-02-26,9972238341,karan.bhosale537@outlook.com,Driver,Premium,Hyderabad,Telangana,India,2023-10-29,Active
CUST001015,Ayaan Kumar,Male,2001.12.29,9162924443,ayaan.kumar210@gmail.com,Police Officer,Senior Citizen,Kolkata,West Bengal,India,2019-12-31,Active
CUST001016,Ritu More,Female,05/08/1958,9392185145,ritu.more581@rediffmail.com,Software Engineer,Premium,Hyderabad,Telangana,India,2011-05-05,Active
CUST001017,Usha Jadhav,Female,1984-06-06,9750797204,usha.jadhav544@yahoo.com,Doctor,Retail,Varanasi,Uttar Pradesh,India,2017-11-26,Active
CUST001018,Aryan Naidu,Male,1957-03-04,99240-78516,aryan.naidu966@gmail.com,Civil Engineer,Retail,Coimbatore,Tamil Nadu,India,2011-11-07,Active
CUST001019,Suman Iyer,Female,1982-04-28,9585159448,suman.iyer178@rediffmail.com,Retired,Retail,Thiruvananthapuram,Kerala,India,2016.04.10,Active
CUST001020,Sarita Ghosh,Female,1967-03-29,9188563237,sarita.ghosh504@gmail.com,Nurse,Retail, Vijayawada ,Andhra Pradesh,India,01/30/2014,Active
CUST001021,Raghavendra Krishnan,Male,1993-07-15,+919666375473,raghavendra.krishnan964@yahoo.com,Retired,Retail,Bhopal,Madhya Pradesh,India,2025-11-17,Active
CUST001022,Aryan Venkatesh,Male,10/01/1982,9530212734,aryan.venkatesh117@outlook.com,Accountant,Retail,Ahmedabad,Gujarat,India,2021-03-07,Active
CUST001023,Sanjay Bose,Male,1978-03-05,09797400590,sanjay.bose254@rediffmail.com,Retired,Retail,Vadodara,Gujarat,India,2011-08-27,Active
CUST001024,Sangeeta Mukherjee,Female,1889-06-01,959 681 0132,sangeeta.mukherjee718@rediffmail.com,Architect,Retail,Chandigarh,Chandigarh,India,2020-09-10,Active
CUST001025,Siddharth Das,Male,1976-10-28,9661522215,siddharth.das108@gmail.com,Student,Retail,Patna,Bihar,India,2022-05-19,Active
CUST001026,Myra Verma,Female,1948-10-21,9763618604,myra.verma208@gmail.com,Architect,Senior Citizen,Warangal,Telangana,India,2016-01-20,Active
CUST001027,Sai Shah,Male,1984-02-08,9527661066,sai.shah956@rediffmail.com,Data Analyst,Retail,Pune,Maharashtra,India,2024-09-18,blocked
CUST001028,Usha Mukherjee,,19-02-1995,9725797763,usha.mukherjee581@yahoo.com,Accountant,Premium,Patna,Bihar,India,2026-02-12,Inactive
CUST001029,Dhruv Roy,Male,1977-09-15,9509986394,DHRUV.ROY57@GMAIL.COM,Police Officer,Premium,Bhopal,Madhya Pradesh,India,2026-03-28,active
CUST001030,Krishna Kulkarni,Male,1958-08-08,945 333 9088,krishna.kulkarni853@outlook.com,Driver,Corporate,Bengaluru,Karnataka,India,2012-06-12,Active
CUST001031,Riya Hegde,Female,1948-06-22,9623295698,riya.hegde523@outlook.com,Government Employee,Corporate,Thiruvananthapuram,Kerala,India,23/12/2017,Active
CUST001032,Raghavendra Shetty,Male,1965-12-17,9823296881,raghavendra.shetty477@rediffmail.com,Chef,Premium,Nagpur,Maharashtra,India,2023-01-25,Active
CUST001033,Swati Pillai,Female,1994-07-13,9886594211,swati.pillai991@yahoo.com,Accountant,Retail,Thiruvananthapuram,Kerala,India,2017-11-17,Active
CUST001034,Pooja Chowdhury,Female,1967-07-07,9280022643,pooja.chowdhury314@rediffmail.com,Consultant,Premium,Ranchi,Jharkhand,India,2018-06-21,Active
CUST001035,Pallavi Nair,Female,2005-12-04,9262615983,pallavi.nair378@outlook.com,Doctor,Corporate,Mumbai,Maharashtra,India,2023-12-04,Active
CUST001036,Vidya Raghunathan,Female,1968-02-21,9168952783,vidya.raghunathan575@rediffmail.com,Professor,Retail,Ranchi,Jharkhand,India,2017-07-04,Active
CUST001037,Raghavendra Kotian,Male,11/27/1973,9956739336,raghavendra.kotian242@yahoo.com,Business Owner,Premium,Bengaluru,Karnataka,India,2021-10-16,Active
CUST001038,Aadhya Mukherjee,Female,1994-01-24,9362668763,aadhya.mukherjee127@outlook.com,Bank Employee,Retail,Madurai,Tamil Nadu,India,2012-01-30,Active
CUST001039,Pallavi Salunkhe,Female,1985-03-12,9795870893,pallavi.salunkhe138@rediffmail.com,Homemaker,Retail,Patna,Bihar,India,2023-06-03,Active
CUST001040,Pradeep Yadav,Male,1950-06-25,9264185745,pradeep.yadav307@rediffmail.com,Professor,Retail,Howrah,West Bengal,India,2022-04-23,Active
CUST001041,Aryan Ghosh,Male,1952-08-14,9576277277,aryan.ghosh80@yahoo.com,Marketing Manager,Premium,Shimla,Himachal Pradesh,India,2013-02-25,Active
CUST001042,Neha Verma,Female,1959-11-27,9483373505,NEHA.VERMA504@OUTLOOK.COM,Bank Employee,Retail,Raipur,Chhattisgarh,India,2022-12-27,Active
CUST001043,Yash Verma,Male,2000-10-21,9693509617,yash.verma992@outlook.com,Architect,Retail,Shimla,Himachal Pradesh,India,2019-02-06,Active
CUST001044,Aadhya Shetty,Female,1949-05-08,9989586182,aadhya.shetty254@gmail.com,Journalist,Retail,Bengaluru,Karnataka,India,2015-12-16,Active
CUST001045,Kavya Sen,Other,1952-05-03,+919684980294,KAVYA.SEN41@GMAIL.COM,Journalist,Premium,Delhi,Delhi,India,2018-01-28,Active
CUST001046,Lakshmi Reddy,Female,1995-02-25,9731786424,lakshmi.reddy40@outlook.com,Accountant,Senior Citizen,Delhi,Delhi,India,2019-01-12,Dormant
CUST001047,Abhishek Salunkhe,Male,1985-09-25,9336110508,abhishek.salunkhe166@gmail.com,,Retail,Chandigarh,Chandigarh,India,2014-04-09,Active
CUST001048,Chetan Sen,Male,2007-08-06,9209765061,chetan.sen584@outlook.com,Police Officer,Retail,Vadodara,Gujarat,India,2025-08-14,Inactive
CUST001049,Ayaan Bhat,Male,1961-04-21,9370158458,ayaan.bhat470@yahoo.com,Consultant,Premium,Ranchi,Jharkhand,India,2020-10-10,Active
CUST001050,Naveen Raghunathan,Male,1987-12-16,09154390584,naveen.raghunathan401@yahoo.com,Bank Employee,Retail,Hyderabad,Telangana,India,2016-09-17,Dormant
CUST001051,Deepika Kotian,Female,02/24/1956,09668151956,deepika.kotian754@rediffmail.com,Electrician,Retail,Delhi,Delhi,India,2018-02-26,Inactive
CUST001052,Priya Kulkarni,Female,02-10-1983,9886124482,priya.kulkarni390@yahoo.com,Chartered Accountant,Premium,Thiruvananthapuram,Kerala,India,2020-07-25,Active
CUST001053,Ishaan Subramaniam,Male,1954-06-07,9990600900,ishaan.subramaniam615@rediffmail.com,Nurse,Corporate,Kochi,Kerala,India,2018-10-28,Active
CUST001054,Deepak Bhosale,,2003-01-05,9312447739,deepak.bhosale995@rediffmail.com,Architect,Retail,Indore,Madhya Pradesh,India,2021.01.12,Active
CUST001055,Meera Sharma,Female,1973-03-14,9191888986,meera.sharma170@rediffmail.com,Electrician,Retail,Warangal,Telangana,India,2025-11-09,Active
CUST001056,Chetan Pawar,Male,1963-06-12,9944335025,chetan.pawar112@rediffmail.com,Doctor,Retail,Kanpur,Uttar Pradesh,India,2024-08-23,Active
CUST001057,Shweta Kale,Female,2007-08-24,9913770568,shweta.kale218@outlook.com,Marketing Manager,Senior Citizen,Vijayawada,Andhra Pradesh,India,2025-09-05,Active
CUST001058,Vihaan Reddy,Male,1952-01-10,9768612543,vihaan.reddy154@yahoo.com,Business Owner,Corporate,Kochi,Kerala,India,2022-03-01,Active
CUST001059,Anjali Salunkhe,Female,1996-06-17,9908890041,anjali.salunkhe828@rediffmail.com,Software Engineer,Retail,Vijayawada,Andhra Pradesh,India,2023-08-03,Active
CUST001060,Ayaan Agarwal,Male,1978-11-23,9955671594,ayaan.agarwal875@rediffmail.com,Sales Executive,Student,Vadodara,Gujarat,India,2012-09-19,Blocked
CUST001061,Sangeeta Bose,Female,1989-08-28,09196625285,,HR Manager,Retail,Pune,Maharashtra,India,2020-03-12,Active
CUST001062,Basavaraj Joshi,Male,1963-10-09,9470413962,basavaraj.joshi131@yahoo.com,Tailor,Premium,Bhubaneswar,Odisha,India,2023-06-04,Active
CUST001063,Preeti Nair,Female,2001-05-24,91399-19074,preeti.nair850@yahoo.com,Electrician,Premium,Jaipur,Rajasthan,India,2019-06-17,Active
CUST001064,Aarav Jadhav,Male,1975-04-30,952 766 0443,aarav.jadhav916@gmail.com,HR Manager,Corporate,Pune,Maharashtra,India,2016-03-30,Active
CUST001065,Gaurav Dutta,Male,1973.05.10,9695288251,,Government Employee,Premium,Mysuru,Karnataka,India,2023-05-25,Active
CUST001066,Kiran Nair,Female,1975-08-24,9897431403,kiran.nair671@gmail.com,Homemaker,Retail,Warangal,Telangana,India,2025-07-15,Active
CUST001067,Prakash Naik,Male,1965-12-15,9216266385,PRAKASH.NAIK608@REDIFFMAIL.COM,Homemaker,Retail,Delhi,Delhi,India,2026-06-02,Inactive
CUST001068,Vikram Deshmukh,Male,1967-04-26,9129929493,vikram.deshmukh528@yahoo.com,Lawyer,Retail,Indore,Madhya Pradesh,India,2020-05-17,Active
CUST001069,Chetan Shah,Male,1956-06-27,9194051353,chetan.shah353@outlook.com,Electrician,Corporate,Kochi,Kerala,India,2011-08-30,active
CUST001070,Mallikarjun Kulkarni,Male,1977-06-18,9695402321,mallikarjun.kulkarni278@gmail.com,Civil Engineer,Retail,Kolkata,West Bengal,India,2011-06-06,Active
CUST001071,Amit Bose,Male,1976-10-04,9533180129,AMIT.BOSE276@OUTLOOK.COM,Lawyer,Retail,Belagavi,Karnataka,India,2023-08-09,Active
CUST001072,Rashmi Bhosale,Female,1971-01-12,9192531101,rashmi.bhosale359@outlook.com,Retired,Retail,Belagavi,Karnataka,India,2022-05-30,Active
CUST001073,Aarav Bose,Male,2007-09-17,9433746496,aarav.bose759@outlook.com,Government Employee,Retail,Vijayawada,Andhra Pradesh,India,2025-09-17,Active
CUST001074,Suman Krishnan,Female,1954-11-06,09215899418,suman.krishnan825@rediffmail.com,Consultant,Retail,Kolkata,West Bengal,India,2013-01-11,Active
CUST001075,Rekha Naidu,Female,02/23/2003,9127085674,rekha.naidu114@gmail.com,Teacher,Retail,Bengaluru,Karnataka,India,2021-02-21,Active
CUST001076, Reyansh Iyer,Male,2000-07-04,9495172656,reyansh.iyer58@outlook.com,Electrician,Retail,Patna,Bihar,India,2024-08-18,Inactive
CUST001077,Lakshmi Nair,Female,07/05/1949,9884357656,lakshmi.nair478@yahoo.com,Shop Owner,Retail,Dehradun,Uttarakhand,India,2022-11-18,Active
CUST001078,Swati Kumar,Female,1990-06-26,09922342874,swati.kumar768@rediffmail.com,Pharmacist,Retail,Bengaluru,Karnataka,India,2025-09-25,Active
CUST001079,Ira Kumar,Female,1960-09-03,9209471295,ira.kumar560@outlook.com,Sales Executive,Senior Citizen,Vijayawada,Andhra Pradesh,India,2012-10-06,Dormant
CUST001080,Sai Prabhu,Male,1950-07-03,9348520791,sai.prabhu827@rediffmail.com,Software Engineer,Retail,Patna,Bihar,India,2021-10-20,Active
CUST001081,Vishal Agarwal,Male,2000-02-29,9550886641,vishal.agarwal713@gmail.com,Teacher,Premium,Madurai,Tamil Nadu,India,2025-05-08,Active
CUST001082,Manoj Shah,Male,1955-01-06,9460841596,manoj.shah705@yahoo.com,Consultant,Senior Citizen,Guwahati,Assam,India,04/13/2019,Active
CUST001083,Ananya Kulkarni,Female,1966-02-08,9492276573,ananya.kulkarni538@outlook.com,Pharmacist,Retail,Surat,Gujarat,India,2023-01-10,Inactive
CUST001084,Aryan Pawar,Other,1953-11-05,973 676 8922,aryan.pawar55@gmail.com,Professor,Retail,Thiruvananthapuram,Kerala,India,2020-05-09,Active
CUST001085,Swati Das,Female,1956-08-07,9261962650,SWATI.DAS180@OUTLOOK.COM,Pharmacist,Retail,Mysuru,Karnataka,India,2011-02-09,Dormant
CUST001086,Abhishek More,Male,28-09-1951,09844317941,abhishek.more742@gmail.com,Architect,Retail,Coimbatore,Tamil Nadu,India,2017-08-30,Active
CUST001087,Vidya Sen,Female,1999-01-12,9338310241,VIDYA.SEN309@GMAIL.COM,Driver,Retail,Bhubaneswar,Odisha,India,2017.01.27,Active
CUST001088,Kabir Pillai,Male,1951-07-30,09414208330,kabir.pillai722@outlook.com,Professor,Senior Citizen,Amritsar,Punjab,India,2012-04-19,Active
CUST001089,Neha Shetty,Female,1993-12-30,9299541118,neha.shetty339@yahoo.com,Police Officer,Retail,Mumbai,Maharashtra,India,2020-04-03,ACTIVE
CUST001090,Mallikarjun Krishnan,Male,1957-07-08,9667969677,mallikarjun.krishnan14@yahoo.com,Electrician,Retail,Chennai,Tamil Nadu,India,2025-06-07,Active
CUST001091,Kavya Kulkarni,Female,2003-06-06,9726037703,kavya.kulkarni675@yahoo.com,Driver,Corporate,Kochi,Kerala,India,2021-06-21,Active
CUST001092,Swati Hegde,,1999-05-14,9661767297,swati.hegde891@outlook.com,Doctor,Retail,Visakhapatnam,Andhra Pradesh,India,2017-05-17,Active
CUST001093,Naveen Mukherjee,Male,1986-02-18,9544225780,naveen.mukherjee446@outlook.com,Farmer,Premium,Bhopal,Madhya Pradesh,India,2021-05-28,Active
CUST001094,Pradeep Jadhav,Male,1998-03-06,9372886859,pradeep.jadhav132@outlook.com,Shop Owner,Premium,Patna,Bihar,India,2016-03-20,Active
CUST001095,Deepika Kotian,Female,27/01/1966,9718946490,deepika.kotian414@rediffmail.com,Shop Owner,Retail,Ahmedabad,Gujarat,India,2012-10-23,Active
CUST001096,Mahesh Singh,Male,1995-06-12,9380718397,mahesh.singh959@outlook.com,Student,Retail,Nagpur,Maharashtra,India,2013-12-21,Active
CUST001097,Priya Joshi,Female,1961-06-04,9714265374,priya.joshi318@gmail.com,Lawyer,Retail,Bhubaneswar,Odisha,India,2011-05-20,Active
CUST001098,Neha Verma,Female,1985-03-29,9722986396,NEHA.VERMA71@GMAIL.COM,Government Employee,Premium,Guwahati,Assam,India,2026-06-02,Active
CUST001099,Anika Sharma,Female,2003-09-13,9341261260,anika.sharma767@rediffmail.com,Electrician,Senior Citizen,Vadodara,Gujarat,India,2021-09-12,dormant
CUST001100,Gaurav Patil,Male,1991-10-31,9407113817,GAURAV.PATIL238@YAHOO.COM,Professor,Corporate,Lucknow,Uttar Pradesh,India,2025-08-24,Active
CUST001101,Sunil Naik,Male,1964-05-01,9386454126,sunil.naik38@yahoo.com,Tailor,Retail,Coimbatore,Tamil Nadu,India,2021-08-27,Active
CUST001102,Nikhil Chowdhury,Male,1992-09-27,989 811 5919,nikhil.chowdhury689@yahoo.com,Teacher,Retail,Jaipur,Rajasthan,India,2016-06-06,Active
CUST001103,Swati Kumar,Female,2001-07-07,09615119655,swati.kumar338@rediffmail.com,Architect,Retail,Coimbatore,Tamil Nadu,India,2025-08-23,Active
CUST001104,Manoj Venkatesh,Male,2001-11-16,9206770502,manoj.venkatesh137@rediffmail.com,Shop Owner,Premium,Surat,Gujarat,India,2019-12-05,Active
CUST001105,Amit Prabhu,Male,1992-10-12,9244728045,amit.prabhu54@yahoo.com,Government Employee,Retail,Mysuru,Karnataka,India,2013-10-22,Active
CUST001106,Santosh Reddy,Male,1992-05-14,9162250017,santosh.reddy185@outlook.com,Architect,Retail,Kochi,Kerala,India,2023-07-07,Active
CUST001107,Priya Prabhu,Female,07/19/1995,9317348468,priya.prabhu150@outlook.com,Accountant,Retail,Coimbatore,Tamil Nadu,India,2019-08-07,Active
CUST001108,Harsh Joshi,Male,1992-08-13,9300098180,harsh.joshi12@outlook.com,Electrician,Retail,Patna,Bihar,India,26/07/2017,Active
CUST001109,Preeti Kamath,Female,1956-02-07,9501470934,preeti.kamath370@rediffmail.com,,Premium,Lucknow,Uttar Pradesh,India,2020-02-20,ACTIVE
CUST001110,Payal Kamath,Female,1996-09-17,9602678813,payal.kamath825@outlook.com,Journalist,Senior Citizen,Panaji,Goa,India,2026-01-14,Active
CUST001111,Kiran Kale,Female,1958-11-26,9795030511,kiran.kale395@gmail.com,Software Engineer,Retail,Chennai,Tamil Nadu,India,2015-05-09,Active
CUST001112,Myra Gowda,Female,1981-09-15,9385837167,myra.gowda38@outlook.com,Homemaker,Retail,Madurai,Tamil Nadu,India,2025-01-01,Active
CUST001113,Myra Iyer,Female,1968-07-25,09650783928,MYRA.IYER880@REDIFFMAIL.COM,Journalist,Retail,Coimbatore,Tamil Nadu,India,2025-02-24,Active
CUST001114,Swati More,,1960-11-26,9371861997,swati.more632@gmail.com,Chartered Accountant,Retail,Thiruvananthapuram,Kerala,India,2022-10-19,Active
CUST001115,Naveen Krishnan,Male,01/29/1965,9377922028,naveen.krishnan963@yahoo.com,Teacher,Retail,Bengaluru,Karnataka,India,2013-06-11,Dormant
CUST001116,Rekha Iyer,Female,1953-02-13,9988610419,rekha.iyer582@gmail.com,Sales Executive,Retail,Indore,Madhya Pradesh,India,2012-05-25,Active
CUST001117,Vandana Kumar,Female,1974-08-20,9919605744,VANDANA.KUMAR477@OUTLOOK.COM,HR Manager,Retail,Amritsar,Punjab,India,2012-11-14,Active
CUST001118,Shreya Venkatesh,Female,1973-05-21,9688045845,SHREYA.VENKATESH511@GMAIL.COM,Tailor,Premium,Bhopal,Madhya Pradesh,India,28-11-2021,Active
CUST001119,Anjali Verma,Female,1972-06-10,9633744551,anjali.verma7@outlook.com,Nurse,Premium,Mysuru,Karnataka,India,2017-03-19,Active
CUST001120,Divya Shah,Female,1953-07-21,9716980628,divya.shah375@gmail.com,Nurse,Premium,Udaipur,Rajasthan,India,2026-05-04,Active
CUST001121,Sarita Reddy,Female,1984-10-05,9777685935,sarita.reddy441@rediffmail.com,Bank Employee,Retail,Kanpur,Uttar Pradesh,India,2011-02-05,Active
CUST001122,Harsh Shah,Male,1958-04-04,9149611892,harsh.shah299@yahoo.com,Professor,Retail,Ahmedabad,Gujarat,India,2016-10-19,Active
CUST001123,Ganesh Naik,Male,1999-11-08,9422641636,ganesh.naik836@yahoo.com,Farmer,Retail,Jaipur,Rajasthan,India,2017-11-15,Active
CUST001124,Santosh Chowdhury,Male,1949-06-11,,santosh.chowdhury956@rediffmail.com,Architect,Retail,Bhubaneswar,Odisha,India,11/09/2024,Active
CUST001125,Rohan Bhat,Male,1951-05-07,9576251576,rohan.bhat478@yahoo.com,Business Owner,Retail,Ludhiana,Punjab,India,18/11/2012,Active
CUST001126,Deepak Bhat,Male,1966-03-09,09857810009,DEEPAK.BHAT784@GMAIL.COM,Chef,Retail,Warangal,Telangana,India,2017-05-05,Active
CUST001127,Vihaan Yadav,Male,1972-09-16,9283666293,vihaan.yadav223@rediffmail.com,Teacher,Student,Kolkata,West Bengal,India,2024-06-19,Active
CUST001128,Karan Naidu,Male,2006-10-07,9919602395,karan.naidu921@gmail.com,Shop Owner,Student,Chennai,Tamil Nadu,India,2026-02-03,Active
CUST001129,Jyoti Desai,Female,1979-10-28,9742777089,jyoti.desai702@yahoo.com,Business Owner,Premium,Surat,Gujarat,India,2025-03-28,Active
CUST001130,Deepak Shetty,Male,1970-12-15,9912363723,deepak.shetty733@gmail.com,Marketing Manager,Retail,Kanpur,Uttar Pradesh,India,2021-02-26,ACTIVE
CUST001131,Diya Venkatesh,Female,1998-09-29,9886723866,diya.venkatesh594@outlook.com,Student,Premium,Patna,Bihar,India,2016-09-30,Active
CUST001132,Rekha Roy,Female,1962-08-05,9253259970,rekha.roy828@yahoo.com,Civil Engineer,Retail,Madurai,Tamil Nadu,India,2012-07-01,Dormant
CUST001133,Ramesh Raghunathan,Male,2002-05-05,9302962903,ramesh.raghunathan534@rediffmail.com,Student,Premium,Chennai,Tamil Nadu,India,2020-05-19,Active
CUST001134,Santosh Iyer,Male,1972-06-10,9512926537,santosh.iyer963@gmail.com,Marketing Manager,Retail,Pune,Maharashtra,India,2018-06-11,Active
CUST001135,Yash Mukherjee,Male,12/11/1966,9104996656,YASH.MUKHERJEE662@OUTLOOK.COM,Nurse,Student,Belagavi,Karnataka,India,2018-12-27,Active
CUST001136,Manisha Kotian,Female,1966-04-04,9332900639,manisha.kotian453@gmail.com,Pharmacist,Premium,Nagpur,Maharashtra,India,2011-10-10,Dormant
CUST001137,Rajesh Shetty,,1948-08-02,9387925318,rajesh.shetty208@gmail.com,Civil Engineer,Retail,Chennai,Tamil Nadu,India,2021-06-29,Active
CUST001138,Kalpana Das,Female,28-10-1988,9960655553,kalpana.das906@yahoo.com,,Retail,Indore,Madhya Pradesh,India,2017-02-20,Active
CUST001139,Rashmi Mukherjee,Female,1982-12-22,9350484263,rashmi.mukherjee56@rediffmail.com,Chartered Accountant,Premium,Bhubaneswar,Odisha,India,2012-09-08,Active
CUST001140,Vandana Iyer,Female,1986-06-09,9348924824,vandana.iyer43@rediffmail.com,Government Employee,Senior Citizen,Raipur,Chhattisgarh,India,2025-03-22,Active
CUST001141,Suresh Das,Male,1987-06-28,9346032404,SURESH.DAS31@OUTLOOK.COM,Tailor,Retail,Kanpur,Uttar Pradesh,India,2016-07-18,Active
CUST001142,Yash Yadav,Male,1949-08-28,9327425554,yash.yadav108@yahoo.com,Journalist,Retail,Jaipur,Rajasthan,India,2014-08-10,Active
CUST001143,Vinod Kumar,Male,2001-03-03,9585968288,vinod.kumar247@yahoo.com,Electrician,Retail, Panaji ,Goa,India,2019-03-06,Active
CUST001144,Dhruv Shetty,Male,1978-12-23,9285114592,dhruv.shetty490@gmail.com,Government Employee,Retail,Mysuru,Karnataka,India,2025-10-08,Active
CUST001145,Manoj Chatterjee,Male,1989-11-20,9361475541,manoj.chatterjee277@yahoo.com,Sales Executive,Retail,Thiruvananthapuram,Kerala,India,2023-10-25,Active
CUST001146,Jyoti Kulkarni,Female,1950-03-12,9579281913,jyoti.kulkarni454@yahoo.com,Sales Executive,Retail,Amritsar,Punjab,India,2012-07-21,ACTIVE
CUST001147,Kiran Venkatesh,Female,1994-02-08,9780769506,kiran.venkatesh447@outlook.com,Tailor,Retail,Lucknow,Uttar Pradesh,India,2021-09-02,Active
CUST001148,Rashmi Kumar,Female,1989-01-13,9196465915,rashmi.kumar438@gmail.com,Nurse,Retail,Madurai,Tamil Nadu,India,2021-04-30,Active
CUST001149,Shreya Menon,Female,1970-04-27,,shreya.menon60@gmail.com,Chef,Premium,Kochi,Kerala,India,2024-10-06,Active
CUST001150,Deepak Jadhav,Male,2004-09-10,9925089537,deepak.jadhav537@outlook.com,Government Employee,Retail,Shimla,Himachal Pradesh,India,2026-01-02,Inactive
CUST001151,Sunita Shetty,Female,03-06-1987,9949320360,sunita.shetty300@gmail.com,Journalist,Retail,Coimbatore,Tamil Nadu,India,2022-08-03,Active
CUST001152,Ira Pawar,Female,2002-12-23,9554472294,IRA.PAWAR538@YAHOO.COM,Journalist,Retail,Varanasi,Uttar Pradesh,India,2021-03-01,Active
CUST001153,Anjali Rao,Female,1997-10-10,9188345699,anjali.rao61@outlook.com,Retired,Premium,Nagpur,Maharashtra,India,2016-06-29,Active
CUST001154,Riya Prabhu,Female,1960-06-17,9968812824,riya.prabhu869@rediffmail.com,Accountant,Retail,Coimbatore,Tamil Nadu,India,2024-12-19,Active
CUST001155,Aarav Joshi,Male,2008-05-14,9659442053,aarav.joshi721@outlook.com,Retired,Retail,Bhubaneswar,Odisha,India,2026-05-31,Active
CUST001156,Prasad Krishnan,Male,1992-12-28,99151-33100,prasad.krishnan346@rediffmail.com,Journalist,Retail,Udaipur,Rajasthan,India,2026-05-26,Active
CUST001157,Deepak Yadav,Male,1959-06-29,9928591779,deepak.yadav359@yahoo.com,Journalist,Retail,Delhi,Delhi,India,2025-10-31,Active
CUST001158,Aryan Kumar,Male,1996-01-17,9647251523,aryan.kumar316@outlook.com,Electrician,Senior Citizen,Kolkata,West Bengal,India,2020-12-21,Active
CUST001159,Neha Desai,Female,1973-12-27,9303555669,NEHA.DESAI990@REDIFFMAIL.COM,Driver,Retail,Bengaluru,Karnataka,India,2025-11-09,Active
CUST001160,Siddharth Yadav,Male,2000-05-13,9599485412,siddharth.yadav701@gmail.com,Sales Executive,Retail,Guwahati,Assam,India,2023-02-26,Active
CUST001161,Lakshmi More,Female,1958-07-01,9636281965,lakshmi.more460@outlook.com,Government Employee,Retail,Vijayawada,Andhra Pradesh,India,2014-09-25,Active
CUST001162,Sarita Bhat,Female,23/09/1963,9286481181,SARITA.BHAT648@YAHOO.COM,Homemaker,Retail, Bengaluru ,Karnataka,India,2011-07-01,Active
CUST001163,Abhishek Gupta,Male,1969-01-22,9461718005,abhishek.gupta65@rediffmail.com,Tailor,Premium,Coimbatore,Tamil Nadu,India,2026-03-28,Active
CUST001164,Prasad Pawar,Male,1975-04-25,9932661526,prasad.pawar829@yahoo.com,Nurse,Premium,Dehradun,Uttarakhand,India,2017-08-21,Active
CUST001165,Shweta Chatterjee,Female,1986-03-31,9114477811,shweta.chatterjee595@rediffmail.com,Police Officer,Corporate,Panaji,Goa,India,2024-07-27,Active
CUST001166,Ananya Iyer,Female,1961-06-02,9551970891,ananya.iyer309@rediffmail.com,Doctor,Retail,Bhubaneswar,Odisha,India,2015-06-24,Active
CUST001167,Vivaan Krishnan ,Male,1990-09-30,+919648379020,vivaan.krishnan692@outlook.com,Teacher,Retail,Patna,Bihar,India,2016.08.08,Active
CUST001168,Rajesh Mukherjee,Male,1949-06-21,9916973265,rajesh.mukherjee7@gmail.com,Journalist,Student,Dehradun,Uttarakhand,India,2023-10-22,ACTIVE
CUST001169,Ritu Deshmukh,Female,1968-01-20,9355068906,ritu.deshmukh490@gmail.com,Accountant,Retail,Howrah,West Bengal,India,01-03-2019,Active
CUST001170,Ishaan Shah,Male,1987-12-04,9453831279,ishaan.shah943@outlook.com,Marketing Manager,Corporate,Panaji,Goa,India,2021-07-12,active
CUST001171,Swati Das,Female,1964-01-18,9172368621,swati.das759@yahoo.com,Professor,Retail,Panaji,Goa,India,2015-12-23,Active
CUST001172,Deepak Desai,Male,1974-02-20,09402151883,,Architect,Retail,Coimbatore,Tamil Nadu,India,2020-07-18,Active
CUST001173,Prakash Gupta,Male,1984-09-18,9997567385,prakash.gupta589@rediffmail.com,Lawyer,Senior Citizen,Nagpur,Maharashtra,India,2018-07-26,Active
CUST001174,Mahesh Ghosh,Male,1963-01-12,9789392190,mahesh.ghosh679@yahoo.com,Teacher,Retail,Lucknow,Uttar Pradesh,India,2025-06-22,Inactive
CUST001175,Usha Mukherjee,Female,2006-06-03,9671000910,USHA.MUKHERJEE526@YAHOO.COM,Civil Engineer,Premium,Bhubaneswar,Odisha,India,2024-06-07,Active
CUST001176, Vishal Deshmukh,Male,1999-04-27,09968083870,vishal.deshmukh322@yahoo.com,Lawyer,Retail,Ludhiana,Punjab,India,2017-05-01,Active
CUST001177,Anil Pawar,Male,2006-10-29,9495752440,anil.pawar678@rediffmail.com,Accountant,Retail,Mysuru,Karnataka,India,2024-11-08,Active
CUST001178,Diya Yadav,Other,1978-01-11,9365184136,diya.yadav423@yahoo.com,Driver,Retail,Ahmedabad,Gujarat,India,2025-10-27,Active
CUST001179,Rajesh Deshmukh,Male,1968-10-20,,rajesh.deshmukh947@yahoo.com,Farmer,Retail,Bhubaneswar,Odisha,India,2024-09-19,Active
CUST001180,Vihaan Pawar,Male,2008-04-04,9865444226,vihaan.pawar837@outlook.com,Police Officer,Student,Nagpur,Maharashtra,India,2026-04-24,Active
CUST001181,Karan Nair,Male,1992-02-19,9564918951,karan.nair908@gmail.com,HR Manager,Retail,Patna,Bihar,India,2026-07-07,Active
CUST001182,Girish More,Male,1996-01-24,9110623150,girish.more419@outlook.com,Tailor,Retail,Hyderabad,Telangana,India,2016-05-23,Active
CUST001183,Kalpana Iyer,Female,1959-01-25,9111512014,kalpana.iyer677@outlook.com,Tailor,Retail,Mumbai,Maharashtra,India,2023-12-16,Active
CUST001184,Ganesh Yadav,Male,2000-08-28,9723883470,ganesh.yadav145@gmail.com,Police Officer,Premium,Coimbatore,Tamil Nadu,India,16/10/2020,Active
CUST001185,Namrata Naidu,Female,1979-12-30,9257986763,namrata.naidu751@rediffmail.com,Shop Owner,Retail,Ranchi,Jharkhand,India,2026-02-12,inactive
CUST001186,Prasad Mehta,Male,1994-11-07,9713656368,prasad.mehta753@gmail.com,Farmer,Retail,Dehradun,Uttarakhand,India,2016-04-21,Active
CUST001187,Aditya Reddy,Other,1997-12-25,,ADITYA.REDDY774@REDIFFMAIL.COM,Teacher,Premium,Belagavi,Karnataka,India,2020-06-11,Active
CUST001188,Anil Naik,Male,1954-06-01,9577481813,ANIL.NAIK21@REDIFFMAIL.COM,Doctor,Premium,Jaipur,Rajasthan,India,2021-08-09,Inactive
CUST001189,Anika Kumar,Female,1954.01.01,+919272871574,anika.kumar456@gmail.com,Bank Employee,Student,Chennai,Tamil Nadu,India,2013-05-26,Active
CUST001190,Sunil Reddy,Male,1951-12-09,9293252463,sunil.reddy275@yahoo.com,Professor,Corporate,Indore,Madhya Pradesh,India,2023-01-18,Active
CUST001191,Suresh Sharma ,Male,1986-12-14,9317785148,SURESH.SHARMA914@GMAIL.COM,Government Employee,Retail,Guwahati,Assam,India,2013-03-24,Active
CUST001192,Namrata Shetty,Female,2003-06-09,9679642739,namrata.shetty537@outlook.com,Doctor,Premium,Raipur,Chhattisgarh,India,2023-11-15,Active
CUST001193,Aadhya More,Female,1949-10-28,9981833678,aadhya.more611@yahoo.com,Chef,Retail,Howrah,West Bengal,India,2012-12-17,Active
CUST001194,Tanvi Shetty,Female,1956-05-16,9202131381,tanvi.shetty437@yahoo.com,Electrician,Retail,Hyderabad,Telangana,India,10/14/2013,Active
CUST001195,Sunil Prabhu,Male,1977-06-09,9711643596,sunil.prabhu114@rediffmail.com,Marketing Manager,Retail,Warangal,Telangana,India,2018-09-09,Active
CUST001196,Manisha Kotian,Female,1971-09-14,9781936483,MANISHA.KOTIAN619@OUTLOOK.COM,Lawyer,Retail,Bhubaneswar,Odisha,India,2013-10-30,Active
CUST001197,Anita Raghunathan,Female,1954-03-29,9136523007,anita.raghunathan610@rediffmail.com,Chef,Retail,Vadodara,Gujarat,India,2012-03-11,Active
CUST001198,Meera Roy,Female,1984-12-13,9673700613,meera.roy381@outlook.com,Architect,Retail,Mumbai,Maharashtra,India,2011-10-24,Active
CUST001199,Vihaan Venkatesh,Male,2002-11-08,9500040121,vihaan.venkatesh629@yahoo.com,Police Officer,Premium,Vijayawada,Andhra Pradesh,India,2020-11-22,Active
CUST001200,Myra Gowda ,Female,1960-11-01,9275538428,myra.gowda390@gmail.com,Tailor,Senior Citizen,Bengaluru,Karnataka,India,2018-08-17,Active
CUST001201,Shalini Yadav,Female,1948-03-03,9810679310,shalini.yadav659@gmail.com,Electrician,Retail,Vijayawada,Andhra Pradesh,India,2011-09-07,Active
CUST001202,Usha Hegde,Female,1961-08-25,9941804137,usha.hegde348@outlook.com,Data Analyst,Retail,Hubballi,Karnataka,India,2013-02-19,Active
CUST001203,Aditya Chavan,Male,1959-03-08,9638454741,aditya.chavan772@outlook.com,Software Engineer,Retail,Kanpur,Uttar Pradesh,India,2020-07-03,Active
CUST001204,Mahesh Shah,Male,1976-03-30,9281274805,MAHESH.SHAH886@OUTLOOK.COM,Chartered Accountant,Retail,Warangal,Telangana,India,2015-12-14,Active
CUST001205,Bhavna More,Female,1889-06-01,9486014024,bhavna.more484@rediffmail.com,Tailor,Student,Indore,Madhya Pradesh,India,2022-10-10,Active
CUST001206,Manoj Deshmukh,Male,11-11-1969,9564026230,manoj.deshmukh18@gmail.com,Farmer,Retail,Surat,Gujarat,India,2024-01-22,Active
CUST001207,Usha Kamath,Female,1955-03-28,9912061675,usha.kamath681@outlook.com,Software Engineer,Retail,Howrah,West Bengal,India,2011-06-22,Active
CUST001208,Sunil Krishnan,Male,1988-12-27,+919811469745,sunil.krishnan938@outlook.com,Teacher,Retail,Udaipur,Rajasthan,India,2025-09-27,Active
CUST001209,Suresh Bhosale,Male,1976-06-04,9787214035,suresh.bhosale709@outlook.com,Police Officer,Retail, Raipur ,Chhattisgarh,India,2021-08-15,Active
CUST001210,Shweta Sen,Female,1952-07-19,9724687774,SHWETA.SEN358@GMAIL.COM,Bank Employee,Retail,Coimbatore,Tamil Nadu,India,2023-10-10,Active
CUST001211,Karan Ghosh,Male,1950-08-25,9387737204,karan.ghosh564@yahoo.com,Marketing Manager,Student,Chennai,Tamil Nadu,India,2018-06-05,Active
CUST001212,Harsh Krishnan,Male,1977-08-11,9855345128,harsh.krishnan365@gmail.com,Architect,Premium,Nagpur,Maharashtra,India,04/01/2011,Active
CUST001213,Ritu Bose,Female,1983-11-08,9965886956,RITU.BOSE773@GMAIL.COM,Lawyer,Retail,Ranchi,Jharkhand,India,2024-10-02,Active
CUST001214,Sunita Joshi,Female,1958-07-23,9712926097,sunita.joshi725@rediffmail.com,Business Owner,Premium,Indore,Madhya Pradesh,India,2019-10-29,Active
CUST001215,Suman Bose,Female,1967-08-07,9526617841,SUMAN.BOSE624@OUTLOOK.COM,Marketing Manager,Corporate,Kochi,Kerala,India,2011-07-30,Active
CUST001216,Yash Naik,Male,1984-10-03,9682085347,yash.naik388@rediffmail.com,Journalist,Retail,Mumbai,Maharashtra,India,2013-08-03,Active
CUST001217,Aditya Raghunathan,Male,1976-07-18,9687083768,aditya.raghunathan173@outlook.com,Architect,Premium,Guwahati,Assam,India,2014-03-15,Active
CUST001218,Sneha Venkatesh,Female,1955-01-15,9983364771,,Pharmacist,Retail,Amritsar,Punjab,India,2016-11-02,Active
CUST001219,Ganesh Bhosale,Male,1971-09-15,9428062669,ganesh.bhosale337@rediffmail.com,Civil Engineer,Premium,Vijayawada,Andhra Pradesh,India,2017-11-15,Active
CUST001220,Harsh Bhosale,Male,1959-12-22,944 223 6539,harsh.bhosale902@outlook.com,Chartered Accountant,Retail,Vijayawada,Andhra Pradesh,India,25/08/2017,Active
CUST001221,Vinod Dutta,Male,2004-02-22,9418674547,vinod.dutta63@gmail.com,Student,Premium,Madurai,Tamil Nadu,India,2024-06-27,Active
CUST001222,Vidya Bhosale,Female,1996-09-13,9197098367,VIDYA.BHOSALE845@GMAIL.COM,Sales Executive,Premium,Patna,Bihar,India,2025-08-26,Active
CUST001223,Pallavi Singh,Female,1966-11-26,9522744278,pallavi.singh779@rediffmail.com,Bank Employee,Premium,Surat,Gujarat,India,2021-07-18,Active
CUST001224,Geeta Hegde,Female,03/31/1962,9500805777,GEETA.HEGDE515@OUTLOOK.COM,Nurse,Retail,Chandigarh,Chandigarh,India,2020-11-05,Active
CUST001225,Snehal Pillai,Female,2027.01.15,9277419785,snehal.pillai992@gmail.com,Shop Owner,Retail,Kolkata,West Bengal,India,2024-06-04,Active
CUST001226,Karan Jadhav,Male,1992-08-26,9833672601,karan.jadhav716@yahoo.com,Marketing Manager,Premium,Bhopal,Madhya Pradesh,India,2015-02-27,Active
CUST001227,Raghavendra Jadhav,Male,2003-08-19,9720461368,raghavendra.jadhav42@rediffmail.com,Marketing Manager,Premium,Raipur,Chhattisgarh,India,2021-08-17,Active
CUST001228,Varun Bose,Male,1964.07.17,,varun.bose392@rediffmail.com,Sales Executive,Student,Bhopal,Madhya Pradesh,India,2020-12-26,Active
CUST001229,Suresh Bose,Male,1986-10-04,9656245997,suresh.bose839@rediffmail.com,Journalist,Retail,Visakhapatnam,Andhra Pradesh,India,2015-06-09,Active
CUST001230,Siddharth Nair,Male,1962-03-28,9104662901,siddharth.nair775@yahoo.com,Homemaker,Retail,Vijayawada,Andhra Pradesh,India,2025-10-15,Active
CUST001231,Chetan Bose,Male,2003-07-22,9495528492,chetan.bose161@gmail.com,Professor,Premium,Bengaluru,Karnataka,India,22-07-2021,Active
CUST001232,Kabir Krishnan,Male,1966.02.14,9991538981,,Journalist,Premium,Raipur,Chhattisgarh,India,2011-12-02,Active
CUST001233,Sneha Kale,Female,27/10/1953,9168778252,sneha.kale923@outlook.com,Retired,Retail,Amritsar,Punjab,India,2016-01-10,Active
CUST001234,Snehal Dutta,Female,2001-05-15,9575817684,snehal.dutta46@rediffmail.com,Doctor,Premium,Vadodara,Gujarat,India,2023-09-05,Active
CUST001235,Ayaan Sen,Male,2005-04-13,9606194886,ayaan.sen948@outlook.com,Chef,Retail,Kochi,Kerala,India,2023-04-19,Active
CUST001236, Ganesh Subramaniam,Male,1972-01-23,9326654040,ganesh.subramaniam540@gmail.com,Driver,Retail,Kochi,Kerala,India,2014-05-15,Active
CUST001237,Rekha Shah,Female,2002-12-19,9568332147,rekha.shah806@outlook.com,Sales Executive,Retail,Guwahati,Assam,India,2024-07-20,Active
CUST001238,Swati Das,Female,1962-10-07,9223537957,swati.das215@gmail.com,Marketing Manager,Retail,Amritsar,Punjab,India,2013-05-18,Inactive
CUST001239,Namrata Patil,Female,1964-05-30,9958757384,namrata.patil344@outlook.com,Doctor,Premium,Bengaluru,Karnataka,India,2013.06.19,Active
CUST001240,Arjun Nair,Male,1980-07-05,9321397198,arjun.nair728@yahoo.com,Homemaker,Retail,Mumbai,Maharashtra,India,2024-12-19,Active
CUST001241,Aadhya Rao,Female,1984-05-17,9431860794,aadhya.rao162@outlook.com,Teacher,Senior Citizen,Coimbatore,Tamil Nadu,India,2015-12-29,Active
CUST001242,Shivraj Bose,Male,1971-05-13,9122006996,shivraj.bose102@outlook.com,Data Analyst,Retail,Kanpur,Uttar Pradesh,India,2011-01-11,Active
CUST001243, Umesh Sharma,Male,1996-06-10,9634159595,umesh.sharma608@outlook.com,Police Officer,Premium,Ludhiana,Punjab,India,2017-09-26,Active
CUST001244,Yash Subramaniam,Male,1995-11-15,9634557791,yash.subramaniam9@gmail.com,Marketing Manager,Retail,Bhopal,Madhya Pradesh,India,2022-07-07,Active
CUST001245,Umesh Kamath,Male,1955.04.30,9204534093,umesh.kamath938@rediffmail.com,Sales Executive,Retail,Mysuru,Karnataka,India,2022-10-06,Active
CUST001246,Vihaan Kale,Male,2008-01-02,9363579574,VIHAAN.KALE675@OUTLOOK.COM,Civil Engineer,Retail,Patna,Bihar,India,2026-01-17,Active
CUST001247,Siddharth Kale,Male,08/23/1957,9790050321,siddharth.kale713@outlook.com,Police Officer,Senior Citizen,Jaipur,Rajasthan,India,16/05/2015,Inactive
CUST001248,Radha Ghosh,Female,1979-11-26,9741686219,radha.ghosh500@yahoo.com,Doctor,Senior Citizen,Howrah,West Bengal,India,08/08/2020,Active
CUST001249,Ganesh Singh,Male,1973-08-18,9376568708,ganesh.singh623@gmail.com,Electrician,Retail,Bhubaneswar,Odisha,India,04/04/2021,Active
CUST001250,Dhruv Pillai,Male,1975-05-15,9666843290,dhruv.pillai951@outlook.com,Lawyer,Retail,Hyderabad,Telangana,India,2020-08-24,Active
CUST001251,Rahul Mukherjee,Male,1955-10-13,9772330374,rahul.mukherjee5@yahoo.com,Software Engineer,Retail,Kochi,Kerala,India,2016-04-01,Active
CUST001252,Sunil Shetty,Male,1968-10-12,9436228830,sunil.shetty247@rediffmail.com,Software Engineer,Retail,Delhi,Delhi,India,2024-05-28,Active
CUST001253,Varun Kamath,Male,1949-11-02,9959274157,varun.kamath696@outlook.com,,Retail,Ahmedabad,Gujarat,India,2012-03-18,Active
CUST001254,Krishna Gowda,Male,2006-12-20,9388147993,krishna.gowda124@yahoo.com,HR Manager,Senior Citizen,Varanasi,Uttar Pradesh,India,2025-01-12,Active
CUST001255,Yash Pawar,Male,1956-09-18,9825535200,yash.pawar245@gmail.com,Student,Premium,Kochi,Kerala,India,2025-08-08,Active
CUST001256,Priya Rao,Female,1977-04-12,9392377397,PRIYA.RAO24@OUTLOOK.COM,Bank Employee,Retail,Visakhapatnam,Andhra Pradesh,India,2021-08-24,Active
CUST001257,Neha Pawar,Female,1961-02-01,9741005597,neha.pawar56@rediffmail.com,Electrician,Student,Hyderabad,Telangana,India,2017-09-03,Active
CUST001258,Raghavendra Ghosh,Male,1958-10-13,9399434566,RAGHAVENDRA.GHOSH444@YAHOO.COM,Chef,Premium,Panaji,Goa,India,2016-11-29,Active
CUST001259,Riya Pawar,Female,1971-08-22,,riya.pawar659@outlook.com,Police Officer,Retail,Amritsar,Punjab,India,2017-10-08,Active
CUST001260,Anika Deshmukh,Female,2006-09-19,9778358840,ANIKA.DESHMUKH101@GMAIL.COM,Accountant,Premium,Howrah,West Bengal,India,2024-09-29,Active
CUST001261,Deepak Shah,Other,1976-12-20,9248103666,deepak.shah981@yahoo.com,Homemaker,Retail,Mysuru,Karnataka,India,2014-06-13,Active
CUST001262,Ira Sharma,Female,2006-03-19,9571318337,ira.sharma775@rediffmail.com,Retired,Retail,Madurai,Tamil Nadu,India,2024-04-02,Active
CUST001263,Preeti Kulkarni,Female,1998-02-07,9343053628,preeti.kulkarni662@yahoo.com,Architect,Retail,Bhopal,Madhya Pradesh,India,2019-07-20,Active
CUST001264,Bhavna Verma,Female,1974-05-25,9297425109,bhavna.verma72@rediffmail.com,Architect,Retail,Guwahati,Assam,India,2018-09-21,ACTIVE
CUST001265,Deepika Mehta,Female,2002-08-06,9849159056,deepika.mehta518@yahoo.com,Data Analyst,Retail,Kochi,Kerala,India,12-08-2020,Active
CUST001266,Aarav Venkatesh ,Male,1969-02-03,9984333446,AARAV.VENKATESH919@REDIFFMAIL.COM,Chef,Corporate,Patna,Bihar,India,2012-03-18,inactive
CUST001267,Chetan Mehta,Male,1978-05-18,9932641770,chetan.mehta238@outlook.com,Lawyer,Retail,Bengaluru,Karnataka,India,2024-06-24,Active
CUST001268,Yash Kale,Male,1989-03-22,09855146750,yash.kale540@rediffmail.com,Journalist,Retail,Lucknow,Uttar Pradesh,India,2025-11-05,Inactive
CUST001269,Vikram Subramaniam,Male,16/09/1983,952 145 7042,vikram.subramaniam564@outlook.com,Police Officer,Student,Dehradun,Uttarakhand,India,2014-10-23,Active
CUST001270,Naveen Salunkhe,Male,1998-03-21,9573558577,naveen.salunkhe695@yahoo.com,Teacher,Student,Ahmedabad,Gujarat,India,2016-04-10,Active
CUST001271,Yash Kale,Male,1957-11-13,9586043906,yash.kale917@yahoo.com,Nurse,Premium,Panaji,Goa,India,2020-10-17,Active
CUST001272,Saanvi Gowda,Female,1978-03-15,9762604091,saanvi.gowda131@outlook.com,Electrician,Premium,Bengaluru,Karnataka,India,2011-01-13,Active
CUST001273,Tanvi Bose,Female,1988-04-08,9844133483,tanvi.bose63@rediffmail.com,Homemaker,Senior Citizen,Shimla,Himachal Pradesh,India,2012-08-02,active
CUST001274,Pallavi Yadav,Female,1968-01-16,9827234585,pallavi.yadav90@gmail.com,Government Employee,Premium,Guwahati,Assam,India,2025-01-04,Active
CUST001275,Ashok Desai,Male,2000-07-09,9995628746,ASHOK.DESAI267@REDIFFMAIL.COM,Marketing Manager,Retail,Thiruvananthapuram,Kerala,India,2018-07-30,Active
CUST001276,Arjun Gowda,Male,1966-04-05,9635104331,arjun.gowda353@rediffmail.com,Doctor,Retail,Kochi,Kerala,India,2019-12-19,Active
CUST001277,Vandana Kumar,Female,1966-03-30,9511555084,vandana.kumar877@rediffmail.com,Accountant,Retail,Vijayawada,Andhra Pradesh,India,2024-09-16,Active
CUST001278,Shweta Sen,Female,1967-10-14,,shweta.sen520@outlook.com,Electrician,Retail, Ahmedabad ,Gujarat,India,2022-05-23,Active
CUST001279,Gaurav Joshi,Other,1988.12.25,9658169614,GAURAV.JOSHI744@REDIFFMAIL.COM,Retired,Retail,Hubballi,Karnataka,India,2015-03-24,Active
CUST001280,Lakshmi Shah,Female,1955-02-24,9372318023,lakshmi.shah575@yahoo.com,Electrician,Retail,Visakhapatnam,Andhra Pradesh,India,2013-05-16,Dormant
CUST001281,Kiran Naik,Female,1956-08-27,9799217313,kiran.naik951@outlook.com,Sales Executive,Retail,Bengaluru,Karnataka,India,2022-02-26,active
CUST001282,Aditya Salunkhe,Male,1995-03-04,94993-93885,aditya.salunkhe330@rediffmail.com,Driver,Retail,Bhopal,Madhya Pradesh,India,2017-04-15,Dormant
CUST001283,Varun More,Male,1960-07-23,+919353586007,,Homemaker,Retail,Madurai,Tamil Nadu,India,2026-01-13,Active
CUST001284,Rahul Mukherjee,Male,1954-05-11,9761780827,RAHUL.MUKHERJEE273@OUTLOOK.COM,Data Analyst,Retail,Vijayawada,Andhra Pradesh,India,2021-01-08,Active
CUST001285,Sushma Sharma,Female,1963-12-22,9403115817,sushma.sharma233@yahoo.com,Consultant,Retail, Raipur ,Chhattisgarh,India,2011-03-04,Active
CUST001286,Vandana Das,Female,1972-02-17,9172696733,vandana.das980@rediffmail.com,Doctor,Retail,Jaipur,Rajasthan,India,2014-11-25,Active
CUST001287,Kabir Agarwal ,Male,1950-01-02,9556132774,kabir.agarwal24@outlook.com,Teacher,Retail,Kanpur,Uttar Pradesh,India,2022-07-26,Active
CUST001288,Suman Kumar,Female,1998-08-01,9362318182,SUMAN.KUMAR273@REDIFFMAIL.COM,Architect,Retail,Jaipur,Rajasthan,India,2021-11-25,Active
CUST001289,Suresh Sen,Male,12/02/1955,9131174258,suresh.sen386@outlook.com,Government Employee,Premium,Vadodara,Gujarat,India,2022-07-12,Active
CUST001290,Naveen Raghunathan,Male,1972-06-25,95281-49629,naveen.raghunathan138@rediffmail.com,Consultant,Corporate,Vijayawada,Andhra Pradesh,India,2014-08-18,Active
CUST001291,Krishna Salunkhe,Male,1960.03.30,9795027649,krishna.salunkhe771@yahoo.com,Data Analyst,Retail,Hyderabad,Telangana,India,2014-11-15,Active
CUST001292,Umesh Verma,Male,1965-11-09,9821338600,umesh.verma359@outlook.com,Bank Employee,Corporate,Raipur,Chhattisgarh,India,01/04/2014,Active
CUST001293,Jyoti Gupta ,Female,1950-09-28,9289916099,jyoti.gupta458@rediffmail.com,Driver,Corporate,Bhopal,Madhya Pradesh,India,2021-10-23,Active
CUST001294, Suresh Yadav,Male,2005-06-12,94873-14188,suresh.yadav304@outlook.com,Government Employee,Student,Raipur,Chhattisgarh,India,2023-06-22,Active
CUST001295,Preeti Jadhav,Female,2004-10-15,9410075264,preeti.jadhav891@gmail.com,Electrician,Corporate,Kochi,Kerala,India,2023-08-26,Active
CUST001296,Shreya Bhosale,Female,1955-09-01,9528485119,shreya.bhosale421@rediffmail.com,Sales Executive,Retail, Amritsar ,Punjab,India,2015-05-19,Active
CUST001297,Ayaan Bose,Male,1959.12.14,9711626251,ayaan.bose786@yahoo.com,Software Engineer,Retail,Udaipur,Rajasthan,India,01-08-2018,Active
CUST001298,Vihaan Iyer,Male,2001-08-10,9511537353,vihaan.iyer623@gmail.com,Homemaker,Retail,Jaipur,Rajasthan,India,2019-08-18,Active
CUST001299,Aadhya Das,Female,1973-02-20,9424316756,aadhya.das954@yahoo.com,Lawyer,Retail,Madurai,Tamil Nadu,India,2017-08-10,Active
CUST001300,Mallikarjun Gowda,Male,1951.10.05,954 295 5809,mallikarjun.gowda602@gmail.com,HR Manager,Retail,Chennai,Tamil Nadu,India,2022-11-16,Active
CUST001301,Rekha Roy,Female,1956-03-25,940 422 5115,rekha.roy984@rediffmail.com,Civil Engineer,Senior Citizen,Pune,Maharashtra,India,2014-01-31,Active
CUST001302,Sai Dutta,Male,1973-01-19,9347808677,sai.dutta697@rediffmail.com,Farmer,Retail,Ahmedabad,Gujarat,India,2019-11-08,Active
CUST001303,Manisha Deshmukh,Female,1981-10-20,9423932166,manisha.deshmukh59@yahoo.com,Professor,Retail,Shimla,Himachal Pradesh,India,2011-11-21,Active
CUST001304,Shalini Nair,Female,1986-04-09,9309220347,shalini.nair157@rediffmail.com,Software Engineer,Student,Vijayawada,Andhra Pradesh,India,2013-10-06,Active
CUST001305,Rajesh Ghosh,Male,1957-04-13,9276051460,rajesh.ghosh789@outlook.com,Student,Retail,Indore,Madhya Pradesh,India,2021-08-20,Active
CUST001306,Abhishek Singh,Male,1970-06-02,9837322634,abhishek.singh46@rediffmail.com,Pharmacist,Retail,Howrah,West Bengal,India,2019-10-30,Active
CUST001307,Sneha Chatterjee,Female,1963-10-26,9410693004,sneha.chatterjee190@gmail.com,Consultant,Retail,Lucknow,Uttar Pradesh,India,2020-07-02,Active
CUST001308,Prakash Ghosh,Male,1980-05-21,9343011104,prakash.ghosh790@gmail.com,Consultant,Retail,Bhubaneswar,Odisha,India,2014-07-03,dormant
CUST001309,Dhruv Hegde,Male,1967-06-22,9830543588,dhruv.hegde355@rediffmail.com,Driver,Retail,Mumbai,Maharashtra,India,16/03/2014,Active
CUST001310,Sai Joshi,Male,1960-05-11,980 964 5608,sai.joshi217@yahoo.com,Teacher,Retail,Visakhapatnam,Andhra Pradesh,India,2017-08-11,Active
CUST001311,Harsh Hegde,Male,15-01-2027,9321121747,harsh.hegde198@outlook.com,Civil Engineer,Retail,Dehradun,Uttarakhand,India,2015.06.10,Active
CUST001312,Radha Reddy,Female,1982-06-22,9374371253,radha.reddy316@rediffmail.com,Chef,Retail,Raipur,Chhattisgarh,India,2024-10-19,Blocked
CUST001313,Preeti Mukherjee,Female,1976-09-17,9839141302,preeti.mukherjee837@yahoo.com,Chartered Accountant,Premium,Belagavi,Karnataka,India,2015-03-01,Active
CUST001314,Ramesh Dutta,Male,1956-02-25,9350110448,RAMESH.DUTTA455@GMAIL.COM,Teacher,Retail,Vijayawada,Andhra Pradesh,India,2022-03-05,Active
CUST001315,Shalini Bose,Female,1952-04-15,9875181447,shalini.bose952@rediffmail.com,Government Employee,Retail,Kochi,Kerala,India,2013-06-08,Active
CUST001316,Aditya Venkatesh,Male,1996-03-25,09655913828,aditya.venkatesh715@yahoo.com,Pharmacist,Retail,Varanasi,Uttar Pradesh,India,2021-02-11,Dormant
CUST001317,Ishaan Shetty,Male,2006-09-06,9699700954,ISHAAN.SHETTY268@GMAIL.COM,,Premium,Delhi,Delhi,India,2024-09-18,Active
CUST001318,Shalini Kale,Female,1983-05-15,9580569592,shalini.kale164@yahoo.com,Architect,Premium,Udaipur,Rajasthan,India,2015-05-17,Active
CUST001319,Prasad Naik,Other,1950-05-14,912 761 5532,prasad.naik942@outlook.com,Bank Employee,Retail,Howrah,West Bengal,India,2017-05-27,Inactive
CUST001320,Deepak Shetty,Male,1977-03-13,9842075025,deepak.shetty901@rediffmail.com,Electrician,Retail,Shimla,Himachal Pradesh,India,2012-12-08,Active
CUST001321,Krishna Verma,Male,1964-12-22,9604930155,KRISHNA.VERMA123@GMAIL.COM,Software Engineer,Retail,Kolkata,West Bengal,India,2012-12-08,Active
CUST001322,Sangeeta Chowdhury,,1951-04-24,9255571617,sangeeta.chowdhury321@outlook.com,Doctor,Corporate,Chennai,Tamil Nadu,India,2022-09-12,Active
CUST001323,Kalpana Agarwal,Female,17-08-1956,+919849834011,kalpana.agarwal742@gmail.com,Doctor,Student,Vijayawada,Andhra Pradesh,India,2016-05-15,Active
CUST001324,Nikhil Kale,Male,1978-04-12,9429205008,nikhil.kale981@yahoo.com,Pharmacist,Retail,Delhi,Delhi,India,2019-10-28,Active
CUST001325,Reyansh Shetty,Male,1973-11-10,9354540063,reyansh.shetty902@yahoo.com,,Retail,Visakhapatnam,Andhra Pradesh,India,01/16/2021,Active
CUST001326,Kiran Kale,Female,1982-02-21,9105814543,kiran.kale285@outlook.com,Consultant,Retail,Raipur,Chhattisgarh,India,2020-09-04,Dormant
CUST001327,Vinod Pillai,Male,1990-01-03,9714836075,vinod.pillai896@outlook.com,,Premium,Warangal,Telangana,India,2020-09-30,Inactive
CUST001328,Siddharth Subramaniam,Male,1964-02-04,9480768756,siddharth.subramaniam725@gmail.com,HR Manager,Retail,Indore,Madhya Pradesh,India,2026-02-24,Active
CUST001329,Vinod Rao,Male,1965-05-06,09741148019,vinod.rao462@gmail.com,Accountant,Retail,Guwahati,Assam,India,19/10/2020,Active
CUST001330,Aditya Kale,Male,1989-01-18,9163152257,aditya.kale376@outlook.com,,Corporate,Kanpur,Uttar Pradesh,India,2016-05-30,ACTIVE
CUST001331,Sanjay Pawar,Male,1959-12-11,9331746268,,Doctor,Retail,Indore,Madhya Pradesh,India,2015-06-04,Active
CUST001332,Sunita Hegde,Female,1952-08-25,9157668910,sunita.hegde835@outlook.com,Police Officer,Corporate,Mysuru,Karnataka,India,2023-06-11,Inactive
CUST001333,Radha Verma,Female,1999-09-17,+919682241545,radha.verma913@gmail.com,Business Owner,Retail,Lucknow,Uttar Pradesh,India,2017-10-07,Dormant
CUST001334,Neha Desai,Female,1960-08-22,9289257339,neha.desai462@outlook.com,Software Engineer,Senior Citizen,Lucknow,Uttar Pradesh,India,2019-09-08,Active
CUST001335,Ira Patil,Other,1955-04-28,952 523 5817,ira.patil267@rediffmail.com,Teacher,Premium,Varanasi,Uttar Pradesh,India,2023-08-30,Active
CUST001336,Dhruv Hegde,Male,1992-09-06,9991427034,,Chartered Accountant,Retail, Vijayawada ,Andhra Pradesh,India,2014-08-28,Active
CUST001337,Siddharth Bhosale,Male,1980-03-21,9322607207,siddharth.bhosale303@outlook.com,Architect,Retail,Amritsar,Punjab,India,2014.06.16,Active
CUST001338,Pallavi Kamath,Female,1956-12-01,9275253765,pallavi.kamath753@yahoo.com,Marketing Manager,Retail,Kochi,Kerala,India,2011-10-28,active
CUST001339,Shivraj Kotian,Male,1999-07-12,9937791240,shivraj.kotian509@yahoo.com,Pharmacist,Premium,Surat,Gujarat,India,2017-07-21,Active
CUST001340,Rashmi Naidu,Female,1962-11-16,93659-88146,,Bank Employee,Retail,Surat,Gujarat,India,2020-07-27,Active
CUST001341,Kalpana Mukherjee,Female,1988-12-15,9747665334,kalpana.mukherjee210@yahoo.com,Consultant,Senior Citizen,Mumbai,Maharashtra,India,2018-10-28,Active
CUST001342,Kabir Mehta,Male,1987-06-07,9216386085,kabir.mehta250@rediffmail.com,Nurse,Premium,Varanasi,Uttar Pradesh,India,2015-08-16,Active
CUST001343,Ashok Rao,Male,1998-04-06,9440388459,ashok.rao652@gmail.com,Teacher,Senior Citizen,Madurai,Tamil Nadu,India,2016-04-12,Active
CUST001344,Manoj Reddy,Male,2027-01-15,9279413529,manoj.reddy260@yahoo.com,Tailor,Retail,Panaji,Goa,India,2021-10-21,Active
CUST001345,Shivraj Reddy,Male,1990-08-05,9902601370,shivraj.reddy668@rediffmail.com,Sales Executive,Retail,Bhubaneswar,Odisha,India,2012-04-29,Active
CUST001346,Arjun Kumar,Male,1951-02-13,9366926325,arjun.kumar990@yahoo.com,Police Officer,Retail,Visakhapatnam,Andhra Pradesh,India,2021-11-20,Active
CUST001347,Vishal Gowda,Male,2004-10-31,9610161726,vishal.gowda83@rediffmail.com,Marketing Manager,Retail,Shimla,Himachal Pradesh,India,2025-01-22,Active
CUST001348,Sunita Verma,Female,1955-09-02,9570303163,sunita.verma924@yahoo.com,Professor,Retail,Surat,Gujarat,India,2018-01-28,Active
CUST001349,Usha Singh,Female,1963-05-12,9543456213,usha.singh172@outlook.com,Farmer,Retail,Vadodara,Gujarat,India,2018-09-08,Active
CUST001350,Aadhya Bose,Female,1975-01-10,9159688611,aadhya.bose139@rediffmail.com,Consultant,Premium,Kochi,Kerala,India,2019-05-03,Active
CUST001351,Suresh Desai,Male,1965-06-21,9593330528,SURESH.DESAI833@OUTLOOK.COM,Sales Executive,Retail,Vadodara,Gujarat,India,2012-06-24,Active
CUST001352,Karan Rao,Male,1983-11-30,9889728978,,Tailor,Retail,Hyderabad,Telangana,India,2020-09-25,Active
CUST001353,Ishaan Hegde,Male,1951-03-16,960 351 1586,ishaan.hegde647@outlook.com,Architect,Retail,Patna,Bihar,India,2016-09-03,Active
CUST001354,Vishal Gowda,Male,1975-06-29,9386515532,vishal.gowda107@gmail.com,Chartered Accountant,Premium,Jaipur,Rajasthan,India,2018-04-13,Active
CUST001355,Radha Mehta,Female,1969-03-03,9410853970,radha.mehta87@gmail.com,Driver,Premium,Vijayawada,Andhra Pradesh,India,2011-05-11,Active
CUST001356,Girish Mehta ,Male,1987-03-15,9797781181,GIRISH.MEHTA201@OUTLOOK.COM,Marketing Manager,Retail,Chennai,Tamil Nadu,India,2024-08-19,Active
CUST001357,Reyansh Patil,Male,1979-06-29,9313970243,reyansh.patil520@yahoo.com,Civil Engineer,Retail,Vadodara,Gujarat,India,06/03/2016,Active
CUST001358,Shalini Bose,Female,1993-10-19,9639723458,shalini.bose290@yahoo.com,Homemaker,Retail,Kanpur,Uttar Pradesh,India,2012-03-06,Active
CUST001359,Ganesh Reddy,Male,1957-12-17,,ganesh.reddy223@yahoo.com,Driver,Premium,Visakhapatnam,Andhra Pradesh,India,2023-02-25,Active
CUST001360,Naveen Reddy,Male,2005-07-11,9860899605,naveen.reddy836@rediffmail.com,Teacher,Retail,Chandigarh,Chandigarh,India,2026-03-23,Active
CUST001361,Manoj Iyer,Male,10/04/1971,9448621769,manoj.iyer174@rediffmail.com,Doctor,Retail,Nagpur,Maharashtra,India,2019-01-29,Dormant
CUST001362,Ritu Sharma,Female,1969-03-13,9349269669,ritu.sharma95@rediffmail.com,Student,Senior Citizen,Kolkata,West Bengal,India,2011-07-09,Active
CUST001363,Bhavna Krishnan,Female,1981-03-21,9659461084,bhavna.krishnan111@gmail.com,Teacher,Retail,Panaji,Goa,India,2026-05-30,Active
CUST001364,Ishaan Shah ,Male,1957-11-18,9649212165,ishaan.shah881@outlook.com,Retired,Retail,Madurai,Tamil Nadu,India,2014.03.26,Active
CUST001365, Anjali Pawar,Female,1997-05-07,9750241146,anjali.pawar475@outlook.com,Professor,Retail,Kolkata,West Bengal,India,2015-05-18,Active
CUST001366,Diya Krishnan,Female,1963-12-31,9165425326,diya.krishnan970@rediffmail.com,,Senior Citizen,Hubballi,Karnataka,India,2022-01-02,Active
CUST001367,Manisha Gowda,Female,2004-03-09,9585920774,manisha.gowda806@yahoo.com,Civil Engineer,Retail,Patna,Bihar,India,2022-03-19,Active
CUST001368,Sanjay Shetty,Male,1956-12-22,910 850 6847,sanjay.shetty282@outlook.com,,Senior Citizen,Mysuru,Karnataka,India,2012-04-27,Active
CUST001369,Sanjay Naidu,Male,2000-05-10,9991889475,sanjay.naidu790@yahoo.com,Homemaker,Corporate,Howrah,West Bengal,India,2021-08-10,Active
CUST001370,Myra Salunkhe,Female,1971-11-19,9887228095,myra.salunkhe456@yahoo.com,Farmer,Premium,Patna,Bihar,India,2015-01-27,Active
CUST001371,Karan Bhosale,Male,1984-10-17,9765813561,karan.bhosale559@gmail.com,Journalist,Retail, Panaji ,Goa,India,2024-05-21,Active
CUST001372,Divya Krishnan,Female,2000-11-11,9365093001,divya.krishnan529@outlook.com,Doctor,Retail,Chennai,Tamil Nadu,India,2018-11-17,Active
CUST001373,Suman Hegde,Female,1955-10-28,09500869682,suman.hegde757@gmail.com,Consultant,Corporate,Kolkata,West Bengal,India,2025-01-29,Active
CUST001374,Umesh Dutta,Male,1889-06-01,9684042830,umesh.dutta206@outlook.com,Driver,Student,Bengaluru,Karnataka,India,2022-03-30,Active
CUST001375, Deepika Salunkhe,Female,2005-06-16,+919308601445,DEEPIKA.SALUNKHE60@REDIFFMAIL.COM,Doctor,Corporate,Vadodara,Gujarat,India,2023-07-01,ACTIVE
CUST001376,Pallavi Reddy,Female,1957-01-06,9527191735,pallavi.reddy731@gmail.com,Farmer,Senior Citizen,Shimla,Himachal Pradesh,India,2019-12-30,Inactive
CUST001377,Radha Bose,Female,1954-03-26,9889126709,radha.bose952@gmail.com,Data Analyst,Premium,Warangal,Telangana,India,2025-07-31,Active
CUST001378,Rohan Gowda,Male,1979-08-30,9270829711,rohan.gowda579@outlook.com,Student,Retail,Madurai,Tamil Nadu,India,2012-01-01,Inactive
CUST001379,Kavya Iyer,Female,1949-07-01,9446080776,kavya.iyer118@rediffmail.com,Business Owner,Retail,Ahmedabad,Gujarat,India,2023-09-27,Active
CUST001380,Vidya Naik,Female,2008-02-04,93624-36244,vidya.naik112@gmail.com,Business Owner,Retail,Panaji,Goa,India,2026-02-03,Active
CUST001381,Deepika Pillai,Female,2002-10-02,9261206878,deepika.pillai544@yahoo.com,Homemaker,Retail,Kanpur,Uttar Pradesh,India,2025-09-30,Active
CUST001382,Sunita Kulkarni,Female,1959-05-27,9457482910,sunita.kulkarni895@gmail.com,Homemaker,Retail,Kochi,Kerala,India,2014-03-29,Active
CUST001383,Rekha Kamath,Female,1958-06-18,9647193596,rekha.kamath613@rediffmail.com,Marketing Manager,Retail,Guwahati,Assam,India,2022-03-06,Active
CUST001384,Harsh Sen,Male,15-02-1995,9149294546,harsh.sen302@rediffmail.com,Software Engineer,Retail,Patna,Bihar,India,2026-01-13,Active
CUST001385,Prasad Venkatesh,Male,1979-07-19,09284916993,prasad.venkatesh620@gmail.com,Software Engineer,Retail,Chandigarh,Chandigarh,India,2016-05-05,Active
CUST001386,Vinod Kumar,Male,1997-11-18,9835454845,vinod.kumar156@gmail.com,Business Owner,Premium,Varanasi,Uttar Pradesh,India,2015-11-14,Active
CUST001387,Vinod Sharma,Male,2006-08-15,9334620897,vinod.sharma479@gmail.com,Teacher,Retail,Kanpur,Uttar Pradesh,India,2024-08-12,Active
CUST001388,Ayaan Venkatesh,Male,1972-04-24,9705515548,ayaan.venkatesh980@rediffmail.com,Consultant,Retail,Delhi,Delhi,India,2020-04-16,Dormant
CUST001389,Sarita Venkatesh,Female,1963-05-19,9771771058,sarita.venkatesh629@rediffmail.com,Sales Executive,Premium,Surat,Gujarat,India,2020-10-15,Active
CUST001390,Reyansh Chavan,Male,1985-07-14,09963297501,reyansh.chavan103@yahoo.com,Government Employee,Retail,Ludhiana,Punjab,India,27/06/2018,Active
CUST001391,Nisha Jadhav,Female,1986-06-21,9242940982,nisha.jadhav202@gmail.com,Student,Retail,Pune,Maharashtra,India,2025-06-28,Active
CUST001392,Swati Kamath,Female,1974-03-12,9779328880,swati.kamath60@outlook.com,Data Analyst,Retail,Ludhiana,Punjab,India,2019-12-25,Active
CUST001393,Vinod Sharma,Male,1966-02-12,9751380659,vinod.sharma402@rediffmail.com,Farmer,Retail,Varanasi,Uttar Pradesh,India,2020-12-15,Inactive
CUST001394,Neha Singh,Female,1963-11-22,09211728141,neha.singh238@rediffmail.com,Retired,Retail,Kolkata,West Bengal,India,2025-11-11,Active
CUST001395,Kavya Singh,Female,1979-08-06,9888936845,kavya.singh978@yahoo.com,Accountant,Premium,Bengaluru,Karnataka,India,2025-08-05,Active
CUST001396,Anjali Chowdhury,Female,1973-10-25,9381301489,anjali.chowdhury319@rediffmail.com,Student,Retail,Bhubaneswar,Odisha,India,2016-04-20,Active
CUST001397,Pradeep Patil,Male,1975-09-20,9480777900,PRADEEP.PATIL35@REDIFFMAIL.COM,Sales Executive,Corporate,Mumbai,Maharashtra,India,2015-06-12,Blocked
CUST001398,Sneha Shetty,Female,1953-10-09,9816728454,sneha.shetty433@rediffmail.com,Accountant,Retail,Kanpur,Uttar Pradesh,India,2022-08-20,Active
CUST001399,Sarita Naidu,Female,2001-05-12,9571593107,sarita.naidu736@yahoo.com,Pharmacist,Retail,Hubballi,Karnataka,India,16/05/2019,Inactive
CUST001400,Payal Sharma,Female,1990-10-30,934 763 2623,payal.sharma684@yahoo.com,Farmer,Corporate, Visakhapatnam ,Andhra Pradesh,India,2017-12-14,Active
CUST001401,Anika Chowdhury ,Female,2003-09-03,9389747411,anika.chowdhury975@yahoo.com,Chartered Accountant,Premium,Delhi,Delhi,India,2021-11-07,Inactive
CUST001402,Kalpana Sharma,Other,1998-03-27,9766062597,kalpana.sharma365@yahoo.com,Architect,Retail,Amritsar,Punjab,India,2021-04-07,Active
CUST001403,Pradeep Subramaniam,Male,1985-06-27,9264937878,pradeep.subramaniam522@rediffmail.com,Civil Engineer,Premium,Varanasi,Uttar Pradesh,India,2025-03-13,Active
CUST001404,Shreya Salunkhe,Female,1966-08-16,95246-13196,,Data Analyst,Retail,Pune,Maharashtra,India,2016-09-06,Active
CUST001405, Rajesh Gowda,Male,1987.08.14,9772707394,rajesh.gowda25@rediffmail.com,Marketing Manager,Premium,Patna,Bihar,India,2022-09-19,Active
CUST001406,Harsh Shah,Other,1982-04-26,9895967673,harsh.shah6@rediffmail.com,Civil Engineer,Retail,Panaji,Goa,India,2014-07-12,Active
CUST001407,Anil Venkatesh,Male,2003-12-19,9843453265,anil.venkatesh795@yahoo.com,Electrician,Retail,Chennai,Tamil Nadu,India,2025-07-23,Active
CUST001408,Aarav Deshmukh,Male,01/23/1962,9423234185,AARAV.DESHMUKH385@REDIFFMAIL.COM,Retired,Retail,Raipur,Chhattisgarh,India,2012-04-19,Active
CUST001409,Diya Kumar,Female,1949-07-21,9278820940,diya.kumar687@outlook.com,Government Employee,Student,Guwahati,Assam,India,2022-08-28,Active
CUST001410,Karan Bhosale,Male,1955-09-21,9637672663,karan.bhosale944@outlook.com,Marketing Manager,Retail,Ranchi,Jharkhand,India,07/31/2012,Inactive
CUST001411,Namrata Pillai,Female,08/12/1958,9466691212,namrata.pillai245@yahoo.com,Business Owner,Senior Citizen,Kolkata,West Bengal,India,2024-09-03,Active
CUST001412,Anil Chatterjee,Male,1988-03-15,9911764342,anil.chatterjee774@gmail.com,Marketing Manager,Retail,Bengaluru,Karnataka,India,2025-11-27,Active
CUST001413,Suman Bose,Female,1956.11.19,9753612138,suman.bose214@gmail.com,Software Engineer,Retail,Vadodara,Gujarat,India,2023-09-16,Active
CUST001414,Pooja Pawar,Female,1956.02.15,9528847730,pooja.pawar740@yahoo.com,Marketing Manager,Retail,Amritsar,Punjab,India,2023-04-02,Active
CUST001415,Reyansh Chavan,Male,1972-01-20,9275675101,REYANSH.CHAVAN160@REDIFFMAIL.COM,Police Officer,Premium,Chandigarh,Chandigarh,India,2018-06-06,Active
CUST001416,Lakshmi Menon,Female,1995-05-17,9173493314,lakshmi.menon304@rediffmail.com,Architect,Retail,Thiruvananthapuram,Kerala,India,2014-10-22,Active
CUST001417,Reyansh Menon,Male,18/09/1973,9577710504,reyansh.menon470@gmail.com,Driver,Retail, Guwahati ,Assam,India,2026-04-25,Active
CUST001418,Usha Dutta,Female,1964-06-18,9202961657,usha.dutta488@outlook.com,Police Officer,Retail,Kolkata,West Bengal,India,2019-03-22,ACTIVE
CUST001419,Shweta Hegde,Female,1965-03-25,9379121512,shweta.hegde31@rediffmail.com,Software Engineer,Premium,Pune,Maharashtra,India,2023-09-08,Active
CUST001420,Rashmi Raghunathan,Female,1997-08-03,9713224026,rashmi.raghunathan843@rediffmail.com,Civil Engineer,Retail,Panaji,Goa,India,2022-02-05,Active
CUST001421,Aditya Das,Male,1974-04-01,+919111453894,aditya.das7@outlook.com,Shop Owner,Retail,Kochi,Kerala,India,2021-11-23,Active
CUST001422,Rohan Bose,Male,1970-04-29,9990461067,rohan.bose879@outlook.com,Architect,Retail,Varanasi,Uttar Pradesh,India,2016-06-23,Active
CUST001423,Sneha Bose,Female,1994-11-10,9493546379,sneha.bose206@yahoo.com,Bank Employee,Retail,Varanasi,Uttar Pradesh,India,2017-08-19,Active
CUST001424,Jyoti Kamath,Female,1970-05-06,9883154010,jyoti.kamath710@rediffmail.com,Student,Retail,Dehradun,Uttarakhand,India,2017-11-01,Active
CUST001425,Vishal Salunkhe,Male,1969-08-12,9255246769,vishal.salunkhe711@gmail.com,Marketing Manager,Retail,Bhubaneswar,Odisha,India,2020-05-12,Active
CUST001426,Gaurav Hegde,Male,1993-06-21,9669094495,GAURAV.HEGDE456@REDIFFMAIL.COM,Sales Executive,Premium, Bhopal ,Madhya Pradesh,India,2022-02-28,Active
CUST001427,Santosh Bose,Male,1967-11-02,9827729890,santosh.bose537@rediffmail.com,Civil Engineer,Student,Guwahati,Assam,India,2014-02-02,Active
CUST001428,Jyoti Ghosh,Female,1978-11-30,9716548718,jyoti.ghosh74@yahoo.com,Sales Executive,Retail,Hyderabad,Telangana,India,2014-07-14,Active
CUST001429,Aryan Pawar,Male,1988-04-07,9427932870,aryan.pawar900@outlook.com,Pharmacist,Retail,Patna,Bihar,India,2011-10-02,Active
CUST001430,Manoj Desai,Male,1960-03-05,9507998827,manoj.desai120@rediffmail.com,Nurse,Student,Shimla,Himachal Pradesh,India,2019-03-07,Active
CUST001431,Manisha Sharma,Female,1955-10-11,9333194341,manisha.sharma657@yahoo.com,Data Analyst,Retail,Coimbatore,Tamil Nadu,India,2021-05-23,Active
CUST001432,Girish Pawar,Male,1999-07-09,+919158058480,girish.pawar1@yahoo.com,Consultant,Retail,Varanasi,Uttar Pradesh,India,2017-07-26,Active
CUST001433,Diya Jadhav,Female,1965-12-29,9391926744,diya.jadhav745@gmail.com,Professor,Premium,Indore,Madhya Pradesh,India,22-01-2022,Active
CUST001434,Vikram Sen,Male,1968-08-09,9753262012,vikram.sen359@yahoo.com,Marketing Manager,Retail,Lucknow,Uttar Pradesh,India,2011-01-18,Active
CUST001435,Suman Rao,Female,1983-09-23,9283927746,suman.rao481@yahoo.com,Bank Employee,Retail,Raipur,Chhattisgarh,India,2024-06-18,Active
CUST001436,Saanvi Shah,Female,1954-03-24,9530669878,saanvi.shah24@rediffmail.com,Sales Executive,Senior Citizen,Surat,Gujarat,India,2021-09-22,Active
CUST001437, Payal Roy,Female,1950-10-05,+919596699793,PAYAL.ROY219@REDIFFMAIL.COM,Homemaker,Retail,Chennai,Tamil Nadu,India,2021-08-13,Active
CUST001438,Varun Shetty,Male,1973-03-15,09247425749,varun.shetty435@yahoo.com,Marketing Manager,Premium,Mysuru,Karnataka,India,2021-12-27,Active
CUST001439,Ritu Verma,Female,2006-08-29,9830148758,RITU.VERMA717@GMAIL.COM,Professor,Retail,Ludhiana,Punjab,India,2024-09-12,Active
CUST001440,Rashmi Iyer,Female,1982-10-09,9794091831,rashmi.iyer597@yahoo.com,Business Owner,Retail,Indore,Madhya Pradesh,India,2026-06-21,Active
CUST001441,Gaurav Agarwal,Male,1983-01-17,9268669788,gaurav.agarwal261@yahoo.com,Lawyer,Senior Citizen,Chandigarh,Chandigarh,India,2022-08-07,Inactive
CUST001442,Shivraj Chavan,Male,1984-12-12,9132565076,shivraj.chavan595@outlook.com,Tailor,Senior Citizen,Vadodara,Gujarat,India,2013.10.24,Dormant
CUST001443,Umesh Menon,Male,2000-02-27,9104092704,umesh.menon223@gmail.com,Chartered Accountant,Corporate,Surat,Gujarat,India,2025-05-01,Active
CUST001444,Manisha Naidu,Female,1998-08-16,9363637300,manisha.naidu555@rediffmail.com,Doctor,Retail,Vijayawada,Andhra Pradesh,India,2022-06-29,Active
CUST001445,Aadhya Prabhu,Female,1949-06-19,9213045864,aadhya.prabhu540@outlook.com,Chef,Corporate,Indore,Madhya Pradesh,India,2015-10-31,Active
CUST001446,Tanvi Ghosh,,1980-10-19,9115688698,TANVI.GHOSH226@GMAIL.COM,Marketing Manager,Retail,Raipur,Chhattisgarh,India,2025-09-23,Active
CUST001447,Sneha Bhat,Female,1981-02-11,9514838933,sneha.bhat200@yahoo.com,Homemaker,Retail,Amritsar,Punjab,India,2014-11-10,Active
CUST001448,Sneha Kumar,Female,1961-07-21,9572500406,sneha.kumar519@outlook.com,Software Engineer,Premium,Bhubaneswar,Odisha,India,05/01/2021,Dormant
CUST001449,Yash Naidu,Male,2007-01-26,9116736428,yash.naidu586@outlook.com,Business Owner,Retail,Varanasi,Uttar Pradesh,India,2025-01-27,Active
CUST001450,Manoj Gupta,Male,1963-11-08,9638788500,manoj.gupta978@outlook.com,Civil Engineer,Retail,Coimbatore,Tamil Nadu,India,2025-12-18,Active
CUST001451,Suman Patil,Female,1998-07-08,9462941089,suman.patil495@gmail.com,Bank Employee,Premium,Bhopal,Madhya Pradesh,India,2019-11-10,Active
CUST001452,Chetan Krishnan,Male,1954-02-09,9280304465,chetan.krishnan444@yahoo.com,Accountant,Senior Citizen,Patna,Bihar,India,2026-06-14,Active
CUST001453,Bhavna Verma,Female,1984-06-16,9200042266,bhavna.verma475@outlook.com,Civil Engineer,Retail,Lucknow,Uttar Pradesh,India,2015-06-02,Active
CUST001454,Anita Krishnan,Female,1992-08-01,09783241174,anita.krishnan873@outlook.com,Government Employee,Retail,Mumbai,Maharashtra,India,2023-06-16,Active
CUST001455,Gaurav Menon,Male,1978-07-17,919 698 9776,GAURAV.MENON307@YAHOO.COM,Police Officer,Premium,Raipur,Chhattisgarh,India,2014-10-24,Active
CUST001456, Sarita Bhosale,Female,1954-06-02,9280443644,sarita.bhosale381@outlook.com,Farmer,Retail,Ludhiana,Punjab,India,2026-07-11,Active
CUST001457,Sanjay Dutta,Male,1955-07-05,9741349914,SANJAY.DUTTA369@GMAIL.COM,Software Engineer,Retail,Howrah,West Bengal,India,2022-11-13,Active
CUST001458,Nisha Kotian,Female,1984-09-13,9666685557,nisha.kotian622@rediffmail.com,Sales Executive,Retail,Udaipur,Rajasthan,India,2020-09-21,Active
CUST001459,Divya Prabhu,Female,2000-04-05,9999547487,DIVYA.PRABHU698@OUTLOOK.COM,Lawyer,Retail,Bengaluru,Karnataka,India,2018-04-09,Active
CUST001460,Deepika Chatterjee,Female,1984-03-01,9136389085,deepika.chatterjee481@outlook.com,Homemaker,Retail,Vijayawada,Andhra Pradesh,India,2018-09-21,Active
CUST001461,Siddharth Deshmukh,Male,1954-02-09,9275033456,SIDDHARTH.DESHMUKH264@OUTLOOK.COM,Bank Employee,Student,Coimbatore,Tamil Nadu,India,2013-03-28,Inactive
CUST001462,Sunil Kale,Male,1995-08-03,,sunil.kale688@rediffmail.com,Tailor,Corporate,Ahmedabad,Gujarat,India,2025-04-04,Inactive
CUST001463,Kabir Yadav ,Male,1975-10-26,9442864915,kabir.yadav275@rediffmail.com,Marketing Manager,Retail,Vadodara,Gujarat,India,2016-11-21,Active
CUST001464,Prakash Verma,Male,1952-07-09,9827528019,prakash.verma896@rediffmail.com,Data Analyst,Retail,Madurai,Tamil Nadu,India,2023-11-29,Active
CUST001465,Siddharth Chowdhury,Male,1970-04-15,9806598406,SIDDHARTH.CHOWDHURY623@YAHOO.COM,Chartered Accountant,Premium,Thiruvananthapuram,Kerala,India,01/29/2025,Active
CUST001466,Prasad Joshi,Male,1960-04-17,9825218545,prasad.joshi441@gmail.com,Professor,Retail,Shimla,Himachal Pradesh,India,2012-09-16,Active
CUST001467,Rekha Ghosh,Other,2007-10-05,955 530 4387,REKHA.GHOSH233@GMAIL.COM,Shop Owner,Premium,Dehradun,Uttarakhand,India,2025-10-16,Active
CUST001468,Manoj Sen,Male,2003-02-07,9538964975,manoj.sen756@rediffmail.com,Government Employee,Retail,Kanpur,Uttar Pradesh,India,2021-02-28,Dormant
CUST001469,Krishna Sharma,Male,1954-06-05,9613609310,KRISHNA.SHARMA609@REDIFFMAIL.COM,Shop Owner,Premium,Mysuru,Karnataka,India,2012-09-09,Active
CUST001470,Namrata Prabhu,Female,1982-09-01,9160581660,namrata.prabhu881@outlook.com,Marketing Manager,Retail,Dehradun,Uttarakhand,India,2015.01.19,Active
CUST001471,Meera Jadhav,Female,1948-06-05,9591856434,meera.jadhav706@outlook.com,Retired,Corporate,Madurai,Tamil Nadu,India,2019-07-18,Active
CUST001472,Sushma Rao,Female,1975-09-23,9348938088,sushma.rao788@gmail.com,Bank Employee,Premium,Visakhapatnam,Andhra Pradesh,India,15-04-2024,Active
CUST001473,Sushma Reddy,Female,1957-06-12,9943634216,SUSHMA.REDDY92@OUTLOOK.COM,Shop Owner,Retail,Ahmedabad,Gujarat,India,2021-09-30,Active
CUST001474,Komal Iyer,Female,1993-04-18,9265768533,komal.iyer25@outlook.com,Chef,Student,Lucknow,Uttar Pradesh,India,2014.08.16,Active
CUST001475,Usha Menon,Female,1952-05-13,9131367672,usha.menon658@gmail.com,Civil Engineer,Retail,Vadodara,Gujarat,India,2015-08-07,Active
CUST001476,Bhavna Dutta,Female,2002-09-05,9967079125,bhavna.dutta1@rediffmail.com,Chef,Retail,Jaipur,Rajasthan,India,2020-09-24,Active
CUST001477,Suman Kotian,Female,1962-01-01,9242124044,suman.kotian890@yahoo.com,Accountant,Premium,Hubballi,Karnataka,India,2022-06-09,Active
CUST001478,Vishal Iyer,Male,1963.12.07,9565746090,VISHAL.IYER882@GMAIL.COM,Homemaker,Retail,Varanasi,Uttar Pradesh,India,2019-01-23,Active
CUST001479,Deepak Singh,Male,2001-08-29,9443901683,deepak.singh584@outlook.com,Software Engineer,Retail,Surat,Gujarat,India,2019-08-25,Active
CUST001480,Karan Menon,Male,2002-08-12,9342376824,KARAN.MENON728@YAHOO.COM,Government Employee,Retail,Ludhiana,Punjab,India,14/08/2020,Active
CUST001481,Pradeep Reddy,Male,1953-10-25,9539227871,pradeep.reddy422@outlook.com,Pharmacist,Retail,Udaipur,Rajasthan,India,2012-03-05,Active
CUST001482,Namrata Joshi,Female,1954-08-02,9202543218,NAMRATA.JOSHI957@OUTLOOK.COM,Accountant,Retail,Raipur,Chhattisgarh,India,2025-12-07,Active
CUST001483,Nikhil Pawar,Male,1999-09-14,09695392361,nikhil.pawar36@outlook.com,Driver,Retail,Hyderabad,Telangana,India,2018-11-04,Active
CUST001484,Sanjay Sharma,Male,2007-03-26,9903852692,sanjay.sharma292@yahoo.com,Doctor,Retail,Kolkata,West Bengal,India,2025-04-11,Active
CUST001485,Shivraj Bose,,08/10/1977,9710073019,shivraj.bose697@rediffmail.com,Nurse,Retail,Pune,Maharashtra,India,2022-10-29,Dormant
CUST001486,Suman Mukherjee,Female,1957-12-26,9939019020,suman.mukherjee787@rediffmail.com,Accountant,Retail,Ranchi,Jharkhand,India,2013-12-16,Active
CUST001487,Chetan Ghosh,Male,1957-03-31,09946721114,chetan.ghosh242@yahoo.com,Electrician,Premium,Nagpur,Maharashtra,India,2011-06-29,Active
CUST001488,Preeti Ghosh,Female,1964-02-17,9799533515,preeti.ghosh800@gmail.com,Homemaker,Senior Citizen,Hyderabad,Telangana,India,2015-03-17,Active
CUST001489,Ritu Subramaniam,Female,1989-07-10,9561279748,ritu.subramaniam460@yahoo.com,Homemaker,Retail,Visakhapatnam,Andhra Pradesh,India,2014-03-29,Active
CUST001490,Anil Pillai,Male,1953-11-07,9213239902,anil.pillai856@rediffmail.com,Journalist,Retail,Kochi,Kerala,India,2023-05-27,Active
CUST001491,Sangeeta Kamath,Female,1986-11-11,9867707413,sangeeta.kamath267@yahoo.com,Accountant,Retail, Varanasi ,Uttar Pradesh,India,2023-09-19,active
CUST001492,Sanjay Hegde,Male,1996-09-08,9763079131,sanjay.hegde691@rediffmail.com,Marketing Manager,Retail,Amritsar,Punjab,India,2020-11-06,Active
CUST001493,Chetan Raghunathan,Male,1956-09-13,9680387435,chetan.raghunathan208@outlook.com,Shop Owner,Retail,Bhubaneswar,Odisha,India,2025-02-20,Active
CUST001494,Deepika Kotian,Female,2007-08-18,+919797211945,deepika.kotian139@yahoo.com,Doctor,Retail,Panaji,Goa,India,2025-08-16,Active
CUST001495,Suman Chowdhury,Female,2007-10-27,9691614350,suman.chowdhury704@gmail.com,Accountant,Premium,Bhopal,Madhya Pradesh,India,2025-11-14,Active
CUST001496,Krishna Shetty,Male,1965-12-28,9957472675,krishna.shetty680@outlook.com,Lawyer,Senior Citizen,Vadodara,Gujarat,India,2016-02-25,Active
CUST001497,Namrata Chowdhury,Female,1954-10-17,9347348042,namrata.chowdhury293@outlook.com,Police Officer,Retail,Mysuru,Karnataka,India,2013-03-14,Active
CUST001498,Pradeep Kotian,Male,1967-09-23,913 574 3246,pradeep.kotian604@gmail.com,Student,Retail,Howrah,West Bengal,India,2024-12-29,Active
CUST001499,Meera Prabhu,Female,1963-08-26,9299684343,meera.prabhu940@rediffmail.com,Consultant,Premium,Patna,Bihar,India,2020-05-21,Active
CUST001500,Anika More,Female,1964-11-25,9276035833,anika.more334@gmail.com,Consultant,Premium,Madurai,Tamil Nadu,India,2023-01-02,Active
CUST001501,Ritu Das,Female,2004-01-13,984 801 5640,ritu.das501@yahoo.com,Pharmacist,Retail,Bhopal,Madhya Pradesh,India,2022-01-12,Active
CUST001502,Snehal Chavan,Female,1957-05-19,,snehal.chavan209@outlook.com,Consultant,Retail,Mysuru,Karnataka,India,2022-02-27,Active
CUST001503,Manoj Pillai,Male,1967-03-17,9450698277,manoj.pillai518@outlook.com,,Retail,Nagpur,Maharashtra,India,2016-02-19,Active
CUST001504,Sunita Kale,Female,1995-09-15,9425228932,sunita.kale884@gmail.com,Lawyer,Premium,Howrah,West Bengal,India,2017-12-06,Active
CUST001505,Suman Menon,Female,1951-06-27,9661670125,suman.menon635@yahoo.com,Pharmacist,Premium,Coimbatore,Tamil Nadu,India,2021-02-16,Active
CUST001506,Ananya Gowda,Female,1951-09-05,9924389597,ananya.gowda142@rediffmail.com,Software Engineer,Retail,Dehradun,Uttarakhand,India,2026-03-31,Active
CUST001507,Mallikarjun Pawar,Male,1966-04-16,9709954391,mallikarjun.pawar740@yahoo.com,Architect,Retail,Ahmedabad,Gujarat,India,2019-09-03,Active
CUST001508,Suresh Naik,Male,2006-08-18,9191112235,suresh.naik422@outlook.com,Bank Employee,Retail,Surat,Gujarat,India,2024-09-02,Active
CUST001509,Shivraj Rao,Male,1998-11-09,9563717283,shivraj.rao19@yahoo.com,Business Owner,Retail,Surat,Gujarat,India,2020-03-28,Active
CUST001510, Aarav Gowda,Male,2004-03-06,9196814302,aarav.gowda622@gmail.com,Consultant,Senior Citizen,Warangal,Telangana,India,2022-03-27,Active
CUST001511,Pradeep Reddy,Male,2000-05-05,9249026724,pradeep.reddy299@outlook.com,Professor,Retail,Visakhapatnam,Andhra Pradesh,India,2025-06-28,Active
CUST001512,Vihaan Singh,Male,1955-03-05,9277013813,vihaan.singh970@yahoo.com,,Premium,Ranchi,Jharkhand,India,2025-12-04,Active
CUST001513,Rekha Pillai,Female,1972-04-17,9727710626,rekha.pillai994@yahoo.com,Professor,Premium,Hubballi,Karnataka,India,2015-10-28,Active
CUST001514,Varun More,Male,1980-01-30,9887951592,varun.more670@rediffmail.com,Police Officer,Premium,Chennai,Tamil Nadu,India,2024-12-01,Active
CUST001515,Sneha Raghunathan,Female,1958-02-03,93225-18091,sneha.raghunathan631@rediffmail.com,Professor,Retail,Belagavi,Karnataka,India,2018-01-04,Active
CUST001516,Divya Prabhu,Female,24-02-2008,9947992737,divya.prabhu305@yahoo.com,Software Engineer,Retail, Madurai ,Tamil Nadu,India,2026-02-25,Active
CUST001517,Namrata Agarwal,Female,1984-07-14,9338828107,,Tailor,Retail,Bhopal,Madhya Pradesh,India,2019-01-13,Active
CUST001518,Ishaan Bose,Male,1999-08-27,9376437517,ishaan.bose61@outlook.com,Marketing Manager,Retail,Vijayawada,Andhra Pradesh,India,2022-12-01,Active
CUST001519,Umesh Chowdhury,Male,1963-09-02,9214112345,umesh.chowdhury463@gmail.com,Student,Retail,Udaipur,Rajasthan,India,2024-07-17,Active
CUST001520,Nisha Raghunathan,Female,1991-04-29,9142043177,nisha.raghunathan318@gmail.com,Lawyer,Retail,Belagavi,Karnataka,India,08/01/2017,Active
CUST001521,Riya Venkatesh,Female,1954-06-01,9657948039,riya.venkatesh959@outlook.com,Shop Owner,Senior Citizen,Pune,Maharashtra,India,11/20/2021,Active
CUST001522,Ashok Mukherjee,Male,05/12/1949,9466720654,ashok.mukherjee293@rediffmail.com,Consultant,Premium,Surat,Gujarat,India,2018-11-19,Active
CUST001523,Kiran Yadav,Female,23-10-1986,9608225876,kiran.yadav215@rediffmail.com,Chartered Accountant,Corporate,Madurai,Tamil Nadu,India,2023-06-01,ACTIVE
CUST001524,Pooja Menon,Female,1952-02-22,9410695141,pooja.menon818@yahoo.com,Architect,Student,Chandigarh,Chandigarh,India,2013-12-23,Active
CUST001525,Payal Dutta,Female,1964-09-24,9453555773,payal.dutta835@outlook.com,Accountant,Premium,Bengaluru,Karnataka,India,2022-04-30,Active
CUST001526,Sai Raghunathan ,Male,1996-02-08,9900569977,sai.raghunathan376@yahoo.com,Student,Retail,Coimbatore,Tamil Nadu,India,2020-04-01,Active
CUST001527,Divya Shah,Female,1978-02-25,946 314 2481,divya.shah82@rediffmail.com,Chartered Accountant,Retail,Varanasi,Uttar Pradesh,India,2018-01-05,Active
CUST001528,Girish Menon,Male,1970-10-21,9507759426,girish.menon99@outlook.com,,Premium,Hyderabad,Telangana,India,2016-09-30,Active
CUST001529,Anjali Shetty,Female,1965-08-06,9718558829,ANJALI.SHETTY520@REDIFFMAIL.COM,Pharmacist,Corporate,Howrah,West Bengal,India,2021-11-25,Active
CUST001530,Aryan Kumar,Male,1988-06-30,9905054243,aryan.kumar869@yahoo.com,Pharmacist,Corporate,Chennai,Tamil Nadu,India,2016-05-25,active
CUST001531,Sunil Mehta,Male,2005-10-27,9764379107,sunil.mehta386@rediffmail.com,Student,Retail,Nagpur,Maharashtra,India,2023-11-16,Active
CUST001532,Swati Naidu,Female,1992-10-12,9543445268,swati.naidu19@outlook.com,Chef,Premium,Kolkata,West Bengal,India,2025-09-25,Dormant
CUST001533,Arjun More,Male,1969-09-29,9375075469,arjun.more375@rediffmail.com,Sales Executive,Retail,Kolkata,West Bengal,India,2017-12-16,Active
CUST001534,Sai Venkatesh,Male,07/30/1973,9260950427,SAI.VENKATESH4@GMAIL.COM,Business Owner,Retail,Panaji,Goa,India,2013-07-24,Inactive
CUST001535,Aryan Chowdhury,Male,1954-03-30,9211270526,aryan.chowdhury423@rediffmail.com,Homemaker,Retail,Panaji,Goa,India,2014-07-04,Active
CUST001536,Anil Mehta,Male,1956-09-07,9783024126,,Retired,Retail,Vadodara,Gujarat,India,2023-11-24,Active
CUST001537,Sunil Krishnan,Male,1964-03-31,09763224673,sunil.krishnan730@rediffmail.com,Journalist,Retail,Hyderabad,Telangana,India,2016-02-25,Active
CUST001538,Mallikarjun Bhosale,Male,1971-06-05,9418102694,mallikarjun.bhosale70@gmail.com,Government Employee,Premium,Surat,Gujarat,India,2015-05-17,Inactive
CUST001539,Kavya Joshi,Female,2007-12-27,9944856973,kavya.joshi480@rediffmail.com,Business Owner,Retail,Kochi,Kerala,India,2026-01-10,Active
CUST001540,Vidya Gowda,Female,2000.10.08,9969769543,vidya.gowda177@outlook.com,Civil Engineer,Senior Citizen,Ahmedabad,Gujarat,India,2018-10-18,Active
CUST001541,Krishna Pillai,Male,1954-11-06,9658681043,krishna.pillai466@yahoo.com,Lawyer,Retail,Bhubaneswar,Odisha,India,2019-09-15,Inactive
CUST001542,Rashmi Jadhav,Female,1968-01-22,9335916302,rashmi.jadhav984@rediffmail.com,Farmer,Retail,Raipur,Chhattisgarh,India,2011-08-18,Active
CUST001543,Pradeep Prabhu,Male,1951-05-31,9555900788,pradeep.prabhu740@yahoo.com,Civil Engineer,Retail,Surat,Gujarat,India,2023-12-26,Active
CUST001544,Sunita Dutta,Female,1951-10-18,9839932679,sunita.dutta843@gmail.com,Farmer,Retail,Bengaluru,Karnataka,India,2017-09-01,active
CUST001545,Aarav Dutta,Male,1970-09-14,9544474314,aarav.dutta39@gmail.com,Pharmacist,Retail,Bengaluru,Karnataka,India,2014-05-23,Active
CUST001546,Meera Reddy,Female,2006-02-08,+919579387310,meera.reddy763@rediffmail.com,Lawyer,Retail,Dehradun,Uttarakhand,India,2024-02-16,Active
CUST001547,Karan Hegde,Male,1959-03-20,9857919038,karan.hegde865@yahoo.com,Homemaker,Retail,Surat,Gujarat,India,09/23/2013,Active
CUST001548,Kalpana Kumar,Female,1989-03-28,9264732607,kalpana.kumar670@rediffmail.com,Student,Retail,Kolkata,West Bengal,India,12/23/2015,Active
CUST001549,Krishna Mehta,Male,1971-10-15,9670301633,krishna.mehta781@gmail.com,Student,Retail,Kochi,Kerala,India,2013-01-11,Active
CUST001550,Myra Dutta,Female,1980-10-07,9941236367,myra.dutta48@gmail.com,Lawyer,Retail,Raipur,Chhattisgarh,India,2021-05-23,Active
CUST001551,Reyansh Kulkarni,Male,2000-08-29,9201867092,reyansh.kulkarni738@rediffmail.com,Doctor,Retail,Surat,Gujarat,India,2026-03-02,Active
CUST001552,Bhavna Kamath,Female,1998-03-25,9948395280,bhavna.kamath835@gmail.com,Homemaker,Retail,Warangal,Telangana,India,2018-07-17,Active
CUST001553,Manoj More,Male,1998-03-05,9824964260,manoj.more231@outlook.com,,Retail,Dehradun,Uttarakhand,India,2016-03-08,Active
CUST001554,Rashmi Verma,Female,1972-11-28,9739421027,rashmi.verma471@yahoo.com,Tailor,Premium,Belagavi,Karnataka,India,2012-02-25,Active
CUST001555,Neha Jadhav,Female,1950-12-10,+919312088262,neha.jadhav422@outlook.com,Professor,Retail,Ludhiana,Punjab,India,2023-12-06,Active
CUST001556,Ritu Chatterjee,Other,06-09-2007,9484817929,ritu.chatterjee99@gmail.com,Doctor,Premium,Lucknow,Uttar Pradesh,India,03-09-2025,Active
CUST001557,Prasad Bose,Male,2008-03-21,9264299015,prasad.bose129@yahoo.com,Architect,Corporate,Mumbai,Maharashtra,India,2026-04-04,Active
CUST001558,Abhishek Jadhav,Male,1999-12-15,9777062299,abhishek.jadhav301@rediffmail.com,Marketing Manager,Retail,Coimbatore,Tamil Nadu,India,2018-01-06,Active
CUST001559,Mallikarjun Sharma,Male,1976-11-29,953 039 3165,mallikarjun.sharma110@outlook.com,Sales Executive,Corporate,Indore,Madhya Pradesh,India,2021-04-24,Active
CUST001560,Manoj Singh,Male,1964-12-29,9722568985,manoj.singh501@outlook.com,Data Analyst,Premium,Bhubaneswar,Odisha,India,2011.12.24,Active
CUST001561,Vandana Mehta,Female,1958-07-30,9801007237,vandana.mehta56@rediffmail.com,Architect,Premium,Delhi,Delhi,India,2025-01-18,Active
CUST001562,Anita Deshmukh,Other,1970-06-24,9921576906,anita.deshmukh14@yahoo.com,Business Owner,Corporate,Bhopal,Madhya Pradesh,India,2014.03.28,Active
CUST001563,Prakash Iyer,Other,1968-04-05,97193-53457,prakash.iyer628@rediffmail.com,Architect,Retail,Shimla,Himachal Pradesh,India,2012-01-27,Active
CUST001564,Komal Naidu,Female,1964-09-14,9310350287,komal.naidu252@outlook.com,Chartered Accountant,Retail,Indore,Madhya Pradesh,India,2021-11-19,Active
CUST001565,Kavya Mukherjee,Female,2005-07-27,9217365177,kavya.mukherjee378@yahoo.com,Marketing Manager,Retail,Patna,Bihar,India,2023-07-28,Active
CUST001566,Vandana Kamath,Female,1987-12-11,9946328023,vandana.kamath336@yahoo.com,Nurse,Premium,Delhi,Delhi,India,2021-10-24,Active
CUST001567,Deepika Mukherjee,Female,1961-07-06,9796116528,deepika.mukherjee469@yahoo.com,Chartered Accountant,Retail,Thiruvananthapuram,Kerala,India,2011-08-14,Active
CUST001568,Aditya Sharma,Male,1986-09-25,+919864436226,aditya.sharma463@rediffmail.com,Teacher,Retail,Patna,Bihar,India,2024-05-20,Active
CUST001569,Shalini Kamath,Female,1990-09-17,9481134082,shalini.kamath133@yahoo.com,Electrician,Student,Bengaluru,Karnataka,India,2015-10-24,Active
CUST001570,Rashmi Subramaniam,Female,1979-08-28,96379-81951,rashmi.subramaniam2@outlook.com,Accountant,Retail,Warangal,Telangana,India,2022-10-02,Inactive
CUST001571,Vikram Deshmukh,Male,2005-05-09,9675748690,vikram.deshmukh443@gmail.com,Retired,Retail,Panaji,Goa,India,2025-07-15,Active
CUST001572,Shivraj Naidu,Male,2006-07-07,92949-15879,shivraj.naidu565@yahoo.com,Professor,Retail,Shimla,Himachal Pradesh,India,2024-07-10,Active
CUST001573,Anjali Bhat,Other,1974-03-07,9522908223,anjali.bhat767@rediffmail.com,Electrician,Retail,Hubballi,Karnataka,India,2016-03-10,Active
CUST001574,Deepak Singh,Other,1976-08-11,09480782432,deepak.singh198@outlook.com,Tailor,Retail,Ranchi,Jharkhand,India,2015-11-10,Active
CUST001575, Usha Rao,,1961-02-24,9333655207,usha.rao84@rediffmail.com,Professor,Retail,Lucknow,Uttar Pradesh,India,2021-08-31,Active
CUST001576,Sushma Yadav,Female,1995-06-25,9933635232,sushma.yadav597@yahoo.com,Data Analyst,Senior Citizen,Chandigarh,Chandigarh,India,21-06-2013,Active
CUST001577,Aditya Deshmukh,Male,2004-05-29,9101228738,aditya.deshmukh901@rediffmail.com,Farmer,Retail,Lucknow,Uttar Pradesh,India,2022-06-12,Active
CUST001578,Arjun Bhat,Male,1987-11-14,9944826257,arjun.bhat239@rediffmail.com,Software Engineer,Retail,Dehradun,Uttarakhand,India,2021-01-20,Active
CUST001579,Ritu Ghosh,Female,1960-03-07,9730079954,ritu.ghosh86@rediffmail.com,Accountant,Premium,Vadodara,Gujarat,India,2011-05-26,Active
CUST001580,Kiran Jadhav,Female,1979-05-24,9359020454,kiran.jadhav402@yahoo.com,Architect,Retail,Chandigarh,Chandigarh,India,2015-07-03,Active
CUST001581,Shivraj Verma,Male,1996-02-20,9171019346,shivraj.verma560@outlook.com,Marketing Manager,Retail,Bhopal,Madhya Pradesh,India,2021-01-23,Inactive
CUST001582,Suman Kamath,Female,1950-07-20,9308286863,suman.kamath623@rediffmail.com,Government Employee,Retail,Varanasi,Uttar Pradesh,India,2014-11-20,Active
CUST001583,Vihaan Deshmukh,Male,1983-10-04,9498369975,vihaan.deshmukh113@rediffmail.com,Tailor,Premium,Panaji,Goa,India,2025-06-17,Active
CUST001584,Pooja Patil,Female,1987-11-01,09404151209,pooja.patil656@rediffmail.com,HR Manager,Retail,Coimbatore,Tamil Nadu,India,2026-02-23,Active
CUST001585,Santosh Desai,Male,1980-07-08,+919273764069,santosh.desai343@gmail.com,Civil Engineer,Premium,Vijayawada,Andhra Pradesh,India,2011-07-10,Active
CUST001586,Pradeep Raghunathan,Male,1986-12-06,9111399521,pradeep.raghunathan31@outlook.com,Homemaker,Corporate,Indore,Madhya Pradesh,India,2013-09-15,Active
CUST001587,Abhishek Pillai,Male,2002-04-10,9727853107,abhishek.pillai921@rediffmail.com,Retired,Premium,Raipur,Chhattisgarh,India,2025-02-05,Active
CUST001588,Anil Mehta,Male,1955-07-26,9700247628,anil.mehta535@outlook.com,Professor,Retail,Howrah,West Bengal,India,2011-07-04,Active
CUST001589,Komal Rao,Female,1982-07-29,9245234027,komal.rao305@gmail.com,Sales Executive,Corporate,Udaipur,Rajasthan,India,2018-07-24,Active
CUST001590,Arjun Reddy,Male,1996-03-21,9979818594,arjun.reddy816@outlook.com,Business Owner,Retail,Pune,Maharashtra,India,2025-10-01,Active
CUST001591,Rajesh Mukherjee,Male,1997-10-18,9999838674,rajesh.mukherjee796@gmail.com,Nurse,Retail,Visakhapatnam,Andhra Pradesh,India,2020-02-23,Active
CUST001592,Shweta Salunkhe,Female,1976-04-16,94844-76549,shweta.salunkhe207@gmail.com,Government Employee,Retail,Amritsar,Punjab,India,2015-10-03,Dormant
CUST001593,Divya Roy,Female,2008-06-04,9859192211,divya.roy959@gmail.com,Chef,Retail,Hyderabad,Telangana,India,2026-05-31,Blocked
CUST001594,Basavaraj More,Male,1967-08-21,9971248552,basavaraj.more531@rediffmail.com,Student,Senior Citizen,Nagpur,Maharashtra,India,2017-02-10,Active
CUST001595,Prasad Krishnan,Male,1974-09-12,9282044159,prasad.krishnan262@yahoo.com,Marketing Manager,Retail,Indore,Madhya Pradesh,India,03-06-2019,Active
CUST001596,Ganesh Kale,Male,1997-12-01,9517345287,ganesh.kale447@yahoo.com,Software Engineer,Retail, Bhopal ,Madhya Pradesh,India,2015-12-06,Active
CUST001597,Rashmi Kale,Female,1974-08-12,9121611473,rashmi.kale188@yahoo.com,Data Analyst,Retail,Kanpur,Uttar Pradesh,India,2019-03-17,Active
CUST001598,Shivraj Yadav,Male,1968-10-20,09593269783,shivraj.yadav849@rediffmail.com,Homemaker,Retail,Hubballi,Karnataka,India,2017-04-12,Active
CUST001599,Ashok Reddy,Male,1981-09-01,9362927328,ashok.reddy269@rediffmail.com,Pharmacist,Corporate,Visakhapatnam,Andhra Pradesh,India,2016-01-24,Active
CUST001600,Aditya Kumar,Male,1985-09-03,9972310393,aditya.kumar438@outlook.com,Accountant,Retail,Vadodara,Gujarat,India,2026-02-08,Active
CUST001601,Preeti Raghunathan,Female,2006-10-06,9222405571,preeti.raghunathan69@rediffmail.com,Homemaker,Corporate,Patna,Bihar,India,2024-11-19,Active
CUST001602,Siddharth Kamath,Male,1985-06-08,934 074 7882,siddharth.kamath942@gmail.com,Architect,Retail,Dehradun,Uttarakhand,India,2021-10-13,Active
CUST001603,Ananya Salunkhe,Female,1959-03-24,9772954424,ananya.salunkhe303@rediffmail.com,Government Employee,Senior Citizen,Kanpur,Uttar Pradesh,India,2020-03-07,Active
CUST001604,Yash Patil,Male,1951-03-14,946 785 0681,yash.patil652@yahoo.com,Government Employee,Corporate,Belagavi,Karnataka,India,2018-05-12,Active
CUST001605,Suman Kulkarni,Female,2006-08-09,9730487900,suman.kulkarni353@yahoo.com,Nurse,Retail,Panaji,Goa,India,2024-08-11,Active
CUST001606,Sunil Bose,Male,1973-08-13,9313450214,sunil.bose561@gmail.com,Data Analyst,Senior Citizen,Bhopal,Madhya Pradesh,India,2015-10-11,Active
CUST001607,Ashok Pillai,Male,1960-03-17,9602186461,ashok.pillai560@rediffmail.com,Software Engineer,Retail,Panaji,Goa,India,2011.03.01,Active
CUST001608,Girish Roy,Male,1961-06-30,91423-28541,girish.roy292@gmail.com,Chef,Retail,Kochi,Kerala,India,2016-09-08,active
CUST001609,Preeti Agarwal,Female,1954-06-05,9390510253,preeti.agarwal432@rediffmail.com,Tailor,Retail,Visakhapatnam,Andhra Pradesh,India,2018-05-11,Active
CUST001610,Tanvi More,Female,1960-02-03,936 769 8916,tanvi.more596@outlook.com,Tailor,Retail,Dehradun,Uttarakhand,India,2020-06-30,Active
CUST001611,Sunil Kale,Male,1995-04-09,9494464926,sunil.kale217@rediffmail.com,Police Officer,Student,Chennai,Tamil Nadu,India,2016-07-07,Active
CUST001612,Amit Kumar,Male,1987-09-05,9530218839,amit.kumar131@gmail.com,Lawyer,Premium,Hubballi,Karnataka,India,2014-12-15,Inactive
CUST001613,Aditi Ghosh,Female,1984-05-03,9252569820,ADITI.GHOSH178@OUTLOOK.COM,Marketing Manager,Retail,Hubballi,Karnataka,India,2022-01-12,Active
CUST001614,Radha Rao,Female,1948-09-09,9936023743,radha.rao416@rediffmail.com,Accountant,Senior Citizen, Guwahati ,Assam,India,12/05/2013,Active
CUST001615,Vishal Verma,Male,1988-09-24,9703015746,vishal.verma214@yahoo.com,Professor,Retail,Coimbatore,Tamil Nadu,India,2012-12-12,Active
CUST001616,Umesh Kotian,Male,2006-09-16,9348090805,umesh.kotian284@yahoo.com,Chartered Accountant,Retail,Jaipur,Rajasthan,India,2024-10-02,Active
CUST001617,Vidya Kale,Female,2003-12-07,09714334650,vidya.kale685@gmail.com,Business Owner,Corporate,Guwahati,Assam,India,2021-12-05,Active
CUST001618,Saanvi Chatterjee,Female,1971-12-15,9311419641,saanvi.chatterjee669@yahoo.com,Tailor,Retail,Vadodara,Gujarat,India,2024-07-05,Active
CUST001619,Suman Raghunathan,Female,1984.05.13,9537820103,suman.raghunathan942@outlook.com,Teacher,Corporate,Nagpur,Maharashtra,India,2022-06-25,Active
CUST001620,Snehal Shah,Female,1966-02-06,934 142 4135,snehal.shah763@yahoo.com,Chartered Accountant,Retail,Howrah,West Bengal,India,2025-01-03,Active
CUST001621,Gaurav Menon,Male,2001-11-01,9684454165,gaurav.menon424@outlook.com,Business Owner,Retail,Belagavi,Karnataka,India,2021-04-28,Active
CUST001622,Varun Singh,Male,2003-09-26,9757119376,varun.singh927@gmail.com,HR Manager,Retail,Ahmedabad,Gujarat,India,28-01-2024,Active
CUST001623,Sai Joshi,Male,1961-07-09,9982974670,sai.joshi920@outlook.com,Professor,Retail,Ranchi,Jharkhand,India,2013-08-17,Active
CUST001624,Rajesh Prabhu,Male,1977-06-26,9272720060,rajesh.prabhu222@outlook.com,Chef,Retail,Lucknow,Uttar Pradesh,India,2019-03-31,Active
CUST001625,Ishaan Naik,Male,04/24/1962,9219184109,ishaan.naik172@gmail.com,Business Owner,Retail,Bhopal,Madhya Pradesh,India,2025-09-04,Dormant
CUST001626,Prakash Kale,Male,1985-03-20,9594717815,prakash.kale883@yahoo.com,Business Owner,Retail,Bengaluru,Karnataka,India,2023-04-04,Active
CUST001627,Shivraj Raghunathan,Male,1965-09-28,9435128574,shivraj.raghunathan889@gmail.com,Doctor,Premium,Bhubaneswar,Odisha,India,2017-04-06,Active
CUST001628,Namrata Reddy,Female,26/02/1990,9777067419,namrata.reddy845@outlook.com,Pharmacist,Retail,Vadodara,Gujarat,India,2025-05-24,Active
CUST001629,Kabir Jadhav,Male,2007-06-18,9217427913,kabir.jadhav460@outlook.com,Farmer,Retail,Hyderabad,Telangana,India,2025-06-18,Active
CUST001630,Vishal Iyer ,Male,2000-10-16,+919307685425,vishal.iyer861@outlook.com,Sales Executive,Retail,Bhopal,Madhya Pradesh,India,2018-10-28,Active
CUST001631,Diya Dutta,,1959-01-15,9928672428,diya.dutta768@gmail.com,Marketing Manager,Retail,Mysuru,Karnataka,India,2023-05-18,Active
CUST001632,Namrata Jadhav,Female,1955-11-10,95815-21402,NAMRATA.JADHAV739@GMAIL.COM,Architect,Retail,Udaipur,Rajasthan,India,2017-05-27,Active
CUST001633,Rashmi Kotian,Female,10/05/1997,9247803986,rashmi.kotian601@rediffmail.com,Driver,Retail,Surat,Gujarat,India,2015-05-16,Active
CUST001634,Sneha Pawar,Female,1952-12-11,9811085326,sneha.pawar268@yahoo.com,Architect,Retail,Hubballi,Karnataka,India,2014-03-04,Active
CUST001635,Meera Desai,Female,1972-03-30,9357012769,meera.desai746@yahoo.com,Bank Employee,Student,Raipur,Chhattisgarh,India,2012-02-13,Active
CUST001636,Reyansh Bhosale,Male,2008-03-14,9855592207,reyansh.bhosale877@yahoo.com,Sales Executive,Retail,Howrah,West Bengal,India,2026-06-27,Active
CUST001637,Arjun Krishnan,Male,1975-02-24,9113987453,arjun.krishnan883@rediffmail.com,Pharmacist,Retail, Pune ,Maharashtra,India,2024-03-03,Active
CUST001638,Sushma Shah,Female,1948-07-15,9997320457,sushma.shah599@gmail.com,Accountant,Premium,Vadodara,Gujarat,India,2025-06-11,Active
CUST001639,Umesh Raghunathan ,Male,2007-02-01,9388802150,umesh.raghunathan40@rediffmail.com,Chef,Retail,Raipur,Chhattisgarh,India,2025-02-04,Active
CUST001640,Sai Prabhu,Male,1990-11-26,9565245055,sai.prabhu740@rediffmail.com,Marketing Manager,Retail,Bhopal,Madhya Pradesh,India,2023-06-19,Active
CUST001641,Naveen Nair,Male,13/01/1968,09438751358,naveen.nair253@gmail.com,Nurse,Retail,Thiruvananthapuram,Kerala,India,2019-10-05,Active
CUST001642,Ashok Sen,Male,1985-01-07,9528298615,ashok.sen205@gmail.com,Electrician,Retail,Visakhapatnam,Andhra Pradesh,India,2015-08-07,Active
CUST001643,Amit Joshi,Male,1985-02-03,9687097909,amit.joshi79@gmail.com,Journalist,Corporate,Belagavi,Karnataka,India,2021-05-23,Active
CUST001644,Vihaan Chavan,Male,1981-06-22,9685500266,vihaan.chavan158@yahoo.com,Pharmacist,Retail,Varanasi,Uttar Pradesh,India,2025-10-17,ACTIVE
CUST001645,Sangeeta Gupta,Female,2006-03-20,9527218150,sangeeta.gupta490@outlook.com,Pharmacist,Senior Citizen,Warangal,Telangana,India,2024-03-21,ACTIVE
CUST001646,Shreya Joshi,Female,1995-08-10,9527658321,shreya.joshi277@outlook.com,Government Employee,Retail,Indore,Madhya Pradesh,India,2013-08-05,Active
CUST001647,Rahul Kale,Male,1963-09-10,9539714957,rahul.kale382@yahoo.com,Professor,Premium,Dehradun,Uttarakhand,India,2024-02-02,Active
CUST001648,Sangeeta More,Female,2008-02-16,9210885772,sangeeta.more511@yahoo.com,Data Analyst,Retail,Belagavi,Karnataka,India,2026-02-28,Active
CUST001649,Vihaan Bhosale,Male,2006-04-24,9433884962,vihaan.bhosale527@rediffmail.com,Teacher,Senior Citizen,Hubballi,Karnataka,India,2024-05-09,Active
CUST001650,Snehal Pillai,Female,1950-11-03,09980049708,snehal.pillai416@rediffmail.com,Marketing Manager,Retail,Raipur,Chhattisgarh,India,2020-08-01,Active
CUST001651,Aditi Krishnan,Female,1966-01-03,9831416016,aditi.krishnan453@gmail.com,Police Officer,Retail,Udaipur,Rajasthan,India,2023-05-31,Active
CUST001652,Abhishek Patil,Male,1985-03-25,9875347045,abhishek.patil886@rediffmail.com,Shop Owner,Retail,Warangal,Telangana,India,2023-04-28,Active
CUST001653,Deepika Subramaniam,Female,2001-03-19,95521-69523,deepika.subramaniam283@yahoo.com,Student,Senior Citizen,Hubballi,Karnataka,India,2024-06-26,Active
CUST001654,Shalini Mukherjee,Female,1991-06-04,9713813288,shalini.mukherjee13@rediffmail.com,Sales Executive,Retail,Howrah,West Bengal,India,2024-09-23,Active
CUST001655,Diya Jadhav,Female,1982-10-11,9852807357,diya.jadhav799@rediffmail.com,Teacher,Retail,Mumbai,Maharashtra,India,2012-12-29,Active
CUST001656,Aadhya Chowdhury,Female,1966-07-14,+919300613189,aadhya.chowdhury80@outlook.com,Professor,Student,Chennai,Tamil Nadu,India,2015-09-02,Active
CUST001657,Saanvi Menon,Female,2027-01-15,9234180441,saanvi.menon773@outlook.com,HR Manager,Corporate,Delhi,Delhi,India,2022-03-10,Active
CUST001658,Girish Kumar,Male,2002-02-03,9339725928,girish.kumar325@yahoo.com,Nurse,Premium,Belagavi,Karnataka,India,2020-02-04,Active
CUST001659,Rashmi Krishnan,Female,1980-04-07,9505154107,rashmi.krishnan840@gmail.com,Bank Employee,Retail,Raipur,Chhattisgarh,India,2022-02-15,Active
CUST001660,Diya Raghunathan,Female,1975-09-08,9392393916,diya.raghunathan168@gmail.com,Shop Owner,Retail,Guwahati,Assam,India,2018-01-25,Active
CUST001661,Bhavna Rao,Female,2007-05-16,09515765950,bhavna.rao165@yahoo.com,Chartered Accountant,Senior Citizen,Vijayawada,Andhra Pradesh,India,2025-06-06,Active
CUST001662,Vishal Hegde,Male,1957.12.18,9253642823,vishal.hegde406@rediffmail.com,Doctor,Retail,Coimbatore,Tamil Nadu,India,2011-06-03,Active
CUST001663,Ira Das,Female,1963-05-21,9235909125,ira.das419@yahoo.com,Retired,Premium,Hyderabad,Telangana,India,2020-06-14,Active
CUST001664,Basavaraj Hegde,Male,1999-10-06,9916377355,basavaraj.hegde717@yahoo.com,Police Officer,Retail,Hyderabad,Telangana,India,2024-06-04,Active
CUST001665,Aadhya Naidu,Female,1965-03-24,9390898008,aadhya.naidu647@outlook.com,Driver,Student,Varanasi,Uttar Pradesh,India,20/09/2023,Dormant
CUST001666, Ashok Sharma,,2005-02-15,9740532771,ashok.sharma992@yahoo.com,Teacher,Retail,Delhi,Delhi,India,2023-03-04,Active
CUST001667,Pooja Sen,Female,1999-12-21,9438599082,POOJA.SEN676@YAHOO.COM,Software Engineer,Retail,Coimbatore,Tamil Nadu,India,2021-07-07,Active
CUST001668,Sushma Jadhav,Female,1954-01-11,9595263028,sushma.jadhav202@outlook.com,Business Owner,Premium,Raipur,Chhattisgarh,India,2014-02-04,Active
CUST001669,Girish Agarwal,Male,1975-09-24,9781131311,girish.agarwal89@rediffmail.com,Professor,Student,Howrah,West Bengal,India,2020-11-04,Active
CUST001670,Ashok Iyer,Male,1993-07-16,9888284519,ashok.iyer266@rediffmail.com,Electrician,Senior Citizen,Guwahati,Assam,India,2017-05-11,Active
CUST001671,Varun Reddy,Male,1977-08-29,9197710277,varun.reddy982@rediffmail.com,Business Owner,Retail,Coimbatore,Tamil Nadu,India,26-05-2025,Active
CUST001672,Payal Agarwal,Female,1961-01-09,9545908102,payal.agarwal768@outlook.com,Journalist,Retail,Vijayawada,Andhra Pradesh,India,2022-01-15,Active
CUST001673,Pooja Kale,Female,1950-09-23,9867771620,pooja.kale740@outlook.com,Pharmacist,Premium,Indore,Madhya Pradesh,India,2012-02-21,Active
CUST001674,Vishal Chatterjee,Male,1948-05-28,+919600301668,vishal.chatterjee272@gmail.com,Business Owner,Retail,Dehradun,Uttarakhand,India,2024-07-13,Dormant
CUST001675,Amit Kotian,Male,1958-10-19,9212954019,amit.kotian468@gmail.com,Civil Engineer,Retail,Lucknow,Uttar Pradesh,India,2022-04-02,Active
CUST001676,Rajesh Desai,Male,1963-10-15,9903362213,rajesh.desai703@rediffmail.com,Lawyer,Retail,Visakhapatnam,Andhra Pradesh,India,2014-05-07,Active
CUST001677,Prasad Sharma,Male,1966-04-15,9179614381,prasad.sharma946@outlook.com,Doctor,Retail,Howrah,West Bengal,India,2015-05-23,Active
CUST001678,Sarita Kamath,Female,17/10/1999,9509600552,SARITA.KAMATH583@GMAIL.COM,Teacher,Retail,Udaipur,Rajasthan,India,2017-10-29,Inactive
CUST001679,Sushma Joshi,Female,1978-10-24,9232298062,sushma.joshi22@yahoo.com,Consultant,Retail,Nagpur,Maharashtra,India,2015-10-27,Active
CUST001680,Rahul Sharma,Male,1956-07-21,09857984680,rahul.sharma854@rediffmail.com,Police Officer,Student,Hubballi,Karnataka,India,2025-08-30,Active
CUST001681,Vidya Gupta,Female,01/15/1953,9507152307,vidya.gupta932@gmail.com,Chef,Premium,Bhubaneswar,Odisha,India,2025-01-07,Inactive
CUST001682,Karan Bose,Male,1955-12-01,9369887403,karan.bose34@yahoo.com,Data Analyst,Retail,Kolkata,West Bengal,India,2019-07-24,Active
CUST001683,Riya Hegde,Female,1966-12-28,9230792800,riya.hegde392@rediffmail.com,Journalist,Retail,Bengaluru,Karnataka,India,2016-08-17,Active
CUST001684,Ayaan Roy,Male,1992-10-09,9880563390,ayaan.roy978@rediffmail.com,Bank Employee,Retail,Hyderabad,Telangana,India,2016-09-06,Active
CUST001685,Preeti Kulkarni,Female,1950-12-31,9651878235,preeti.kulkarni952@yahoo.com,Business Owner,Premium,Howrah,West Bengal,India,2025-11-13,Active
CUST001686,Tanvi Patil,Female,1972-08-13,9273550239,tanvi.patil963@rediffmail.com,Accountant,Senior Citizen,Patna,Bihar,India,2014.02.05,Active
CUST001687,Dhruv Joshi,Male,1975-02-12,9724850546,dhruv.joshi974@outlook.com,Farmer,Retail,Belagavi,Karnataka,India,2022-10-08,Active
CUST001688,Usha Mukherjee,Female,1956-12-29,9475371964,usha.mukherjee23@yahoo.com,HR Manager,Student,Pune,Maharashtra,India,2026-06-19,Active
CUST001689,Santosh Kulkarni,Other,1951-07-21,9141967826,santosh.kulkarni151@rediffmail.com,Business Owner,Retail,Patna,Bihar,India,2024-04-15,ACTIVE
CUST001690,Manoj Das,Male,1961-12-07,9334423925,manoj.das499@rediffmail.com,Marketing Manager,Premium,Mysuru,Karnataka,India,2022-03-05,Active
CUST001691,Girish Ghosh,Male,1957-03-13,9775078317,girish.ghosh603@yahoo.com,HR Manager,Senior Citizen,Surat,Gujarat,India,2024-12-24,Active
CUST001692,Vandana Naidu,Female,1996-02-20,92144-63946,vandana.naidu401@gmail.com,Journalist,Premium,Indore,Madhya Pradesh,India,2014-05-21,Active
CUST001693,Reyansh Jadhav,Male,2003-07-15,9403886670,reyansh.jadhav268@rediffmail.com,Business Owner,Retail,Lucknow,Uttar Pradesh,India,04/14/2026,Active
CUST001694,Gaurav Bhosale,Male,1985-10-04,9333767275,gaurav.bhosale254@gmail.com,Farmer,Retail,Bengaluru,Karnataka,India,2012-06-01,Active
CUST001695,Ashok Gupta,Male,1993-12-14,97596-44377,ashok.gupta603@rediffmail.com,Teacher,Retail,Patna,Bihar,India,2012-01-03,Active
CUST001696,Meera Menon,Female,1994-02-05,9873988385,meera.menon976@yahoo.com,Accountant,Retail,Pune,Maharashtra,India,2014.02.04,Active
CUST001697,Girish Kumar,Male,2001-03-02,9808823644,girish.kumar825@outlook.com,Sales Executive,Retail,Coimbatore,Tamil Nadu,India,2020-06-17,Active
CUST001698,Pradeep Agarwal,Male,1953-12-03,9743950125,pradeep.agarwal175@outlook.com,Lawyer,Retail,Bengaluru,Karnataka,India,2014-11-06,Active
CUST001699,Ritu Sharma,Female,2008-05-27,9180594316,ritu.sharma148@gmail.com,Tailor,Retail,Lucknow,Uttar Pradesh,India,2026-05-24,Dormant
CUST001700,Tanvi Kale,Female,1975-10-02,9922816008,tanvi.kale264@gmail.com,Electrician,Retail,Indore,Madhya Pradesh,India,2012-09-22,Active
CUST001701,Sarita Mukherjee,Female,1980-11-23,9245642561,,Lawyer,Retail,Thiruvananthapuram,Kerala,India,2021-10-30,active
CUST001702,Ayaan Das,Male,1996-04-16,9464751395,ayaan.das9@outlook.com,Driver,Premium,Mysuru,Karnataka,India,2014-07-27,Active
CUST001703,Radha Chavan,Female,30/11/1977,9845008491,radha.chavan703@gmail.com,Data Analyst,Retail,Kolkata,West Bengal,India,2019-02-18,Active
CUST001704,Meera Dutta,Female,1964-02-07,9316371418,meera.dutta580@rediffmail.com,Architect,Premium,Mysuru,Karnataka,India,2012-10-24,Active
CUST001705,Ramesh Raghunathan,Male,1949-02-24,9295133800,ramesh.raghunathan659@gmail.com,Business Owner,Premium,Kolkata,West Bengal,India,2026-01-28,Active
CUST001706,Radha Ghosh,,1958-04-01,9123685782,radha.ghosh860@rediffmail.com,Marketing Manager,Retail,Coimbatore,Tamil Nadu,India,2016-11-13,Active
CUST001707,Santosh Kumar,Male,1953-02-10,9520656478,santosh.kumar590@gmail.com,Retired,Retail,Ranchi,Jharkhand,India,2020-05-24,Active
CUST001708,Prasad Iyer,Male,1971-02-17,9284470350,prasad.iyer621@gmail.com,Lawyer,Premium,Bhubaneswar,Odisha,India,2018-07-22,Active
CUST001709,Yash Kulkarni,Male,1995-03-10,9103847488,yash.kulkarni480@outlook.com,Student,Retail,Amritsar,Punjab,India,2020-04-01,Active
CUST001710,Myra Pillai,Female,1968-03-13,9644237325,myra.pillai651@outlook.com,Lawyer,Retail,Chennai,Tamil Nadu,India,2018-01-27,Active
CUST001711,Umesh Mukherjee,Male,1984-03-09,9107850908,umesh.mukherjee380@outlook.com,Journalist,Corporate,Mumbai,Maharashtra,India,2012-02-20,Active
CUST001712,Abhishek Kulkarni,Male,1959-03-28,9248343371,abhishek.kulkarni67@gmail.com,Professor,Corporate,Pune,Maharashtra,India,2023-11-19,Active
CUST001713,Vihaan Singh,Male,1983-10-05,96038-00966,VIHAAN.SINGH26@YAHOO.COM,Data Analyst,Retail,Ludhiana,Punjab,India,2020-12-25,Active
CUST001714,Prasad Joshi,Male,2005-10-16,9906602579,prasad.joshi714@yahoo.com,Police Officer,Retail,Visakhapatnam,Andhra Pradesh,India,2023-11-05,Active
CUST001715,Krishna Kale,Male,1967-02-09,9616170431,krishna.kale637@yahoo.com,Accountant,Corporate,Chennai,Tamil Nadu,India,2012-04-21,Active
CUST001716,Payal Bhat,Female,1977-04-08,9933291336,payal.bhat409@rediffmail.com,Homemaker,Retail,Panaji,Goa,India,13-10-2024,active
CUST001717,Nikhil Verma,Male,2006-05-04,9751455243,nikhil.verma745@yahoo.com,Marketing Manager,Premium,Kanpur,Uttar Pradesh,India,2024-05-04,Active
CUST001718,Kabir Pawar,Male,1984-11-02,9595431911,kabir.pawar473@rediffmail.com,Chartered Accountant,Retail, Delhi ,Delhi,India,2025-02-09,Active
CUST001719,Sarita Subramaniam,Female,1972-03-07,9444815786,sarita.subramaniam255@yahoo.com,Software Engineer,Retail,Warangal,Telangana,India,2022-11-25,Active
CUST001720,Harsh Yadav,Male,1955-05-03,9200173051,harsh.yadav584@gmail.com,Farmer,Retail,Madurai,Tamil Nadu,India,2025-11-29,Active
CUST001721,Deepika Mukherjee,Female,2004-10-14,+919734639954,deepika.mukherjee378@gmail.com,Bank Employee,Corporate,Bhubaneswar,Odisha,India,2022-10-14,Active
CUST001722,Vivaan Chatterjee,Male,1984-12-15,9944262775,vivaan.chatterjee974@gmail.com,Consultant,Retail,Delhi,Delhi,India,2013-10-24,Active
CUST001723,Varun Naidu,Male,1951-06-15,+919429368916,varun.naidu720@yahoo.com,Tailor,Student,Delhi,Delhi,India,2011-07-21,Active
CUST001724,Chetan Chatterjee,Male,1981-08-23,9419955262,chetan.chatterjee747@yahoo.com,Professor,Premium,Patna,Bihar,India,2014-10-26,Active
CUST001725,Vinod Sen,Male,2006-09-02,918 800 8387,vinod.sen687@outlook.com,Electrician,Premium,Warangal,Telangana,India,05-09-2024,Active
CUST001726,Rahul Roy,Male,2004-06-16,9378991078,rahul.roy683@yahoo.com,Software Engineer,Corporate,Madurai,Tamil Nadu,India,2022-06-28,Active
CUST001727, Aditi Pillai,Female,1959-11-10,9106810596,aditi.pillai772@outlook.com,Professor,Retail,Amritsar,Punjab,India,2024.12.02,Dormant
CUST001728,Girish Sen,Male,1972-12-23,9402026605,girish.sen432@gmail.com,Student,Retail,Vijayawada,Andhra Pradesh,India,2013-03-10,active
CUST001729,Vandana Subramaniam,Female,2007-10-05,9516215161,vandana.subramaniam821@rediffmail.com,Software Engineer,Retail,Varanasi,Uttar Pradesh,India,2025-10-22,Active
CUST001730, Saanvi Reddy,Female,1995-05-19,9511460668,saanvi.reddy35@gmail.com,Homemaker,Retail,Ludhiana,Punjab,India,2013-05-24,Active
CUST001731,Sanjay Bhat,Male,1981-12-06,9766280049,sanjay.bhat666@gmail.com,Professor,Retail,Ludhiana,Punjab,India,2018-06-25,Active
CUST001732,Ritu Kale,Female,1966-06-05,9806272799,ritu.kale538@yahoo.com,Professor,Premium,Chandigarh,Chandigarh,India,2012-02-23,Active
CUST001733,Gaurav Yadav,Male,1994-03-19,9367313445,gaurav.yadav9@outlook.com,Professor,Corporate,Ludhiana,Punjab,India,2016-10-22,Active
CUST001734,Prakash Mehta,Male,1983-01-27,9308887047,prakash.mehta660@gmail.com,Tailor,Retail,Mumbai,Maharashtra,India,2020-06-01,Active
CUST001735,Vihaan Bhat,Male,1979-09-29,9585601738,VIHAAN.BHAT3@GMAIL.COM,Homemaker,Retail,Pune,Maharashtra,India,2022-06-25,Active
CUST001736,Radha Bhosale,Female,2004-02-28,9195078813,radha.bhosale703@rediffmail.com,Retired,Premium,Panaji,Goa,India,2023-07-03,Active
CUST001737,Geeta Bose,Female,1970-11-10,9788065327,GEETA.BOSE524@REDIFFMAIL.COM,Accountant,Premium,Mysuru,Karnataka,India,24/02/2019,Active
CUST001738,Aarav Deshmukh,Male,1985-11-13,9266887064,aarav.deshmukh607@rediffmail.com,Retired,Student,Ranchi,Jharkhand,India,2015-01-09,Active
CUST001739,Preeti Menon,Female,1950-08-21,9923589362,preeti.menon609@gmail.com,Professor,Retail,Surat,Gujarat,India,2025-03-09,Active
CUST001740,Shalini Venkatesh,Female,1991-01-31,9583745485,shalini.venkatesh300@outlook.com,Pharmacist,Retail,Guwahati,Assam,India,03/07/2025,Active
CUST001741,Ishaan Nair,Male,1981-02-24,9380892482,ishaan.nair622@outlook.com,Professor,Corporate,Bhopal,Madhya Pradesh,India,2026-01-12,Active
CUST001742,Anika Reddy,Female,2001-01-25,9404810108,anika.reddy221@yahoo.com,Farmer,Retail,Nagpur,Maharashtra,India,2023-04-22,Active
CUST001743,Diya Verma,Female,1968-03-02,9531347018,DIYA.VERMA758@GMAIL.COM,Government Employee,Premium,Kolkata,West Bengal,India,2023-02-01,Active
CUST001744,Pooja Pillai,Female,2004-01-24,09168063908,pooja.pillai90@rediffmail.com,Police Officer,Retail,Patna,Bihar,India,2022-02-07,Active
CUST001745,Sneha Chavan,Other,1982-11-16,9277785250,sneha.chavan142@rediffmail.com,Chef,Retail,Visakhapatnam,Andhra Pradesh,India,2019-11-24,Active
CUST001746,Raghavendra Roy,Male,13-08-1960,9147432732,raghavendra.roy702@gmail.com,Shop Owner,Retail,Amritsar,Punjab,India,2017-04-30,Active
CUST001747,Santosh Mehta,Male,1957-09-18,9178658104,santosh.mehta58@outlook.com,Professor,Premium,Panaji,Goa,India,2015-01-09,Active
CUST001748,Saanvi Joshi,Female,1959-11-12,09932985702,saanvi.joshi969@rediffmail.com,Civil Engineer,Retail,Raipur,Chhattisgarh,India,2012-01-21,Active
CUST001749,Rajesh Naidu,Male,1966-04-18,9525647729,rajesh.naidu31@outlook.com,Government Employee,Corporate,Panaji,Goa,India,2014-04-25,Active
CUST001750,Umesh Gupta,Male,1981-05-07,9481056040,umesh.gupta524@gmail.com,Shop Owner,Corporate,Chandigarh,Chandigarh,India,2025-03-21,Active
CUST001751,Manoj Agarwal,Other,2000-08-07,97419-47158,manoj.agarwal983@outlook.com,Sales Executive,Premium,Kolkata,West Bengal,India,2025-02-12,Active
CUST001752,Aditya Prabhu ,Male,2008-04-23,9799482742,aditya.prabhu672@rediffmail.com,Chartered Accountant,Senior Citizen,Lucknow,Uttar Pradesh,India,2026-04-19,Active
CUST001753,Umesh Verma,Male,1989-02-01,9525734100,UMESH.VERMA632@YAHOO.COM,Architect,Corporate,Guwahati,Assam,India,2012-07-30,Active
CUST001754,Rashmi Salunkhe,Female,1977-09-11,9971769482,rashmi.salunkhe692@gmail.com,Farmer,Premium,Vadodara,Gujarat,India,2021-09-01,Active
CUST001755,Kabir Rao,Male,1985-02-26,,kabir.rao705@yahoo.com,Driver,Retail,Ludhiana,Punjab,India,2012.12.20,Active
CUST001756,Vivaan More,Male,1968-01-18,9884497376,VIVAAN.MORE162@REDIFFMAIL.COM,Driver,Corporate,Patna,Bihar,India,2021-08-10,Blocked
CUST001757,Vandana Reddy,Female,1962-11-01,9490645071,vandana.reddy309@outlook.com,Professor,Student,Chennai,Tamil Nadu,India,2011-07-11,Active
CUST001758,Pradeep Salunkhe,Male,1980-07-19,9563326290,pradeep.salunkhe192@gmail.com,Software Engineer,Premium,Visakhapatnam,Andhra Pradesh,India,2015.06.07,Active
CUST001759,Nikhil More,Male,1998-02-18,9788527653,nikhil.more212@outlook.com,Professor,Retail,Ludhiana,Punjab,India,10-03-2016,Active
CUST001760,Karan Bhosale,Male,1951-11-25,9946456936,karan.bhosale208@rediffmail.com,Government Employee,Retail,Chandigarh,Chandigarh,India,2025-07-03,Active
CUST001761,Vandana Joshi,Female,1954-09-19,96950-24103,vandana.joshi637@gmail.com,Farmer,Premium,Delhi,Delhi,India,2019-11-02,Active
CUST001762,Pradeep Gupta,Male,1958-09-26,9431443009,pradeep.gupta931@outlook.com,Marketing Manager,Student,Coimbatore,Tamil Nadu,India,2025-05-03,Active
CUST001763,Amit Desai,Male,09/19/1960,9483160780,amit.desai558@gmail.com,Consultant,Retail,Ludhiana,Punjab,India,2011-04-26,Dormant
CUST001764,Pradeep Chavan,Male,1957-01-08,9794268852,pradeep.chavan16@gmail.com,Journalist,Student,Mumbai,Maharashtra,India,2022-06-28,Active
CUST001765,Ishaan Chavan,Male,1955-11-20,9226024098,ishaan.chavan691@yahoo.com,Consultant,Retail,Udaipur,Rajasthan,India,2018-06-16,Active
CUST001766,Aadhya Salunkhe,Female,1949-09-09,9749965998,aadhya.salunkhe541@rediffmail.com,Business Owner,Retail,Kochi,Kerala,India,2018-04-15,Active
CUST001767,Arjun Mukherjee,Male,1969-02-06,9585200551,arjun.mukherjee776@outlook.com,Electrician,Senior Citizen,Coimbatore,Tamil Nadu,India,2024-07-26,Inactive
CUST001768,Payal Raghunathan,Female,1991-10-03,9568558917,payal.raghunathan377@gmail.com,Journalist,Student,Dehradun,Uttarakhand,India,2011-09-25,Active
CUST001769, Amit Mehta,Male,1957-07-05,9823310685,AMIT.MEHTA428@GMAIL.COM,Data Analyst,Retail,Lucknow,Uttar Pradesh,India,2025-09-02,Active
CUST001770,Yash Menon,Male,1967-09-20,9926716995,yash.menon659@outlook.com,Government Employee,Senior Citizen,Nagpur,Maharashtra,India,2011-06-10,Active
CUST001771,Namrata Prabhu,Female,2006-12-18,91649-12857,namrata.prabhu707@yahoo.com,Homemaker,Corporate,Warangal,Telangana,India,2025-01-02,Active
CUST001772,Kabir Gupta,Male,1958-03-18,9387565917,KABIR.GUPTA221@YAHOO.COM,HR Manager,Corporate,Ahmedabad,Gujarat,India,2013-02-22,Active
CUST001773,Ayaan Kumar,Male,2007-10-24,9889095713,ayaan.kumar586@yahoo.com,Nurse,Corporate,Chennai,Tamil Nadu,India,2025-11-15,Active
CUST001774,Deepika Gowda,Female,1979-01-12,9439132914,deepika.gowda960@rediffmail.com,Shop Owner,Retail,Vijayawada,Andhra Pradesh,India,2020-04-03,Active
CUST001775,Pradeep Salunkhe,Male,1991-11-15,9516833460,pradeep.salunkhe65@outlook.com,Architect,Retail,Howrah,West Bengal,India,2020-12-22,Active
CUST001776,Saanvi Menon,Female,1967-08-06,989 874 7530,saanvi.menon331@rediffmail.com,Farmer,Retail,Lucknow,Uttar Pradesh,India,2023-05-27,Active
CUST001777,Meera Shah,Female,1967-08-31,9602302073,meera.shah533@gmail.com,Professor,Retail,Kanpur,Uttar Pradesh,India,2022-09-01,Active
CUST001778,Ramesh Verma,Male,1971-10-23,9502490517,ramesh.verma925@yahoo.com,Lawyer,Retail,Chennai,Tamil Nadu,India,2025-09-26,Active
CUST001779,Suresh Nair,Male,1955-10-01,9661215882,suresh.nair967@outlook.com,Lawyer,Retail,Varanasi,Uttar Pradesh,India,2017-12-26,Active
CUST001780,Kabir Krishnan,Male,1967.02.12,9271144478,KABIR.KRISHNAN589@REDIFFMAIL.COM,Accountant,Retail,Howrah,West Bengal,India,2013-09-22,Inactive
CUST001781,Aarav Gowda,Male,2002-03-07,9793668693,aarav.gowda546@outlook.com,Electrician,Retail,Mumbai,Maharashtra,India,2020-03-31,Active
CUST001782,Aditya Hegde,Male,1948-03-29,92827-77290,aditya.hegde414@rediffmail.com,Homemaker,Retail,Surat,Gujarat,India,2015-04-13,Active
CUST001783,Suman Pawar,Female,1982-08-29,9121346373,suman.pawar445@rediffmail.com,Tailor,Retail,Chandigarh,Chandigarh,India,2020-05-14,Active
CUST001784,Gaurav Das,Male,1989-09-13,9146148839,gaurav.das733@outlook.com,Chartered Accountant,Retail,Bengaluru,Karnataka,India,2011-11-04,Active
CUST001785,Radha Joshi,Female,1956-07-25,9159519957,radha.joshi544@yahoo.com,Police Officer,Retail,Guwahati,Assam,India,2025-11-01,Active
CUST001786,Arjun Sharma,Male,1954-09-15,9190655645,arjun.sharma552@yahoo.com,Tailor,Premium,Bhopal,Madhya Pradesh,India,2026-05-14,Inactive
CUST001787,Aryan More,Male,1981-06-21,9145609137,aryan.more843@outlook.com,Civil Engineer,Senior Citizen,Warangal,Telangana,India,2013-07-24,Active
CUST001788,Prasad Verma,Male,1961-04-11,9371097614,prasad.verma139@yahoo.com,Police Officer,Premium,Chandigarh,Chandigarh,India,2023-02-18,Active
CUST001789,Pooja Iyer,Female,2007-04-03,9964713519,pooja.iyer956@gmail.com,Lawyer,Premium,Warangal,Telangana,India,2025-04-13,Active
CUST001790,Vikram Gowda,Male,1959-07-13,9192306631,vikram.gowda704@gmail.com,Data Analyst,Student,Thiruvananthapuram,Kerala,India,2018-06-21,Active
CUST001791,Pradeep Deshmukh,Male,1955-12-06,9708491807,pradeep.deshmukh586@rediffmail.com,Retired,Premium,Hubballi,Karnataka,India,2022.05.31,Active
CUST001792,Preeti Bhat,Female,1968-01-28,9883982284,preeti.bhat579@yahoo.com,Electrician,Retail,Kochi,Kerala,India,2019-12-11,Inactive
CUST001793,Namrata Kulkarni,Female,1968-02-10,9828299763,NAMRATA.KULKARNI576@REDIFFMAIL.COM,Homemaker,Retail,Nagpur,Maharashtra,India,2016-01-11,Active
CUST001794,Vikram Singh,Male,14-09-1957,94258-16689,vikram.singh565@gmail.com,Data Analyst,Premium,Mumbai,Maharashtra,India,2019-09-26,Active
CUST001795,Sarita Agarwal,Female,1988-04-14,9147479794,sarita.agarwal350@rediffmail.com,Marketing Manager,Premium,Madurai,Tamil Nadu,India,2013-02-09,Active
CUST001796,Raghavendra Pillai,Male,1969-01-07,9641417123,raghavendra.pillai737@rediffmail.com,Police Officer,Corporate,Hubballi,Karnataka,India,2014-12-14,Active
CUST001797,Shivraj Kamath,Male,1979-12-06,9227625439,shivraj.kamath253@yahoo.com,Teacher,Retail,Udaipur,Rajasthan,India,2026-02-12,Active
CUST001798,Mahesh Shah,Male,1962-09-26,9371203862,mahesh.shah653@outlook.com,Lawyer,Student,Hubballi,Karnataka,India,2013-11-18,Active
CUST001799,Gaurav Rao,Male,1953-11-04,9641339979,,Architect,Retail,Coimbatore,Tamil Nadu,India,2020-04-17,Active
CUST001800,Rajesh Iyer,Male,1951-09-16,9379827826,rajesh.iyer366@outlook.com,Pharmacist,Senior Citizen,Belagavi,Karnataka,India,2015-08-13,Active
CUST001801,Meera Yadav,Female,1951-03-14,9821625385,meera.yadav803@rediffmail.com,Shop Owner,Retail,Panaji,Goa,India,2018.03.22,Active
CUST001802,Santosh Chatterjee,Male,2000-09-27,9582470457,santosh.chatterjee318@gmail.com,Journalist,Retail,Ranchi,Jharkhand,India,09-10-2018,Active
CUST001803,Vandana Rao,,1964-01-08,09530030741,vandana.rao659@gmail.com,Chef,Retail,Chennai,Tamil Nadu,India,2019-11-02,Active
CUST001804,Ananya Shetty,Female,1966-07-06,9701933806,ananya.shetty251@gmail.com,Electrician,Retail,Bengaluru,Karnataka,India,2019-08-30,Dormant
CUST001805,Vandana Bhat,Female,1983-02-03,9390006057,vandana.bhat201@yahoo.com,Data Analyst,Retail,Dehradun,Uttarakhand,India,2020-08-06,Active
CUST001806,Ananya Kulkarni,Female,1953.10.09,9396623389,,Bank Employee,Senior Citizen,Bhopal,Madhya Pradesh,India,2015-10-16,Active
CUST001807,Ananya Bhosale,Female,1984-05-22,9480847789,ANANYA.BHOSALE974@REDIFFMAIL.COM,Accountant,Retail, Panaji ,Goa,India,2019-12-30,Active
CUST001808,Aarav Pillai,Other,1979-08-06,9294257851,aarav.pillai300@outlook.com,Driver,Retail,Delhi,Delhi,India,2022-04-29,Active
CUST001809,Vikram Pillai,Male,1995-12-13,,vikram.pillai115@yahoo.com,Lawyer,Retail,Howrah,West Bengal,India,2022-03-09,Active
CUST001810,Shivraj Agarwal,Male,1955-06-20,9962259459,shivraj.agarwal121@rediffmail.com,Data Analyst,Retail,Bengaluru,Karnataka,India,2019-10-29,Active
CUST001811,Nisha Gupta,Female,1949-01-13,9414675743,nisha.gupta491@outlook.com,Shop Owner,Retail,Surat,Gujarat,India,2015-08-25,Active
CUST001812, Sarita Yadav,Female,1994-11-02,,sarita.yadav782@outlook.com,Business Owner,Retail,Hubballi,Karnataka,India,2019-04-09,Active
CUST001813,Yash Deshmukh,Male,1970-06-02,9249204728,yash.deshmukh711@gmail.com,Electrician,Corporate,Mumbai,Maharashtra,India,2019-05-06,Active
CUST001814,Sangeeta Gupta,Female,1951-09-24,9546601327,sangeeta.gupta209@gmail.com,Marketing Manager,Retail,Lucknow,Uttar Pradesh,India,2025-10-12,Inactive
CUST001815,Varun Pawar,Male,1981-09-15,9549475076,varun.pawar834@outlook.com,Software Engineer,Senior Citizen,Shimla,Himachal Pradesh,India,2016-11-09,Active
CUST001816,Sarita Verma,Female,1976-02-24,91220-53411,sarita.verma165@outlook.com,Consultant,Retail,Thiruvananthapuram,Kerala,India,04/01/2016,Active
CUST001817,Vikram Chavan,Male,2005-08-12,95314-14598,vikram.chavan559@yahoo.com,Chef,Premium,Bhubaneswar,Odisha,India,2023-08-20,Active
CUST001818,Shivraj Verma,Male,2005-03-06,9247284070,shivraj.verma848@outlook.com,Professor,Premium, Amritsar ,Punjab,India,2023-03-28,Active
CUST001819,Pradeep Shah,Male,1980-08-26,9814982780,pradeep.shah807@outlook.com,Journalist,Retail,Raipur,Chhattisgarh,India,2017-08-20,Active
CUST001820,Basavaraj Pillai,Male,1957-08-18,95872-36923,BASAVARAJ.PILLAI701@GMAIL.COM,Professor,Premium,Mysuru,Karnataka,India,2011-01-01,Active
CUST001821,Basavaraj Chavan,Male,1993-04-23,9373752177,basavaraj.chavan331@rediffmail.com,Journalist,Retail,Madurai,Tamil Nadu,India,14-12-2021,Active
CUST001822,Ayaan Naik,Male,1960-03-13,9102385597,ayaan.naik765@outlook.com,Doctor,Retail,Kochi,Kerala,India,06/14/2022,Active
CUST001823, Chetan Agarwal,Male,1998-10-08,9613898875,chetan.agarwal386@gmail.com,Marketing Manager,Corporate,Amritsar,Punjab,India,2025-06-15,Active
CUST001824,Mallikarjun Gupta,Male,1984-05-18,9481674944,mallikarjun.gupta350@gmail.com,Consultant,Senior Citizen,Bhubaneswar,Odisha,India,2018-10-22,Active
CUST001825,Aryan Desai,Male,1969-06-21,9914918489,aryan.desai532@rediffmail.com,Police Officer,Retail,Ranchi,Jharkhand,India,2019-01-02,Active
CUST001826,Vishal Gowda,Male,13/05/2007,,vishal.gowda617@yahoo.com,Sales Executive,Premium,Warangal,Telangana,India,2025-05-09,Dormant
CUST001827,Anil Nair,Male,1979-02-27,9779112209,ANIL.NAIR209@GMAIL.COM,Data Analyst,Retail,Howrah,West Bengal,India,2018-02-21,Active
CUST001828,Amit Naik,Male,1971-05-17,9546114050,amit.naik931@gmail.com,Chartered Accountant,Retail,Belagavi,Karnataka,India,2011-01-09,Active
CUST001829,Kabir Desai,Male,1959-06-13,9382736082,KABIR.DESAI866@GMAIL.COM,Shop Owner,Retail,Warangal,Telangana,India,2018-10-12,Active
CUST001830,Sanjay Sharma,Male,1987-04-19,9359369661,SANJAY.SHARMA283@OUTLOOK.COM,Bank Employee,Premium,Hubballi,Karnataka,India,2021-12-25,Active
CUST001831,Vivaan Bhosale,Male,1964-05-08,9504856872,vivaan.bhosale242@yahoo.com,Doctor,Premium,Vijayawada,Andhra Pradesh,India,2023-03-19,Active
CUST001832,Namrata Verma,Female,1957-03-24,,namrata.verma69@outlook.com,Electrician,Retail, Belagavi ,Karnataka,India,2021-04-18,Active
CUST001833,Kalpana Naidu,Other,1955-03-03,9467928784,kalpana.naidu406@gmail.com,Farmer,Senior Citizen,Howrah,West Bengal,India,2023-07-07,Inactive
CUST001834,Shalini Joshi,Female,1986-11-09,9563713673,SHALINI.JOSHI171@GMAIL.COM,Homemaker,Premium,Panaji,Goa,India,2021-05-04,Active
CUST001835,Gaurav Deshmukh,Male,2003-10-20,9979747208,,Bank Employee,Retail,Raipur,Chhattisgarh,India,2023-02-12,ACTIVE
CUST001836,Swati Patil,Female,1963-04-22,9543682763,SWATI.PATIL896@REDIFFMAIL.COM,Professor,Retail,Ahmedabad,Gujarat,India,2017.10.18,Active
CUST001837,Harsh Nair,Male,02-03-1961,9582652596,harsh.nair827@outlook.com,Professor,Retail,Jaipur,Rajasthan,India,2020-05-10,Active
CUST001838,Bhavna Kamath,Female,1985-02-25,932 458 1349,,Police Officer,Retail,Lucknow,Uttar Pradesh,India,2020-12-07,Inactive
CUST001839,Anita Roy,Female,1956-08-29,9705132861,anita.roy689@gmail.com,Homemaker,Retail,Amritsar,Punjab,India,2019-11-24,Inactive
CUST001840,Deepika Verma,Female,1953-05-15,9425972657,DEEPIKA.VERMA491@YAHOO.COM,Accountant,Retail,Bhubaneswar,Odisha,India,2019-11-17,Active
CUST001841,Anika Agarwal,Female,1986-08-15,9787174806,anika.agarwal273@yahoo.com,Tailor,Retail,Lucknow,Uttar Pradesh,India,2023-02-24,Active
CUST001842,Abhishek Reddy,Male,1979-10-21,9930198660,,Teacher,Retail,Howrah,West Bengal,India,2014-09-17,Active
CUST001843,Priya Bose,Female,1949-09-25,9868275329,priya.bose165@yahoo.com,Consultant,Premium,Howrah,West Bengal,India,2015-12-04,Active
CUST001844,Vandana Bhat,Female,1962-05-20,9746155424,,Pharmacist,Premium,Thiruvananthapuram,Kerala,India,2019-01-23,Active
CUST001845,Sunil Krishnan,Male,1960-01-08,09877826263,sunil.krishnan164@yahoo.com,Doctor,Student,Ludhiana,Punjab,India,2021-01-10,Active
CUST001846,Sneha Prabhu,Female,1989-04-19,9982582300,sneha.prabhu301@gmail.com,Driver,Corporate,Belagavi,Karnataka,India,2018-12-30,Inactive
CUST001847,Sanjay Bose,Male,1988-04-30,9751677030,sanjay.bose221@yahoo.com,Driver,Retail,Bhubaneswar,Odisha,India,2014-02-05,Blocked
CUST001848,Geeta Kotian,Other,18/04/1993,+919921687496,geeta.kotian521@rediffmail.com,Farmer,Retail,Udaipur,Rajasthan,India,2023-10-19,Active
CUST001849,Deepika More,Female,1954-01-06,9258307675,deepika.more671@gmail.com,,Retail,Mysuru,Karnataka,India,2019-06-25,Active
CUST001850,Naveen Hegde,Male,1999-05-20,9551107050,NAVEEN.HEGDE957@REDIFFMAIL.COM,Journalist,Student,Belagavi,Karnataka,India,2017-09-26,Active
CUST001851,Aadhya Mehta ,Female,1960-09-05,9421665721,aadhya.mehta388@outlook.com,Journalist,Retail,Kolkata,West Bengal,India,2024-08-23,Active
CUST001852,Chetan Sen,Male,2008-02-14,9954914732,chetan.sen201@gmail.com,Doctor,Retail,Coimbatore,Tamil Nadu,India,2026-03-02,Active
CUST001853,Pooja Raghunathan,Female,2000-10-27,9769625574,pooja.raghunathan22@yahoo.com,Nurse,Premium,Bengaluru,Karnataka,India,2018-11-11,Active
CUST001854,Kalpana Roy,Female,1975-10-30,9897301194,kalpana.roy597@outlook.com,Sales Executive,Retail,Hyderabad,Telangana,India,2026-04-18,Active
CUST001855,Pallavi More,Female,1995-08-06,9414628951,pallavi.more978@yahoo.com,Farmer,Student,Ludhiana,Punjab,India,2016-12-11,Active
CUST001856,Sangeeta Pillai,Female,1988-08-16,9858785018,sangeeta.pillai64@yahoo.com,Teacher,Retail,Patna,Bihar,India,2024-11-24,Active
CUST001857,Arjun Iyer,Male,1994-11-14,,arjun.iyer995@outlook.com,Shop Owner,Retail,Chennai,Tamil Nadu,India,2019-01-12,Active
CUST001858,Nikhil Gupta,Male,1949-02-11,9945183917,nikhil.gupta263@gmail.com,Electrician,Senior Citizen,Bhopal,Madhya Pradesh,India,2014-10-06,Active
CUST001859,Vishal Dutta,Male,1953-01-29,9306917086,vishal.dutta907@rediffmail.com,Pharmacist,Retail,Jaipur,Rajasthan,India,2016-11-06,Active
CUST001860,Chetan Naidu,Male,2002-10-31,97447-02836,chetan.naidu70@yahoo.com,Nurse,Retail,Ranchi,Jharkhand,India,2025-02-21,Active
CUST001861,Vishal Iyer,Male,1995-05-05,9768546206,vishal.iyer890@yahoo.com,Shop Owner,Retail,Coimbatore,Tamil Nadu,India,2025-09-05,Active
CUST001862,Ishaan Rao,Male,1985-04-21,9290990204,ishaan.rao330@gmail.com,Lawyer,Premium,Nagpur,Maharashtra,India,2013-02-21,Active
CUST001863,Mahesh Verma,Male,1966-12-03,9577462817,mahesh.verma275@rediffmail.com,Teacher,Retail,Warangal,Telangana,India,2026-05-03,Active
CUST001864,Reyansh Kamath,Male,1973-07-11,9798634861,reyansh.kamath207@gmail.com,Data Analyst,Retail,Shimla,Himachal Pradesh,India,2024-04-04,Active
CUST001865,Ritu Deshmukh,Female,1971-10-24,9388786777,ritu.deshmukh134@rediffmail.com,,Retail,Varanasi,Uttar Pradesh,India,2021-01-23,Active
CUST001866,Chetan Naidu,Male,1974-04-24,97873-77245,chetan.naidu797@yahoo.com,Homemaker,Retail,Nagpur,Maharashtra,India,2013-11-06,Active
CUST001867,Shalini Kotian,Female,1986-01-23,9654652608,shalini.kotian70@gmail.com,Teacher,Retail,Shimla,Himachal Pradesh,India,2020-02-11,Active
CUST001868,Prakash Bhat,Male,02/12/1993,9782563771,prakash.bhat463@yahoo.com,Civil Engineer,Retail,Ludhiana,Punjab,India,2017-08-12,Active
CUST001869,Aryan Dutta,Male,1971-03-30,9485604222,ARYAN.DUTTA947@OUTLOOK.COM,Retired,Premium,Kanpur,Uttar Pradesh,India,12/07/2012,Active
CUST001870,Arjun Salunkhe,Male,1998-06-30,9488976066,arjun.salunkhe405@yahoo.com,Electrician,Retail,Ranchi,Jharkhand,India,2026-04-15,Active
CUST001871,Naveen Reddy,Male,1953-06-24,9803681024,NAVEEN.REDDY826@REDIFFMAIL.COM,Retired,Retail,Delhi,Delhi,India,2020-05-17,Inactive
CUST001872,Basavaraj Chatterjee,Male,1996-12-11,9888840402,BASAVARAJ.CHATTERJEE691@OUTLOOK.COM,Accountant,Retail,Chandigarh,Chandigarh,India,2014-12-07,Active
CUST001873,Chetan Kotian,Male,12/25/1988,9672629521,chetan.kotian794@rediffmail.com,Government Employee,Retail,Visakhapatnam,Andhra Pradesh,India,2016-04-23,Active
CUST001874,Umesh Kamath,Male,1978-12-07,9509187640,UMESH.KAMATH946@YAHOO.COM,Accountant,Retail,Vadodara,Gujarat,India,2024-01-18,Active
CUST001875,Basavaraj Kotian,Male,1970-09-21,9321654149,basavaraj.kotian98@gmail.com,Electrician,Senior Citizen,Pune,Maharashtra,India,2017-11-14,Active
CUST001876,Saanvi Das,Female,1970-06-26,9210189854,SAANVI.DAS301@YAHOO.COM,Professor,Retail,Bhubaneswar,Odisha,India,2018-09-08,Active
CUST001877,Vinod Verma,Male,1969-11-02,9800605286,vinod.verma321@outlook.com,Software Engineer,Corporate,Ranchi,Jharkhand,India,2013-03-19,Active
CUST001878,Pallavi Gowda,Female,2005-04-13,9853149912,pallavi.gowda67@yahoo.com,Electrician,Retail,Ranchi,Jharkhand,India,2023-04-18,Blocked
CUST001879,Basavaraj Gowda,Male,15/08/1949,9522640084,BASAVARAJ.GOWDA107@REDIFFMAIL.COM,Nurse,Corporate,Thiruvananthapuram,Kerala,India,2026-03-12,Dormant
CUST001880,Neha Jadhav,Female,1986-06-03,9701372447,neha.jadhav110@rediffmail.com,Chef,Senior Citizen,Mysuru,Karnataka,India,2025-10-19,Active
CUST001881,Sneha Kumar,Female,2007-12-02,9621882147,sneha.kumar948@gmail.com,Retired,Corporate,Bengaluru,Karnataka,India,2025-12-18,Dormant
CUST001882,Priya Sharma,Female,1980-12-07,9720236673,priya.sharma856@gmail.com,Government Employee,Retail,Guwahati,Assam,India,2019-07-14,Active
CUST001883,Geeta Prabhu,Female,1986-09-21,9717242726,geeta.prabhu588@yahoo.com,Nurse,Retail,Dehradun,Uttarakhand,India,2021-07-31,Active
CUST001884,Vishal More,Male,1984-03-31,9327753696,vishal.more845@outlook.com,Student,Premium,Belagavi,Karnataka,India,2024-09-06,Inactive
CUST001885, Ira More,Female,1978-08-23,9719489423,ira.more344@gmail.com,Teacher,Retail,Chandigarh,Chandigarh,India,2019-09-12,Active
CUST001886,Mahesh Shah,Male,1986-02-27,9911591461,mahesh.shah475@gmail.com,Doctor,Retail,Lucknow,Uttar Pradesh,India,2024-07-03,Active
CUST001887,Vandana Prabhu,,2002-09-27,9379933422,vandana.prabhu882@yahoo.com,Civil Engineer,Corporate,Howrah,West Bengal,India,2020-09-29,Active
CUST001888,Kavya Prabhu,Female,1991-03-14,9375887758,kavya.prabhu148@yahoo.com,Pharmacist,Retail,Thiruvananthapuram,Kerala,India,2011-03-25,Active
CUST001889,Pradeep Subramaniam,Male,1999-06-20,9363422501,pradeep.subramaniam146@rediffmail.com,HR Manager,Retail,Visakhapatnam,Andhra Pradesh,India,2018-03-23,Active
CUST001890,Sarita Pawar,Female,1981-07-06,+919920564610,sarita.pawar526@outlook.com,Farmer,Senior Citizen,Amritsar,Punjab,India,2015-02-11,Active
CUST001891,Basavaraj Prabhu,Male,1994.11.07,9898612205,basavaraj.prabhu253@rediffmail.com,Police Officer,Retail,Hubballi,Karnataka,India,2022-09-25,Active
CUST001892,Snehal Kumar,Female,2001-01-11,94130-03853,snehal.kumar668@rediffmail.com,Government Employee,Senior Citizen,Jaipur,Rajasthan,India,2019-02-03,Active
CUST001893,Kavya Bhosale,Female,11/02/1960,+919785319701,kavya.bhosale635@yahoo.com,Professor,Premium,Vijayawada,Andhra Pradesh,India,2017-04-28,Active
CUST001894,Sai Bhosale,Male,2000-01-31,9461858613,sai.bhosale332@rediffmail.com,Nurse,Retail,Coimbatore,Tamil Nadu,India,2019-04-24,Active
CUST001895,Anika Salunkhe,Female,1989-08-07,9842633068,anika.salunkhe116@rediffmail.com,Driver,Retail,Dehradun,Uttarakhand,India,2025-12-09,Active
CUST001896,Shalini Subramaniam,Female,1974-10-17,9922039203,shalini.subramaniam83@yahoo.com,Chef,Senior Citizen,Udaipur,Rajasthan,India,2012-02-12,Active
CUST001897,Gaurav Sharma,Male,1994-11-25,9881657826,gaurav.sharma443@rediffmail.com,Marketing Manager,Retail,Lucknow,Uttar Pradesh,India,2019-08-02,Active
CUST001898,Usha Salunkhe,Female,1958-03-18,9295004602,usha.salunkhe322@yahoo.com,Civil Engineer,Student,Madurai,Tamil Nadu,India,2017-01-16,Active
CUST001899,Amit Gowda,Male,1990-04-24,9250482141,amit.gowda34@gmail.com,Student,Retail,Visakhapatnam,Andhra Pradesh,India,2011-07-24,Active
CUST001900,Sneha Shetty,Female,1982-12-08,9844630779,sneha.shetty690@rediffmail.com,Doctor,Retail,Kanpur,Uttar Pradesh,India,2023-08-29,Active
CUST001901,Reyansh Hegde,Male,2001-10-20,9759592401,reyansh.hegde956@rediffmail.com,Chartered Accountant,Premium,Varanasi,Uttar Pradesh,India,2025-03-14,Active
CUST001902,Ritu Prabhu,Female,1985-08-09,9141296579,ritu.prabhu977@gmail.com,Architect,Retail,Jaipur,Rajasthan,India,2013-09-09,Active
CUST001903,Neha Mehta,Female,1979-11-06,9968805746,neha.mehta118@rediffmail.com,Driver,Retail,Belagavi,Karnataka,India,2022-10-21,Active
CUST001904,Krishna Kumar,Male,1889-06-01,9202524732,krishna.kumar190@outlook.com,Lawyer,Premium, Guwahati ,Assam,India,2021-11-23,Active
CUST001905,Sai Reddy,Male,1981-08-13,9622453974,sai.reddy432@outlook.com,,Retail,Kolkata,West Bengal,India,2021-12-16,Active
CUST001906,Bhavna Gowda,Female,2001-12-14,9317889173,bhavna.gowda913@rediffmail.com,Consultant,Retail,Coimbatore,Tamil Nadu,India,2020-01-06,Active
CUST001907,Anika Kulkarni,Female,1995-07-27,9565859563,anika.kulkarni574@gmail.com,Homemaker,Corporate,Guwahati,Assam,India,2015-12-23,Active
CUST001908,Girish Krishnan,Male,1953-08-20,9856172316,GIRISH.KRISHNAN456@YAHOO.COM,Shop Owner,Retail,Delhi,Delhi,India,2012-02-06,active
CUST001909,Ashok Das,Male,1980-04-03,9339738732,ashok.das924@yahoo.com,Lawyer,Premium,Indore,Madhya Pradesh,India,2011-07-18,Active
CUST001910,Sai Gupta,Male,1965-05-30,9191532678,sai.gupta662@outlook.com,Student,Retail,Jaipur,Rajasthan,India,2013-10-03,Active
CUST001911,Aryan Raghunathan,Other,1957-12-19,9532368531,aryan.raghunathan983@gmail.com,Chartered Accountant,Retail,Guwahati,Assam,India,2019-03-15,Active
CUST001912,Siddharth Rao,Male,2000-06-14,9815526333,siddharth.rao862@gmail.com,Doctor,Retail,Nagpur,Maharashtra,India,2018-06-29,Active
CUST001913,Kalpana Kulkarni,Female,1999-12-11,9620359868,kalpana.kulkarni997@outlook.com,Business Owner,Senior Citizen,Bhubaneswar,Odisha,India,2021-09-01,Active
CUST001914,Abhishek Chatterjee ,Male,2004-11-29,9498374243,abhishek.chatterjee557@gmail.com,Business Owner,Retail,Coimbatore,Tamil Nadu,India,2022-12-09,Active
CUST001915,Saanvi Bhat,Female,1971-11-11,9675023941,saanvi.bhat374@yahoo.com,Chef,Senior Citizen,Dehradun,Uttarakhand,India,2016-05-09,Active
CUST001916,Prakash Shah,Male,1973-10-20,9146618302,PRAKASH.SHAH62@REDIFFMAIL.COM,Student,Corporate,Howrah,West Bengal,India,2012-05-10,Active
CUST001917,Yash Singh,Male,1995-02-19,9413400087,yash.singh729@rediffmail.com,Architect,Premium,Mumbai,Maharashtra,India,2019-01-15,Active
CUST001918,Aditi Desai,Female,1959-09-02,9890180687,aditi.desai266@gmail.com,Farmer,Retail,Udaipur,Rajasthan,India,2023-10-15,Active
CUST001919,Lakshmi Kulkarni,Female,1951-04-16,9448662663,lakshmi.kulkarni11@rediffmail.com,Civil Engineer,Retail,Nagpur,Maharashtra,India,02/12/2017,Active
CUST001920,Prasad Joshi,Male,06/19/1973,+919968645496,prasad.joshi802@yahoo.com,Shop Owner,Retail,Madurai,Tamil Nadu,India,2023-07-14,Active
CUST001921,Prakash Chowdhury,Male,1986-02-13,9594786911,prakash.chowdhury424@gmail.com,Retired,Premium,Patna,Bihar,India,2015-06-13,Active
CUST001922,Varun Deshmukh,Male,1975-08-21,9940504503,varun.deshmukh552@outlook.com,Data Analyst,Retail,Varanasi,Uttar Pradesh,India,2012-03-30,Active
CUST001923,Deepak Sharma,Male,1960-10-17,9663998093,deepak.sharma783@yahoo.com,Doctor,Retail,Patna,Bihar,India,2021-02-05,Active
CUST001924,Nikhil Iyer,Male,1979-06-24,9476985502,nikhil.iyer329@yahoo.com,Civil Engineer,Retail,Panaji,Goa,India,2024-10-19,Active
CUST001925,Myra Reddy,Female,08-02-2005,+919929220811,myra.reddy816@yahoo.com,Data Analyst,Retail,Jaipur,Rajasthan,India,2024-09-23,Active
CUST001926,Girish Chatterjee,Male,14/08/1964,9342989030,girish.chatterjee583@gmail.com,Nurse,Retail,Kanpur,Uttar Pradesh,India,2025-11-26,Active
CUST001927,Geeta Singh,Female,1972-03-26,9453048527,geeta.singh567@yahoo.com,Lawyer,Retail,Nagpur,Maharashtra,India,2012-09-03,Active
CUST001928,Rajesh More,Male,1966-12-09,9750211806,rajesh.more269@gmail.com,Student,Retail,Hyderabad,Telangana,India,2011-09-04,Active
CUST001929,Vinod Krishnan,Male,1965-10-14,988 721 8498,vinod.krishnan788@rediffmail.com,Sales Executive,Retail,Patna,Bihar,India,2019-11-06,Active
CUST001930,Neha Desai,Female,1987-09-19,9993896325,,Journalist,Retail,Nagpur,Maharashtra,India,2025-10-07,Active
CUST001931,Yash Kotian,Male,1970-09-12,9405103141,yash.kotian618@outlook.com,Doctor,Retail,Howrah,West Bengal,India,2026-07-04,Active
CUST001932,Myra Yadav,Female,1985-09-02,9601655486,myra.yadav827@yahoo.com,Farmer,Senior Citizen,Mysuru,Karnataka,India,2015-05-05,Active
CUST001933,Gaurav Iyer,Male,1949-03-12,9643934099,gaurav.iyer117@rediffmail.com,Pharmacist,Retail,Dehradun,Uttarakhand,India,2016-10-30,Active
CUST001934,Namrata Gowda ,Female,1988-02-11,9913282898,namrata.gowda400@rediffmail.com,Civil Engineer,Premium,Varanasi,Uttar Pradesh,India,2021-04-30,Active
CUST001935,Sangeeta Chowdhury,Female,1954-05-23,9589503403,sangeeta.chowdhury677@outlook.com,Police Officer,Retail,Thiruvananthapuram,Kerala,India,2025-03-12,Active
CUST001936,Namrata Roy,Female,1970-11-09,9148050077,NAMRATA.ROY274@YAHOO.COM,Software Engineer,Premium,Indore,Madhya Pradesh,India,2013-09-19,Active
CUST001937,Ashok Iyer,Male,2000-11-11,9857235499,ashok.iyer28@yahoo.com,Business Owner,Retail,Chennai,Tamil Nadu,India,2026-02-27,Active
CUST001938,Naveen Pawar,Male,1968-05-20,9277434858,naveen.pawar409@rediffmail.com,Police Officer,Corporate,Pune,Maharashtra,India,2023-09-14,Active
CUST001939,Deepak Jadhav,Male,1990-04-15,9705605409,deepak.jadhav496@rediffmail.com,Pharmacist,Premium,Ahmedabad,Gujarat,India,2012-01-22,Active
CUST001940,Riya Reddy,Female,1969-04-18,9987072699,riya.reddy919@yahoo.com,Pharmacist,Premium,Delhi,Delhi,India,2024-01-30,Inactive
CUST001941,Yash Dutta,Male,2002-09-01,9177976201,yash.dutta806@yahoo.com,Professor,Retail,Warangal,Telangana,India,2020-12-20,Active
CUST001942,Prakash Iyer,Male,2005-08-16,9428415459,prakash.iyer181@yahoo.com,Government Employee,Corporate,Warangal,Telangana,India,2026-03-15,Active
CUST001943,Amit Chatterjee,Male,2003-01-26,9427364073,AMIT.CHATTERJEE277@REDIFFMAIL.COM,Doctor,Retail,Guwahati,Assam,India,2021-02-16,active
CUST001944,Naveen Ghosh,Male,1971-12-11,9438608435,naveen.ghosh185@rediffmail.com,Nurse,Retail,Warangal,Telangana,India,2026-06-03,Active
CUST001945,Chetan Shetty,Male,1967-03-27,09314864680,chetan.shetty909@rediffmail.com,Tailor,Premium,Hubballi,Karnataka,India,2011-09-27,Active
CUST001946,Harsh More,Male,1984-09-20,93104-82008,harsh.more354@rediffmail.com,Shop Owner,Premium,Raipur,Chhattisgarh,India,2012-03-06,Active
CUST001947,Ashok Bhat,Male,1997-06-23,9968388797,ashok.bhat890@yahoo.com,Software Engineer,Corporate,Pune,Maharashtra,India,12/15/2017,Active
CUST001948,Meera Kotian,Female,1979-09-04,9908981598,meera.kotian61@yahoo.com,HR Manager,Premium,Chennai,Tamil Nadu,India,2021-03-22,Dormant
CUST001949,Shivraj Nair,Male,1992-09-18,971 422 1944,SHIVRAJ.NAIR558@REDIFFMAIL.COM,Police Officer,Premium,Kolkata,West Bengal,India,2013-08-05,Active
CUST001950,Sanjay More,Male,2001-01-31,9713888196,sanjay.more75@yahoo.com,Accountant,Retail,Nagpur,Maharashtra,India,2019-02-13,Active
CUST001951,Swati Reddy,Female,1993-07-23,9876117059,swati.reddy554@gmail.com,Consultant,Retail,Panaji,Goa,India,2017-01-21,Active
CUST001952,Swati Shah,Female,1970-05-12,09483635811,SWATI.SHAH11@REDIFFMAIL.COM,HR Manager,Retail,Howrah,West Bengal,India,2012-12-13,Active
CUST001953,Vihaan Hegde,Male,1963-02-19,9583896090,vihaan.hegde156@yahoo.com,Chef,Retail,Guwahati,Assam,India,2013-09-25,Active
CUST001954,Lakshmi Mehta,Female,1974-04-20,9920908887,lakshmi.mehta146@gmail.com,Retired,Premium,Mysuru,Karnataka,India,2013-04-24,Active
CUST001955,Sarita Singh,Female,1982-11-05,9920200700,sarita.singh708@rediffmail.com,Architect,Retail,Lucknow,Uttar Pradesh,India,2025-10-28,Dormant
CUST001956,Anita Gowda,Female,1999-01-22,9306914456,anita.gowda640@yahoo.com,Journalist,Premium,Mysuru,Karnataka,India,2025-07-20,Active
CUST001957,Divya Mukherjee,Female,1966-03-19,9283854886,divya.mukherjee558@yahoo.com,Architect,Retail,Coimbatore,Tamil Nadu,India,07-10-2020,Active
CUST001958,Namrata Raghunathan,Female,1957-10-01,9725004675,namrata.raghunathan197@outlook.com,Retired,Retail,Surat,Gujarat,India,2021-08-15,Active
CUST001959,Amit Sharma,Male,1967-02-11,9485864630,amit.sharma266@yahoo.com,Police Officer,Senior Citizen,Dehradun,Uttarakhand,India,2013-02-16,Active
CUST001960,Pradeep Rao,Male,1984-01-02,9128539383,pradeep.rao378@rediffmail.com,Shop Owner,Retail,Warangal,Telangana,India,2011-10-14,Active
CUST001961,Namrata Bose,Female,1962-01-23,9283849518,namrata.bose977@outlook.com,Data Analyst,Retail,Bhubaneswar,Odisha,India,2016-11-09,Inactive
CUST001962,Pradeep Deshmukh,Other,1972-03-24,9578937727,pradeep.deshmukh705@outlook.com,Police Officer,Premium,Belagavi,Karnataka,India,2026-04-17,active
CUST001963,Basavaraj Kumar,Male,1963-07-21,9852157962,basavaraj.kumar32@gmail.com,Retired,Retail,Madurai,Tamil Nadu,India,05/06/2018,Active
CUST001964,Prakash Singh,Male,2007-09-21,9696634953,prakash.singh32@yahoo.com,Marketing Manager,Retail,Kochi,Kerala,India,2025-10-14,active
CUST001965,Swati Pawar,Female,1979-01-18,9579631237,swati.pawar347@yahoo.com,Homemaker,Premium,Jaipur,Rajasthan,India,2016-09-29,Active
CUST001966,Ashok Dutta,Male,2027-01-15,9267804189,ashok.dutta209@rediffmail.com,Marketing Manager,Retail,Lucknow,Uttar Pradesh,India,2015-10-21,Active
CUST001967,Neha Gupta,Female,1979-07-10,09359797263,neha.gupta407@rediffmail.com,Civil Engineer,Senior Citizen,Indore,Madhya Pradesh,India,2023-08-14,Active
CUST001968,Vihaan Menon,Male,1948-08-21,9803717625,vihaan.menon994@gmail.com,Doctor,Corporate,Belagavi,Karnataka,India,2018-04-26,Active
CUST001969,Vandana Agarwal,Female,1963-12-27,9796216503,vandana.agarwal196@outlook.com,Teacher,Retail,Indore,Madhya Pradesh,India,2022-05-16,Active
CUST001970,Kiran Prabhu,Female,1998-11-09,9881361362,kiran.prabhu596@rediffmail.com,Driver,Student,Dehradun,Uttarakhand,India,2022-04-16,Active
CUST001971, Sangeeta Gupta,Female,1978-12-22,9345757391,SANGEETA.GUPTA482@OUTLOOK.COM,Accountant,Retail,Bhubaneswar,Odisha,India,2022-04-19,Active
CUST001972,Sunita Rao,Female,1990-08-07,9552515225,sunita.rao659@gmail.com,Data Analyst,Retail,Hyderabad,Telangana,India,2021-07-03,Active
CUST001973,Ananya Rao,Female,1994-02-22,9906597565,,Farmer,Premium,Howrah,West Bengal,India,2023-07-30,Active
CUST001974,Ira Chavan,Female,1981-12-25,92627-10802,ira.chavan516@outlook.com,Driver,Retail,Raipur,Chhattisgarh,India,2018-03-12,Active
CUST001975,Aadhya Nair,Female,1982-12-26,986 224 1055,aadhya.nair276@outlook.com,Farmer,Retail,Guwahati,Assam,India,2015.09.17,Active
CUST001976,Varun Kale,Male,22-04-1962,9995693709,varun.kale964@outlook.com,Journalist,Retail,Vijayawada,Andhra Pradesh,India,2018-12-17,Active
CUST001977,Meera Yadav,Female,1963-02-07,9837872087,meera.yadav267@yahoo.com,Police Officer,Retail,Visakhapatnam,Andhra Pradesh,India,2016-01-17,Active
CUST001978,Abhishek Das,Male,1957-01-17,9468278507,ABHISHEK.DAS145@YAHOO.COM,Software Engineer,Retail,Vadodara,Gujarat,India,2011-09-03,Active
CUST001979,Shreya Raghunathan,Female,1966-01-11,09869341149,shreya.raghunathan96@yahoo.com,Sales Executive,Retail,Mysuru,Karnataka,India,2016-08-15,Active
CUST001980,Komal Reddy,Female,1986-01-26,9244728825,komal.reddy68@outlook.com,Chef,Senior Citizen,Coimbatore,Tamil Nadu,India,2018-10-12,Active
CUST001981,Prakash Reddy,Male,2004-03-31,+919783759106,prakash.reddy353@yahoo.com,Driver,Corporate,Hyderabad,Telangana,India,2022-03-29,Active
CUST001982,Harsh Venkatesh,Male,1974-08-26,9461512770,harsh.venkatesh815@rediffmail.com,Police Officer,Retail,Ludhiana,Punjab,India,2016-04-14,Active
CUST001983,Ramesh Rao,Male,1984-06-21,9516875106,ramesh.rao155@gmail.com,Doctor,Retail,Hyderabad,Telangana,India,2022-04-10,Active
CUST001984,Ritu Subramaniam,Female,2000-03-13,9987991665,,Marketing Manager,Retail,Howrah,West Bengal,India,2018-04-05,Active
CUST001985,Anil Shah,Male,1989-01-13,9700003180,anil.shah529@gmail.com,Professor,Retail,Dehradun,Uttarakhand,India,2021-01-23,Active
CUST001986,Yash Das,Male,1963-11-23,9190669881,yash.das561@gmail.com,Farmer,Premium,Hubballi,Karnataka,India,2015-03-11,Active
CUST001987,Riya Shetty,Female,1965-01-13,9800926493,riya.shetty563@yahoo.com,Software Engineer,Premium,Bhopal,Madhya Pradesh,India,2026-05-01,Blocked
CUST001988,Shweta Kotian,Female,1986-08-16,9965318530,shweta.kotian2@gmail.com,HR Manager,Retail,Varanasi,Uttar Pradesh,India,2021-01-30,Active
CUST001989,Vinod Pawar,Male,1965-06-08,9833179590,vinod.pawar203@yahoo.com,Doctor,Senior Citizen,Shimla,Himachal Pradesh,India,2019-08-27,Active
CUST001990,Aryan Shetty,Male,1963-01-28,9324338466,aryan.shetty348@outlook.com,Lawyer,Corporate,Udaipur,Rajasthan,India,2017-09-02,Active
CUST001991,Deepika Naidu,Female,1983-11-10,9120342061,deepika.naidu739@yahoo.com,Pharmacist,Retail,Lucknow,Uttar Pradesh,India,2022-09-30,Active
CUST001992, Shreya Deshmukh,Female,1986-07-20,959 640 3494,shreya.deshmukh650@outlook.com,Professor,Senior Citizen,Dehradun,Uttarakhand,India,13-08-2017,Active
CUST001993,Lakshmi Agarwal,Female,1963-05-07,9512410797,lakshmi.agarwal813@yahoo.com,Accountant,Retail,Shimla,Himachal Pradesh,India,2023-06-25,Active
CUST001994,Rahul Agarwal,Male,1950-12-05,09990990450,rahul.agarwal547@yahoo.com,Driver,Senior Citizen,Ranchi,Jharkhand,India,2013-06-22,Active
CUST001995,Rajesh Deshmukh,Male,1994-07-14,9689633146,rajesh.deshmukh403@rediffmail.com,Chartered Accountant,Premium,Indore,Madhya Pradesh,India,2023-09-29,Active
CUST001996,Rohan Chavan,Male,1971-09-24,9475173892,rohan.chavan559@gmail.com,Sales Executive,Retail,Panaji,Goa,India,2025-12-11,ACTIVE
CUST001997,Geeta Das,Female,1986-05-08,,geeta.das385@outlook.com,Architect,Retail,Shimla,Himachal Pradesh,India,2014-10-08,Dormant
CUST001998,Amit Gupta,Male,1958-06-18,9432763980,amit.gupta158@outlook.com,Consultant,Retail,Ranchi,Jharkhand,India,2014-06-24,Active
CUST001999,Vikram Bose,Male,1967-01-18,9781879566,vikram.bose575@yahoo.com,Chartered Accountant,Corporate,Hyderabad,Telangana,India,2025-11-01,Active
CUST002000,Kavya Kumar,Female,1984-09-16,9917277039,KAVYA.KUMAR295@YAHOO.COM,Teacher,Corporate,Thiruvananthapuram,Kerala,India,2017-04-23,Active
CUST002001,Tanvi Shah,Female,1955-07-09,9566994979,tanvi.shah264@outlook.com,Teacher,Retail,Coimbatore,Tamil Nadu,India,2021-10-21,Active
CUST002002,Saanvi Shah,Female,1967-03-10,9522924828,saanvi.shah709@gmail.com,Accountant,Corporate, Lucknow ,Uttar Pradesh,India,2013-12-15,Active
CUST002003,Rahul Dutta,Male,1991-07-22,9457814815,,Architect,Retail,Vadodara,Gujarat,India,2017-08-23,Active
CUST002004,Rajesh Bose,Male,1994-09-28,9580755379,rajesh.bose24@yahoo.com,Nurse,Retail,Shimla,Himachal Pradesh,India,2021-12-04,Active
CUST002005,Prakash Prabhu,Male,20/05/1969,9942580463,prakash.prabhu356@gmail.com,Driver,Retail,Varanasi,Uttar Pradesh,India,26-11-2024,Active
CUST002006,Gaurav Gupta,Male,1954-12-10,9886669483,gaurav.gupta595@outlook.com,Lawyer,Corporate,Raipur,Chhattisgarh,India,2017-10-11,Active
CUST002007,Aadhya Ghosh,Female,1949-07-29,9645829843,aadhya.ghosh839@outlook.com,Retired,Premium,Amritsar,Punjab,India,2012-03-02,Active
CUST002008,Rahul Kulkarni,Male,1981-09-11,9354098009,rahul.kulkarni517@rediffmail.com,Lawyer,Retail,Ludhiana,Punjab,India,2017-06-05,Active
CUST002009,Sneha Desai,Female,1990-01-07,9321328165,sneha.desai259@outlook.com,Police Officer,Premium,Hubballi,Karnataka,India,2020-12-27,Active
CUST002010,Riya Gowda,Female,1983-12-19,+919267862712,riya.gowda344@outlook.com,Lawyer,Corporate,Guwahati,Assam,India,2024-08-06,Active
CUST002011,Anil Kulkarni,Other,07/19/1972,9108211156,anil.kulkarni378@outlook.com,Bank Employee,Retail,Madurai,Tamil Nadu,India,2023-12-16,Active
CUST002012,Mallikarjun Shetty,Male,1949-05-04,+919796492482,,Police Officer,Retail,Chandigarh,Chandigarh,India,2022-10-20,Active
CUST002013,Mahesh Gowda,Male,14/09/1961,9764632469,mahesh.gowda668@yahoo.com,Homemaker,Retail,Udaipur,Rajasthan,India,2013-07-27,Active
CUST002014,Naveen Verma,Male,1950-03-07,9261180086,naveen.verma798@rediffmail.com,Teacher,Retail,Madurai,Tamil Nadu,India,2019-01-29,Inactive
CUST002015,Sai Verma,Male,1976-01-02,9718827092,sai.verma708@gmail.com,Business Owner,Retail,Shimla,Himachal Pradesh,India,12/14/2019,Active
CUST002016,Krishna Gowda,Male,1966-09-03,9248850151,krishna.gowda382@yahoo.com,Teacher,Premium,Panaji,Goa,India,2018-04-13,Active
CUST002017,Ganesh Chatterjee,Male,1952-04-19,9349048287,GANESH.CHATTERJEE287@GMAIL.COM,Chartered Accountant,Retail,Varanasi,Uttar Pradesh,India,2025-05-05,Active
CUST002018,Aadhya Chowdhury,Female,1984-11-24,975 612 8981,aadhya.chowdhury80@rediffmail.com,Retired,Corporate,Mumbai,Maharashtra,India,2025-11-30,Active
CUST002019,Sanjay Sen,Male,1970-06-08,9138277831,sanjay.sen797@yahoo.com,Journalist,Senior Citizen,Delhi,Delhi,India,2014-04-08,Active
CUST002020,Meera Venkatesh,Female,2006-04-27,9464831479,meera.venkatesh961@yahoo.com,Lawyer,Retail,Coimbatore,Tamil Nadu,India,2025-11-10,Active
CUST002021,Ramesh Roy,Male,1973-04-15,9539076598,ramesh.roy55@rediffmail.com,Teacher,Retail, Raipur ,Chhattisgarh,India,2024.02.25,Dormant
CUST002022,Ayaan Krishnan,Male,1953-07-01,9619418332,ayaan.krishnan131@rediffmail.com,Electrician,Retail,Surat,Gujarat,India,2021-12-13,Active
CUST002023,Mahesh Desai,Male,1990-09-18,9274134059,mahesh.desai215@gmail.com,Doctor,Premium,Pune,Maharashtra,India,2016-12-04,Active
CUST002024,Gaurav Roy,Male,1990-08-07,9524264540,gaurav.roy796@rediffmail.com,Business Owner,Retail,Chandigarh,Chandigarh,India,2022-10-23,Active
CUST002025,Naveen Pillai,Male,2004-04-18,9814057409,naveen.pillai216@outlook.com,Chartered Accountant,Retail,Raipur,Chhattisgarh,India,2022-04-22,Blocked
CUST002026,Shweta Deshmukh,Other,1989-12-19,948 681 8836,shweta.deshmukh14@rediffmail.com,Sales Executive,Premium,Varanasi,Uttar Pradesh,India,2024-12-20,Active
CUST002027,Aryan Sharma,Male,1969-12-01,9799173488,aryan.sharma336@gmail.com,Professor,Premium, Vadodara ,Gujarat,India,2022-01-19,Active
CUST002028,Vikram Ghosh,Male,1988-07-23,920 273 6153,vikram.ghosh364@gmail.com,Shop Owner,Retail,Delhi,Delhi,India,2025-12-25,Active
CUST002029,Kiran Deshmukh,Female,1996-05-09,9866435853,kiran.deshmukh395@yahoo.com,Homemaker,Senior Citizen,Panaji,Goa,India,2017-07-07,Dormant
CUST002030,Anil Dutta,Male,1979-04-09,9531760609,anil.dutta515@rediffmail.com,Police Officer,Senior Citizen,Bengaluru,Karnataka,India,2012-04-11,Active
CUST002031,Ira Pillai,Female,1996-02-22,9991713076,ira.pillai242@yahoo.com,Electrician,Premium,Vijayawada,Andhra Pradesh,India,2018-08-23,Active
CUST002032,Prakash Mukherjee,Male,2006-07-28,9730554508,prakash.mukherjee30@outlook.com,Lawyer,Retail,Chennai,Tamil Nadu,India,2026-06-30,Active
CUST002033,Shalini Kamath,Female,1993-09-22,9766729402,shalini.kamath108@gmail.com,Chartered Accountant,Premium,Mysuru,Karnataka,India,2021-03-06,Active
CUST002034,Vinod Raghunathan,Male,1978-05-26,9233621988,vinod.raghunathan733@yahoo.com,Pharmacist,Senior Citizen, Kolkata ,West Bengal,India,2021-12-03,Active
CUST002035,Nikhil Shetty,Male,1977-11-11,9610591299,nikhil.shetty659@rediffmail.com,Nurse,Retail,Mumbai,Maharashtra,India,2020-09-18,Active
CUST002036,Ritu Gowda,Female,1998-10-14,9764252187,ritu.gowda261@yahoo.com,Pharmacist,Premium, Mumbai ,Maharashtra,India,2020-03-17,Active
CUST002037,Suman Kulkarni,Female,2000-11-18,9829010105,suman.kulkarni939@rediffmail.com,Tailor,Retail, Delhi ,Delhi,India,2018-11-18,Active
CUST002038,Abhishek Salunkhe,Male,1963-11-27,9438710236,abhishek.salunkhe541@outlook.com,Farmer,Retail,Indore,Madhya Pradesh,India,2017-06-02,Active
CUST002039,Vandana Prabhu,Female,1948-08-04,09607466498,vandana.prabhu796@gmail.com,Police Officer,Premium,Amritsar,Punjab,India,2012-05-05,Active
CUST002040,Girish Venkatesh,Male,1996-11-05,9528315524,girish.venkatesh791@rediffmail.com,Doctor,Corporate,Coimbatore,Tamil Nadu,India,2016-03-24,Active
CUST002041,Karan Patil,Male,1962-04-20,09129254482,karan.patil300@rediffmail.com,Professor,Retail,Thiruvananthapuram,Kerala,India,2022-03-08,Active
CUST002042,Shivraj Desai,Male,2008-05-16,9924944261,shivraj.desai590@rediffmail.com,Professor,Retail,Howrah,West Bengal,India,2026-05-20,Active
CUST002043,Shweta Nair,Female,1950-03-11,967 868 2352,SHWETA.NAIR592@YAHOO.COM,Police Officer,Retail,Vadodara,Gujarat,India,2014-06-22,Active
CUST002044,Amit Kumar,Male,2003-02-19,9264709912,amit.kumar455@yahoo.com,Architect,Retail,Kolkata,West Bengal,India,2021-03-04,Active
CUST002045,Anjali Kotian,Female,1989-01-30,9907766228,anjali.kotian635@yahoo.com,Journalist,Premium,Panaji,Goa,India,2014-07-09,Active
CUST002046,Amit Kale,Male,1966-06-03,9722276521,AMIT.KALE336@OUTLOOK.COM,Consultant,Retail,Lucknow,Uttar Pradesh,India,2014-02-13,Inactive
CUST002047,Sunita Kotian,Female,1950-02-08,9939644588,SUNITA.KOTIAN98@YAHOO.COM,Teacher,Premium,Lucknow,Uttar Pradesh,India,2025-11-30,Inactive
CUST002048,Saanvi Prabhu,Female,1999-04-06,9463731647,saanvi.prabhu46@gmail.com,Police Officer,Retail,Dehradun,Uttarakhand,India,2020.06.23,Active
CUST002049,Varun Roy,Male,2027-01-15,9419624777,varun.roy446@gmail.com,Journalist,Premium,Bhopal,Madhya Pradesh,India,2014-01-25,Active
CUST002050,Siddharth Raghunathan,Male,1953.10.08,9655209451,siddharth.raghunathan912@yahoo.com,Lawyer,Retail,Mysuru,Karnataka,India,2013-03-12,Active
CUST002051, Sunil Deshmukh,Male,1995-11-11,9807985239,sunil.deshmukh214@rediffmail.com,Bank Employee,Premium,Delhi,Delhi,India,2013-11-26,Dormant
CUST002052,Suman Raghunathan,Female,1989.01.21,9787816120,suman.raghunathan591@rediffmail.com,Student,Retail,Kolkata,West Bengal,India,2018-09-20,Active
CUST002053,Kabir Patil,Male,1955-09-20,9131494062,kabir.patil164@rediffmail.com,Architect,Retail,Belagavi,Karnataka,India,2012-07-28,Active
CUST002054,Myra Prabhu,Female,1968-09-23,9542060600,myra.prabhu631@outlook.com,Homemaker,Premium,Indore,Madhya Pradesh,India,2020-01-25,Active
CUST002055,Arjun Kamath,Male,1988-05-17,9420130541,arjun.kamath184@rediffmail.com,Sales Executive,Retail,Udaipur,Rajasthan,India,2017-09-27,Active
CUST002056,Kalpana Dutta,Female,1987-11-27,9870395321,kalpana.dutta440@rediffmail.com,,Retail, Pune ,Maharashtra,India,2020-11-16,Active
CUST002057,Prasad Hegde,Male,1969-12-12,9457177396,prasad.hegde807@rediffmail.com,Government Employee,Senior Citizen,Surat,Gujarat,India,2014-03-23,Active
CUST002058,Chetan Shah,Male,1972-12-22,9853129155,chetan.shah372@outlook.com,Homemaker,Premium,Ludhiana,Punjab,India,2013-04-04,Active
CUST002059,Ritu Prabhu,Other,1952-10-28,9509619618,ritu.prabhu933@gmail.com,Electrician,Retail,Visakhapatnam,Andhra Pradesh,India,2012-07-25,Active
CUST002060,Girish Dutta,Male,1948-07-18,9252868309,girish.dutta47@yahoo.com,Software Engineer,Premium,Raipur,Chhattisgarh,India,2012-06-26,Active
CUST002061,Vidya Sharma,Female,2006-08-13,9728585119,vidya.sharma84@rediffmail.com,Shop Owner,Retail,Visakhapatnam,Andhra Pradesh,India,2024-09-01,Active
CUST002062,Prakash Reddy,Male,04/01/1962,98766-81631,PRAKASH.REDDY169@OUTLOOK.COM,Chartered Accountant,Retail,Kochi,Kerala,India,2015-01-08,Active
CUST002063,Girish More,Male,2004-03-02,9275755343,girish.more244@gmail.com,Business Owner,Retail,Vijayawada,Andhra Pradesh,India,2023-06-09,Active
CUST002064,Priya Shetty,Female,1950-07-26,9568506683,priya.shetty425@gmail.com,Bank Employee,Retail,Raipur,Chhattisgarh,India,2020.06.06,Active
CUST002065,Pallavi Shetty,Female,12/19/2007,+919982800773,pallavi.shetty913@outlook.com,Architect,Retail,Thiruvananthapuram,Kerala,India,2025-12-30,Blocked
CUST002066,Shreya Nair,Female,1973-11-19,9565365270,shreya.nair242@rediffmail.com,Journalist,Retail,Surat,Gujarat,India,2025-06-23,Active
CUST002067,Mahesh Pawar,Male,1996-11-03,9503508641,mahesh.pawar357@outlook.com,Architect,Retail,Raipur,Chhattisgarh,India,2022-10-29,Active
CUST002068,Vihaan Pawar,,1998-11-23,9760087409,vihaan.pawar45@rediffmail.com,Police Officer,Retail,Surat,Gujarat,India,2023-02-08,Active
CUST002069,Ishaan Subramaniam,Male,1969-04-28,9406873920,ishaan.subramaniam714@gmail.com,Civil Engineer,Retail, Hubballi ,Karnataka,India,2024-12-17,Active
CUST002070,Meera Desai,Female,1992-09-16,9795277946,meera.desai545@rediffmail.com,Tailor,Retail,Bengaluru,Karnataka,India,2022-08-02,Active
CUST002071,Dhruv Pillai,Male,1968-03-29,9935785741,dhruv.pillai45@gmail.com,,Retail,Varanasi,Uttar Pradesh,India,2025-11-12,Inactive
CUST002072,Sanjay Nair,Male,1995-10-18,98104-56271,sanjay.nair464@rediffmail.com,Lawyer,Retail,Pune,Maharashtra,India,2016-02-18,Active
CUST002073,Raghavendra Pawar,Male,2006-02-05,9859290113,raghavendra.pawar219@rediffmail.com,Data Analyst,Retail,Bengaluru,Karnataka,India,2024-04-20,Active
CUST002074,Amit Kale,Male,1996-11-25,9135167258,AMIT.KALE421@OUTLOOK.COM,Doctor,Retail, Coimbatore ,Tamil Nadu,India,2014-11-23,Active
CUST002075,Yash Bose,Male,1992-02-05,9417674729,YASH.BOSE284@OUTLOOK.COM,Chartered Accountant,Retail,Kanpur,Uttar Pradesh,India,2015-08-31,Active
CUST002076,Dhruv Prabhu,Male,1970-07-14,9346000926,DHRUV.PRABHU783@YAHOO.COM,Bank Employee,Premium,Udaipur,Rajasthan,India,2024-11-09,Active
CUST002077,Vandana Sen,Female,1954-08-02,9876885182,VANDANA.SEN58@OUTLOOK.COM,Civil Engineer,Premium,Lucknow,Uttar Pradesh,India,2013-01-27,Active
CUST002078,Pooja Shah,Female,1978-08-28,9306738538,pooja.shah599@rediffmail.com,Student,Premium,Lucknow,Uttar Pradesh,India,2018-10-13,Active
CUST002079,Varun Pawar,Male,1955-11-10,9728733904,varun.pawar792@yahoo.com,Bank Employee,Retail,Shimla,Himachal Pradesh,India,2016-04-16,Active
CUST002080,Vidya Bhosale,Female,1978-10-21,971 498 5708,vidya.bhosale2@yahoo.com,Driver,Retail,Chennai,Tamil Nadu,India,2012-07-24,Active
CUST002081,Meera Sharma,Female,2000-08-26,9408350203,meera.sharma903@rediffmail.com,Shop Owner,Retail,Jaipur,Rajasthan,India,2018-08-22,Active
CUST002082,Deepak Shah,Male,1954-11-10,9367330135,DEEPAK.SHAH761@REDIFFMAIL.COM,Chartered Accountant,Senior Citizen,Kochi,Kerala,India,24-04-2019,Active
CUST002083,Ayaan Desai,Male,2002-08-01,09994655880,ayaan.desai279@outlook.com,Electrician,Retail,Madurai,Tamil Nadu,India,2020-10-19,Active
CUST002084,Mahesh Gupta,Male,1984-03-27,9787026558,mahesh.gupta482@gmail.com,Teacher,Premium,Delhi,Delhi,India,2021-06-29,Active
CUST002085,Sai Pillai,Male,1950-11-04,9380458516,sai.pillai680@rediffmail.com,,Retail,Pune,Maharashtra,India,2013-01-16,Active
CUST002086,Rekha Singh,Female,1991-08-19,9696300979,rekha.singh516@rediffmail.com,Homemaker,Senior Citizen,Kolkata,West Bengal,India,2015-12-21,Active
CUST002087,Meera Venkatesh,Other,1948-01-01,9408641697,meera.venkatesh755@yahoo.com,Professor,Retail,Madurai,Tamil Nadu,India,2012-08-14,Active
CUST002088,Girish Deshmukh,Male,1985-01-05,9458965773,girish.deshmukh888@outlook.com,Electrician,Retail,Delhi,Delhi,India,2011-02-22,Active
CUST002089,Shalini Das,Female,1978-09-29,9648575659,shalini.das358@yahoo.com,Doctor,Retail,Madurai,Tamil Nadu,India,2017-01-25,Active
CUST002090,Harsh Salunkhe,Male,1993-03-11,9770130737,harsh.salunkhe110@rediffmail.com,Farmer,Premium,Indore,Madhya Pradesh,India,2020-08-28,Active
CUST002091,Neha Sharma,Female,1970-10-17,9383628267,neha.sharma431@outlook.com,Tailor,Premium,Ludhiana,Punjab,India,2016-10-05,Active
CUST002092, Geeta Deshmukh,Female,1955-03-15,9110600138,geeta.deshmukh599@yahoo.com,Data Analyst,Premium,Lucknow,Uttar Pradesh,India,2011-08-16,Active
CUST002093,Santosh Bhosale,Male,1971-06-14,9187124114,santosh.bhosale774@rediffmail.com,Software Engineer,Premium,Nagpur,Maharashtra,India,2014-06-02,Active
CUST002094,Chetan Reddy,Male,1994-02-16,9915818725,chetan.reddy282@outlook.com,Bank Employee,Retail,Ranchi,Jharkhand,India,2017-09-22,Active
CUST002095,Sangeeta Rao,Female,2005-10-10,9963455182,sangeeta.rao927@yahoo.com,Data Analyst,Retail,Hubballi,Karnataka,India,2023-10-06,Active
CUST002096,Girish Deshmukh,Other,1960-08-10,9722849441,girish.deshmukh37@rediffmail.com,Retired,Corporate,Nagpur,Maharashtra,India,2023-10-25,active
CUST002097,Rohan Salunkhe,Male,1969-04-15,9196343428,rohan.salunkhe580@yahoo.com,Nurse,Retail,Varanasi,Uttar Pradesh,India,2020-04-16,Active
CUST002098,Harsh Gowda,Male,2001-02-13,9627938541,harsh.gowda437@yahoo.com,Civil Engineer,Retail,Vadodara,Gujarat,India,2026-07-09,Active
CUST002099,Sai Shah,Male,1966-12-18,9489206357,sai.shah694@yahoo.com,Journalist,Retail,Warangal,Telangana,India,09/22/2013,Active
CUST002100,Meera Ghosh,Female,1962-11-02,9313598478,meera.ghosh284@gmail.com,Journalist,Retail, Raipur ,Chhattisgarh,India,2016-10-02,Active
CUST002101,Anika Chatterjee,Female,1998-05-17,9441349695,anika.chatterjee931@yahoo.com,Pharmacist,Retail,Belagavi,Karnataka,India,2016-05-15,Active
CUST002102,Divya Desai,Female,1977-10-21,9806961985,divya.desai2@gmail.com,Architect,Premium,Nagpur,Maharashtra,India,2011-04-25,Active
CUST002103,Shweta Joshi,Female,1983-05-03,9996730647,shweta.joshi815@outlook.com,Software Engineer,Retail,Chandigarh,Chandigarh,India,2025-05-10,Active
CUST002104,Radha Singh,Female,1977-07-09,9551392047,radha.singh492@outlook.com,Sales Executive,Retail,Surat,Gujarat,India,2018-08-29,Active
CUST002105,Shalini Menon,Female,1984-07-09,9575372957,shalini.menon515@rediffmail.com,Software Engineer,Retail,Amritsar,Punjab,India,2021-04-02,Active
CUST002106,Umesh Gupta,Male,1964-04-15,9363214741,umesh.gupta311@outlook.com,Student,Senior Citizen,Pune,Maharashtra,India,2015-04-17,Inactive
CUST002107,Pooja Prabhu,Female,1992-05-04,+919491561646,pooja.prabhu391@gmail.com,Retired,Premium,Surat,Gujarat,India,2011-10-20,Inactive
CUST002108,Vinod Deshmukh,Male,1969-11-29,9442498028,vinod.deshmukh434@outlook.com,Architect,Corporate,Mysuru,Karnataka,India,2024-11-14,Active
CUST002109,Gaurav Desai,Male,1979-09-20,9162624442,gaurav.desai311@gmail.com,Business Owner,Retail,Pune,Maharashtra,India,2021-03-25,Inactive
CUST002110,Preeti Shetty,Female,1959-03-30,9474625910,PREETI.SHETTY12@GMAIL.COM,Shop Owner,Senior Citizen,Jaipur,Rajasthan,India,2022-01-20,Active
CUST002111,Meera Chavan,Female,1948-09-06,9427743350,meera.chavan400@outlook.com,Software Engineer,Corporate,Ranchi,Jharkhand,India,2019-04-15,Active
CUST002112,Vidya Joshi,Female,1982-07-16,937 532 3842,vidya.joshi401@gmail.com,Nurse,Retail,Hubballi,Karnataka,India,2017-04-13,Active
CUST002113,Vishal Bose,Male,1956-05-28,9652391854,vishal.bose721@yahoo.com,Tailor,Premium,Ludhiana,Punjab,India,2017-07-24,Active
CUST002114,Ritu Venkatesh,Female,2003-04-25,9740969664,ritu.venkatesh470@rediffmail.com,Journalist,Retail,Lucknow,Uttar Pradesh,India,2022-11-03,Active
CUST002115,Mallikarjun Sharma,Male,2006-02-11,09142246930,mallikarjun.sharma549@yahoo.com,Retired,Premium,Udaipur,Rajasthan,India,2024-03-07,Active
CUST002116,Chetan Dutta,Male,1967-03-07,9407956876,chetan.dutta466@outlook.com,Sales Executive,Premium,Visakhapatnam,Andhra Pradesh,India,2016-04-20,Active
CUST002117,Sai Ghosh,Male,1965-07-01,9127778698,sai.ghosh424@yahoo.com,Software Engineer,Retail,Kolkata,West Bengal,India,2015-10-11,Active
CUST002118,Priya Menon,Female,1978-10-12,9839095487,priya.menon716@gmail.com,Homemaker,Retail,Chennai,Tamil Nadu,India,2019-02-09,Active
CUST002119,Vivaan Das,Male,1960-05-13,9934485009,vivaan.das675@gmail.com,Driver,Retail,Guwahati,Assam,India,2026-01-13,Active
CUST002120,Bhavna Kulkarni,Female,2000-03-19,9517321935,,Data Analyst,Premium,Bengaluru,Karnataka,India,2025-05-03,Active
CUST002121,Umesh Pawar,Male,1954-03-06,995 051 2613,UMESH.PAWAR496@GMAIL.COM,Business Owner,Premium,Dehradun,Uttarakhand,India,06/19/2019,Dormant
CUST002122,Aryan Kulkarni,Male,1975-05-31,9666064161,aryan.kulkarni28@gmail.com,Pharmacist,Retail,Ludhiana,Punjab,India,2014-02-09,Active
CUST002123,Snehal Gowda,Female,1959-06-13,09953157085,snehal.gowda585@rediffmail.com,Pharmacist,Student,Shimla,Himachal Pradesh,India,2025-08-11,Active
CUST002124,Suresh Desai,Male,1998-05-12,96283-32249,suresh.desai396@rediffmail.com,Marketing Manager,Retail,Jaipur,Rajasthan,India,2016-05-11,Active
CUST002125,Usha Ghosh,Female,1956-09-27,9501448303,usha.ghosh96@yahoo.com,Software Engineer,Retail,Kochi,Kerala,India,2016-07-15,Blocked
CUST002126,Radha Subramaniam,Female,1975-01-16,9767755722,radha.subramaniam856@outlook.com,Electrician,Retail,Panaji,Goa,India,2024-10-04,Active
CUST002127,Aditya Kumar,Male,1998.07.02,9253311586,aditya.kumar632@gmail.com,Sales Executive,Corporate,Mysuru,Karnataka,India,2016-07-26,Active
CUST002128,Kavya Deshmukh,Female,1974-09-02,09594930087,kavya.deshmukh625@outlook.com,HR Manager,Premium,Warangal,Telangana,India,2018.03.06,Active
CUST002129,Radha Verma,Female,1959-03-07,09281209467,radha.verma636@gmail.com,Bank Employee,Premium,Jaipur,Rajasthan,India,2025-03-30,Active
CUST002130,Priya Reddy,Female,1957-07-11,9870290675,priya.reddy982@outlook.com,Software Engineer,Corporate,Thiruvananthapuram,Kerala,India,10/12/2015,Active
CUST002131,Sneha Hegde,Female,1984-08-22,9804324969,sneha.hegde687@yahoo.com,Tailor,Retail,Indore,Madhya Pradesh,India,2020-09-12,Active
CUST002132,Anika Agarwal,Female,1955-07-28,+919902156474,anika.agarwal712@rediffmail.com,Bank Employee,Retail,Visakhapatnam,Andhra Pradesh,India,2011-07-31,Active
CUST002133,Aditi Desai,Female,1969.07.11,9874179515,aditi.desai750@rediffmail.com,Doctor,Retail,Udaipur,Rajasthan,India,2026-06-21,Active
CUST002134,Siddharth Nair,Male,1985-01-17,9399135396,SIDDHARTH.NAIR723@YAHOO.COM,Police Officer,Retail,Hubballi,Karnataka,India,2017-07-05,Active
CUST002135,Namrata Krishnan,Female,1970-12-28,9741357791,namrata.krishnan703@gmail.com,Data Analyst,Retail,Delhi,Delhi,India,2021-05-31,Active
CUST002136,Swati Kumar,Female,1998-02-14,9974309235,swati.kumar76@yahoo.com,Nurse,Retail,Amritsar,Punjab,India,2018-10-11,ACTIVE
CUST002137,Meera Agarwal,Female,1989-09-02,9259081364,meera.agarwal402@yahoo.com,Driver,Retail,Jaipur,Rajasthan,India,2017-09-28,Active
CUST002138,Rekha Kumar,Female,1956-03-15,934 227 5210,rekha.kumar275@yahoo.com,Civil Engineer,Retail,Thiruvananthapuram,Kerala,India,2017.04.24,Active
CUST002139,Shivraj Bhat,Male,1997-07-02,9315276003,shivraj.bhat889@outlook.com,Pharmacist,Retail,Varanasi,Uttar Pradesh,India,2015-07-12,Dormant
CUST002140,Suman Kale,Female,2003-02-19,9657492874,suman.kale583@rediffmail.com,Sales Executive,Student,Amritsar,Punjab,India,2021-02-17,Active
CUST002141,Sai Salunkhe,Other,1960-04-03,9362158128,sai.salunkhe515@gmail.com,Government Employee,Retail,Chennai,Tamil Nadu,India,2016-11-30,Active
CUST002142,Mallikarjun Shetty,Male,1969-09-28,9356034171,mallikarjun.shetty522@outlook.com,Software Engineer,Senior Citizen,Hubballi,Karnataka,India,2016-09-25,Active
CUST002143,Manoj Shah,Male,1971-12-12,09703816559,manoj.shah681@gmail.com,Police Officer,Retail, Ranchi ,Jharkhand,India,2015-04-02,Active
CUST002144,Rashmi Raghunathan,Female,1973-10-06,9815375131,rashmi.raghunathan762@outlook.com,Pharmacist,Corporate,Vadodara,Gujarat,India,2020-12-24,Active
CUST002145,Abhishek Bose,Male,1976-02-06,9309286913,abhishek.bose202@outlook.com,Chef,Retail,Amritsar,Punjab,India,2023-11-19,Active
CUST002146,Vandana Sharma,Female,2002-03-10,9984588534,vandana.sharma992@rediffmail.com,HR Manager,Retail,Mysuru,Karnataka,India,2024-11-06,Active
CUST002147,Prakash Verma,Male,1987-06-17,9179575681,prakash.verma761@outlook.com,Government Employee,Retail,Madurai,Tamil Nadu,India,2026.02.08,Inactive
CUST002148,Ganesh Salunkhe,Male,2002-04-20,9190051024,,Bank Employee,Retail,Raipur,Chhattisgarh,India,2021-02-03,Active
CUST002149,Preeti Desai,Female,1969-03-26,9979949964,preeti.desai605@rediffmail.com,Bank Employee,Premium,Ludhiana,Punjab,India,2017-05-21,Active
CUST002150,Anita Verma,Female,1979-10-19,9149881972,anita.verma428@yahoo.com,Electrician,Retail,Nagpur,Maharashtra,India,2021-01-14,Active
CUST002151,Sushma Reddy,Female,1954-06-11,9383149686,sushma.reddy376@yahoo.com,Chef,Retail,Amritsar,Punjab,India,2013-01-21,ACTIVE
CUST002152,Payal Mukherjee,Female,1964.10.07,09209037293,payal.mukherjee866@outlook.com,Civil Engineer,Premium,Nagpur,Maharashtra,India,2023.09.10,Active
CUST002153,Kalpana Ghosh,Female,1983-05-18,9166600945,kalpana.ghosh286@yahoo.com,Electrician,Retail,Bengaluru,Karnataka,India,2019-04-24,Active
CUST002154,Ananya Raghunathan,Female,1958-06-01,9422874101,ananya.raghunathan837@rediffmail.com,HR Manager,Retail,Panaji,Goa,India,2013-07-26,Active
CUST002155,Sneha Patil,Female,2006-03-07,9366096940,sneha.patil636@gmail.com,Police Officer,Retail,Mysuru,Karnataka,India,2024-03-08,Active
CUST002156,Pallavi Bhosale,Female,1964-06-14,9242582628,pallavi.bhosale816@gmail.com,Marketing Manager,Retail,Warangal,Telangana,India,2015-09-05,Active
CUST002157,Rekha Chavan,Female,1957-10-13,9132191032,rekha.chavan744@rediffmail.com,Police Officer,Retail,Mysuru,Karnataka,India,2016-06-06,Active
CUST002158,Sunil Shah,Male,1995-04-17,+919526860192,sunil.shah620@yahoo.com,Software Engineer,Retail,Chandigarh,Chandigarh,India,2013-04-26,Active
CUST002159,Raghavendra Pillai,Male,1953.06.15,9374845210,raghavendra.pillai191@rediffmail.com,Lawyer,Retail,Nagpur,Maharashtra,India,04/02/2011,Active
CUST002160,Divya Bhat,Female,1967-08-31,9685233908,divya.bhat992@rediffmail.com,Farmer,Student,Hyderabad,Telangana,India,2016-06-07,Active
CUST002161,Swati Singh,Female,1960-01-15,9404076641,swati.singh642@rediffmail.com,Farmer,Retail,Kolkata,West Bengal,India,2015-09-08,Blocked
CUST002162,Aadhya Prabhu ,Female,1990.01.29,9525411093,aadhya.prabhu358@outlook.com,Government Employee,Retail,Thiruvananthapuram,Kerala,India,2026-07-09,Active
CUST002163,Aryan Chatterjee,Male,1999-01-30,9829914613,aryan.chatterjee256@outlook.com,Architect,Corporate,Udaipur,Rajasthan,India,2017-01-26,Active
CUST002164,Neha Sen,Female,1959-10-29,9229967523,NEHA.SEN117@OUTLOOK.COM,Data Analyst,Student,Delhi,Delhi,India,2016-02-12,Active
CUST002165,Mahesh Reddy,Male,1973-03-15,94920-73088,mahesh.reddy316@outlook.com,Student,Premium,Jaipur,Rajasthan,India,2025-03-21,Active
CUST002166,Vidya Jadhav,Female,1976-12-27,9763077047,vidya.jadhav133@yahoo.com,Electrician,Retail,Jaipur,Rajasthan,India,2024-05-11,Active
CUST002167, Saanvi Iyer,Female,1989-11-10,9582919368,saanvi.iyer887@rediffmail.com,Driver,Corporate,Howrah,West Bengal,India,2011-11-19,Inactive
CUST002168,Preeti Verma,Female,1969.05.01,+919762141347,preeti.verma435@gmail.com,Farmer,Retail,Kanpur,Uttar Pradesh,India,2012-05-01,Active
CUST002169,Swati Singh,Female,1979-09-07,9816280894,swati.singh625@yahoo.com,HR Manager,Premium,Kolkata,West Bengal,India,2012-06-23,Dormant
CUST002170,Yash Bhat,Male,1978-07-05,9810092869,yash.bhat804@yahoo.com,HR Manager,Premium,Kolkata,West Bengal,India,2018-02-21,Active
CUST002171,Deepak Gowda,Male,1948-09-08,9653901389,deepak.gowda960@rediffmail.com,Consultant,Retail,Guwahati,Assam,India,2019-11-24,Active
CUST002172,Shalini Singh,Female,12/07/1982,9926657994,shalini.singh452@yahoo.com,Pharmacist,Corporate,Madurai,Tamil Nadu,India,2016-06-17,Active
CUST002173,Pooja Naik,Female,1982-05-27,9120419688,pooja.naik53@gmail.com,Pharmacist,Premium,Kolkata,West Bengal,India,2011-03-15,Active
CUST002174,Preeti Patil,Female,2008-01-13,,preeti.patil611@rediffmail.com,Pharmacist,Premium,Mysuru,Karnataka,India,2026-01-25,Active
CUST002175,Vivaan Chatterjee,Male,1978-11-24,9821846111,vivaan.chatterjee945@yahoo.com,Accountant,Senior Citizen,Indore,Madhya Pradesh,India,2020-07-19,Active
CUST002176,Karan Deshmukh,Male,2002-07-08,+919836377056,karan.deshmukh358@outlook.com,Doctor,Premium,Patna,Bihar,India,2020-07-07,Active
CUST002177,Varun Krishnan,Male,1969-02-24,913 479 6648,varun.krishnan103@rediffmail.com,Electrician,Retail,Indore,Madhya Pradesh,India,2012-12-02,Active
CUST002178, Gaurav Salunkhe,Male,1990-02-27,980 787 4336,gaurav.salunkhe714@rediffmail.com,Teacher,Retail,Hubballi,Karnataka,India,2021.02.13,Active
CUST002179,Naveen Kamath,Male,2002-08-17,9268218583,NAVEEN.KAMATH620@YAHOO.COM,Software Engineer,Retail,Jaipur,Rajasthan,India,2020-08-25,Active
CUST002180,Rashmi Verma,Female,1957-04-25,9700769139,rashmi.verma153@gmail.com,Accountant,Retail,Hyderabad,Telangana,India,2018-08-14,Dormant
CUST002181,Vishal Bose,Male,1982-05-09,9846290481,vishal.bose4@rediffmail.com,Accountant,Premium,Bhubaneswar,Odisha,India,2025-08-10,Active
CUST002182,Abhishek Gowda,Male,2003-09-05,+919832780701,abhishek.gowda520@yahoo.com,Lawyer,Corporate,Kolkata,West Bengal,India,2024-02-13,Dormant
CUST002183,Deepak Nair,Male,1981-09-07,9616914548,deepak.nair149@rediffmail.com,Lawyer,Retail,Surat,Gujarat,India,2011-08-14,Active
CUST002184,Amit Naik,Male,2002-01-28,9917571071,amit.naik185@rediffmail.com,Pharmacist,Senior Citizen,Jaipur,Rajasthan,India,2025-01-22,Active
CUST002185,Komal Naik ,Female,1973.06.09,92261-06419,komal.naik309@yahoo.com,Journalist,Premium,Bhubaneswar,Odisha,India,2011-10-09,Active
CUST002186,Sanjay Kotian,Male,2001-09-19,9312834590,sanjay.kotian468@gmail.com,Farmer,Student,Patna,Bihar,India,2019-10-08,Active
CUST002187,Aadhya Kulkarni,Female,1986-02-05,9219372613,aadhya.kulkarni817@yahoo.com,,Retail,Amritsar,Punjab,India,2025-01-04,Active
CUST002188,Vidya Menon,Female,1977-01-07,9747454631,vidya.menon430@gmail.com,Shop Owner,Retail,Vadodara,Gujarat,India,2026-04-03,Active
CUST002189,Shivraj Joshi,Male,1961-01-08,9937378216,shivraj.joshi835@yahoo.com,Nurse,Premium,Amritsar,Punjab,India,2011-05-09,Active
CUST002190,Sneha Desai,Female,1958-05-05,9218841662,sneha.desai604@yahoo.com,Lawyer,Premium,Dehradun,Uttarakhand,India,2012-02-13,Active
CUST002191,Anjali Kamath,Female,1965-06-30,9254707891,anjali.kamath392@outlook.com,Civil Engineer,Senior Citizen,Lucknow,Uttar Pradesh,India,2014-10-01,Active
CUST002192,Mahesh Iyer,Male,1993-09-14,9663696107,MAHESH.IYER509@GMAIL.COM,Marketing Manager,Senior Citizen,Indore,Madhya Pradesh,India,2015-04-18,Active
CUST002193,Harsh Pawar,Male,1976-05-09,9907072852,harsh.pawar141@rediffmail.com,Data Analyst,Retail,Visakhapatnam,Andhra Pradesh,India,2015-05-05,Active
CUST002194,Diya Rao,Female,1971-07-16,9989188070,DIYA.RAO974@GMAIL.COM,Doctor,Retail,Ludhiana,Punjab,India,2017-06-22,Active
CUST002195,Shweta Pawar,Female,1976-04-12,9748654455,shweta.pawar302@rediffmail.com,Driver,Premium,Hyderabad,Telangana,India,15/12/2015,Blocked
CUST002196,Manisha Mukherjee,Female,1968-11-15,9892746797,manisha.mukherjee899@yahoo.com,Lawyer,Retail,Patna,Bihar,India,2020-01-20,Active
CUST002197,Sangeeta Dutta,Female,1996-11-24,,sangeeta.dutta644@yahoo.com,Nurse,Senior Citizen,Vadodara,Gujarat,India,2024-04-08,Active
CUST002198,Reyansh Mukherjee,Male,1971-09-04,+919276486794,reyansh.mukherjee294@rediffmail.com,Driver,Premium,Mysuru,Karnataka,India,2019-06-26,Active
CUST002199,Rashmi Raghunathan,Female,1976-08-08,,rashmi.raghunathan486@outlook.com,Lawyer,Corporate,Howrah,West Bengal,India,2016-02-27,Active
CUST002200,Reyansh Shah,Male,1981-11-14,9189479693,reyansh.shah121@gmail.com,,Senior Citizen,Shimla,Himachal Pradesh,India,2019-10-29,Inactive
CUST002201,Rohan Nair,Male,1987-02-26,9705386612,rohan.nair615@outlook.com,Farmer,Retail,Raipur,Chhattisgarh,India,2020-08-21,Active
CUST002202,Riya Joshi,Female,1968.03.16,9396514179,riya.joshi65@outlook.com,Professor,Retail,Guwahati,Assam,India,2024-12-04,Active
CUST002203,Swati Kumar,Female,1952-06-09,9404478275,swati.kumar638@rediffmail.com,Architect,Premium,Shimla,Himachal Pradesh,India,2025-09-20,Dormant
CUST002204,Sunita Chowdhury,Female,1989-10-18,9102709764,SUNITA.CHOWDHURY198@OUTLOOK.COM,Shop Owner,Corporate,Varanasi,Uttar Pradesh,India,2015-04-25,Active
CUST002205,Ishaan Shah,Male,1981-12-05,9999919146,,Farmer,Premium,Bhubaneswar,Odisha,India,2025-04-08,Active
CUST002206,Yash Gowda,Male,1987-03-29,9484652237,yash.gowda222@outlook.com,Journalist,Retail,Hubballi,Karnataka,India,2023-09-10,Active
CUST002207,Riya Bhosale,Female,1980-12-07,9806099116,riya.bhosale90@gmail.com,Homemaker,Premium,Hyderabad,Telangana,India,28-12-2012,ACTIVE
CUST002208,Bhavna Pillai,Female,1978-10-30,9567618945,,Chartered Accountant,Retail,Hubballi,Karnataka,India,2019-09-02,Inactive
CUST002209, Shweta Das,Female,2005-06-21,967 686 3868,shweta.das935@rediffmail.com,Professor,Retail,Vijayawada,Andhra Pradesh,India,2023-06-17,Active
CUST002210,Rashmi Dutta ,Female,1951-04-09,9521131122,rashmi.dutta923@gmail.com,Tailor,Student,Kochi,Kerala,India,2018-08-15,Active
CUST002211,Siddharth Naik,Male,04-08-1953,9718707195,siddharth.naik717@yahoo.com,Bank Employee,Retail,Vijayawada,Andhra Pradesh,India,2011.09.11,Active
CUST002212,Sunil Rao,Male,2004-09-26,9279842278,sunil.rao231@gmail.com,Lawyer,Retail,Surat,Gujarat,India,2022-10-16,Active
CUST002213,Karan Chowdhury,Male,09/22/2001,9996475485,karan.chowdhury758@rediffmail.com,Bank Employee,Retail,Surat,Gujarat,India,2020-02-20,Active
CUST002214,Deepak Kumar,Male,1972.12.10,9485065545,deepak.kumar758@outlook.com,Shop Owner,Corporate,Indore,Madhya Pradesh,India,2015-09-22,ACTIVE
CUST002215,Sai Reddy,Male,1980-10-01,9109703479,sai.reddy237@outlook.com,Professor,Retail,Varanasi,Uttar Pradesh,India,2011-02-27,Active
CUST002216,Deepika Reddy,Female,1975-03-25,9957261732,deepika.reddy835@rediffmail.com,HR Manager,Retail,Howrah,West Bengal,India,2017-01-13,Active
CUST002217,Mahesh Raghunathan,Male,2008-05-29,9120542201,mahesh.raghunathan995@rediffmail.com,Student,Retail, Warangal ,Telangana,India,2026-06-05,INACTIVE
CUST002218,Ayaan Mehta,Male,1975-08-18,9525069571,AYAAN.MEHTA377@YAHOO.COM,Driver,Premium,Lucknow,Uttar Pradesh,India,2022-11-11,Active
CUST002219,Suman Naik,Female,1994-01-13,9806525082,suman.naik588@rediffmail.com,Data Analyst,Retail,Belagavi,Karnataka,India,2013-02-13,Active
CUST002220,Vihaan Rao,Male,1970-02-11,9433419383,vihaan.rao870@yahoo.com,Driver,Corporate,Delhi,Delhi,India,2018-05-29,Active
CUST002221,Krishna Subramaniam,Male,1971-02-06,9288452763,krishna.subramaniam262@rediffmail.com,,Corporate, Pune ,Maharashtra,India,2014-02-01,Dormant
CUST002222,Kalpana Naidu,Female,1988-11-13,9316454884,KALPANA.NAIDU987@REDIFFMAIL.COM,Consultant,Retail,Hubballi,Karnataka,India,2013-05-23,Active
CUST002223, Sai Chatterjee,Male,1972-03-06,9616396585,SAI.CHATTERJEE303@GMAIL.COM,Homemaker,Retail,Delhi,Delhi,India,2012-11-23,Active
CUST002224,Aadhya Hegde ,Female,1948-11-03,9553006396,aadhya.hegde966@rediffmail.com,Civil Engineer,Retail,Belagavi,Karnataka,India,2022-10-22,Active
CUST002225,Vandana Chatterjee,Female,1958-06-24,+919386803112,vandana.chatterjee234@outlook.com,HR Manager,Retail,Nagpur,Maharashtra,India,2025-04-15,Active
CUST002226,Mahesh Jadhav,Male,2000-12-01,9853785936,mahesh.jadhav741@rediffmail.com,Driver,Retail,Amritsar,Punjab,India,2021-04-22,Dormant
CUST002227,Sushma Kotian,Female,1970-03-24,9799071303,sushma.kotian525@gmail.com,Sales Executive,Premium,Delhi,Delhi,India,11/17/2016,Active
CUST002228,Shalini Kumar,Female,1954-03-16,9106047633,shalini.kumar371@outlook.com,Marketing Manager,Retail,Varanasi,Uttar Pradesh,India,2025-09-30,Active
CUST002229,Deepika Gowda,Female,2004-11-23,+919597051287,deepika.gowda439@gmail.com,Chef,Retail,Belagavi,Karnataka,India,2022-11-22,Active
CUST002230,Ritu Yadav,Female,2008-07-25,9242848909,ritu.yadav227@rediffmail.com,Accountant,Retail,Vijayawada,Andhra Pradesh,India,2026-07-31,Active
CUST002231,Deepika Ghosh,Female,1978-04-10,9867265695,deepika.ghosh671@rediffmail.com,Data Analyst,Retail,Coimbatore,Tamil Nadu,India,2020-11-09,Active
CUST002232,Meera Chatterjee,Female,1986-01-19,9497739348,meera.chatterjee991@outlook.com,Chef,Retail,Ranchi,Jharkhand,India,2021-03-02,Active
CUST002233,Geeta Naik,Female,1993-09-26,9207349116,geeta.naik585@gmail.com,Doctor,Retail,Thiruvananthapuram,Kerala,India,2018-08-25,Active
CUST002234,Sunil Kamath,Male,1952-01-05,9121606708,sunil.kamath276@outlook.com,Retired,Premium,Bhubaneswar,Odisha,India,2018-06-13,Active
CUST002235,Jyoti Dutta,Female,1965-12-22,9821863464,jyoti.dutta669@yahoo.com,Student,Retail,Thiruvananthapuram,Kerala,India,2015-12-10,Active
CUST002236,Ritu Kulkarni,Female,1982-01-27,9992773700,ritu.kulkarni438@rediffmail.com,Architect,Retail,Lucknow,Uttar Pradesh,India,2021-07-30,Active
CUST002237,Neha Joshi,Female,1981-04-22,97731-21960,neha.joshi920@gmail.com,Doctor,Senior Citizen,Bhubaneswar,Odisha,India,2021-06-12,Active
CUST002238,Yash Raghunathan,Male,1968-01-27,915 216 1744,yash.raghunathan264@yahoo.com,Civil Engineer,Retail,Amritsar,Punjab,India,2017-10-10,Active
CUST002239,Suresh Chowdhury,Male,1948-02-05,9642911458,suresh.chowdhury518@yahoo.com,Shop Owner,Corporate,Ahmedabad,Gujarat,India,2022-01-24,Active
CUST002240,Krishna Kotian,Male,26/09/2005,,krishna.kotian496@rediffmail.com,HR Manager,Retail,Vijayawada,Andhra Pradesh,India,2023.10.05,Active
CUST002241,Vivaan Agarwal,Male,1985-03-23,9455174643,vivaan.agarwal884@yahoo.com,Doctor,Retail,Shimla,Himachal Pradesh,India,2017-06-19,Inactive
CUST002242,Harsh Kumar,Male,1993-10-08,9999260668,harsh.kumar111@rediffmail.com,Chef,Retail,Patna,Bihar,India,2026-05-01,Active
CUST002243,Vishal More,Male,1974-06-29,9989190691,VISHAL.MORE617@REDIFFMAIL.COM,Retired,Premium,Vijayawada,Andhra Pradesh,India,2022-05-26,Inactive
CUST002244,Karan Kotian,Male,1978-09-19,9870452143,karan.kotian808@outlook.com,Electrician,Corporate,Bengaluru,Karnataka,India,2022-03-12,Active
CUST002245,Divya Chatterjee,Female,1974-12-06,9891948924,DIVYA.CHATTERJEE361@GMAIL.COM,Electrician,Retail,Kanpur,Uttar Pradesh,India,2024-05-30,Active
CUST002246,Rohan Sharma,Male,1974-01-14,9611225938,rohan.sharma505@gmail.com,Chef,Retail,Bhopal,Madhya Pradesh,India,2020-06-15,Active
CUST002247,Manisha Reddy,Female,1988-08-18,9838531714,manisha.reddy294@gmail.com,Consultant,Retail,Vijayawada,Andhra Pradesh,India,2021-04-18,Active
CUST002248,Rahul Pillai,Male,2008-05-01,9307006011,rahul.pillai419@rediffmail.com,Student,Retail,Bengaluru,Karnataka,India,2026-05-02,Active
CUST002249, Rohan Bhosale,Male,1995-02-04,9697557203,rohan.bhosale949@outlook.com,Homemaker,Retail,Amritsar,Punjab,India,2023-11-02,Active
CUST002250,Kabir Mehta,Male,1988-06-06,9260146964,kabir.mehta363@yahoo.com,Lawyer,Student,Belagavi,Karnataka,India,2022-01-20,Dormant
CUST002251, Sushma Chavan,Female,1948-09-24,9414288633,sushma.chavan202@outlook.com,Bank Employee,Retail,Howrah,West Bengal,India,2019-02-19,Active
CUST002252,Ramesh Agarwal,Male,1979-02-19,9332820184,ramesh.agarwal579@outlook.com,HR Manager,Retail,Indore,Madhya Pradesh,India,20/12/2012,Blocked
CUST002253,Meera Menon,Female,2005-11-25,09173528944,meera.menon469@rediffmail.com,Lawyer,Premium,Hyderabad,Telangana,India,2023-12-11,Active
CUST002254,Manisha Kotian,Female,1972-02-09,9830972902,manisha.kotian779@gmail.com,Teacher,Retail,Ludhiana,Punjab,India,2016-01-25,Dormant
CUST002255,Vinod Prabhu,Male,1981-04-15,9899580095,vinod.prabhu37@gmail.com,Driver,Student,Vijayawada,Andhra Pradesh,India,2016-07-30,Active
CUST002256,Saanvi Ghosh,Female,1967-08-31,977 234 7957,saanvi.ghosh901@rediffmail.com,Software Engineer,Retail,Hubballi,Karnataka,India,2012-12-08,Active
CUST002257,Harsh Krishnan,Male,1959-08-01,9361509881,harsh.krishnan701@yahoo.com,Consultant,Corporate,Madurai,Tamil Nadu,India,2014-05-16,Active
CUST002258,Santosh Naidu,Male,1990-09-26,9641877263,santosh.naidu840@rediffmail.com,Homemaker,Retail,Nagpur,Maharashtra,India,2012-12-16,Dormant
CUST002259,Vikram Naik,Male,1966-12-29,9891294233,vikram.naik407@rediffmail.com,Journalist,Retail,Patna,Bihar,India,2012-07-07,Active
CUST002260,Ramesh Pillai,Male,1983-08-13,9962328879,ramesh.pillai445@gmail.com,Retired,Retail,Panaji,Goa,India,2011-05-02,Active
CUST002261,Divya Raghunathan,Female,1983-12-16,9720578548,divya.raghunathan334@yahoo.com,Architect,Corporate,Kochi,Kerala,India,2015-07-31,Active
CUST002262,Shweta Chavan,Female,1999-05-21,9299603012,shweta.chavan833@outlook.com,Homemaker,Retail,Mysuru,Karnataka,India,2022-09-29,Active
CUST002263,Rashmi Krishnan,Female,2004-10-31,9458350100,RASHMI.KRISHNAN71@GMAIL.COM,Student,Retail,Hubballi,Karnataka,India,2024-06-03,Active
CUST002264,Tanvi Bose,Female,1981-07-15,9364765683,TANVI.BOSE528@REDIFFMAIL.COM,HR Manager,Retail,Pune,Maharashtra,India,2014-07-13,Active
CUST002265,Priya Sharma,Female,1951-01-19,9157249687,priya.sharma260@gmail.com,Journalist,Retail,Udaipur,Rajasthan,India,2017-08-02,Active
CUST002266,Nikhil Singh ,Male,1983-04-12,9820092606,nikhil.singh637@gmail.com,Doctor,Corporate,Patna,Bihar,India,2023-12-05,Inactive
CUST002267,Aditya Kamath,Male,2001-08-05,9620271383,aditya.kamath962@outlook.com,Data Analyst,Senior Citizen,Hubballi,Karnataka,India,2021-12-25,Active
CUST002268,Nikhil Ghosh,Male,1976-12-01,9973237497,NIKHIL.GHOSH674@GMAIL.COM,Pharmacist,Premium,Ludhiana,Punjab,India,2025-01-19,Active
CUST002269,Divya Jadhav,Female,1982-03-18,9684708486,divya.jadhav45@outlook.com,Lawyer,Retail,Madurai,Tamil Nadu,India,2017-07-14,Active
CUST002270,Ramesh Reddy,Other,1889-06-01,9139346123,ramesh.reddy399@yahoo.com,Marketing Manager,Retail,Lucknow,Uttar Pradesh,India,2013-08-14,Active
CUST002271, Dhruv Agarwal,Male,1974-08-06,9498326215,dhruv.agarwal32@yahoo.com,Marketing Manager,Retail,Bhopal,Madhya Pradesh,India,2013-03-23,Active
CUST002272,Namrata Dutta,Female,20/02/1973,9527402909,namrata.dutta486@rediffmail.com,Sales Executive,Retail,Kanpur,Uttar Pradesh,India,2022-01-05,Active
CUST002273,Sangeeta Dutta,Female,1977-03-18,97071-21587,SANGEETA.DUTTA174@GMAIL.COM,Professor,Retail,Udaipur,Rajasthan,India,2011-05-30,Active
CUST002274,Tanvi Kulkarni,Female,1999-08-12,9610305266,tanvi.kulkarni692@yahoo.com,Lawyer,Premium,Kolkata,West Bengal,India,2018-02-25,Active
CUST002275,Shreya Raghunathan ,Female,1977-07-25,9802255158,shreya.raghunathan533@gmail.com,Electrician,Corporate, Vadodara ,Gujarat,India,2016-06-27,Active
CUST002276,Shalini Sharma,Female,1967-10-24,9119851196,shalini.sharma308@gmail.com,Student,Retail,Coimbatore,Tamil Nadu,India,2025-04-12,Active
CUST002277,Geeta Deshmukh,Female,1984-02-25,9201390313,geeta.deshmukh856@gmail.com,Bank Employee,Corporate,Hyderabad,Telangana,India,2026-07-05,Inactive
CUST002278,Komal Yadav,Female,1989-12-17,9957423416,komal.yadav746@yahoo.com,Civil Engineer,Premium,Bhubaneswar,Odisha,India,2018-07-12,Active
CUST002279,Mahesh Mukherjee,Male,2003-04-18,9491768518,mahesh.mukherjee626@yahoo.com,Shop Owner,Senior Citizen,Panaji,Goa,India,2021-04-29,Active
CUST002280,Komal Sen,Female,2002-02-05,9840423037,komal.sen354@yahoo.com,Farmer,Student,Ludhiana,Punjab,India,2020-03-01,Active
CUST002281,Ayaan More,Male,1995-06-13,9871571856,ayaan.more272@gmail.com,Farmer,Retail,Kolkata,West Bengal,India,2023-01-26,Dormant
CUST002282,Sunita Gupta,Female,1994-08-05,9208540991,sunita.gupta585@gmail.com,Software Engineer,Retail,Warangal,Telangana,India,2015-07-30,Active
CUST002283,Pradeep Gupta,Male,1975-03-22,9734882205,PRADEEP.GUPTA789@GMAIL.COM,Student,Premium,Nagpur,Maharashtra,India,2022-07-26,Active
CUST002284,Mallikarjun Iyer,Male,1968-10-03,+919238396877,MALLIKARJUN.IYER836@OUTLOOK.COM,Pharmacist,Corporate,Madurai,Tamil Nadu,India,2025-01-15,Active
CUST002285,Umesh Mukherjee,Male,1982-02-05,9319859149,UMESH.MUKHERJEE776@REDIFFMAIL.COM,Tailor,Retail,Chandigarh,Chandigarh,India,2013-09-01,Active
CUST002286,Arjun Reddy,Male,1990-10-16,9779691872,ARJUN.REDDY24@GMAIL.COM,Homemaker,Retail,Madurai,Tamil Nadu,India,2014-07-07,Active
CUST002287,Sai Chatterjee,Male,1979-05-30,9338183891,sai.chatterjee983@gmail.com,Tailor,Senior Citizen,Ranchi,Jharkhand,India,2016-11-16,Active
CUST002288,Umesh Salunkhe,Male,1960-07-16,9315892998,umesh.salunkhe240@rediffmail.com,Tailor,Retail,Nagpur,Maharashtra,India,2023-11-11,Active
CUST002289,Mallikarjun Raghunathan,Male,1948-11-22,9409602593,MALLIKARJUN.RAGHUNATHAN11@OUTLOOK.COM,Retired,Retail,Surat,Gujarat,India,16/12/2020,Active
CUST002290,Manoj Gowda,Male,1951-07-11,99939-23682,manoj.gowda561@outlook.com,Sales Executive,Retail,Hyderabad,Telangana,India,2014-01-07,Active
CUST002291,Shreya Bhat,Female,1973-10-27,9506373965,shreya.bhat455@gmail.com,Professor,Retail,Udaipur,Rajasthan,India,2016-09-19,Active
CUST002292,Namrata Bhosale,Female,1995-12-11,9846473769,namrata.bhosale106@rediffmail.com,Retired,Retail,Pune,Maharashtra,India,30/12/2020,Active
CUST002293,Geeta Dutta,Female,1995-11-08,9639711063,,Pharmacist,Retail,Surat,Gujarat,India,2025-12-27,Active
CUST002294,Amit Patil,Male,1996-12-13,9702119031,amit.patil206@gmail.com,Government Employee,Premium,Guwahati,Assam,India,2018-01-03,Blocked
CUST002295,Prakash Chowdhury,Male,1990-12-16,9892469515,,Chef,Retail,Dehradun,Uttarakhand,India,2012-02-27,Active
CUST002296,Sunita Prabhu,Female,22-05-1949,9983675020,sunita.prabhu748@outlook.com,Marketing Manager,Corporate,Madurai,Tamil Nadu,India,16/08/2012,Active
CUST002297,Anil Desai,Male,2001-07-08,9903875485,anil.desai681@rediffmail.com,Professor,Retail,Vadodara,Gujarat,India,2019-07-08,Active
CUST002298,Mallikarjun Mehta,Male,2005-06-02,9964974782,mallikarjun.mehta26@rediffmail.com,Sales Executive,Premium,Indore,Madhya Pradesh,India,2023-06-14,Active
CUST002299,Kalpana Yadav,Female,1999-06-25,9548441220,kalpana.yadav174@outlook.com,Professor,Retail,Jaipur,Rajasthan,India,2017-07-02,Active
CUST002300,Bhavna Singh,Female,1975-01-05,9868827744,bhavna.singh609@outlook.com,Civil Engineer,Premium,Kanpur,Uttar Pradesh,India,2015-05-17,Active
CUST002301,Anil Rao ,Male,1961-01-02,9173635245,anil.rao802@outlook.com,Government Employee,Retail,Kolkata,West Bengal,India,2015-09-05,Active
CUST002302,Ira Bose,Female,2002-11-04,9472214991,ira.bose35@gmail.com,Business Owner,Retail, Ludhiana ,Punjab,India,2022-11-29,Active
CUST002303,Vivaan Sharma,Male,1959-03-21,9891604383,VIVAAN.SHARMA336@YAHOO.COM,Business Owner,Retail,Thiruvananthapuram,Kerala,India,2018-05-31,Active
CUST002304,Sangeeta Hegde,Female,1995-10-01,9344144744,sangeeta.hegde116@gmail.com,Sales Executive,Retail,Raipur,Chhattisgarh,India,2022-04-29,Dormant
CUST002305,Gaurav Agarwal,Male,2006-06-28,9387547652,gaurav.agarwal485@rediffmail.com,Teacher,Premium,Guwahati,Assam,India,2024-07-03,Active
CUST002306,Ashok Das,Male,2002-07-25,96878-24227,ashok.das390@outlook.com,Consultant,Retail,Howrah,West Bengal,India,2020-08-16,Active
CUST002307,Sunita Shah,Female,1979-07-28,989 011 9526,sunita.shah174@rediffmail.com,Homemaker,Senior Citizen,Kolkata,West Bengal,India,2025-09-25,Active
CUST002308,Karan Ghosh,Male,1998-06-27,9808749878,KARAN.GHOSH963@YAHOO.COM,HR Manager,Retail,Belagavi,Karnataka,India,2018-05-26,Active
CUST002309,Ananya More ,Female,1998-05-02,94913-99778,ananya.more762@rediffmail.com,Chef,Retail,Kochi,Kerala,India,2023-12-28,Active
CUST002310,Sai Agarwal ,Male,2007-01-03,9454029464,sai.agarwal545@rediffmail.com,Pharmacist,Senior Citizen,Ranchi,Jharkhand,India,2025-01-18,Active
CUST002311,Shreya Prabhu,Female,1969-10-31,9171762753,shreya.prabhu764@outlook.com,Tailor,Retail,Howrah,West Bengal,India,2024-03-13,Active
CUST002312,Rekha Naidu,Female,1986-02-10,9793910459,rekha.naidu312@rediffmail.com,Retired,Corporate,Mumbai,Maharashtra,India,2022-02-14,Active
CUST002313,Ayaan Kulkarni,Male,1997-07-04,9194147600,ayaan.kulkarni934@outlook.com,Police Officer,Retail,Ludhiana,Punjab,India,2015-07-01,Active
CUST002314,Kalpana More,Female,1961-10-07,9200322422,kalpana.more411@outlook.com,Chartered Accountant,Retail,Chennai,Tamil Nadu,India,2023-04-29,Active
CUST002315,Mallikarjun Salunkhe,Male,1961-08-31,9266835338,mallikarjun.salunkhe386@gmail.com,Pharmacist,Corporate,Chandigarh,Chandigarh,India,2022-07-16,Active
CUST002316,Ganesh Kale,Male,1971-08-08,9403323896,ganesh.kale568@rediffmail.com,Marketing Manager,Retail,Nagpur,Maharashtra,India,2024-11-18,Active
CUST002317,Anil Pawar,Male,1969-10-23,9246472844,anil.pawar578@gmail.com,Shop Owner,Premium,Nagpur,Maharashtra,India,2014-04-05,Active
CUST002318,Rashmi Sharma,Female,1993-07-20,9631390574,rashmi.sharma619@outlook.com,Journalist,Retail,Panaji,Goa,India,2024-10-05,Active
CUST002319,Ira Jadhav,Female,2004-09-11,9839874977,ira.jadhav831@outlook.com,Electrician,Premium,Bhopal,Madhya Pradesh,India,2022-11-03,Active
CUST002320,Anita Chavan,Female,1957-07-05,9578057365,ANITA.CHAVAN268@GMAIL.COM,Retired,Retail,Mumbai,Maharashtra,India,2016-04-01,Inactive
CUST002321,Neha Kumar,Female,1967-09-12,9698588936,neha.kumar706@rediffmail.com,Homemaker,Retail,Bengaluru,Karnataka,India,2016-06-11,Active
CUST002322,Sneha Menon ,Female,2004-05-01,9905064012,SNEHA.MENON197@GMAIL.COM,Farmer,Retail,Udaipur,Rajasthan,India,2022-05-01,Active
CUST002323,Umesh Ghosh,Male,1984-01-10,9692819322,umesh.ghosh240@outlook.com,Software Engineer,Premium,Indore,Madhya Pradesh,India,2018-05-29,Active
CUST002324,Suman Naidu,Female,1960-06-08,9161367964,suman.naidu495@rediffmail.com,Civil Engineer,Student,Surat,Gujarat,India,2024-12-06,Inactive
CUST002325,Shalini Chatterjee,Female,1984-07-26,9810140299,shalini.chatterjee524@gmail.com,Chartered Accountant,Student,Dehradun,Uttarakhand,India,06/01/2024,Active
CUST002326,Vihaan Naik,Male,2001-01-25,9781852397,vihaan.naik644@yahoo.com,Student,Premium,Bhopal,Madhya Pradesh,India,2019-02-13,Active
CUST002327,Riya Bhat,Female,1970-08-25,9373101332,riya.bhat139@outlook.com,Homemaker,Corporate,Kochi,Kerala,India,2013-01-15,Active
CUST002328,Rohan Shetty,Male,1977-04-21,9246059111,rohan.shetty815@rediffmail.com,Doctor,Corporate,Hyderabad,Telangana,India,2011-12-03,Active
CUST002329,Shivraj Kale,Male,1985-03-04,9219031602,shivraj.kale556@yahoo.com,Farmer,Retail,Indore,Madhya Pradesh,India,2020-07-16,Active
CUST002330, Sunil Naidu,Male,1998-12-05,9348679080,sunil.naidu592@gmail.com,HR Manager,Retail,Dehradun,Uttarakhand,India,2016-12-14,Active
CUST002331,Vivaan Singh ,Male,15-03-1982,9768996998,vivaan.singh746@gmail.com,Homemaker,Premium,Pune,Maharashtra,India,2022-10-27,Active
CUST002332,Harsh Shah,Male,2006-01-21,9951380036,harsh.shah692@gmail.com,Farmer,Retail,Ranchi,Jharkhand,India,2024-02-15,Active
CUST002333,Pallavi Sen,Female,1993-09-26,9238221079,pallavi.sen429@rediffmail.com,Student,Corporate,Panaji,Goa,India,2014-01-27,Active
CUST002334,Sunita Hegde,Female,29/07/1973,9473374189,sunita.hegde484@rediffmail.com,Teacher,Retail,Vadodara,Gujarat,India,2021-10-14,Active
CUST002335,Swati Kumar,Female,1977-07-14,9850749582,SWATI.KUMAR233@YAHOO.COM,Chartered Accountant,Retail,Bhubaneswar,Odisha,India,2022-11-17,Active
CUST002336,Reyansh Mukherjee,Male,15/03/1990,9177287261,reyansh.mukherjee566@rediffmail.com,Software Engineer,Corporate,Howrah,West Bengal,India,2026-05-03,Active
CUST002337,Vinod Prabhu,Male,1952-04-12,9948715697,VINOD.PRABHU203@REDIFFMAIL.COM,Police Officer,Retail,Delhi,Delhi,India,2022-03-25,Active
CUST002338,Vinod Chowdhury,Male,1961-09-25,9129228826,vinod.chowdhury635@rediffmail.com,Government Employee,Student,Amritsar,Punjab,India,02/08/2016,Active
CUST002339,Suman Salunkhe,Female,1962-06-07,9784904532,suman.salunkhe417@gmail.com,Bank Employee,Senior Citizen,Warangal,Telangana,India,2026-07-14,Inactive
CUST002340,Shivraj Kamath,Male,1996-07-06,9591928878,shivraj.kamath236@gmail.com,Journalist,Retail,Bhubaneswar,Odisha,India,2015-04-15,Active
CUST002341,Pooja Agarwal,Female,1997-10-30,93690-97610,pooja.agarwal475@outlook.com,Pharmacist,Premium,Warangal,Telangana,India,2023-07-07,Active
CUST002342,Sushma Raghunathan,Female,1997-09-03,9781319516,sushma.raghunathan933@yahoo.com,Architect,Retail,Ahmedabad,Gujarat,India,2016-11-16,Active
CUST002343,Lakshmi Subramaniam,Female,1954-05-20,9488028999,lakshmi.subramaniam562@gmail.com,Farmer,Retail,Indore,Madhya Pradesh,India,2025-07-12,Active
CUST002344,Myra Desai,Female,20-11-1965,9816361735,MYRA.DESAI345@OUTLOOK.COM,Accountant,Senior Citizen,Kolkata,West Bengal,India,2023-02-26,Active
CUST002345,Mahesh Ghosh,Male,1966-11-28,9682090554,MAHESH.GHOSH450@YAHOO.COM,Sales Executive,Retail,Amritsar,Punjab,India,2020-04-26,Blocked
CUST002346,Vidya Krishnan,Female,1949-06-18,9707455182,vidya.krishnan604@rediffmail.com,Student,Retail,Pune,Maharashtra,India,2014-05-01,Active
CUST002347,Komal Subramaniam,Female,1963-08-14,9989261444,komal.subramaniam154@outlook.com,Driver,Retail,Mumbai,Maharashtra,India,2013-12-05,Active
CUST002348,Rashmi Patil,Female,1974-02-14,9370039359,rashmi.patil560@gmail.com,Professor,Premium,Belagavi,Karnataka,India,2025-09-22,Active
CUST002349,Usha Gupta,Female,2001-08-29,9755129459,usha.gupta34@rediffmail.com,Pharmacist,Premium,Madurai,Tamil Nadu,India,2023-06-16,Active
CUST002350,Riya Bose,Female,1958-04-19,9735348874,riya.bose852@outlook.com,Bank Employee,Retail,Nagpur,Maharashtra,India,2018-12-18,Active
CUST002351,Ishaan Salunkhe,Other,2000-02-13,94013-83092,ishaan.salunkhe609@yahoo.com,Journalist,Retail,Ahmedabad,Gujarat,India,2024-08-19,Active
CUST002352,Dhruv Reddy,Male,1997-08-03,9937262861,dhruv.reddy114@gmail.com,Electrician,Corporate,Mumbai,Maharashtra,India,2023-03-03,Active
CUST002353,Swati Nair,Female,1889-06-01,9326254666,swati.nair466@outlook.com,Software Engineer,Retail,Bhubaneswar,Odisha,India,2017-01-09,Active
CUST002354,Anjali Verma,Female,1963-10-26,9170969287,anjali.verma883@outlook.com,Police Officer,Retail,Hubballi,Karnataka,India,2023-11-08,Active
CUST002355,Girish Joshi,Male,1975-10-06,9668657926,girish.joshi963@rediffmail.com,HR Manager,Retail,Raipur,Chhattisgarh,India,2023-05-15,Dormant
CUST002356,Sushma Chowdhury,Female,03/04/2005,9173172364,sushma.chowdhury137@gmail.com,Architect,Premium,Dehradun,Uttarakhand,India,2023-03-26,Active
CUST002357,Sunil Prabhu,Male,1995-07-22,9785159246,sunil.prabhu270@yahoo.com,Professor,Retail,Indore,Madhya Pradesh,India,2013-08-09,Active
CUST002358,Anjali Naik,Female,2006-11-16,9857973221,anjali.naik145@rediffmail.com,Journalist,Retail,Guwahati,Assam,India,2024-11-14,Active
CUST002359,Siddharth Bose,Male,1966-12-08,9745647427,siddharth.bose369@outlook.com,Chef,Retail,Bhubaneswar,Odisha,India,2016-04-11,Active
CUST002360,Reyansh Jadhav,Male,22/01/2003,9312526826,reyansh.jadhav861@gmail.com,Journalist,Retail,Ludhiana,Punjab,India,2021-02-07,Active
CUST002361,Usha Salunkhe,Female,2005-12-04,9948327109,usha.salunkhe706@rediffmail.com,Nurse,Senior Citizen,Varanasi,Uttar Pradesh,India,2023-12-10,Active
CUST002362,Siddharth Kamath,Male,1984-04-29,9179711894,siddharth.kamath257@outlook.com,Consultant,Corporate,Kochi,Kerala,India,2023-08-08,Active
CUST002363,Manoj Subramaniam,Male,1957-05-02,9196632253,manoj.subramaniam325@yahoo.com,Farmer,Premium,Jaipur,Rajasthan,India,2012-05-13,Active
CUST002364,Karan Pawar,Male,1964-03-14,9361759413,karan.pawar611@rediffmail.com,Civil Engineer,Retail,Kochi,Kerala,India,2023-10-20,Inactive
CUST002365,Ashok Das,Male,1955-10-18,9923960599,ashok.das596@outlook.com,Driver,Retail,Ahmedabad,Gujarat,India,2015-07-21,Active
CUST002366,Shreya Jadhav,Female,1996-11-27,9835261369,shreya.jadhav463@yahoo.com,Professor,Retail,Bengaluru,Karnataka,India,2019-10-19,Active
CUST002367,Pallavi Dutta,Female,1966-12-19,9307708653,pallavi.dutta421@rediffmail.com,Journalist,Retail,Vijayawada,Andhra Pradesh,India,2024-06-29,Active
CUST002368,Reyansh Krishnan,Male,1990-07-03,9155823896,reyansh.krishnan933@yahoo.com,Lawyer,Premium,Indore,Madhya Pradesh,India,2014-05-22,Active
CUST002369,Priya Bhat,Female,1964-03-10,9731654718,priya.bhat503@gmail.com,Lawyer,Retail,Patna,Bihar,India,2014-06-07,Active
CUST002370,Harsh Deshmukh,Male,2007-03-14,9258223106,harsh.deshmukh781@outlook.com,Software Engineer,Premium,Hyderabad,Telangana,India,2026-01-28,Active
CUST002371,Nisha Ghosh,Female,1994-11-13,09353636456,nisha.ghosh958@gmail.com,Shop Owner,Retail,Bhubaneswar,Odisha,India,2016-10-17,Active
CUST002372,Umesh Kotian,Male,1970-11-08,9794825704,umesh.kotian335@outlook.com,Sales Executive,Retail, Lucknow ,Uttar Pradesh,India,2025-09-18,Active
CUST002373,Deepak Hegde,Male,1976-11-17,9270217945,deepak.hegde778@outlook.com,Tailor,Retail,Belagavi,Karnataka,India,2016-07-19,Active
CUST002374,Sai Bose,Male,24/07/1951,+919713620100,sai.bose812@outlook.com,Pharmacist,Retail,Raipur,Chhattisgarh,India,2020-08-18,Active
CUST002375,Myra Chowdhury,Female,1956-04-14,9658018165,myra.chowdhury219@gmail.com,Electrician,Retail,Shimla,Himachal Pradesh,India,2018-12-05,Active
CUST002376,Sunil Ghosh,Male,2008-06-26,9998655108,SUNIL.GHOSH226@OUTLOOK.COM,Student,Retail,Dehradun,Uttarakhand,India,2026-07-02,Inactive
CUST002377,Anil Reddy,Male,1997-06-06,9793476129,anil.reddy162@yahoo.com,Retired,Student,Jaipur,Rajasthan,India,2019-07-20,Dormant
CUST002378,Usha Verma,Female,1998-10-14,+919698068188,usha.verma615@gmail.com,Journalist,Retail,Coimbatore,Tamil Nadu,India,2018-10-24,Active
CUST002379,Ananya Iyer,Female,1986-12-26,9579685815,ananya.iyer760@yahoo.com,Tailor,Retail,Mumbai,Maharashtra,India,2018-03-31,Active
CUST002380,Sunil Desai,Male,1961-06-02,9427158057,sunil.desai751@rediffmail.com,Marketing Manager,Retail,Ranchi,Jharkhand,India,2016-10-31,Inactive
CUST002381, Sangeeta Singh,Female,1954-05-18,9977795255,SANGEETA.SINGH387@REDIFFMAIL.COM,Sales Executive,Retail,Panaji,Goa,India,2017-11-02,Active
CUST002382,Preeti Venkatesh,Female,1991-12-17,9633999244,preeti.venkatesh702@gmail.com,Data Analyst,Corporate,Bengaluru,Karnataka,India,2018-02-26,Active
CUST002383,Dhruv Chowdhury,Male,1968-02-05,9468995032,dhruv.chowdhury30@rediffmail.com,Nurse,Retail,Indore,Madhya Pradesh,India,2022.11.12,Active
CUST002384,Rashmi Joshi,Female,1948-01-16,09277081297,rashmi.joshi656@outlook.com,Business Owner,Corporate,Pune,Maharashtra,India,2011-09-18,Active
CUST002385,Siddharth Krishnan,Male,1949-05-13,+919823870193,siddharth.krishnan474@gmail.com,Nurse,Premium,Guwahati,Assam,India,2018-10-14,Active
CUST002386,Payal Singh,Female,1981-10-17,9568992537,PAYAL.SINGH829@REDIFFMAIL.COM,Lawyer,Retail,Pune,Maharashtra,India,2019-07-14,Active
CUST002387,Dhruv Gowda,Male,1998-11-25,95642-72569,dhruv.gowda966@outlook.com,Retired,Retail,Shimla,Himachal Pradesh,India,2022-09-14,ACTIVE
CUST002388,Shalini Naidu,Female,1969-12-24,9209002344,shalini.naidu556@rediffmail.com,HR Manager,Retail, Hubballi ,Karnataka,India,2021-05-08,Dormant
CUST002389,Sunil Patil,Male,2008-07-28,9808632470,sunil.patil621@gmail.com,Business Owner,Retail,Surat,Gujarat,India,2026-07-31,Active
CUST002390,Riya Yadav,Female,1971-02-07,9337251324,riya.yadav927@gmail.com,Teacher,Retail,Indore,Madhya Pradesh,India,2012-09-13,Active
CUST002391,Radha Krishnan,Female,06/05/1992,9638697271,radha.krishnan343@rediffmail.com,Business Owner,Retail,Ludhiana,Punjab,India,2016-10-12,Active
CUST002392,Manoj Sen,Male,1962-10-24,9415281466,manoj.sen145@gmail.com,Journalist,Premium,Howrah,West Bengal,India,2014-12-21,Active
CUST002393,Kiran Gupta,Female,15-10-1984,9304598307,kiran.gupta506@outlook.com,Bank Employee,Retail,Shimla,Himachal Pradesh,India,2014-03-04,Active
CUST002394,Rashmi Krishnan,Other,1964-08-25,9246900851,rashmi.krishnan355@outlook.com,Shop Owner,Retail,Mumbai,Maharashtra,India,2022-03-16,Active
CUST002395,Komal Bose ,Female,1995-02-22,9832995620,KOMAL.BOSE634@REDIFFMAIL.COM,Consultant,Corporate,Jaipur,Rajasthan,India,2018-06-06,Active
CUST002396,Varun Agarwal,Male,1975-07-18,9185496254,varun.agarwal782@yahoo.com,Nurse,Retail,Shimla,Himachal Pradesh,India,2023-05-01,Active
CUST002397,Tanvi Iyer,Female,1950-07-14,,tanvi.iyer504@rediffmail.com,Police Officer,Retail,Madurai,Tamil Nadu,India,2013-02-24,Active
CUST002398,Vinod Ghosh,Male,1963-01-12,9375975099,vinod.ghosh308@outlook.com,Teacher,Retail,Kanpur,Uttar Pradesh,India,2026-04-26,Active
CUST002399,Girish Gowda ,Male,1969-05-03,9899227197,girish.gowda564@outlook.com,Shop Owner,Retail,Vadodara,Gujarat,India,2018-05-10,Active
CUST002400,Shweta Kale,Female,1976-04-04,9731859030,SHWETA.KALE443@OUTLOOK.COM,Marketing Manager,Retail,Ahmedabad,Gujarat,India,2014-12-08,Active
CUST002401,Geeta Prabhu,Female,1964-05-16,9836748302,geeta.prabhu186@gmail.com,Chartered Accountant,Retail,Bhubaneswar,Odisha,India,2016-08-21,Active
CUST002402,Aditi Raghunathan,Female,1982-12-23,9284138329,aditi.raghunathan772@yahoo.com,Farmer,Premium,Lucknow,Uttar Pradesh,India,2024-01-28,Active
CUST002403,Ashok Singh,Male,2006-05-17,9973125991,ashok.singh332@outlook.com,Chef,Retail,Patna,Bihar,India,2024-05-30,Active
CUST002404,Ira Menon,Female,1991-01-30,9131983966,IRA.MENON538@YAHOO.COM,Chartered Accountant,Premium,Lucknow,Uttar Pradesh,India,2013-09-03,Active
CUST002405,Kavya Verma,Female,1966-11-11,9362009726,kavya.verma907@gmail.com,HR Manager,Retail,Shimla,Himachal Pradesh,India,2026-05-20,Active
CUST002406,Vinod Bhat,Male,1989-01-08,,VINOD.BHAT188@OUTLOOK.COM,Driver,Retail,Jaipur,Rajasthan,India,2013-01-12,Active
CUST002407,Sangeeta Bhat,Female,2006-07-27,9436590581,sangeeta.bhat427@yahoo.com,Homemaker,Retail,Guwahati,Assam,India,2024-08-16,Active
CUST002408,Chetan Verma,Male,1962-08-29,9641242527,CHETAN.VERMA175@REDIFFMAIL.COM,Government Employee,Retail,Kochi,Kerala,India,2022-05-01,Active
CUST002409,Aryan More ,Male,1962-01-29,9423812268,aryan.more436@outlook.com,Software Engineer,Retail,Amritsar,Punjab,India,2019-03-26,Active
CUST002410,Deepika Sharma,Female,1950-05-17,9319895107,deepika.sharma301@yahoo.com,HR Manager,Retail,Panaji,Goa,India,2017-12-05,Active
CUST002411,Anjali Gowda ,Female,1999-01-10,9637804955,anjali.gowda914@gmail.com,Electrician,Retail,Coimbatore,Tamil Nadu,India,2025-05-23,Active
CUST002412,Karan Naik,Male,1998-06-12,9624331874,karan.naik303@gmail.com,Architect,Retail,Warangal,Telangana,India,2023-05-03,Inactive
CUST002413,Anil Reddy,Male,1973-01-23,9493686993,ANIL.REDDY613@OUTLOOK.COM,Nurse,Retail,Warangal,Telangana,India,2025-12-13,Active
CUST002414,Mahesh Iyer,Male,2000-11-05,+919199032331,mahesh.iyer137@yahoo.com,Retired,Retail,Udaipur,Rajasthan,India,2018-11-28,Active
CUST002415,Geeta Raghunathan,Female,1987-06-22,,geeta.raghunathan456@outlook.com,Shop Owner,Retail,Udaipur,Rajasthan,India,2024-03-20,Active
CUST002416,Harsh Shetty,Male,2007-04-21,9567698441,harsh.shetty833@outlook.com,Civil Engineer,Retail,Mumbai,Maharashtra,India,2025-05-03,Active
CUST002417,Aarav Raghunathan,Male,2003-11-24,9349996393,aarav.raghunathan671@yahoo.com,Chef,Retail,Panaji,Goa,India,2023-07-10,Active
CUST002418,Krishna Bhosale,Other,21-02-2006,9753215465,krishna.bhosale283@rediffmail.com,Police Officer,Retail,Dehradun,Uttarakhand,India,2024-02-17,Active
CUST002419,Reyansh Kale,Male,1971-10-10,947 687 5413,reyansh.kale970@outlook.com,Lawyer,Retail,Kochi,Kerala,India,2020-04-15,Active
CUST002420,Kavya Verma,Female,1986-05-26,9247766679,,Bank Employee,Senior Citizen,Warangal,Telangana,India,2012-10-16,Active
CUST002421,Rashmi Bhosale,Female,1958-02-18,9730589319,rashmi.bhosale402@rediffmail.com,Business Owner,Corporate,Ludhiana,Punjab,India,2024-08-29,Active
CUST002422,Sunita Mehta,Female,2002-03-06,9348889015,SUNITA.MEHTA972@REDIFFMAIL.COM,Student,Retail,Madurai,Tamil Nadu,India,2020-03-03,Active
CUST002423,Pradeep Subramaniam,Male,1967-04-08,9696429725,pradeep.subramaniam187@gmail.com,Pharmacist,Retail,Warangal,Telangana,India,2020-04-17,Active
CUST002424,Shivraj Bhosale,Male,1975-02-21,9992100604,shivraj.bhosale332@outlook.com,Bank Employee,Senior Citizen,Shimla,Himachal Pradesh,India,2013-08-01,Active
CUST002425,Rahul Reddy,Male,1984-01-02,973 784 1242,rahul.reddy929@gmail.com,Tailor,Retail,Visakhapatnam,Andhra Pradesh,India,2025-05-21,Active
CUST002426,Vidya Venkatesh,Female,1995-09-13,9308561778,vidya.venkatesh969@rediffmail.com,Marketing Manager,Retail,Chandigarh,Chandigarh,India,2015-12-22,Active
CUST002427,Ananya Reddy,Female,04/30/1992,9741014399,ananya.reddy822@outlook.com,Chartered Accountant,Premium,Hubballi,Karnataka,India,2022-11-07,Active
CUST002428,Rahul Bose,Male,2005-11-16,9776392492,rahul.bose191@yahoo.com,Nurse,Retail,Bengaluru,Karnataka,India,2023-12-01,Active
CUST002429,Deepak Kulkarni,Male,1991-03-12,9707568782,deepak.kulkarni219@outlook.com,Business Owner,Retail,Raipur,Chhattisgarh,India,2019-07-20,Active
CUST002430,Bhavna Ghosh,Female,29-03-1996,9835714318,bhavna.ghosh647@outlook.com,Shop Owner,Retail,Madurai,Tamil Nadu,India,2014-03-30,Active
CUST002431,Mahesh Singh,Male,1982-09-06,9611381436,MAHESH.SINGH56@OUTLOOK.COM,Consultant,Retail,Indore,Madhya Pradesh,India,2015-05-08,Active
CUST002432, Krishna Subramaniam,Male,1973-03-10,09995438525,krishna.subramaniam990@outlook.com,Driver,Retail,Howrah,West Bengal,India,2020-07-04,Inactive
CUST002433,Aadhya Rao,Female,2003-05-02,9679964731,aadhya.rao940@rediffmail.com,Marketing Manager,Retail,Udaipur,Rajasthan,India,2021-05-14,Active
CUST002434,Prakash Kale,Male,1970-11-20,9149802809,prakash.kale807@rediffmail.com,Homemaker,Premium,Shimla,Himachal Pradesh,India,2020-02-01,Active
CUST002435,Basavaraj Nair,Male,1985-07-31,9255278188,basavaraj.nair967@yahoo.com,Homemaker,Retail,Chandigarh,Chandigarh,India,2014-11-16,Active
CUST002436,Naveen Desai,Male,1965-08-30,949 183 3260,naveen.desai230@rediffmail.com,Business Owner,Retail,Vadodara,Gujarat,India,2019-05-12,Active
CUST002437,Basavaraj Jadhav,Male,1977-03-23,9705300743,BASAVARAJ.JADHAV880@GMAIL.COM,Civil Engineer,Retail,Surat,Gujarat,India,2012-04-29,Active
CUST002438,Lakshmi Naik,Female,1970-03-28,9100042488,lakshmi.naik257@yahoo.com,Lawyer,Senior Citizen,Coimbatore,Tamil Nadu,India,2018-07-11,Active
CUST002439,Anjali Raghunathan,Female,1963.08.27,9510111500,anjali.raghunathan121@gmail.com,Pharmacist,Retail,Varanasi,Uttar Pradesh,India,2012-06-02,Active
CUST002440,Suman Reddy,Female,1997-09-17,9590637919,suman.reddy262@rediffmail.com,Driver,Retail,Varanasi,Uttar Pradesh,India,2021-04-25,Active
CUST002441,Varun Hegde,Male,1994-06-26,09982699439,varun.hegde774@gmail.com,Bank Employee,Retail,Belagavi,Karnataka,India,2019-10-22,Active
CUST002442,Manisha Mukherjee,Female,1990-07-01,9693818393,manisha.mukherjee942@rediffmail.com,Farmer,Retail,Surat,Gujarat,India,2024-03-27,Active
CUST002443,Chetan Chatterjee,Male,1953-01-11,09262339499,chetan.chatterjee611@rediffmail.com,Chef,Retail,Thiruvananthapuram,Kerala,India,07/03/2018,ACTIVE
CUST002444,Aditi Roy,Female,1963-02-20,9272568405,aditi.roy245@rediffmail.com,Data Analyst,Retail,Nagpur,Maharashtra,India,2013-07-08,Active
CUST002445,Aryan Chavan,Male,1961-03-18,9384381344,aryan.chavan600@rediffmail.com,Government Employee,Student,Shimla,Himachal Pradesh,India,2014-08-27,Active
CUST002446,Anita Chowdhury,Female,1991.02.08,9460738452,anita.chowdhury509@yahoo.com,Shop Owner,Retail,Dehradun,Uttarakhand,India,2023-08-26,Active
CUST002447,Aditya Yadav,Male,25-01-2002,09197782596,aditya.yadav517@rediffmail.com,Accountant,Retail,Thiruvananthapuram,Kerala,India,2025-11-20,Active
CUST002448,Sai Bhat,Male,1970-12-26,98105-06073,SAI.BHAT350@REDIFFMAIL.COM,Police Officer,Senior Citizen,Mumbai,Maharashtra,India,2011-12-15,Active
CUST002449,Vishal Krishnan,Male,05/01/1968,9160986068,VISHAL.KRISHNAN139@REDIFFMAIL.COM,Pharmacist,Retail,Lucknow,Uttar Pradesh,India,2021-07-05,Active
CUST002450,Varun Prabhu,Male,1981-10-16,9160014448,varun.prabhu361@rediffmail.com,Pharmacist,Retail,Panaji,Goa,India,2018-06-29,Inactive
CUST002451,Aryan Kulkarni,Male,2007-11-01,9214517347,aryan.kulkarni889@rediffmail.com,Electrician,Retail,Mumbai,Maharashtra,India,2025-11-13,Active
CUST002452,Vandana Kamath,Female,1970-06-09,9221380059,VANDANA.KAMATH408@OUTLOOK.COM,Business Owner,Retail,Guwahati,Assam,India,2018-12-12,Active
CUST002453,Rekha Kulkarni,Female,11/10/1964,9607627121,rekha.kulkarni21@rediffmail.com,Driver,Retail,Ludhiana,Punjab,India,2025-07-16,Active
CUST002454,Mallikarjun Salunkhe,Male,1979-08-08,983 626 2523,MALLIKARJUN.SALUNKHE345@YAHOO.COM,Shop Owner,Premium,Belagavi,Karnataka,India,2014-01-26,Active
CUST002455,Ananya Verma,Female,2003-06-27,9828284952,ananya.verma461@outlook.com,Lawyer,Retail,Coimbatore,Tamil Nadu,India,2024-01-03,Active
CUST002456,Kavya Krishnan,Female,1992-03-19,9717175973,kavya.krishnan599@rediffmail.com,Sales Executive,Retail,Patna,Bihar,India,05/23/2012,Active
CUST002457,Sarita Sen,Female,1979-05-25,9631363026,sarita.sen641@yahoo.com,Teacher,Retail,Visakhapatnam,Andhra Pradesh,India,2022-03-13,Active
CUST002458,Sneha Verma,Female,1992-04-17,9378482144,,Shop Owner,Retail,Bhubaneswar,Odisha,India,2012-03-01,Active
CUST002459,Nisha Jadhav,Female,1948-11-30,9474567986,nisha.jadhav143@gmail.com,Farmer,Student,Kanpur,Uttar Pradesh,India,2011-12-11,Active
CUST002460,Kavya Reddy,Female,1993-08-18,9885208541,kavya.reddy441@outlook.com,Police Officer,Retail,Kochi,Kerala,India,2011-09-07,Active
CUST002461,Usha Naidu,Female,1953-11-30,9195086570,usha.naidu4@gmail.com,HR Manager,Retail,Lucknow,Uttar Pradesh,India,2023-07-04,Active
CUST002462,Aditi Das,Female,1971-09-09,9842859262,aditi.das505@rediffmail.com,Retired,Retail,Chandigarh,Chandigarh,India,2019-11-30,Active
CUST002463,Rahul Hegde,Male,1969-03-13,9830293563,rahul.hegde445@rediffmail.com,Government Employee,Premium,Bhubaneswar,Odisha,India,2021-09-22,active
CUST002464,Manoj Chowdhury ,Male,1989-10-31,9317570824,manoj.chowdhury356@gmail.com,,Retail, Pune ,Maharashtra,India,2013-06-01,ACTIVE
CUST002465,Aryan Agarwal,Male,1962-07-17,937 900 6753,aryan.agarwal661@gmail.com,Tailor,Retail,Chennai,Tamil Nadu,India,2025-04-26,Active
CUST002466,Manisha Desai,Female,1962-06-18,9921871770,MANISHA.DESAI754@OUTLOOK.COM,Retired,Premium,Nagpur,Maharashtra,India,2023-07-26,Active
CUST002467,Arjun Nair,Male,2001-07-27,9494951694,ARJUN.NAIR264@REDIFFMAIL.COM,Chartered Accountant,Retail,Guwahati,Assam,India,2019-08-02,Active
CUST002468,Preeti Venkatesh,Female,1976-12-03,979 825 4186,PREETI.VENKATESH503@YAHOO.COM,Journalist,Retail,Ranchi,Jharkhand,India,2024-12-19,Active
CUST002469,Anjali Mukherjee,Female,1992-12-02,+919172842253,anjali.mukherjee509@rediffmail.com,Police Officer,Premium,Nagpur,Maharashtra,India,2013-03-22,Active
CUST002470,Anjali Agarwal,Other,1983-04-29,97002-06537,anjali.agarwal509@yahoo.com,Business Owner,Corporate,Bengaluru,Karnataka,India,2015-07-18,Active
CUST002471,Dhruv Nair,Male,1985-07-22,9671943793,DHRUV.NAIR403@YAHOO.COM,Professor,Senior Citizen,Madurai,Tamil Nadu,India,2011-10-02,Inactive
CUST002472,Ira Bose,Female,1989-08-03,+919883750494,ira.bose210@yahoo.com,HR Manager,Senior Citizen,Coimbatore,Tamil Nadu,India,2013-07-22,Active
CUST002473,Saanvi Shetty,Female,1988-06-11,9928563401,saanvi.shetty172@yahoo.com,Data Analyst,Retail,Lucknow,Uttar Pradesh,India,2024-01-28,Active
CUST002474,Kabir Chowdhury,Male,2003-04-02,9628662242,kabir.chowdhury31@yahoo.com,Government Employee,Corporate,Udaipur,Rajasthan,India,04/04/2021,Active
CUST002475,Kiran Das,Female,1995-07-21,98912-51380,kiran.das53@gmail.com,Electrician,Premium,Howrah,West Bengal,India,2021-01-10,Active
CUST002476,Sunil Pawar,Male,1966-06-18,9225446163,sunil.pawar808@yahoo.com,Journalist,Retail,Hubballi,Karnataka,India,2024-09-11,Active
CUST002477,Anika Raghunathan,Female,1958-04-09,9652017590,anika.raghunathan70@yahoo.com,Journalist,Senior Citizen,Thiruvananthapuram,Kerala,India,2022-11-14,Active
CUST002478,Ritu Naidu,Female,1999-03-18,9584928570,ritu.naidu854@gmail.com,Accountant,Corporate,Guwahati,Assam,India,2017-03-30,Active
CUST002479,Vivaan Bose,Male,1970-07-27,9712217640,VIVAAN.BOSE895@YAHOO.COM,Marketing Manager,Premium,Thiruvananthapuram,Kerala,India,2016-05-30,Active
CUST002480, Kabir Patil,Male,1966-11-06,9473679929,KABIR.PATIL241@GMAIL.COM,Retired,Retail,Amritsar,Punjab,India,2012-09-06,Active
CUST002481,Deepak Chowdhury,Male,1954-09-24,9699527851,DEEPAK.CHOWDHURY443@GMAIL.COM,Doctor,Retail,Visakhapatnam,Andhra Pradesh,India,2023-11-22,Active
CUST002482,Nikhil Iyer,Male,1981-06-08,9770664201,nikhil.iyer360@outlook.com,Bank Employee,Senior Citizen,Ludhiana,Punjab,India,2026-04-19,Active
CUST002483,Namrata Kulkarni,Female,1979-01-09,96298-61245,namrata.kulkarni394@gmail.com,Student,Student,Bhopal,Madhya Pradesh,India,2018-10-09,Active
CUST002484,Siddharth Gupta ,Male,1998-03-03,09339168567,siddharth.gupta358@yahoo.com,Homemaker,Retail,Pune,Maharashtra,India,2018-10-06,Active
CUST002485,Varun Naik,Male,1993-05-09,9694707042,varun.naik342@outlook.com,Accountant,Retail,Kolkata,West Bengal,India,2024-03-07,Active
CUST002486,Sangeeta Naidu,Female,1991-10-23,9910267139,sangeeta.naidu683@gmail.com,Marketing Manager,Retail,Vadodara,Gujarat,India,2016-04-26,Active
CUST002487,Bhavna Naik,Female,1980-08-15,9515656058,bhavna.naik412@outlook.com,Homemaker,Retail,Patna,Bihar,India,2017-04-26,Blocked
CUST002488,Deepika Chavan,Female,2000-04-10,9552319211,deepika.chavan187@gmail.com,Tailor,Retail,Ludhiana,Punjab,India,2024-11-19,Active
CUST002489,Swati Sharma,Female,2007-07-28,9920909509,swati.sharma379@gmail.com,Tailor,Student,Thiruvananthapuram,Kerala,India,2025-08-05,Active
CUST002490,Umesh Mukherjee,Male,1997-05-14,9367403701,UMESH.MUKHERJEE977@GMAIL.COM,Lawyer,Retail,Howrah,West Bengal,India,2025-05-30,Active
CUST002491,Geeta Sharma,Female,1969-01-30,9826847898,geeta.sharma986@rediffmail.com,Civil Engineer,Premium,Guwahati,Assam,India,2013-07-04,Active
CUST002492,Shivraj Reddy,Male,1964-09-28,9332151078,shivraj.reddy62@gmail.com,Consultant,Retail,Indore,Madhya Pradesh,India,2018-09-20,Active
CUST002493,Pooja Agarwal ,Female,1948-01-30,9352916047,pooja.agarwal575@gmail.com,Government Employee,Retail,Guwahati,Assam,India,2018-08-11,Active
CUST002494,Payal Chatterjee,Other,2008-02-26,9147368635,payal.chatterjee972@rediffmail.com,Shop Owner,Retail,Chandigarh,Chandigarh,India,2026-03-10,Active
CUST002495,Komal Nair,Female,1992-05-21,9514984729,komal.nair194@outlook.com,Business Owner,Retail,Thiruvananthapuram,Kerala,India,2025-12-18,Active
CUST002496,Sunita Kumar,Female,2004-10-06,9418350029,sunita.kumar69@outlook.com,Accountant,Premium,Kolkata,West Bengal,India,2022-10-10,Active
CUST002497,Meera Mehta,Female,1995-09-19,09307766346,MEERA.MEHTA212@GMAIL.COM,Architect,Retail,Ahmedabad,Gujarat,India,2024-08-28,Active
CUST002498,Kabir Roy,Male,1974-01-22,9780936638,kabir.roy317@yahoo.com,Bank Employee,Senior Citizen,Hyderabad,Telangana,India,2014-05-29,Active
CUST002499,Jyoti More,Female,1956-10-14,95656-73107,jyoti.more933@outlook.com,Business Owner,Retail,Madurai,Tamil Nadu,India,2016-06-03,Active
CUST002500,Kiran Desai,Female,1950-11-10,9276218798,kiran.desai251@outlook.com,Teacher,Senior Citizen,Bhopal,Madhya Pradesh,India,2018-06-07,Active
CUST002501,Yash Agarwal,Other,1995-12-27,9272821140,yash.agarwal332@outlook.com,Student,Retail,Ahmedabad,Gujarat,India,2019-10-06,Active
CUST002502,Gaurav Nair,Male,1966-05-21,9828576205,,Software Engineer,Retail,Mysuru,Karnataka,India,26-07-2014,active
CUST002503,Siddharth Desai,Male,23/12/1970,9455321465,siddharth.desai391@rediffmail.com,Chartered Accountant,Retail,Pune,Maharashtra,India,2015-11-12,Active
CUST002504,Anjali Deshmukh,Female,1998-08-28,9207698908,anjali.deshmukh993@outlook.com,Doctor,Retail,Dehradun,Uttarakhand,India,2020-09-01,Active
CUST002505,Manoj Verma,Male,1977-02-27,9823795669,manoj.verma84@gmail.com,Homemaker,Retail,Vadodara,Gujarat,India,04/30/2015,Inactive
CUST002506,Vinod Chowdhury,Male,2005.08.09,9421655193,vinod.chowdhury458@rediffmail.com,Business Owner,Senior Citizen,Chandigarh,Chandigarh,India,2023-08-23,Active
CUST002507,Ayaan Hegde,Male,1981-02-11,973 440 6268,ayaan.hegde613@yahoo.com,Retired,Premium,Visakhapatnam,Andhra Pradesh,India,2018-05-31,Active
CUST002508,Neha Gowda,,1998-05-21,9465372703,neha.gowda120@gmail.com,Business Owner,Retail,Bengaluru,Karnataka,India,2026-01-23,Active
CUST002509,Sanjay Chatterjee,Male,1955-08-18,9821463949,sanjay.chatterjee45@rediffmail.com,Electrician,Retail,Vijayawada,Andhra Pradesh,India,2014-09-10,active
CUST002510,Basavaraj Krishnan,Male,15-01-2027,9463345836,BASAVARAJ.KRISHNAN981@GMAIL.COM,Homemaker,Retail,Patna,Bihar,India,03-02-2024,Active
CUST002511,Girish Naidu,Male,1959-02-03,+919906071107,girish.naidu269@gmail.com,Farmer,Corporate, Thiruvananthapuram ,Kerala,India,2018-08-13,Active
CUST002512,Aadhya Sen,Female,1951-06-05,9752398748,aadhya.sen243@outlook.com,Accountant,Premium,Vadodara,Gujarat,India,2012-05-03,Active
CUST002513,Ananya Kamath,Female,2008-01-29,9532786278,ananya.kamath348@yahoo.com,Homemaker,Retail,Patna,Bihar,India,2026-02-11,Active
CUST002514,Vivaan Jadhav,Male,1979-05-11,9535025056,vivaan.jadhav73@gmail.com,Homemaker,Retail,Chennai,Tamil Nadu,India,2014-04-15,Active
CUST002515,Mahesh Kulkarni,Male,05/06/1969,+919658296446,mahesh.kulkarni147@gmail.com,Marketing Manager,Retail,Warangal,Telangana,India,2013-02-25,Active
CUST002516,Lakshmi Roy,Female,1970-10-20,9723704774,lakshmi.roy25@gmail.com,Accountant,Retail,Raipur,Chhattisgarh,India,2019-04-06,Active
CUST002517,Dhruv Joshi,Male,1962-08-06,9129826090,dhruv.joshi534@rediffmail.com,Lawyer,Retail, Hyderabad ,Telangana,India,2023-03-18,Active
CUST002518, Sangeeta Verma,Female,1955-06-14,9338418548,sangeeta.verma463@outlook.com,Government Employee,Retail,Patna,Bihar,India,2015-01-01,Active
CUST002519,Krishna Yadav,Male,2003-05-03,9492929782,krishna.yadav274@rediffmail.com,Homemaker,Corporate,Vijayawada,Andhra Pradesh,India,2021-05-24,Active
CUST002520,Sneha Krishnan,Female,1954-05-31,9583283710,sneha.krishnan917@outlook.com,Lawyer,Retail,Chandigarh,Chandigarh,India,2011-03-23,Active
CUST002521,Aditya Sen,Male,1971-04-22,9279704745,aditya.sen305@outlook.com,Sales Executive,Student,Hyderabad,Telangana,India,2013-11-13,Active
CUST002522,Manisha Subramaniam,Female,1957-04-09,9515891803,manisha.subramaniam17@gmail.com,,Premium,Ludhiana,Punjab,India,2022-09-23,Active
CUST002523,Anil Shetty,Male,2004-04-26,9502332101,anil.shetty100@rediffmail.com,Farmer,Retail,Ludhiana,Punjab,India,2022-04-22,Active
CUST002524,Swati Chowdhury,Female,1960-06-20,9653679558,swati.chowdhury724@rediffmail.com,Pharmacist,Retail,Kanpur,Uttar Pradesh,India,2016-07-23,Active
CUST002525,Kiran Bhat,Other,1971-11-13,+919162670438,KIRAN.BHAT533@OUTLOOK.COM,Driver,Retail,Bengaluru,Karnataka,India,2018-11-22,Dormant
CUST002526,Shreya Agarwal,Female,1993-08-31,9817065443,shreya.agarwal260@gmail.com,Student,Premium,Vadodara,Gujarat,India,2012-01-11,Dormant
CUST002527,Abhishek Joshi,Male,1982-07-19,9371065578,abhishek.joshi247@rediffmail.com,Nurse,Retail,Vadodara,Gujarat,India,2026-03-16,Active
CUST002528,Anil Gowda,Male,1971-02-15,9595197200,anil.gowda219@yahoo.com,Doctor,Senior Citizen,Delhi,Delhi,India,2018-11-27,Active
CUST002529,Kavya Mukherjee,Female,2027-01-15,9441552045,kavya.mukherjee422@gmail.com,HR Manager,Premium,Surat,Gujarat,India,2016-04-05,Active
CUST002530,Rashmi Joshi,Female,21/06/1974,9382194449,rashmi.joshi703@outlook.com,Data Analyst,Retail,Hubballi,Karnataka,India,2026-03-08,Active
CUST002531,Sanjay Naidu,Male,1965-07-11,+919338016191,sanjay.naidu637@rediffmail.com,Teacher,Retail,Indore,Madhya Pradesh,India,2019-09-05,Active
CUST002532,Ashok Chavan,Male,1984-04-01,9687164407,ashok.chavan747@outlook.com,Professor,Retail,Vadodara,Gujarat,India,2021-07-17,Active
CUST002533,Varun Chatterjee,Male,1970-02-16,9961698539,,Police Officer,Retail,Ranchi,Jharkhand,India,2012-05-27,Active
CUST002534,Manisha Pillai,Female,2006-03-02,9603818772,manisha.pillai558@outlook.com,Police Officer,Retail,Jaipur,Rajasthan,India,2024-03-13,Active
CUST002535,Anjali Das,Female,1976-01-23,9278456920,anjali.das763@rediffmail.com,Electrician,Corporate,Patna,Bihar,India,2011-09-14,Active
CUST002536,Vandana Deshmukh,Female,1993-10-30,9951498390,vandana.deshmukh202@outlook.com,Civil Engineer,Retail, Ranchi ,Jharkhand,India,2018-12-28,Active
CUST002537,Rekha Naik,Female,1962-03-15,+919138174722,rekha.naik582@yahoo.com,Software Engineer,Retail,Hubballi,Karnataka,India,2023-12-30,Active
CUST002538,Prasad More,Male,13/02/1987,9469305830,prasad.more7@outlook.com,Student,Premium,Vadodara,Gujarat,India,04/01/2025,Active
CUST002539,Vikram Singh,Male,1981-11-23,9213291452,vikram.singh909@gmail.com,Business Owner,Retail,Ranchi,Jharkhand,India,2019-12-04,Active
CUST002540,Kabir Pillai,Male,1993-01-23,9997754588,kabir.pillai736@rediffmail.com,Journalist,Retail,Chandigarh,Chandigarh,India,2011-11-04,Active
CUST002541,Sneha Kale,Female,1975-12-22,9915508025,sneha.kale622@rediffmail.com,Chef,Retail,Chennai,Tamil Nadu,India,2020-09-23,Active
CUST002542,Ganesh Kulkarni,Male,1991-07-30,9590479581,ganesh.kulkarni599@outlook.com,Business Owner,Premium,Ludhiana,Punjab,India,2020.11.29,Active
CUST002543,Prakash Reddy,Male,1951-07-20,9388232084,prakash.reddy669@gmail.com,Consultant,Retail,Delhi,Delhi,India,2020-04-11,Active
CUST002544,Ganesh Das,Male,1989-10-25,9876581432,ganesh.das422@yahoo.com,Student,Retail,Shimla,Himachal Pradesh,India,2022-03-17,Active
CUST002545,Shivraj More,Male,1993-08-24,9103464259,SHIVRAJ.MORE965@GMAIL.COM,Chartered Accountant,Premium,Patna,Bihar,India,2019-08-29,Active
CUST002546,Jyoti More,Female,1978.01.27,9721309063,JYOTI.MORE214@REDIFFMAIL.COM,Driver,Premium,Warangal,Telangana,India,2021-12-09,Dormant
CUST002547,Aditya Gupta,Male,1950-01-28,9790485423,aditya.gupta809@outlook.com,Professor,Retail,Delhi,Delhi,India,2018-07-23,Active
CUST002548,Anil More,Male,1982-05-05,+919427563305,anil.more761@yahoo.com,Architect,Retail,Visakhapatnam,Andhra Pradesh,India,2013-05-02,Active
CUST002549,Nisha Joshi,Female,1995-05-02,9370482631,nisha.joshi836@rediffmail.com,Lawyer,Premium,Lucknow,Uttar Pradesh,India,2013-05-20,Active
CUST002550,Suresh Kotian,Male,1975-12-16,9108230741,suresh.kotian71@rediffmail.com,Data Analyst,Retail, Amritsar ,Punjab,India,2025-02-04,Active
CUST002551,Rohan Pawar,Male,1953-09-14,9119934399,rohan.pawar445@rediffmail.com,Consultant,Student,Ludhiana,Punjab,India,2017-11-07,Active
CUST002552,Varun Gupta,Male,1971-12-05,9139570532,varun.gupta642@yahoo.com,Doctor,Retail,Nagpur,Maharashtra,India,2016.01.03,Active
CUST002553,Aadhya Pillai,Female,2008-03-23,9510944130,AADHYA.PILLAI618@GMAIL.COM,Homemaker,Premium,Indore,Madhya Pradesh,India,2026-04-06,Active
CUST002554,Basavaraj Reddy,Male,1964-05-27,9577714825,basavaraj.reddy688@yahoo.com,Nurse,Student,Kolkata,West Bengal,India,2011-10-21,Active
CUST002555,Anita Yadav,Female,1980-01-28,,anita.yadav633@yahoo.com,Police Officer,Retail,Visakhapatnam,Andhra Pradesh,India,2025-09-07,Active
CUST002556,Meera Bhosale,Female,1969-07-09,9425582725,meera.bhosale223@outlook.com,Police Officer,Retail,Chennai,Tamil Nadu,India,2012-04-17,Active
CUST002557,Vidya Kotian,Female,1991-02-27,9811340432,vidya.kotian827@yahoo.com,Marketing Manager,Retail,Pune,Maharashtra,India,2014-05-27,Active
CUST002558,Sunil Verma,Male,1973-12-17,9688030657,sunil.verma483@outlook.com,Police Officer,Premium, Bhopal ,Madhya Pradesh,India,2018-02-09,Active
CUST002559, Shreya Sen,Female,1971-04-13,994 331 0660,SHREYA.SEN969@GMAIL.COM,Chef,Student,Varanasi,Uttar Pradesh,India,25/07/2016,ACTIVE
CUST002560, Arjun Das,Male,1983.02.06,+919753412913,arjun.das520@gmail.com,Data Analyst,Student,Varanasi,Uttar Pradesh,India,2011-08-15,Active
CUST002561,Vihaan Gowda,Male,1982-08-22,9215195311,vihaan.gowda537@rediffmail.com,Retired,Retail,Madurai,Tamil Nadu,India,2016-02-11,Active
CUST002562,Shweta Agarwal,Female,1978-04-14,9603265393,shweta.agarwal591@yahoo.com,Journalist,Corporate,Udaipur,Rajasthan,India,2023-02-10,Active
CUST002563,Suresh Pawar,Male,1963-08-24,9691582563,suresh.pawar870@gmail.com,Professor,Corporate,Raipur,Chhattisgarh,India,2014-11-23,Active
CUST002564,Abhishek Naidu,Male,1954-07-16,9112588095,abhishek.naidu900@rediffmail.com,Driver,Retail,Bhubaneswar,Odisha,India,2024-06-14,Active
CUST002565,Rahul Subramaniam,Male,1989-10-31,+919139609556,rahul.subramaniam584@gmail.com,Doctor,Corporate,Shimla,Himachal Pradesh,India,2016-08-06,Active
CUST002566,Rahul Iyer,Male,1968-08-05,9120174387,rahul.iyer546@rediffmail.com,Retired,Retail,Kolkata,West Bengal,India,2011-03-17,Active
CUST002567,Chetan Venkatesh,Male,1985-02-15,9254271542,chetan.venkatesh55@yahoo.com,Electrician,Student,Dehradun,Uttarakhand,India,2012-09-10,Active
CUST002568,Pallavi Kulkarni,Female,1970-10-16,9893569391,pallavi.kulkarni68@yahoo.com,Architect,Corporate,Ahmedabad,Gujarat,India,2023-08-02,Active
CUST002569,Ira Venkatesh,Female,1999-09-26,9316148071,ira.venkatesh736@yahoo.com,Farmer,Retail,Vijayawada,Andhra Pradesh,India,2017-09-21,Active
CUST002570, Aarav Verma,Male,1990-10-29,,AARAV.VERMA345@GMAIL.COM,Data Analyst,Retail,Dehradun,Uttarakhand,India,2026-03-31,Active
CUST002571,Lakshmi Sharma,Female,1972-06-21,9501505170,lakshmi.sharma436@yahoo.com,Journalist,Senior Citizen,Hubballi,Karnataka,India,2023-04-04,Active
CUST002572,Vihaan Nair,Male,1968-03-02,945 825 7933,vihaan.nair628@yahoo.com,Student,Retail,Raipur,Chhattisgarh,India,2011-06-22,Active
CUST002573,Ayaan Shetty,Male,1993-05-18,9994003919,ayaan.shetty222@yahoo.com,Bank Employee,Retail, Kochi ,Kerala,India,2015-11-09,Active
CUST002574,Vishal Chatterjee,Male,1948-06-25,9193174559,vishal.chatterjee333@yahoo.com,Software Engineer,Retail,Guwahati,Assam,India,2022-04-07,Active
CUST002575,Ramesh Deshmukh,Male,1951-06-28,937 895 8910,ramesh.deshmukh43@outlook.com,Data Analyst,Retail,Chandigarh,Chandigarh,India,2011-12-25,Active
CUST002576,Ayaan Reddy,Male,1953-02-09,9536818292,ayaan.reddy767@gmail.com,Business Owner,Retail,Chennai,Tamil Nadu,India,2026-07-10,Active
CUST002577,Rahul Verma,Male,1968-12-14,9977874533,rahul.verma508@yahoo.com,Teacher,Retail,Shimla,Himachal Pradesh,India,2013-08-01,Active
CUST002578,Umesh Kamath ,Male,1978-02-09,9409547005,umesh.kamath190@rediffmail.com,Farmer,Student,Bengaluru,Karnataka,India,2023-05-21,Active
CUST002579,Ritu Prabhu,Female,28/09/1965,9693174385,ritu.prabhu595@rediffmail.com,Government Employee,Corporate,Amritsar,Punjab,India,2024-01-22,Active
CUST002580,Gaurav Yadav,Male,1959-06-03,09703047025,gaurav.yadav143@outlook.com,Architect,Corporate,Chennai,Tamil Nadu,India,2018-11-07,Active
CUST002581,Kabir Sen,Male,1966-12-17,+919430577561,kabir.sen780@yahoo.com,Lawyer,Retail,Guwahati,Assam,India,2023-06-27,Active
CUST002582,Aryan More,Male,1977-12-19,9218140803,aryan.more231@yahoo.com,Farmer,Premium,Surat,Gujarat,India,2024-09-30,active
CUST002583,Pooja Verma ,Female,1966-01-07,9809620089,pooja.verma270@rediffmail.com,Chartered Accountant,Retail,Coimbatore,Tamil Nadu,India,2022-05-30,Active
CUST002584,Vihaan Shetty,Male,1982-10-15,9910410050,vihaan.shetty875@yahoo.com,Pharmacist,Premium,Coimbatore,Tamil Nadu,India,2021-12-31,Active
CUST002585,Suman Desai,Female,1971-02-26,09641755406,suman.desai742@rediffmail.com,Bank Employee,Corporate,Warangal,Telangana,India,2017-01-14,Dormant
CUST002586,Ashok Gupta,Male,2004-07-20,9885529767,ASHOK.GUPTA680@GMAIL.COM,Sales Executive,Retail,Visakhapatnam,Andhra Pradesh,India,2022-07-17,Active
CUST002587,Reyansh Dutta,Male,2008-02-13,9328568550,reyansh.dutta601@outlook.com,Pharmacist,Senior Citizen,Bhubaneswar,Odisha,India,2026-02-22,Active
CUST002588,Vidya Rao,Female,1987-09-19,9827544668,VIDYA.RAO520@OUTLOOK.COM,Chef,Senior Citizen,Bhopal,Madhya Pradesh,India,2014-06-27,Active
CUST002589,Karan Nair,Male,1981-08-11,9912129606,karan.nair192@yahoo.com,Chartered Accountant,Retail,Thiruvananthapuram,Kerala,India,2017-06-10,Active
CUST002590,Vikram Rao,Male,1949-11-17,9208039868,vikram.rao300@yahoo.com,Consultant,Student,Surat,Gujarat,India,2018-12-18,Active
CUST002591,Siddharth Krishnan,Male,1985-09-18,9682886293,siddharth.krishnan961@gmail.com,Tailor,Senior Citizen,Visakhapatnam,Andhra Pradesh,India,2017-01-26,active
CUST002592,Radha Deshmukh,Other,1971-01-24,9136746874,radha.deshmukh917@yahoo.com,Data Analyst,Retail,Madurai,Tamil Nadu,India,2016-10-17,Active
CUST002593,Jyoti Reddy,Female,1965-07-25,9702741460,jyoti.reddy725@yahoo.com,Civil Engineer,Retail,Vijayawada,Andhra Pradesh,India,2020-04-23,Active
CUST002594,Myra Agarwal,Female,1996-01-26,9535746931,myra.agarwal887@outlook.com,Software Engineer,Premium,Ahmedabad,Gujarat,India,2016-02-13,Active
CUST002595,Mallikarjun Iyer,Other,1950-07-22,9128067175,mallikarjun.iyer803@outlook.com,Homemaker,Premium,Kolkata,West Bengal,India,2026-05-13,Dormant
CUST002596,Yash Desai,Male,1963-10-14,9869974480,yash.desai399@yahoo.com,Nurse,Retail,Udaipur,Rajasthan,India,2013-10-06,Active
CUST002597,Kiran Joshi,Female,1994-11-26,9310162010,KIRAN.JOSHI715@OUTLOOK.COM,Retired,Retail,Ranchi,Jharkhand,India,2017-01-16,Active
CUST002598,Vinod Shetty,Male,2004-01-14,9365330349,vinod.shetty752@outlook.com,Student,Retail,Patna,Bihar,India,2024-02-18,Active
CUST002599,Anjali Chatterjee,Female,1979-03-06,9804567815,anjali.chatterjee139@gmail.com,Accountant,Retail,Bhubaneswar,Odisha,India,2018-05-22,Active
CUST002600,Karan Ghosh,Male,1980-01-18,9172209767,karan.ghosh912@rediffmail.com,Electrician,Retail,Belagavi,Karnataka,India,2021-12-14,Active
CUST002601,Nikhil Naidu,Male,2006-08-03,+919445957130,nikhil.naidu493@rediffmail.com,Shop Owner,Retail,Hubballi,Karnataka,India,2024-07-31,Active
CUST002602,Anjali Mukherjee,Female,1953-08-07,9429470179,anjali.mukherjee313@yahoo.com,Teacher,Corporate,Ludhiana,Punjab,India,2016-02-24,Active
CUST002603,Nikhil Roy,Male,1977-02-19,9473290580,nikhil.roy474@rediffmail.com,Police Officer,Retail,Shimla,Himachal Pradesh,India,2022-07-25,Active
CUST002604,Girish Kamath,Other,1962-08-22,9885178629,girish.kamath329@yahoo.com,Chef,Premium,Mysuru,Karnataka,India,10-09-2014,Inactive
CUST002605,Aditya Shah,Male,1976-11-19,9392794794,aditya.shah332@gmail.com,Software Engineer,Premium,Visakhapatnam,Andhra Pradesh,India,2022-08-26,Active
CUST002606,Tanvi Bhat,Female,2002-11-27,9418992652,TANVI.BHAT545@REDIFFMAIL.COM,Accountant,Senior Citizen,Madurai,Tamil Nadu,India,2020-12-10,Active
CUST002607,Saanvi Menon,Female,1984-02-11,9467961003,saanvi.menon996@yahoo.com,Accountant,Student,Shimla,Himachal Pradesh,India,2021-10-13,Active
CUST002608,Naveen Naik,Male,2008-01-25,9453561622,naveen.naik408@yahoo.com,Electrician,Senior Citizen,Shimla,Himachal Pradesh,India,2026-02-08,Dormant
CUST002609,Vandana Pawar,Female,1978-08-06,9958694552,VANDANA.PAWAR215@OUTLOOK.COM,Retired,Retail,Thiruvananthapuram,Kerala,India,2024-07-01,Active
CUST002610,Sangeeta Prabhu,Female,2000-04-13,9340769830,sangeeta.prabhu760@yahoo.com,Bank Employee,Retail,Delhi,Delhi,India,2020-09-19,Active
CUST002611,Tanvi Dutta,Female,1958-04-13,+919202149958,tanvi.dutta295@yahoo.com,Police Officer,Retail,Guwahati,Assam,India,2011-08-18,Active
CUST002612,Anil Prabhu ,Male,05-06-1967,9479442888,anil.prabhu536@rediffmail.com,Lawyer,Retail,Bengaluru,Karnataka,India,2012-09-09,Active
CUST002613,Pallavi Pillai,Female,1964-08-04,9175219296,pallavi.pillai253@yahoo.com,Lawyer,Retail,Kolkata,West Bengal,India,2013-11-29,Active
CUST002614,Sangeeta Kulkarni,Female,1994-07-30,9817760917,sangeeta.kulkarni212@outlook.com,Student,Retail, Thiruvananthapuram ,Kerala,India,2025-12-02,Active
CUST002615,Mahesh Kamath,Male,1979-01-31,9847802199,mahesh.kamath252@outlook.com,Professor,Retail,Nagpur,Maharashtra,India,2020-02-28,Active
CUST002616,Vishal Mehta,Male,1961-06-18,9824385428,vishal.mehta356@rediffmail.com,Bank Employee,Retail,Ahmedabad,Gujarat,India,04-05-2015,Active
CUST002617,Krishna Mukherjee,Male,1958-06-21,9478953069,krishna.mukherjee954@yahoo.com,Architect,Retail,Guwahati,Assam,India,2015-04-20,Active
CUST002618,Lakshmi Reddy,Female,1971-04-18,9728544502,lakshmi.reddy670@yahoo.com,Architect,Senior Citizen,Belagavi,Karnataka,India,2011-05-27,Active
CUST002619,Umesh Chowdhury,Male,1957-04-20,9457174505,umesh.chowdhury695@rediffmail.com,Electrician,Retail,Howrah,West Bengal,India,2014-02-27,Active
CUST002620,Pallavi Desai,Female,1990-03-27,9869073630,pallavi.desai54@yahoo.com,Marketing Manager,Retail,Mumbai,Maharashtra,India,2024-04-15,Active
CUST002621,Rajesh Bhosale,Other,1999-05-24,9275558923,rajesh.bhosale11@yahoo.com,Chef,Retail,Bhopal,Madhya Pradesh,India,2020.04.21,Active
CUST002622,Gaurav Roy,Male,2006-09-12,9226613600,gaurav.roy342@gmail.com,Business Owner,Retail,Belagavi,Karnataka,India,2024-09-10,Active
CUST002623,Kabir Sharma,Male,1962-04-12,9379895785,KABIR.SHARMA886@YAHOO.COM,Marketing Manager,Senior Citizen,Hyderabad,Telangana,India,2011-05-01,Active
CUST002624,Nisha Naidu,Female,10/08/1974,9701595258,NISHA.NAIDU17@GMAIL.COM,Bank Employee,Retail,Lucknow,Uttar Pradesh,India,30-04-2016,Active
CUST002625,Abhishek Prabhu,Male,1978-07-11,+919408378373,abhishek.prabhu765@yahoo.com,Student,Retail,Chennai,Tamil Nadu,India,2016-12-12,Active
CUST002626,Diya Bhat,Female,1978-01-14,9486870799,diya.bhat820@outlook.com,Chartered Accountant,Premium,Coimbatore,Tamil Nadu,India,2012-11-04,Active
CUST002627,Diya Gowda,Female,1975-06-16,9805592271,diya.gowda278@outlook.com,Chef,Retail, Ludhiana ,Punjab,India,2020-06-07,Active
CUST002628,Ritu Agarwal,Female,03/05/1961,9172390158,ritu.agarwal117@gmail.com,Electrician,Retail,Guwahati,Assam,India,2021-04-05,Active
CUST002629,Pradeep Reddy,Male,1954-10-13,9754822533,pradeep.reddy154@yahoo.com,Bank Employee,Retail,Belagavi,Karnataka,India,2026-07-05,Active
CUST002630,Kavya Yadav ,Female,1972-06-05,9395683863,kavya.yadav78@yahoo.com,Chef,Retail,Dehradun,Uttarakhand,India,2016-07-29,Active
CUST002631,Anjali Kumar,Female,1953-08-03,9480643300,ANJALI.KUMAR842@GMAIL.COM,Doctor,Retail,Jaipur,Rajasthan,India,2015-04-16,Active
CUST002632,Sanjay Subramaniam,Male,1951-10-26,993 752 6232,sanjay.subramaniam786@yahoo.com,Accountant,Premium,Mysuru,Karnataka,India,2023-10-15,Active
CUST002633,Snehal Singh,Female,1979-10-03,9166988598,snehal.singh672@outlook.com,Chef,Retail,Visakhapatnam,Andhra Pradesh,India,2016-06-11,Active
CUST002634,Rashmi Singh,Female,2000-01-06,9512554176,rashmi.singh90@gmail.com,Professor,Retail,Kolkata,West Bengal,India,2020-10-18,Active
CUST002635,Sarita Singh,Female,1980-10-01,9316436730,sarita.singh949@yahoo.com,Consultant,Retail,Kolkata,West Bengal,India,2022-06-17,Active
CUST002636,Vikram Pawar,Male,1949-05-31,9527269044,vikram.pawar683@yahoo.com,Lawyer,Retail,Mysuru,Karnataka,India,2024-09-02,Active
CUST002637,Shivraj Roy,Male,1998-12-01,9295975900,shivraj.roy827@gmail.com,,Retail,Panaji,Goa,India,2016-12-03,Active
CUST002638,Krishna Chavan,Male,1989-05-30,9311562574,krishna.chavan380@outlook.com,Chef,Student, Hyderabad ,Telangana,India,2020-09-03,Active
CUST002639,Aarav Reddy,Male,1966-05-13,9518822608,aarav.reddy198@outlook.com,Professor,Premium,Chandigarh,Chandigarh,India,2013-01-13,Active
CUST002640,Abhishek Subramaniam,Male,1964-07-20,9959154191,abhishek.subramaniam821@yahoo.com,Chartered Accountant,Senior Citizen,Coimbatore,Tamil Nadu,India,2023-02-09,Active
CUST002641,Mallikarjun Chavan,Other,2002-07-01,9674045255,mallikarjun.chavan52@gmail.com,Student,Retail,Panaji,Goa,India,2020-07-21,Active
CUST002642,Prasad Chavan,Male,04-11-1976,9737699936,prasad.chavan183@rediffmail.com,Sales Executive,Retail,Guwahati,Assam,India,2021-10-27,Active
CUST002643,Namrata Menon,Female,1889-06-01,9795110702,namrata.menon154@gmail.com,Driver,Retail,Lucknow,Uttar Pradesh,India,2014-04-01,Active
CUST002644,Prakash Ghosh,Male,21-01-1965,9927812567,prakash.ghosh85@gmail.com,Consultant,Retail,Kolkata,West Bengal,India,2018-03-10,Active
CUST002645,Reyansh Gowda,Male,1964-01-08,,REYANSH.GOWDA551@GMAIL.COM,Driver,Retail,Bhopal,Madhya Pradesh,India,2012.03.09,Active
CUST002646,Anil Raghunathan,Male,1972-03-27,9406945418,anil.raghunathan228@gmail.com,Police Officer,Retail,Udaipur,Rajasthan,India,2021-09-13,Active
CUST002647,Aryan Roy,Male,1968-12-12,9662271482,aryan.roy965@rediffmail.com,Business Owner,Corporate,Vijayawada,Andhra Pradesh,India,2018-06-29,Active
CUST002648,Vidya Pillai,Female,1981-02-15,983 628 3893,VIDYA.PILLAI931@REDIFFMAIL.COM,Doctor,Corporate, Bhopal ,Madhya Pradesh,India,2021-04-24,Active
CUST002649,Shweta Singh,Female,1967-07-30,9603827784,shweta.singh169@outlook.com,Electrician,Retail,Pune,Maharashtra,India,2016-05-26,Active
CUST002650,Manisha Subramaniam ,Female,1986-10-29,9214463225,manisha.subramaniam828@rediffmail.com,Government Employee,Retail,Amritsar,Punjab,India,08/02/2011,Active
CUST002651,Shivraj Agarwal,Male,1977-11-06,9558189912,shivraj.agarwal40@outlook.com,Pharmacist,Retail,Delhi,Delhi,India,2020-01-11,Active
CUST002652,Namrata Dutta,Female,2004-12-18,9294553721,namrata.dutta286@yahoo.com,Police Officer,Premium,Warangal,Telangana,India,2023-01-08,Active
CUST002653,Yash Bhosale,Male,1998-03-03,9720579814,yash.bhosale659@outlook.com,Tailor,Retail,Vadodara,Gujarat,India,2021-04-30,Active
CUST002654,Pallavi Menon,Female,1968-02-15,9873674844,pallavi.menon206@yahoo.com,Sales Executive,Premium,Chennai,Tamil Nadu,India,2015-01-27,Active
CUST002655,Nisha Pillai ,,1950-07-21,9731642318,nisha.pillai78@rediffmail.com,Chef,Retail,Vijayawada,Andhra Pradesh,India,2022-02-18,Active
CUST002656,Amit Chavan,Male,1983-06-07,95958-32993,amit.chavan157@rediffmail.com,Accountant,Premium,Shimla,Himachal Pradesh,India,2019-06-02,Active
CUST002657,Siddharth Desai,Male,1968-06-30,9639511751,siddharth.desai658@rediffmail.com,Chef,Senior Citizen,Hubballi,Karnataka,India,2014-04-07,Active
CUST002658,Abhishek Bose,Male,2002-08-18,9584675582,abhishek.bose221@outlook.com,Bank Employee,Retail,Warangal,Telangana,India,2020-08-20,Active
CUST002659,Abhishek Kulkarni,Male,1972-07-29,9707827186,abhishek.kulkarni246@outlook.com,Software Engineer,Corporate,Howrah,West Bengal,India,2016-01-21,Active
CUST002660,Shalini Kale,Female,1965-08-01,9414551005,shalini.kale205@gmail.com,Pharmacist,Senior Citizen,Bhopal,Madhya Pradesh,India,2011-05-11,Active
CUST002661,Tanvi Verma,Female,1968-07-23,9241015751,tanvi.verma881@outlook.com,Shop Owner,Retail,Chandigarh,Chandigarh,India,2022-02-15,Active
CUST002662,Aadhya Nair,Female,2000-05-28,9820175197,AADHYA.NAIR887@GMAIL.COM,Marketing Manager,Retail,Indore,Madhya Pradesh,India,2018-06-05,Active
CUST002663,Sanjay Patil,Male,1954-10-26,+919596380316,sanjay.patil804@outlook.com,Government Employee,Retail,Pune,Maharashtra,India,2011-10-02,Active
CUST002664,Payal Prabhu,Female,2006-01-04,9568329440,payal.prabhu20@gmail.com,Marketing Manager,Retail,Lucknow,Uttar Pradesh,India,2024-01-25,Active
CUST002665,Deepak Verma,Male,1962-02-21,9567369871,deepak.verma251@yahoo.com,Retired,Senior Citizen,Chennai,Tamil Nadu,India,2016-01-25,Active
CUST002666,Jyoti Kumar,Female,1999-05-06,9581207371,jyoti.kumar879@rediffmail.com,Business Owner,Retail,Coimbatore,Tamil Nadu,India,2017-05-23,Active
CUST002667,Aditya Gupta,Male,1980-12-22,9559736853,,Chef,Premium,Bhubaneswar,Odisha,India,2020-10-14,Active
CUST002668,Rajesh Deshmukh,Male,1982-07-10,9106300408,rajesh.deshmukh42@outlook.com,Data Analyst,Retail,Mysuru,Karnataka,India,2013-01-21,Active
CUST002669,Ritu Verma,Female,1960-05-23,9775237020,ritu.verma249@yahoo.com,Professor,Retail,Pune,Maharashtra,India,2023-06-25,Active
CUST002670,Sanjay Verma,Male,1991-09-30,9652653429,sanjay.verma826@yahoo.com,Teacher,Retail,Udaipur,Rajasthan,India,2019-09-09,Active
CUST002671,Anil Kumar,Male,1987-04-17,9781743601,anil.kumar878@gmail.com,Police Officer,Corporate,Ranchi,Jharkhand,India,2012-04-17,Active
CUST002672,Suman Bhosale,Female,1977-02-22,95534-64262,suman.bhosale425@gmail.com,Police Officer,Retail,Lucknow,Uttar Pradesh,India,2017-03-21,Active
CUST002673,Santosh Iyer,Male,1975.09.25,9396624478,santosh.iyer152@yahoo.com,Architect,Retail,Hubballi,Karnataka,India,2013-03-06,Active
CUST002674,Bhavna Bhat,,1984-03-08,984 987 1895,bhavna.bhat78@gmail.com,Student,Senior Citizen,Bhubaneswar,Odisha,India,2026-03-28,Inactive
CUST002675,Santosh Reddy,Male,1976-07-31,9507939918,santosh.reddy225@rediffmail.com,Shop Owner,Retail,Ahmedabad,Gujarat,India,2020-03-16,Active
CUST002676,Sneha Jadhav,Female,2007-01-14,9114837435,sneha.jadhav798@outlook.com,Pharmacist,Corporate,Patna,Bihar,India,2025-02-03,Active
CUST002677,Aditi Kotian,Female,1950-07-05,9246532800,aditi.kotian825@gmail.com,Nurse,Retail,Chennai,Tamil Nadu,India,2016-10-25,active
CUST002678,Aditi Mukherjee,Female,19/03/1963,9201966489,aditi.mukherjee256@rediffmail.com,Journalist,Premium,Visakhapatnam,Andhra Pradesh,India,2013-04-12,Active
CUST002679,Pooja Dutta,Female,1999-07-22,94811-56429,pooja.dutta976@yahoo.com,Consultant,Retail,Hyderabad,Telangana,India,2017-08-10,Active
CUST002680,Priya Singh,Female,1996.01.06,9336092568,priya.singh877@outlook.com,Software Engineer,Retail,Raipur,Chhattisgarh,India,2017-06-23,Active
CUST002681,Geeta Chavan,Female,1969-01-29,9399205753,geeta.chavan986@outlook.com,Lawyer,Retail,Ahmedabad,Gujarat,India,2022-12-21,Active
CUST002682,Ramesh Yadav,Male,1978-09-01,+919789139303,ramesh.yadav751@rediffmail.com,Business Owner,Retail, Ranchi ,Jharkhand,India,2017-09-11,Dormant
CUST002683,Varun Verma,Male,20/08/1949,9714692833,VARUN.VERMA572@GMAIL.COM,Pharmacist,Premium,Lucknow,Uttar Pradesh,India,2025-06-05,Active
CUST002684,Aditi Dutta,Female,1958.09.18,9834277246,aditi.dutta980@yahoo.com,Marketing Manager,Retail,Belagavi,Karnataka,India,2016.08.17,Active
CUST002685,Sai Naik,Male,2005-03-21,932 321 3618,sai.naik688@yahoo.com,Electrician,Retail,Belagavi,Karnataka,India,2023-03-26,Active
CUST002686,Ramesh Rao,Male,1986-12-27,,ramesh.rao831@outlook.com,Architect,Retail,Surat,Gujarat,India,2018-09-13,Active
CUST002687, Gaurav Patil,Male,1950-05-04,9882779733,gaurav.patil403@rediffmail.com,Data Analyst,Senior Citizen,Delhi,Delhi,India,2012-09-22,Active
CUST002688,Riya More,Female,01/03/1996,9374301315,riya.more241@yahoo.com,Tailor,Retail,Kochi,Kerala,India,2021-05-29,Dormant
CUST002689,Gaurav Shetty,Male,1972-06-12,9438128171,gaurav.shetty573@yahoo.com,Professor,Premium, Mysuru ,Karnataka,India,26/07/2012,Active
CUST002690,Vandana Patil,Female,1982-06-16,957 830 2308,vandana.patil409@gmail.com,Tailor,Senior Citizen,Chandigarh,Chandigarh,India,2020.12.16,Active
CUST002691,Vidya Roy ,Female,1999-11-29,9818246755,vidya.roy351@outlook.com,Nurse,Retail,Chennai,Tamil Nadu,India,2017-12-05,Active
CUST002692,Ira Naik,Female,1998-09-25,9232537335,ira.naik696@yahoo.com,Homemaker,Student,Delhi,Delhi,India,2016-10-16,Active
CUST002693,Umesh Agarwal,Male,1956-04-07,9520168390,,Retired,Retail,Howrah,West Bengal,India,2020-06-28,Active
CUST002694,Sarita Rao,Female,1970-03-01,9318133485,sarita.rao316@rediffmail.com,Lawyer,Premium,Chandigarh,Chandigarh,India,2021-12-15,Active
CUST002695,Manisha Chatterjee,Female,1964-07-07,9741340501,manisha.chatterjee242@outlook.com,Police Officer,Premium,Ahmedabad,Gujarat,India,2025-06-07,Active
CUST002696,Mahesh Mehta,Male,2003-05-11,9317725509,mahesh.mehta546@gmail.com,Journalist,Retail,Kolkata,West Bengal,India,2021-05-31,Active
CUST002697,Suman Patil,Female,1995-04-19,9411744530,suman.patil327@rediffmail.com,Chef,Retail,Kolkata,West Bengal,India,2023-08-13,Active
CUST002698,Prasad Naidu,Male,1987-04-12,9163545902,prasad.naidu238@yahoo.com,Tailor,Retail,Kolkata,West Bengal,India,2023-12-25,Dormant
CUST002699,Anika Kulkarni,Female,1951-07-18,9701298595,anika.kulkarni222@yahoo.com,Business Owner,Retail,Surat,Gujarat,India,21-06-2026,Active
CUST002700,Umesh Iyer,Male,1996-08-28,9541745836,UMESH.IYER662@REDIFFMAIL.COM,Business Owner,Retail,Ludhiana,Punjab,India,2025-12-25,Active
CUST002701,Usha Gupta,Female,1981-12-24,9727380172,usha.gupta415@outlook.com,Civil Engineer,Premium,Chandigarh,Chandigarh,India,2023-04-13,Active
CUST002702,Ananya Pillai,Female,2027-01-15,9808183990,ANANYA.PILLAI342@REDIFFMAIL.COM,Data Analyst,Retail,Surat,Gujarat,India,2015-07-31,Active
CUST002703,Deepak Desai,Male,1974-10-27,9926161294,deepak.desai115@rediffmail.com,Electrician,Retail,Ranchi,Jharkhand,India,2021-10-16,Active
CUST002704,Neha Pillai,Female,1975-01-10,92134-89509,neha.pillai56@yahoo.com,Business Owner,Retail,Kanpur,Uttar Pradesh,India,2023-03-12,Inactive
CUST002705,Arjun Bhosale,Male,1965-12-08,9665462406,arjun.bhosale694@rediffmail.com,Nurse,Retail,Vijayawada,Andhra Pradesh,India,2015-07-12,Active
CUST002706,Shreya Kamath,Female,2003-02-09,9792058146,shreya.kamath966@gmail.com,Accountant,Retail,Varanasi,Uttar Pradesh,India,2023-08-22,Active
CUST002707,Komal Joshi,Female,2003-08-02,944 986 9608,komal.joshi325@rediffmail.com,Business Owner,Retail,Chennai,Tamil Nadu,India,2021-11-27,Active
CUST002708,Sanjay Ghosh,Male,1951-01-31,9870414936,sanjay.ghosh843@rediffmail.com,Farmer,Retail,Varanasi,Uttar Pradesh,India,2018-08-17,Active
CUST002709,Ashok Prabhu,Male,2004-09-12,9784056734,ashok.prabhu601@gmail.com,Student,Retail,Bhubaneswar,Odisha,India,2024-05-22,Active
CUST002710,Aditi Agarwal,Female,1972-06-22,9397379285,aditi.agarwal304@gmail.com,Shop Owner,Senior Citizen,Chennai,Tamil Nadu,India,2012-05-12,Active
CUST002711,Manoj Patil,Male,1996-06-15,9851983750,manoj.patil566@gmail.com,Architect,Senior Citizen,Chennai,Tamil Nadu,India,2021-08-17,Active
CUST002712,Vidya Chowdhury,Female,1995-04-10,9469394900,vidya.chowdhury130@yahoo.com,Consultant,Retail,Chandigarh,Chandigarh,India,2023-03-20,Active
CUST002713,Sangeeta Kotian,Female,13-04-1984,9369925159,sangeeta.kotian338@rediffmail.com,Civil Engineer,Retail,Panaji,Goa,India,2011-08-18,Active
CUST002714,Shweta Agarwal,Female,1993-01-23,9995037565,shweta.agarwal734@gmail.com,Doctor,Retail,Kolkata,West Bengal,India,2017-05-01,Blocked
CUST002715, Raghavendra Shah,Male,1989-04-12,9147135775,raghavendra.shah850@gmail.com,Nurse,Retail,Lucknow,Uttar Pradesh,India,2019-01-13,Active
CUST002716,Shreya Iyer,Female,1999-08-05,9634013669,shreya.iyer221@yahoo.com,,Premium,Bhopal,Madhya Pradesh,India,2017-08-23,Active
CUST002717,Myra Bose,Female,1973-09-01,9257172090,myra.bose909@yahoo.com,Software Engineer,Retail,Bhopal,Madhya Pradesh,India,2024-08-30,Active
CUST002718,Basavaraj Rao,Male,1992-10-17,9345922460,basavaraj.rao605@outlook.com,Accountant,Retail,Mysuru,Karnataka,India,2020-09-26,Active
CUST002719,Vihaan Kulkarni,Male,2007.04.29,9758231500,vihaan.kulkarni229@outlook.com,Chartered Accountant,Corporate,Ahmedabad,Gujarat,India,2025-04-28,Active
CUST002720,Chetan Kumar,Male,2005-05-18,9762590128,chetan.kumar778@rediffmail.com,Professor,Corporate,Shimla,Himachal Pradesh,India,2023-05-28,Active
CUST002721,Vikram Patil,Male,1956-12-17,9819877638,vikram.patil880@yahoo.com,Business Owner,Retail,Panaji,Goa,India,2012-09-27,Active
CUST002722,Neha Das,Female,1978-03-09,9230822555,neha.das272@yahoo.com,Chartered Accountant,Retail,Bhubaneswar,Odisha,India,2012-05-11,Active
CUST002723,Basavaraj Raghunathan,Male,1978-11-25,9929436419,basavaraj.raghunathan106@gmail.com,Bank Employee,Retail,Mumbai,Maharashtra,India,2022-08-07,Active
CUST002724,Sushma Raghunathan,Female,27-10-1985,9730036462,sushma.raghunathan285@rediffmail.com,Business Owner,Premium,Surat,Gujarat,India,2026-04-14,Active
CUST002725,Prakash Sharma,Male,1987-03-14,9855573994,prakash.sharma756@gmail.com,Bank Employee,Retail,Nagpur,Maharashtra,India,2015-04-20,Active
CUST002726,Ganesh More,Male,1999-05-11,9823948967,ganesh.more62@outlook.com,Journalist,Retail,Warangal,Telangana,India,2017-05-14,Active
CUST002727,Vihaan Roy,Male,1980-03-29,9618656474,vihaan.roy289@rediffmail.com,Architect,Retail,Dehradun,Uttarakhand,India,2021-08-17,Active
CUST002728,Aditi Pawar,Female,1990-07-06,9528111421,aditi.pawar320@outlook.com,HR Manager,Retail,Ahmedabad,Gujarat,India,2018.12.09,Active
CUST002729,Manisha Desai,Female,2002-06-29,9980459293,manisha.desai17@outlook.com,Driver,Retail,Hubballi,Karnataka,India,2020-07-17,Dormant
CUST002730,Sai Bhat,Male,1954-03-08,09708648256,sai.bhat597@gmail.com,,Premium,Patna,Bihar,India,2021-05-14,Blocked
CUST002731,Kiran Kulkarni,Female,1986-12-07,9894220876,kiran.kulkarni805@outlook.com,Pharmacist,Retail,Bhubaneswar,Odisha,India,2014-04-05,Active
CUST002732,Manoj Desai,Male,1970-03-26,9300377604,manoj.desai156@gmail.com,Tailor,Student,Bhopal,Madhya Pradesh,India,2012-10-15,Active
CUST002733,Deepak Sen,Male,2002-11-19,9666769134,deepak.sen885@outlook.com,Homemaker,Retail,Amritsar,Punjab,India,2020-11-17,Active
CUST002734,Sunil Chavan,Male,1981-06-23,9658516181,sunil.chavan952@outlook.com,Police Officer,Senior Citizen,Patna,Bihar,India,2022-06-28,Active
CUST002735,Radha Yadav,Other,1984-07-10,9239379320,RADHA.YADAV869@YAHOO.COM,Business Owner,Retail,Thiruvananthapuram,Kerala,India,05/02/2019,Active
CUST002736,Sushma Gupta,Female,21/09/1993,9307752547,sushma.gupta721@outlook.com,Journalist,Retail,Panaji,Goa,India,2021-01-27,ACTIVE
CUST002737,Pallavi Chowdhury,Female,1962-08-30,9280080780,PALLAVI.CHOWDHURY448@OUTLOOK.COM,Farmer,Retail,Warangal,Telangana,India,2014-09-12,Active
CUST002738,Ayaan Shah,Male,1980-12-06,9732093813,ayaan.shah204@gmail.com,Farmer,Retail,Jaipur,Rajasthan,India,2018.09.03,Active
CUST002739,Prakash Prabhu,Male,1994-10-30,9715775074,PRAKASH.PRABHU912@YAHOO.COM,Police Officer,Retail,Varanasi,Uttar Pradesh,India,2022-01-28,Inactive
CUST002740,Deepika Mukherjee,Female,1995-02-08,9988802570,deepika.mukherjee530@yahoo.com,Driver,Premium,Bhopal,Madhya Pradesh,India,2019-03-18,Active
CUST002741,Vihaan Chatterjee,Male,1961.10.21,9454274366,vihaan.chatterjee452@gmail.com,Bank Employee,Retail,Udaipur,Rajasthan,India,2014-09-21,Active
CUST002742,Vidya Shah,Female,1998-09-29,9500744524,vidya.shah391@yahoo.com,Software Engineer,Retail,Vadodara,Gujarat,India,2025-11-01,Active
CUST002743,Shweta Naidu,Female,1957-11-12,,shweta.naidu218@gmail.com,Government Employee,Retail,Hubballi,Karnataka,India,2012-01-18,Active
CUST002744,Ayaan More,Male,1964-01-23,09615821257,ayaan.more382@yahoo.com,Pharmacist,Premium,Thiruvananthapuram,Kerala,India,2025-02-25,Active
CUST002745,Kiran Kumar,Female,1999-11-24,9272027963,kiran.kumar797@gmail.com,Software Engineer,Retail,Bengaluru,Karnataka,India,2022-04-04,Active
CUST002746,Vandana Verma,Female,1985-04-29,9370215629,vandana.verma559@gmail.com,Journalist,Retail,Jaipur,Rajasthan,India,2012.09.27,Active
CUST002747,Ramesh Chatterjee,Male,1980-11-05,9719281951,ramesh.chatterjee395@rediffmail.com,Chartered Accountant,Retail,Surat,Gujarat,India,2014-12-19,Active
CUST002748,Snehal Shah,Female,1981-10-01,,snehal.shah108@gmail.com,Government Employee,Premium,Guwahati,Assam,India,2016-09-23,Active
CUST002749,Preeti Kumar,Female,2006-09-20,9203640360,preeti.kumar415@gmail.com,HR Manager,Premium,Udaipur,Rajasthan,India,2025-11-17,Active
CUST002750,Yash Chowdhury,Male,1961-10-09,9866391355,,Shop Owner,Retail,Mumbai,Maharashtra,India,2019-01-11,Active
CUST002751,Anita Ghosh ,Female,1966-02-14,9492626413,ANITA.GHOSH397@GMAIL.COM,Architect,Retail,Lucknow,Uttar Pradesh,India,2015-01-04,Active
CUST002752,Varun Roy,Male,05-09-1977,9627598435,varun.roy150@rediffmail.com,Shop Owner,Retail,Chennai,Tamil Nadu,India,2025-04-17,Blocked
CUST002753,Kiran Iyer,Female,1999-03-22,9840548106,kiran.iyer946@rediffmail.com,Software Engineer,Retail,Ahmedabad,Gujarat,India,2017-03-19,Active
CUST002754,Komal Bhat,Female,1981-03-26,94241-19642,komal.bhat174@rediffmail.com,Professor,Premium,Hyderabad,Telangana,India,2023-09-08,Active
CUST002755,Shweta Patil,Female,1991-12-23,9370703660,shweta.patil124@rediffmail.com,Chartered Accountant,Premium,Hubballi,Karnataka,India,2023-11-28,Active
CUST002756,Vishal Bhat,Male,1997-07-08,9976908145,vishal.bhat654@gmail.com,Farmer,Retail,Vijayawada,Andhra Pradesh,India,2017-01-02,Active
CUST002757,Rashmi Pawar,Female,2002-01-17,09353296901,rashmi.pawar344@outlook.com,Doctor,Premium,Madurai,Tamil Nadu,India,06/02/2020,Active
CUST002758,Mallikarjun Salunkhe,Male,1975-12-05,9520726095,mallikarjun.salunkhe995@gmail.com,Marketing Manager,Retail,Lucknow,Uttar Pradesh,India,2024-10-08,Active
CUST002759,Sanjay Das,Male,1975-09-28,9162980646,sanjay.das404@yahoo.com,Electrician,Premium,Ludhiana,Punjab,India,2026-01-12,Active
CUST002760,Vinod Verma,Male,1952-11-25,97530-77423,vinod.verma650@yahoo.com,Chartered Accountant,Premium,Howrah,West Bengal,India,2016-11-16,Blocked
CUST002761,Anika Mehta ,Female,1952-11-12,9315504153,anika.mehta833@outlook.com,Police Officer,Premium,Vijayawada,Andhra Pradesh,India,2013-11-20,Dormant
CUST002762,Arjun Yadav,Male,1977-07-09,9863840746,arjun.yadav983@yahoo.com,Teacher,Retail,Surat,Gujarat,India,2015-03-20,Active
CUST002763,Mallikarjun Jadhav,Male,1993-05-19,9216807906,mallikarjun.jadhav808@yahoo.com,Bank Employee,Retail,Vijayawada,Andhra Pradesh,India,2013-02-13,Active
CUST002764,Divya Nair,Female,1998-10-07,+919522339795,divya.nair576@rediffmail.com,Student,Retail,Jaipur,Rajasthan,India,2020-06-23,ACTIVE
CUST002765,Nikhil Chavan,Male,1972-09-30,9176157008,NIKHIL.CHAVAN813@GMAIL.COM,Sales Executive,Retail,Mumbai,Maharashtra,India,2019-01-22,Active
CUST002766,Ashok Kumar,Male,1982-08-10,9396280172,ashok.kumar283@yahoo.com,Tailor,Retail, Dehradun ,Uttarakhand,India,2016-07-12,Active
CUST002767,Umesh Prabhu,Male,1997-03-25,9554310706,umesh.prabhu869@yahoo.com,Homemaker,Premium,Dehradun,Uttarakhand,India,2021-02-09,Active
CUST002768,Harsh Roy,Male,1967-04-26,9603543080,harsh.roy871@rediffmail.com,Lawyer,Retail,Raipur,Chhattisgarh,India,2020-09-02,Active
CUST002769,Rekha Rao,Female,1957-08-08,9181646489,rekha.rao384@outlook.com,Civil Engineer,Retail,Bengaluru,Karnataka,India,2011-03-05,Inactive
CUST002770,Raghavendra Kotian,Male,2003-10-18,9711454306,raghavendra.kotian68@gmail.com,Marketing Manager,Premium,Ludhiana,Punjab,India,2021-11-08,Active
CUST002771,Aarav Gupta,Male,1981-01-30,9182077425,aarav.gupta684@gmail.com,Electrician,Retail,Kolkata,West Bengal,India,2024-06-01,Active
CUST002772,Suman Roy,Female,1957-06-06,9614796856,suman.roy103@rediffmail.com,Data Analyst,Retail,Ludhiana,Punjab,India,2023-05-13,Inactive
CUST002773,Kalpana Bhat,Female,1963-04-07,9811691640,kalpana.bhat18@rediffmail.com,Electrician,Retail,Raipur,Chhattisgarh,India,2024-04-13,Active
CUST002774,Preeti Kotian,Female,1967-10-21,975 375 2594,preeti.kotian946@rediffmail.com,Civil Engineer,Premium,Delhi,Delhi,India,2025-10-29,Active
CUST002775,Ananya Salunkhe,Female,1960-03-08,9417612003,ANANYA.SALUNKHE567@GMAIL.COM,Marketing Manager,Retail,Howrah,West Bengal,India,2011-12-15,Inactive
CUST002776,Rekha Chavan,Female,1974.06.25,9239418332,REKHA.CHAVAN649@OUTLOOK.COM,Student,Retail,Madurai,Tamil Nadu,India,2015-03-15,Dormant
CUST002777,Krishna Desai,Male,1997-03-29,984 757 4847,krishna.desai879@outlook.com,Driver,Retail,Warangal,Telangana,India,2018-02-20,Active
CUST002778,Suman Kotian,Female,1992-09-15,92940-56324,suman.kotian928@rediffmail.com,Student,Retail,Chandigarh,Chandigarh,India,2018-12-04,Active
CUST002779,Sangeeta Agarwal,Female,2003-07-23,9546119147,sangeeta.agarwal955@yahoo.com,Architect,Senior Citizen,Surat,Gujarat,India,2023-03-20,Active
CUST002780,Siddharth Kale,Male,1998-08-19,9126807619,siddharth.kale133@yahoo.com,Accountant,Corporate,Bhopal,Madhya Pradesh,India,2022-04-04,Active
CUST002781,Sunil Chavan,Male,1966-11-10,9474868088,sunil.chavan324@outlook.com,Bank Employee,Retail,Bhopal,Madhya Pradesh,India,21/12/2021,Active
CUST002782,Reyansh Agarwal,Male,2027-01-15,9595283044,reyansh.agarwal767@gmail.com,Architect,Retail,Chennai,Tamil Nadu,India,2013-06-18,Active
CUST002783,Riya Iyer,Female,03/10/1957,9753211385,riya.iyer29@outlook.com,Lawyer,Retail,Pune,Maharashtra,India,2021-07-12,Active
CUST002784,Tanvi Bose,Female,1995-12-26,984 825 7129,tanvi.bose235@yahoo.com,Marketing Manager,Premium,Ranchi,Jharkhand,India,14/05/2023,Active
CUST002785,Saanvi Sen,Female,1968-08-13,9461166943,SAANVI.SEN514@GMAIL.COM,Driver,Retail,Delhi,Delhi,India,2022-09-08,Active
CUST002786,Harsh Kamath,Male,26-08-1991,9407040092,harsh.kamath343@rediffmail.com,Bank Employee,Retail,Delhi,Delhi,India,2020-01-22,Active
CUST002787,Aditya Jadhav,Male,1975-09-25,9531673775,aditya.jadhav173@yahoo.com,Sales Executive,Retail,Kochi,Kerala,India,2012-05-16,Active
CUST002788,Vishal Menon,Male,2002-03-14,9128616828,vishal.menon898@rediffmail.com,Nurse,Retail,Madurai,Tamil Nadu,India,2020-04-03,Active
CUST002789,Aditi Naik,Female,1978-10-13,9528199214,aditi.naik448@yahoo.com,Student,Senior Citizen,Delhi,Delhi,India,2022-07-19,Active
CUST002790,Komal Bhat,Female,2002-07-21,9522375155,komal.bhat411@yahoo.com,Driver,Retail,Warangal,Telangana,India,2024-06-28,Active
CUST002791,Vidya Kulkarni,Female,1963-03-11,9946819474,vidya.kulkarni657@yahoo.com,Retired,Senior Citizen,Lucknow,Uttar Pradesh,India,2023-10-28,Active
CUST002792,Namrata Singh,Female,1995-02-08,+919831267184,namrata.singh670@outlook.com,Marketing Manager,Retail,Ludhiana,Punjab,India,2017-08-18,Active
CUST002793,Pallavi Desai,Female,1979-09-28,9342357315,pallavi.desai492@gmail.com,Tailor,Retail,Shimla,Himachal Pradesh,India,2020-02-15,Active
CUST002794,Pallavi Pawar,Female,10/07/1959,9199318714,pallavi.pawar886@gmail.com,Driver,Premium,Ranchi,Jharkhand,India,2013-09-29,Active
CUST002795,Ayaan Bose,Male,1962-03-05,9809149301,ayaan.bose296@gmail.com,Retired,Retail, Panaji ,Goa,India,2020-03-12,Active
CUST002796,Ganesh Menon,Male,1967-01-06,9538502373,GANESH.MENON870@GMAIL.COM,Electrician,Senior Citizen,Kanpur,Uttar Pradesh,India,2014-01-13,Active
CUST002797,Shivraj Chatterjee,Male,1957-05-19,9778434085,SHIVRAJ.CHATTERJEE867@YAHOO.COM,HR Manager,Retail,Surat,Gujarat,India,2023-05-10,Active
CUST002798,Prakash Bose,Male,2004-09-21,9692903144,prakash.bose9@outlook.com,Consultant,Retail,Amritsar,Punjab,India,2023-03-16,Dormant
CUST002799,Pradeep Prabhu,Male,1960-11-20,9806680833,,Doctor,Retail,Warangal,Telangana,India,18/10/2011,Active
CUST002800,Harsh Bhat,Male,1984-03-28,9798400861,harsh.bhat158@yahoo.com,Data Analyst,Senior Citizen,Amritsar,Punjab,India,2025-07-16,Active
CUST002801, Vandana Agarwal,Female,1982-08-03,9346840091,vandana.agarwal485@yahoo.com,HR Manager,Premium,Shimla,Himachal Pradesh,India,15-05-2023,Active
CUST002802,Santosh Shah,Male,1980-08-21,9632966690,santosh.shah917@gmail.com,Marketing Manager,Retail,Ahmedabad,Gujarat,India,2016-11-16,Active
CUST002803,Sarita Shetty,Female,1986-01-05,9882299920,sarita.shetty196@gmail.com,Shop Owner,Premium,Thiruvananthapuram,Kerala,India,2018-01-04,Active
CUST002804,Sarita Ghosh,Female,2003-06-23,9270762532,sarita.ghosh562@rediffmail.com,Software Engineer,Retail,Guwahati,Assam,India,2021-07-03,ACTIVE
CUST002805,Divya Kotian,Female,2006-08-21,9838707242,divya.kotian777@outlook.com,Police Officer,Corporate,Guwahati,Assam,India,2025-07-19,Inactive
CUST002806,Komal Mehta,Female,2000-12-17,9655754529,komal.mehta480@outlook.com,Chartered Accountant,Retail,Chennai,Tamil Nadu,India,2018-12-22,Active
CUST002807,Mahesh Mukherjee,Male,1975-11-06,9551957158,mahesh.mukherjee78@yahoo.com,Tailor,Corporate,Raipur,Chhattisgarh,India,2025-05-01,Dormant
CUST002808,Anjali Pillai,Female,1992-01-28,9413310697,anjali.pillai66@outlook.com,Student,Premium,Lucknow,Uttar Pradesh,India,2021-03-03,Active
CUST002809,Umesh Verma,Male,1959-04-06,9308308548,umesh.verma517@rediffmail.com,Government Employee,Retail,Pune,Maharashtra,India,2025-04-10,Active
CUST002810,Pallavi Verma,Female,2001-06-13,,pallavi.verma26@gmail.com,Nurse,Premium,Bengaluru,Karnataka,India,2019-06-20,Active
CUST002811,Prakash Salunkhe,Male,1959-11-05,9646674011,prakash.salunkhe16@yahoo.com,Journalist,Premium,Ranchi,Jharkhand,India,2024-12-01,Inactive
CUST002812,Girish Subramaniam,Male,1954-11-23,9653587223,girish.subramaniam952@gmail.com,Teacher,Retail,Vadodara,Gujarat,India,2017-08-15,Active
CUST002813,Kalpana Ghosh,Female,1998-03-16,9660947026,kalpana.ghosh532@gmail.com,Civil Engineer,Premium,Bengaluru,Karnataka,India,2016-06-09,Active
CUST002814,Vandana Jadhav,Female,1993-11-22,9690896524,vandana.jadhav473@outlook.com,Doctor,Retail,Lucknow,Uttar Pradesh,India,2016-03-27,Active
CUST002815,Naveen Sen,Male,1956.05.19,9146029172,naveen.sen101@outlook.com,HR Manager,Corporate,Chandigarh,Chandigarh,India,2025-10-16,Active
CUST002816,Pallavi Kumar,Female,2006-07-02,9455128085,pallavi.kumar785@rediffmail.com,Student,Corporate,Belagavi,Karnataka,India,07/21/2024,Active
CUST002817,Reyansh Menon,Male,1954-10-05,9383497949,reyansh.menon510@gmail.com,Driver,Retail,Howrah,West Bengal,India,2018-06-08,Active
CUST002818,Diya Menon,Female,1950-12-19,9457765653,diya.menon220@gmail.com,Data Analyst,Retail,Jaipur,Rajasthan,India,2020-12-31,Active
CUST002819,Varun Rao,Male,2005-11-26,9444038611,varun.rao752@outlook.com,Architect,Retail,Guwahati,Assam,India,2023-12-07,Active
CUST002820,Chetan Kotian,Male,1961-07-06,9968388582,chetan.kotian237@rediffmail.com,Student,Premium,Bhopal,Madhya Pradesh,India,2019-05-29,Active
CUST002821,Reyansh Sharma,Male,1962-03-23,9100258770,reyansh.sharma503@rediffmail.com,Pharmacist,Corporate,Belagavi,Karnataka,India,2016-11-21,Active
CUST002822,Shivraj Dutta,Male,1996-02-06,9636025482,shivraj.dutta560@rediffmail.com,Electrician,Premium,Kochi,Kerala,India,2014-02-23,Active
CUST002823,Sai Salunkhe,Male,1984-10-13,9733087461,sai.salunkhe279@rediffmail.com,Software Engineer,Corporate,Visakhapatnam,Andhra Pradesh,India,2026-06-15,Active
CUST002824,Chetan Desai,Male,1979-07-04,9847757125,chetan.desai875@rediffmail.com,Tailor,Retail,Nagpur,Maharashtra,India,2018-08-20,Active
CUST002825,Vinod Naik,Male,2007-11-10,978 988 7125,vinod.naik703@yahoo.com,Consultant,Retail,Shimla,Himachal Pradesh,India,2026-02-08,Inactive
CUST002826,Ayaan Gupta,Male,1953-03-31,9346473309,ayaan.gupta289@outlook.com,Marketing Manager,Student,Belagavi,Karnataka,India,2018-02-26,Active
CUST002827,Shreya Yadav,Female,2004-01-31,9994546303,shreya.yadav157@outlook.com,Doctor,Retail,Kochi,Kerala,India,2022-02-05,Active
CUST002828,Naveen Iyer,Male,1964-03-26,09702465200,NAVEEN.IYER329@YAHOO.COM,Doctor,Retail,Howrah,West Bengal,India,2019-06-25,Active
CUST002829,Geeta Iyer,Female,1985-09-20,9231915757,GEETA.IYER465@REDIFFMAIL.COM,Bank Employee,Retail,Ranchi,Jharkhand,India,2026-01-02,Active
CUST002830,Meera Sharma,Female,1967.08.19,931 052 1687,meera.sharma550@rediffmail.com,Journalist,Retail,Ludhiana,Punjab,India,2012-09-20,Active
CUST002831,Sai Gowda,Male,1965-10-03,9842736115,sai.gowda400@outlook.com,Data Analyst,Retail,Dehradun,Uttarakhand,India,2019-01-15,Dormant
CUST002832,Payal Kotian,Female,1967-06-14,9709613920,payal.kotian40@yahoo.com,Marketing Manager,Retail,Dehradun,Uttarakhand,India,2013-05-21,Active
CUST002833,Deepak Venkatesh,Male,1981-11-13,9670129632,deepak.venkatesh675@rediffmail.com,HR Manager,Retail,Amritsar,Punjab,India,2024.06.27,Active
CUST002834,Raghavendra Roy,Male,2001-03-04,9845630912,RAGHAVENDRA.ROY379@GMAIL.COM,Sales Executive,Retail,Warangal,Telangana,India,2019-03-29,Active
CUST002835,Ritu Ghosh,Female,1954-10-25,9350595894,ritu.ghosh335@gmail.com,Professor,Retail,Jaipur,Rajasthan,India,2025-05-05,Active
CUST002836,Suman Roy,Female,1988-02-09,9676897308,suman.roy556@yahoo.com,Lawyer,Retail,Patna,Bihar,India,2015-04-13,Active
CUST002837,Anjali Sharma,Female,2000-02-12,9281731719,ANJALI.SHARMA834@GMAIL.COM,Data Analyst,Senior Citizen,Hubballi,Karnataka,India,2018-02-28,Active
CUST002838,Rohan Gowda,Male,1992-07-10,9464368246,rohan.gowda5@yahoo.com,Electrician,Retail,Chandigarh,Chandigarh,India,09-10-2020,Active
CUST002839,Diya Prabhu,Female,2007-05-19,9656661229,DIYA.PRABHU959@YAHOO.COM,Civil Engineer,Premium,Kanpur,Uttar Pradesh,India,2025-05-23,Active
CUST002840,Krishna Shah,Male,1948-10-27,9158463726,krishna.shah637@outlook.com,Farmer,Retail,Shimla,Himachal Pradesh,India,2016-10-16,Active
CUST002841,Suresh Gupta,Male,1969-12-17,9123222349,suresh.gupta546@yahoo.com,Chef,Retail,Pune,Maharashtra,India,2015-11-17,Inactive
CUST002842,Sanjay Ghosh,Male,1973-11-24,9338601256,sanjay.ghosh51@rediffmail.com,Nurse,Premium,Belagavi,Karnataka,India,2014-06-06,Active
CUST002843,Swati Venkatesh,Other,1980-06-13,9618476655,SWATI.VENKATESH710@YAHOO.COM,Consultant,Retail,Pune,Maharashtra,India,2013-01-11,Active
CUST002844,Aditya Das,Male,1967-04-03,9241963565,aditya.das719@yahoo.com,Civil Engineer,Retail,Kanpur,Uttar Pradesh,India,2021-03-14,Inactive
CUST002845,Radha Reddy,Female,1889-06-01,9472073891,radha.reddy560@outlook.com,Homemaker,Retail,Varanasi,Uttar Pradesh,India,2022-10-12,Active
CUST002846,Ritu Das,Female,1999-08-12,9903732883,ritu.das801@yahoo.com,Consultant,Premium,Chandigarh,Chandigarh,India,2017-08-17,Active
CUST002847,Anita Sharma,Female,1962-02-03,9257689870,anita.sharma838@outlook.com,Professor,Senior Citizen,Coimbatore,Tamil Nadu,India,14/05/2015,Active
CUST002848,Preeti Bhosale,Female,2005.10.15,9269154527,preeti.bhosale838@rediffmail.com,Tailor,Retail,Warangal,Telangana,India,2023-10-29,Active
CUST002849,Bhavna Desai,Female,1950-03-30,9442710364,bhavna.desai327@yahoo.com,HR Manager,Premium,Surat,Gujarat,India,2021-07-09,Active
CUST002850,Ganesh Patil,Male,1973-08-24,9713261085,ganesh.patil673@gmail.com,Farmer,Retail,Pune,Maharashtra,India,2023-07-26,Active
CUST002851,Aryan Ghosh,Male,1984-12-01,9799229744,aryan.ghosh58@gmail.com,Chartered Accountant,Premium,Bhubaneswar,Odisha,India,2019-07-08,Active
CUST002852,Nisha Krishnan,Female,2006-12-13,9418226626,nisha.krishnan561@gmail.com,Shop Owner,Senior Citizen,Nagpur,Maharashtra,India,2024-12-25,Active
CUST002853,Reyansh Chowdhury,Male,1994-04-27,9881112716,reyansh.chowdhury146@yahoo.com,Consultant,Retail,Bhopal,Madhya Pradesh,India,2021-01-27,Active
CUST002854,Dhruv Roy,Male,1948.11.13,9578255336,dhruv.roy307@rediffmail.com,Chef,Retail,Jaipur,Rajasthan,India,2025-03-21,Active
CUST002855,Vivaan Sharma ,Male,1993-05-08,9757011742,vivaan.sharma676@yahoo.com,Shop Owner,Premium,Shimla,Himachal Pradesh,India,2026-05-18,Active
CUST002856, Prasad Salunkhe,Male,1967-09-25,9951964200,prasad.salunkhe424@rediffmail.com,Police Officer,Retail,Indore,Madhya Pradesh,India,2014-01-02,Active
CUST002857,Vishal Gowda,Male,2000-02-04,9487481474,vishal.gowda862@rediffmail.com,Homemaker,Senior Citizen,Udaipur,Rajasthan,India,2018-05-29,Active
CUST002858,Sanjay Gowda,Male,1994-12-12,9926244143,sanjay.gowda87@outlook.com,Doctor,Retail,Patna,Bihar,India,2024.08.13,Active
CUST002859,Priya Chatterjee,Female,1959-08-18,9693092541,priya.chatterjee970@rediffmail.com,Data Analyst,Senior Citizen,Bengaluru,Karnataka,India,10/31/2020,Active
CUST002860,Chetan Desai,,10/25/1969,9307738964,chetan.desai706@yahoo.com,Driver,Retail,Delhi,Delhi,India,2023-09-05,Active
CUST002861,Rajesh Sen,Other,1997-09-29,9848126333,rajesh.sen430@rediffmail.com,Consultant,Premium, Udaipur ,Rajasthan,India,2026-06-22,Active
CUST002862,Ananya Reddy,Female,2003-10-18,9127685204,ananya.reddy25@outlook.com,Lawyer,Retail,Dehradun,Uttarakhand,India,2021-11-03,Active
CUST002863,Mahesh Kale,Male,1984-07-27,9270496386,mahesh.kale42@gmail.com,Farmer,Premium,Amritsar,Punjab,India,2020-07-07,Active
CUST002864,Radha Gowda,Female,1961-03-27,9801850882,radha.gowda413@rediffmail.com,HR Manager,Senior Citizen,Ahmedabad,Gujarat,India,2019-04-06,Active
CUST002865,Rashmi Gowda,Female,1971.08.08,99120-32501,rashmi.gowda572@rediffmail.com,Bank Employee,Premium,Hyderabad,Telangana,India,2015.06.04,Inactive
CUST002866,Riya Deshmukh,Female,01/06/1889,96916-51067,riya.deshmukh506@rediffmail.com,Doctor,Premium,Raipur,Chhattisgarh,India,2021-02-26,Active
CUST002867,Prasad Salunkhe,Male,01/04/1984,9727715330,prasad.salunkhe297@yahoo.com,Driver,Retail,Varanasi,Uttar Pradesh,India,2012-08-12,Inactive
CUST002868,Krishna Chowdhury,Male,1960-03-21,9764461491,krishna.chowdhury649@gmail.com,Data Analyst,Retail,Bengaluru,Karnataka,India,2018-09-12,Active
CUST002869,Karan Salunkhe,Male,1965-04-20,9915107982,karan.salunkhe614@outlook.com,Government Employee,Retail,Chennai,Tamil Nadu,India,2017-06-11,Active
CUST002870,Diya Iyer,Female,1959-12-10,9178221040,diya.iyer343@rediffmail.com,Architect,Retail,Ludhiana,Punjab,India,23/01/2017,Active
CUST002871,Diya Menon,Other,1976-06-03,9273318420,DIYA.MENON325@REDIFFMAIL.COM,Marketing Manager,Retail,Panaji,Goa,India,2020-07-17,Active
CUST002872,Namrata Mukherjee,Female,1975-01-02,95901-19968,namrata.mukherjee442@outlook.com,Journalist,Premium,Visakhapatnam,Andhra Pradesh,India,2025-08-31,Active
CUST002873,Swati Pillai,Female,1980-10-27,09575375127,SWATI.PILLAI742@REDIFFMAIL.COM,Business Owner,Premium,Mumbai,Maharashtra,India,2025-09-20,Active
CUST002874,Lakshmi Naidu,Other,2005-03-31,9462640036,LAKSHMI.NAIDU587@GMAIL.COM,Journalist,Retail,Amritsar,Punjab,India,2023-04-16,Active
CUST002875,Swati Kulkarni,Female,1987-06-21,09320332758,swati.kulkarni127@outlook.com,Business Owner,Retail,Bengaluru,Karnataka,India,2016-02-22,Active
CUST002876,Naveen Bhosale,Male,1983-06-20,9459043611,naveen.bhosale922@gmail.com,Student,Retail,Amritsar,Punjab,India,2026-01-03,Active
CUST002877,Snehal Iyer,Female,1889-06-01,9166028699,snehal.iyer202@outlook.com,Police Officer,Premium,Panaji,Goa,India,2026-07-06,Active
CUST002878,Kabir Gowda,Male,1986-06-22,9363730627,kabir.gowda671@gmail.com,Journalist,Senior Citizen,Howrah,West Bengal,India,2024-02-24,Inactive
CUST002879,Shivraj Kale,Male,2005.11.17,9994210180,shivraj.kale17@outlook.com,Consultant,Retail,Delhi,Delhi,India,2024-07-26,Active
CUST002880,Suresh Ghosh,Male,1948-08-03,9246675183,suresh.ghosh254@rediffmail.com,Driver,Retail,Patna,Bihar,India,2023-09-12,Active
CUST002881,Kiran Sharma,Female,1969-03-10,9758996916,kiran.sharma564@gmail.com,Chartered Accountant,Corporate,Nagpur,Maharashtra,India,2022-10-23,Active
CUST002882,Rajesh Bose,Male,1951-06-06,9760439121,rajesh.bose846@yahoo.com,Journalist,Retail,Chandigarh,Chandigarh,India,2022-04-10,Active
CUST002883,Ganesh Venkatesh,Male,1960-05-04,9732134209,ganesh.venkatesh562@gmail.com,Software Engineer,Premium,Kolkata,West Bengal,India,2020-12-01,Active
CUST002884,Vinod Bhat,Male,1952-01-21,9546950537,vinod.bhat55@outlook.com,,Retail,Surat,Gujarat,India,2021-01-14,Active
CUST002885,Aarav Pawar,Male,1983-11-19,9602258999,aarav.pawar954@rediffmail.com,Nurse,Senior Citizen,Ludhiana,Punjab,India,2017-01-20,Active
CUST002886,Pradeep Verma,Male,1997-08-28,9969295288,,Police Officer,Premium,Shimla,Himachal Pradesh,India,2024-10-11,Active
CUST002887,Payal Salunkhe,Female,2004-12-18,9636043671,payal.salunkhe364@outlook.com,Software Engineer,Retail,Surat,Gujarat,India,2022-12-31,Active
CUST002888,Jyoti Menon,Female,1962-05-08,9204455940,jyoti.menon108@rediffmail.com,Accountant,Retail,Hyderabad,Telangana,India,2020-07-13,Active
CUST002889,Ashok Ghosh ,Male,1990-05-16,9592846711,ashok.ghosh695@gmail.com,Software Engineer,Retail,Ludhiana,Punjab,India,2022-07-11,active
CUST002890,Shivraj Naidu,Male,1967-12-03,9488393714,shivraj.naidu447@yahoo.com,Chef,Retail,Surat,Gujarat,India,2012-03-03,Active
CUST002891,Vishal Joshi,Male,1967-02-18,9647699381,VISHAL.JOSHI220@GMAIL.COM,Software Engineer,Retail,Delhi,Delhi,India,2025-04-11,Active
CUST002892,Vinod Deshmukh,Male,1984-12-14,9700665040,vinod.deshmukh636@rediffmail.com,Bank Employee,Retail,Visakhapatnam,Andhra Pradesh,India,2020-01-20,Active
CUST002893,Anjali Agarwal,Female,1989-02-18,9768858126,anjali.agarwal196@outlook.com,Shop Owner,Premium,Shimla,Himachal Pradesh,India,2025-09-03,Active
CUST002894, Sneha Agarwal,Female,1983-05-18,9992198926,sneha.agarwal530@outlook.com,Architect,Retail,Hyderabad,Telangana,India,2012-08-06,Active
CUST002895,Tanvi Dutta,Female,1954-01-16,93920-56144,tanvi.dutta663@rediffmail.com,Doctor,Retail,Hubballi,Karnataka,India,2014-08-18,Active
CUST002896,Anil Naidu ,Male,1972-11-14,9935862856,anil.naidu810@rediffmail.com,Marketing Manager,Corporate,Hubballi,Karnataka,India,2025-10-01,Active
CUST002897,Deepika Desai,Female,1965-04-22,993 559 7212,deepika.desai694@yahoo.com,Chartered Accountant,Retail,Chandigarh,Chandigarh,India,2021-10-06,Active
CUST002898,Mahesh Jadhav,Male,1948-04-05,9476697124,mahesh.jadhav567@outlook.com,Nurse,Retail,Warangal,Telangana,India,2021-01-17,Active
CUST002899,Nikhil Shah,Male,2027-01-15,9866557836,nikhil.shah34@yahoo.com,Shop Owner,Premium,Kochi,Kerala,India,2017-04-13,Active
CUST002900,Payal Krishnan,Female,1975-03-28,9449750599,payal.krishnan233@outlook.com,Driver,Premium,Bhubaneswar,Odisha,India,08/20/2019,Inactive
CUST002901,Anjali Rao ,Female,1954-01-31,9699890491,ANJALI.RAO577@REDIFFMAIL.COM,Bank Employee,Retail,Mumbai,Maharashtra,India,2019-06-28,Active
CUST002902,Ananya Menon,Female,1992-10-05,9633309222,ananya.menon536@rediffmail.com,Software Engineer,Student,Dehradun,Uttarakhand,India,2014-01-27,Active
CUST002903,Ritu Sharma,Female,1951-05-29,9123415914,RITU.SHARMA533@REDIFFMAIL.COM,Police Officer,Retail,Pune,Maharashtra,India,2019-10-21,Active
CUST002904,Neha Pillai,Female,1962-04-02,9911300682,neha.pillai735@yahoo.com,Tailor,Retail,Bengaluru,Karnataka,India,2019-01-05,Dormant
CUST002905,Komal Deshmukh,Female,2007-09-19,9431249902,komal.deshmukh904@rediffmail.com,Shop Owner,Retail,Patna,Bihar,India,2025-09-17,ACTIVE
CUST002906,Shivraj Naik,Male,1990-11-30,9845627852,shivraj.naik502@rediffmail.com,Pharmacist,Retail,Kochi,Kerala,India,2016-04-27,Active
CUST002907, Nikhil Venkatesh,Male,1981-10-07,9197053529,nikhil.venkatesh135@outlook.com,Architect,Retail,Shimla,Himachal Pradesh,India,2022-12-06,Dormant
CUST002908,Deepak Salunkhe,Male,1948-12-01,9902014414,deepak.salunkhe442@gmail.com,Chef,Retail,Varanasi,Uttar Pradesh,India,2021-06-29,Active
CUST002909,Arjun Das,Male,1950-08-24,9503232967,arjun.das253@gmail.com,Student,Premium,Surat,Gujarat,India,2018-04-20,Active
CUST002910,Rahul Krishnan,Male,2003-01-04,9484984251,rahul.krishnan529@outlook.com,Pharmacist,Retail,Bhopal,Madhya Pradesh,India,2021-01-05,Active
CUST002911,Dhruv Joshi,Male,1996-06-05,9771721538,dhruv.joshi589@rediffmail.com,Civil Engineer,Corporate, Bhubaneswar ,Odisha,India,2014-10-01,Active
CUST002912,Suman Kulkarni,Female,2005-07-22,9636507392,suman.kulkarni547@rediffmail.com,Journalist,Retail,Bhopal,Madhya Pradesh,India,18-07-2023,Active
CUST002913,Neha Pillai,Female,1996-12-16,9280302571,neha.pillai581@gmail.com,Consultant,Premium,Howrah,West Bengal,India,2019-09-24,Active
CUST002914,Radha Kamath,Female,1948-02-24,9324416851,radha.kamath310@rediffmail.com,Police Officer,Retail,Raipur,Chhattisgarh,India,2014-12-05,Active
CUST002915,Suresh Kulkarni,Male,1996-10-20,9584692544,suresh.kulkarni177@rediffmail.com,Journalist,Retail,Warangal,Telangana,India,2014-10-29,Active
CUST002916,Myra Chowdhury,Female,1975-09-26,9654394571,myra.chowdhury853@yahoo.com,HR Manager,Premium,Kolkata,West Bengal,India,2019-03-03,Active
CUST002917,Prakash Chatterjee,Male,1989-12-11,97960-36106,prakash.chatterjee401@yahoo.com,Architect,Retail,Hyderabad,Telangana,India,2025-08-13,Active
CUST002918,Harsh Desai,Male,1973-01-26,9152741113,harsh.desai208@yahoo.com,Doctor,Premium,Hyderabad,Telangana,India,2018-03-05,Inactive
CUST002919,Suresh Chavan,Male,1991-09-06,9545632506,suresh.chavan994@outlook.com,,Premium,Chennai,Tamil Nadu,India,2025-01-02,Active
CUST002920,Ayaan Yadav,Male,1999-01-02,9233424615,ayaan.yadav33@rediffmail.com,Civil Engineer,Premium, Chandigarh ,Chandigarh,India,2024-03-23,Active
CUST002921,Sunil Kumar,Male,2007-01-15,9561584026,SUNIL.KUMAR346@GMAIL.COM,Police Officer,Retail,Ranchi,Jharkhand,India,2025-01-25,Active
CUST002922,Meera Roy,Female,1980-10-04,9996008511,meera.roy741@yahoo.com,Chartered Accountant,Senior Citizen,Vadodara,Gujarat,India,2024-11-23,Blocked
CUST002923,Anjali Yadav,Female,1964-11-25,9449531604,anjali.yadav411@gmail.com,Homemaker,Retail,Visakhapatnam,Andhra Pradesh,India,2017.05.23,Active
CUST002924,Manisha Iyer,Female,1985-01-14,9506984717,manisha.iyer841@rediffmail.com,Consultant,Senior Citizen,Jaipur,Rajasthan,India,2022-10-18,Inactive
CUST002925,Aditya Prabhu,Male,1978-04-13,+919217008855,aditya.prabhu359@yahoo.com,Chef,Retail,Jaipur,Rajasthan,India,2013-04-01,Active
CUST002926,Vandana Naik,Female,1960-04-08,9153922472,vandana.naik642@yahoo.com,Bank Employee,Retail,Nagpur,Maharashtra,India,2015-12-19,Active
CUST002927,Pallavi Kulkarni,Female,1991-11-24,9738715423,pallavi.kulkarni427@gmail.com,Chartered Accountant,Senior Citizen,Visakhapatnam,Andhra Pradesh,India,2019-10-21,Active
CUST002928,Mallikarjun Subramaniam,Male,1952-09-01,9370558037,mallikarjun.subramaniam469@gmail.com,Consultant,Retail,Mysuru,Karnataka,India,2011-08-05,Active
CUST002929,Rekha Desai,Female,1972-06-04,09426287493,rekha.desai497@yahoo.com,Shop Owner,Corporate,Hubballi,Karnataka,India,2022-11-21,Active
CUST002930,Ashok Singh,Male,10-12-1989,9992999061,ashok.singh974@rediffmail.com,Sales Executive,Retail,Vijayawada,Andhra Pradesh,India,2025-05-18,Active
CUST002931,Kabir Shah,Male,2003-10-20,,kabir.shah759@yahoo.com,Homemaker,Corporate,Lucknow,Uttar Pradesh,India,2021-10-31,Active
CUST002932,Dhruv Naik,,1985-08-08,9913733287,dhruv.naik371@yahoo.com,Tailor,Retail,Nagpur,Maharashtra,India,2026-05-31,Active
CUST002933,Usha Kulkarni,Female,2007-04-30,9665615769,usha.kulkarni416@outlook.com,Marketing Manager,Retail,Vadodara,Gujarat,India,2025-04-25,Active
CUST002934,Vivaan Agarwal,Male,1998-06-04,9338624836,vivaan.agarwal406@yahoo.com,Accountant,Retail,Chandigarh,Chandigarh,India,2016-06-27,Active
CUST002935,Sanjay Prabhu,Male,1962-04-22,9958930903,sanjay.prabhu735@outlook.com,Accountant,Retail,Mumbai,Maharashtra,India,2022-11-05,Active
CUST002936,Vivaan Subramaniam,Male,1999-03-05,+919660026030,vivaan.subramaniam590@yahoo.com,Farmer,Premium,Bhubaneswar,Odisha,India,2021-08-26,Active
CUST002937,Kavya Bhat,Female,1968-05-13,9506220611,kavya.bhat534@yahoo.com,Marketing Manager,Premium,Bhopal,Madhya Pradesh,India,2025-07-18,Active
CUST002938,Raghavendra Chowdhury,Male,1986.03.25,9435044121,raghavendra.chowdhury430@rediffmail.com,Software Engineer,Premium,Mumbai,Maharashtra,India,2017-08-09,Active
CUST002939,Reyansh Mukherjee,Male,1960-03-01,9133148186,reyansh.mukherjee398@rediffmail.com,Nurse,Premium,Kochi,Kerala,India,2019-11-24,Active
CUST002940,Varun Raghunathan,Male,1980-08-12,9719195009,varun.raghunathan555@outlook.com,Civil Engineer,Premium,Chennai,Tamil Nadu,India,2013-04-22,Active
CUST002941,Suman Menon,Female,01/03/1989,9781241446,suman.menon830@yahoo.com,Civil Engineer,Retail,Ranchi,Jharkhand,India,2021-10-01,Active
CUST002942,Diya Reddy ,Female,2003-05-17,9456353966,diya.reddy965@rediffmail.com,Civil Engineer,Retail,Ahmedabad,Gujarat,India,2026-07-05,Active
CUST002943,Myra Prabhu,Female,2005-02-25,9929675513,myra.prabhu61@yahoo.com,Civil Engineer,Premium,Chennai,Tamil Nadu,India,2023-03-12,Active
CUST002944,Deepak Kotian,Male,1996.07.17,9482580791,deepak.kotian238@yahoo.com,Doctor,Premium,Lucknow,Uttar Pradesh,India,2025-07-02,Active
CUST002945,Kabir Sen,Male,1981-11-06,9337714118,kabir.sen684@outlook.com,Chef,Retail,Vadodara,Gujarat,India,2017-02-11,Active
CUST002946,Usha Sen,Female,2001-06-17,9730814857,,Nurse,Retail,Kolkata,West Bengal,India,2026-04-08,Active
CUST002947,Basavaraj Iyer,Male,1954-06-04,9214916580,basavaraj.iyer610@rediffmail.com,,Retail,Panaji,Goa,India,2019-05-04,Active
CUST002948,Riya Jadhav,Female,2008-04-30,9986621577,riya.jadhav423@gmail.com,Pharmacist,Premium, Thiruvananthapuram ,Kerala,India,2026-05-02,Active
CUST002949,Sushma Naik,Female,1960-05-08,9715022145,sushma.naik191@gmail.com,Driver,Retail,Udaipur,Rajasthan,India,2016-08-19,Active
CUST002950,Sai Chavan,Male,1972-06-11,9173557614,sai.chavan503@yahoo.com,Architect,Premium,Coimbatore,Tamil Nadu,India,2018-08-23,Active
CUST002951,Ira Sharma,Female,2002-12-25,9626794727,ira.sharma509@rediffmail.com,Sales Executive,Premium,Varanasi,Uttar Pradesh,India,2021-01-06,Active
CUST002952,Riya Patil,Female,1991-06-08,9814963768,riya.patil712@gmail.com,Student,Student,Pune,Maharashtra,India,01-12-2024,active
CUST002953,Girish More,Male,1999-06-26,9355219545,girish.more825@rediffmail.com,Shop Owner,Retail,Panaji,Goa,India,2017-07-15,Active
CUST002954,Pradeep Subramaniam,Male,1989-09-07,9290915145,pradeep.subramaniam954@gmail.com,Software Engineer,Corporate,Mumbai,Maharashtra,India,2021-06-28,Inactive
CUST002955,Siddharth Shah,Male,1984-05-31,9471475774,SIDDHARTH.SHAH439@OUTLOOK.COM,Accountant,Premium,Indore,Madhya Pradesh,India,2025-04-17,Inactive
CUST002956,Bhavna Patil,Female,1958-07-20,9836487228,bhavna.patil688@yahoo.com,Chef,Retail,Kolkata,West Bengal,India,2017-10-02,Active
CUST002957,Chetan Kumar,Male,2008-05-09,9917255499,chetan.kumar786@gmail.com,Driver,Retail,Patna,Bihar,India,2026-05-11,Active
CUST002958,Rajesh Mukherjee,Male,1986-07-25,9142869937,rajesh.mukherjee986@outlook.com,Tailor,Retail,Howrah,West Bengal,India,2019-01-11,Active
CUST002959,Kavya Roy,Female,1988-06-25,91999-20636,kavya.roy649@gmail.com,Homemaker,Retail,Pune,Maharashtra,India,2022-11-15,Active
CUST002960,Karan Sen,Male,1973-12-07,9589980880,karan.sen246@yahoo.com,HR Manager,Retail,Vijayawada,Andhra Pradesh,India,2011-08-08,Active
CUST002961,Ayaan Shetty ,Male,2005-09-04,+919122412466,ayaan.shetty342@outlook.com,Lawyer,Retail,Bhubaneswar,Odisha,India,19/09/2023,Active
CUST002962,Payal Dutta,Female,1975-04-20,9751470325,payal.dutta209@outlook.com,Police Officer,Corporate, Pune ,Maharashtra,India,2020-07-02,Dormant
CUST002963,Raghavendra Rao,Male,1959-07-14,9129778160,raghavendra.rao198@gmail.com,Homemaker,Retail,Pune,Maharashtra,India,2012-06-02,Active
CUST002964,Rajesh Roy,Male,1958-11-30,9481279841,rajesh.roy306@yahoo.com,HR Manager,Retail,Kanpur,Uttar Pradesh,India,2024-05-10,Inactive
CUST002965,Shivraj Mehta,Male,1990-04-24,9817878142,,Bank Employee,Retail,Raipur,Chhattisgarh,India,2020-10-26,Dormant
CUST002966,Amit Agarwal,Male,1993-02-12,9521094234,amit.agarwal786@outlook.com,Student,Corporate,Chandigarh,Chandigarh,India,2011-03-02,ACTIVE
CUST002967,Santosh Patil,Male,1960-06-23,9707444761,santosh.patil291@outlook.com,Sales Executive,Senior Citizen,Mumbai,Maharashtra,India,2011-03-10,Active
CUST002968,Anjali Shah,Female,1990-04-14,9814141113,anjali.shah187@rediffmail.com,,Senior Citizen,Indore,Madhya Pradesh,India,06/26/2013,Active
CUST002969,Vidya Joshi,Female,2008-06-08,977 765 3034,vidya.joshi127@gmail.com,Journalist,Senior Citizen, Vadodara ,Gujarat,India,2026-06-04,Active
CUST002970,Chetan Bhat,Male,1980-03-31,995 694 2658,chetan.bhat196@rediffmail.com,Architect,Retail,Thiruvananthapuram,Kerala,India,2019-01-18,Active
CUST002971,Bhavna Joshi ,Female,2006-10-17,9442877802,BHAVNA.JOSHI432@REDIFFMAIL.COM,Software Engineer,Retail,Howrah,West Bengal,India,2024-11-04,Dormant
CUST002972,Anika Iyer,Female,1957-06-29,9308772461,anika.iyer411@rediffmail.com,Bank Employee,Retail,Mumbai,Maharashtra,India,2019-09-19,Active
CUST002973,Swati Chavan,Female,1972-05-29,9939716690,swati.chavan399@rediffmail.com,Nurse,Senior Citizen,Mumbai,Maharashtra,India,2018-09-08,Active
CUST002974,Rashmi Raghunathan,Female,1981-09-26,9712798994,rashmi.raghunathan317@gmail.com,Software Engineer,Retail,Thiruvananthapuram,Kerala,India,2016-05-02,ACTIVE
CUST002975,Tanvi Reddy,Female,1969-09-09,9440549265,tanvi.reddy453@outlook.com,Chef,Retail,Thiruvananthapuram,Kerala,India,2011-02-11,Active
CUST002976,Aditi Pawar,Female,1954-01-24,9413516466,ADITI.PAWAR646@YAHOO.COM,Electrician,Retail,Warangal,Telangana,India,2011-06-08,Active
CUST002977,Rahul Ghosh,Male,1975-10-06,+919211649309,RAHUL.GHOSH45@REDIFFMAIL.COM,Business Owner,Corporate,Belagavi,Karnataka,India,15-09-2021,Active
CUST002978,Aditi Kumar,Female,1968-07-23,97956-46908,aditi.kumar889@rediffmail.com,Retired,Retail,Bhubaneswar,Odisha,India,2022-07-21,Active
CUST002979,Ramesh Joshi,Male,1960-05-06,9859751141,ramesh.joshi306@gmail.com,Sales Executive,Corporate,Hubballi,Karnataka,India,2014-09-22,Active
CUST002980,Vinod Reddy,Male,1970-07-23,9837692364,vinod.reddy139@rediffmail.com,Farmer,Senior Citizen,Delhi,Delhi,India,2014-10-10,Active
CUST002981,Kiran Sen,Female,1973-04-29,9362055844,kiran.sen175@outlook.com,Electrician,Retail,Jaipur,Rajasthan,India,2017-05-03,Active
CUST002982,Kabir Kumar,Male,2001-07-09,9539617954,kabir.kumar546@outlook.com,Student,Premium,Patna,Bihar,India,2021.01.05,Active
CUST002983,Vivaan Iyer,Male,1977-10-11,9543836953,vivaan.iyer520@yahoo.com,Homemaker,Retail,Shimla,Himachal Pradesh,India,2020-03-21,Active
CUST002984,Karan Raghunathan,Male,1973-03-05,9208377024,karan.raghunathan89@yahoo.com,Government Employee,Retail,Thiruvananthapuram,Kerala,India,2019-09-09,Active
CUST002985,Manoj Reddy,Male,1971-07-31,9100147418,MANOJ.REDDY499@REDIFFMAIL.COM,Retired,Retail,Raipur,Chhattisgarh,India,07/28/2011,Active
CUST002986,Priya Naik,Female,1984-04-03,9400651137,priya.naik222@rediffmail.com,Chartered Accountant,Retail,Bhopal,Madhya Pradesh,India,2017-09-11,Active
CUST002987,Sneha Nair,Female,1964-09-11,9989930150,sneha.nair910@outlook.com,Retired,Retail,Ludhiana,Punjab,India,2022-09-11,Active
CUST002988,Reyansh Nair,Male,2000-12-30,9886406555,reyansh.nair309@rediffmail.com,Chef,Premium, Delhi ,Delhi,India,2020-03-03,Active
CUST002989,Amit Kulkarni,Male,1973-05-14,9744341836,amit.kulkarni998@gmail.com,Chef,Premium,Nagpur,Maharashtra,India,2023-07-16,Active
CUST002990,Prasad Singh,Male,1973-10-17,9573621619,prasad.singh578@yahoo.com,Driver,Retail,Bhopal,Madhya Pradesh,India,2021-10-19,Active
CUST002991,Vihaan Kamath,Male,1951-11-14,9920731879,vihaan.kamath963@outlook.com,Sales Executive,Retail,Shimla,Himachal Pradesh,India,23/12/2024,Active
CUST002992,Ira Desai ,Female,2001-07-15,9927905590,ira.desai554@gmail.com,Electrician,Retail,Ranchi,Jharkhand,India,2019-11-22,Active
CUST002993,Preeti Salunkhe,Female,1976-07-17,9282486587,preeti.salunkhe126@yahoo.com,Driver,Retail,Kolkata,West Bengal,India,2019-11-05,Dormant
CUST002994,Aditya Iyer,Male,1956-04-07,9354375403,aditya.iyer642@rediffmail.com,Farmer,Senior Citizen,Udaipur,Rajasthan,India,30/08/2019,Active
CUST002995,Suresh Prabhu,Male,1958-05-21,9971563626,suresh.prabhu477@outlook.com,Chef,Retail,Bengaluru,Karnataka,India,2015-02-10,Active
CUST002996,Vidya Sen,Female,1970-02-07,9105137580,vidya.sen818@outlook.com,Student,Premium, Kolkata ,West Bengal,India,2017-10-10,Active
CUST002997,Riya Gupta,Female,1995-04-15,9566327806,riya.gupta391@gmail.com,Accountant,Senior Citizen,Indore,Madhya Pradesh,India,2013-08-15,Active
CUST002998,Aarav Kale,Male,1953-09-27,9444532159,aarav.kale187@gmail.com,Journalist,Retail,Hubballi,Karnataka,India,2017-09-06,Active
CUST002999,Vivaan Hegde,Male,1955-04-20,9770210675,vivaan.hegde114@yahoo.com,Chef,Retail,Udaipur,Rajasthan,India,2013-04-29,Active
CUST003000,Ishaan Nair,Male,1981-12-25,9962437513,ishaan.nair742@yahoo.com,Consultant,Corporate,Hyderabad,Telangana,India,2018-08-18,Inactive
CUST003001,Vandana Bose,Female,1978-03-26,9386389294,vandana.bose233@gmail.com,Chef,Retail,Udaipur,Rajasthan,India,2025-10-28,Active
CUST003002,Sai Gowda,Male,2005-12-29,9298386055,sai.gowda666@outlook.com,Tailor,Retail,Bhubaneswar,Odisha,India,2024-01-15,Active
CUST003003,Basavaraj Raghunathan,Male,1993-07-23,9396466231,basavaraj.raghunathan135@rediffmail.com,Chef,Premium,Panaji,Goa,India,2022-06-23,Active
CUST003004,Ayaan Naidu,Other,1987-10-20,9423639755,ayaan.naidu80@outlook.com,Chef,Senior Citizen,Surat,Gujarat,India,2017-10-27,Active
CUST003005,Manisha Iyer,Female,1968-05-07,9678153885,manisha.iyer710@gmail.com,Doctor,Premium,Ludhiana,Punjab,India,2025-01-28,Active
CUST003006,Reyansh Menon,Male,1985-12-05,9413252991,reyansh.menon345@rediffmail.com,Software Engineer,Premium, Patna ,Bihar,India,2014-04-08,Active
CUST003007,Anil Subramaniam,Male,1983-05-27,9766388357,anil.subramaniam567@yahoo.com,Student,Premium,Visakhapatnam,Andhra Pradesh,India,2023-12-18,Active
CUST003008,Harsh Pawar,Male,1964-11-07,9156252876,harsh.pawar28@gmail.com,HR Manager,Retail,Ranchi,Jharkhand,India,2022-04-06,Dormant
CUST003009,Snehal Yadav,Female,1970-06-20,9408353495,snehal.yadav188@yahoo.com,Police Officer,Retail,Varanasi,Uttar Pradesh,India,2024-10-22,Active
CUST003010,Siddharth Sharma,Male,2004-05-29,9378616883,siddharth.sharma91@gmail.com,Homemaker,Senior Citizen,Bhopal,Madhya Pradesh,India,2022-06-23,Active
CUST003011,Sangeeta Gowda,Female,1980-08-05,9638122735,,Lawyer,Retail,Warangal,Telangana,India,2024-11-25,Active
CUST003012,Manisha Agarwal,Female,1976-07-26,9682642648,manisha.agarwal284@outlook.com,Journalist,Corporate,Bhopal,Madhya Pradesh,India,2025-02-12,Active
CUST003013,Jyoti Shetty,Female,1996-04-06,+919754424001,jyoti.shetty374@outlook.com,Student,Retail,Patna,Bihar,India,2015-08-07,Active
CUST003014,Ananya Subramaniam,Female,1964-03-05,9911775648,ananya.subramaniam243@gmail.com,Civil Engineer,Premium,Kochi,Kerala,India,2020-09-16,Active
CUST003015,Varun Pawar,Male,1961-04-21,9816653096,varun.pawar456@yahoo.com,Bank Employee,Corporate,Bengaluru,Karnataka,India,2020-02-12,Active
CUST003016,Vikram Sen,Male,2007-11-02,9709875849,vikram.sen899@yahoo.com,HR Manager,Premium,Lucknow,Uttar Pradesh,India,2025-11-01,active
CUST003017,Aadhya Shetty,Female,1996-08-30,9114965519,aadhya.shetty86@rediffmail.com,Accountant,Retail,Patna,Bihar,India,2019-02-28,Active
CUST003018,Girish Pillai,Male,19-08-1973,9472219146,girish.pillai893@outlook.com,,Retail,Delhi,Delhi,India,2021-03-28,Active
CUST003019,Vihaan Sen,Male,04/30/2005,9633159202,vihaan.sen412@outlook.com,Police Officer,Retail,Guwahati,Assam,India,2023-05-05,Active
CUST003020,Sai Kale,Male,1970-07-04,9387246371,sai.kale577@yahoo.com,Civil Engineer,Retail,Ludhiana,Punjab,India,2016-08-13,Active
CUST003021,Mallikarjun Salunkhe,Male,1988-11-27,9729706864,mallikarjun.salunkhe671@yahoo.com,Tailor,Retail,Kanpur,Uttar Pradesh,India,2020-02-05,Active
CUST003022,Vihaan Rao,Male,1950-02-12,9647414683,vihaan.rao734@rediffmail.com,Journalist,Student,Raipur,Chhattisgarh,India,2025-06-12,Blocked
CUST003023,Pallavi More,Female,1990-04-06,9572417321,pallavi.more942@rediffmail.com,Doctor,Student,Dehradun,Uttarakhand,India,2011-12-10,Active
CUST003024,Payal Pawar,Female,1958-10-20,9975739007,payal.pawar998@gmail.com,Government Employee,Retail,Jaipur,Rajasthan,India,2025-07-18,Active
CUST003025,Meera Iyer,Female,1962-08-15,9687110743,meera.iyer99@outlook.com,Accountant,Premium, Panaji ,Goa,India,2023-09-06,Active
CUST003026, Manisha Menon,Female,1997-01-08,9305981441,manisha.menon410@rediffmail.com,Lawyer,Retail,Vijayawada,Andhra Pradesh,India,2024-02-22,Inactive
CUST003027,Ishaan Chowdhury,Male,1960-06-14,9690817969,ishaan.chowdhury538@gmail.com,Student,Retail,Bengaluru,Karnataka,India,2011-09-28,Active
CUST003028,Priya Pawar,,1977-03-30,9533120303,priya.pawar522@outlook.com,Business Owner,Premium,Shimla,Himachal Pradesh,India,2019-10-28,Dormant
CUST003029,Krishna Salunkhe,Male,2003-10-10,9121389010,krishna.salunkhe990@yahoo.com,Doctor,Premium,Mumbai,Maharashtra,India,06/10/2021,Dormant
CUST003030,Vivaan Shah,Male,2005-11-06,9924311798,vivaan.shah650@outlook.com,Homemaker,Premium,Udaipur,Rajasthan,India,2025-04-13,Inactive
CUST003031,Geeta Kulkarni,Female,1974-11-24,9816212160,geeta.kulkarni402@outlook.com,Retired,Retail, Vijayawada ,Andhra Pradesh,India,2022.07.06,Active
CUST003032,Sai Dutta,Male,1953-01-30,9655747547,sai.dutta919@rediffmail.com,Architect,Retail,Patna,Bihar,India,2021-02-04,Active
CUST003033,Deepak Yadav,Male,1965-05-20,9705691069,deepak.yadav730@gmail.com,Data Analyst,Retail,Madurai,Tamil Nadu,India,2011-06-07,Dormant
CUST003034,Abhishek Venkatesh,Male,1985-04-25,961 940 9767,abhishek.venkatesh796@gmail.com,Student,Premium,Thiruvananthapuram,Kerala,India,06/08/2024,Active
CUST003035,Arjun Reddy,Male,1968-05-31,9408793781,arjun.reddy627@yahoo.com,Marketing Manager,Retail,Chennai,Tamil Nadu,India,2018-08-11,Active
CUST003036,Santosh Das,Male,1991-08-14,9939557488,santosh.das65@rediffmail.com,Doctor,Retail,Coimbatore,Tamil Nadu,India,2013-06-27,Active
CUST003037,Radha Dutta,Female,2008-02-17,9597877424,radha.dutta969@outlook.com,HR Manager,Retail,Visakhapatnam,Andhra Pradesh,India,2026-03-05,Active
CUST003038,Manisha Salunkhe,Female,1985-08-19,9405012529,MANISHA.SALUNKHE712@GMAIL.COM,,Retail,Pune,Maharashtra,India,2025-01-18,ACTIVE
CUST003039,Arjun Gupta,Male,1985-11-08,9716288153,arjun.gupta149@gmail.com,Accountant,Retail,Raipur,Chhattisgarh,India,2018-09-19,Blocked
CUST003040,Anika Nair,Female,1980-02-07,9241458248,anika.nair252@rediffmail.com,Farmer,Premium,Jaipur,Rajasthan,India,2021-04-12,Active
CUST003041,Gaurav Gupta,Male,1959-04-19,9387588209,gaurav.gupta341@gmail.com,Lawyer,Retail,Nagpur,Maharashtra,India,2020-06-26,Active
CUST003042,Tanvi Kotian,Female,1983-01-13,9216307800,tanvi.kotian255@gmail.com,Farmer,Retail,Guwahati,Assam,India,2015-09-18,active
CUST003043,Basavaraj Singh,Male,2004-06-15,9176566144,basavaraj.singh620@yahoo.com,Pharmacist,Student,Pune,Maharashtra,India,2022-08-18,Active
CUST003044,Anil Bose,Male,1989-10-10,9839685064,ANIL.BOSE547@OUTLOOK.COM,Chef,Retail,Kolkata,West Bengal,India,2026-07-03,Active
CUST003045,Ramesh Yadav,Male,1993-07-28,9493378132,ramesh.yadav212@yahoo.com,Doctor,Retail,Coimbatore,Tamil Nadu,India,2025-07-07,Active
CUST003046,Bhavna Gupta,Female,2000-04-19,987 125 3549,bhavna.gupta695@gmail.com,Bank Employee,Premium,Guwahati,Assam,India,2021-09-03,Active
CUST003047,Rekha Das,Female,1971-06-23,09673741569,rekha.das287@gmail.com,Nurse,Retail,Ahmedabad,Gujarat,India,2016-08-06,Inactive
CUST003048,Anjali More,Female,1968-05-17,9310490507,anjali.more159@yahoo.com,Tailor,Student,Bhopal,Madhya Pradesh,India,11/02/2025,Dormant
CUST003049,Vandana Ghosh,Female,2006-10-05,,vandana.ghosh955@rediffmail.com,Retired,Retail,Nagpur,Maharashtra,India,2025-05-30,Active
CUST003050,Sai Agarwal,Male,1975-11-06,9511364209,sai.agarwal314@gmail.com,Chef,Corporate, Indore ,Madhya Pradesh,India,2011-02-01,Active
CUST003051,Aryan Kotian,Male,1992-06-11,9185285000,aryan.kotian233@outlook.com,Bank Employee,Retail,Patna,Bihar,India,2016-04-04,Active
CUST003052,Mallikarjun Kamath,Male,1986-07-11,9626366561,mallikarjun.kamath715@gmail.com,Doctor,Retail,Hyderabad,Telangana,India,2019-08-01,Active
CUST003053,Vikram Agarwal,Male,1955-06-27,9513445463,VIKRAM.AGARWAL762@OUTLOOK.COM,Driver,Retail,Panaji,Goa,India,2019-12-24,Active
CUST003054,Vivaan Kamath ,Male,1967-01-13,,vivaan.kamath152@gmail.com,Pharmacist,Retail,Jaipur,Rajasthan,India,2022-01-26,Active
CUST003055,Naveen Dutta,Male,1967-10-06,9917839699,naveen.dutta56@gmail.com,Police Officer,Retail,Bhopal,Madhya Pradesh,India,2018-12-24,Active
CUST003056,Gaurav Patil,Male,1958-10-31,09476990429,gaurav.patil849@gmail.com,Driver,Retail,Delhi,Delhi,India,2011-03-19,Active
CUST003057,Shalini Hegde,Female,1995.03.14,98771-26377,shalini.hegde504@outlook.com,Nurse,Retail,Vijayawada,Andhra Pradesh,India,2013-07-29,Active
CUST003058,Vihaan Patil,Male,2006-07-14,9784068988,vihaan.patil456@outlook.com,Teacher,Retail,Coimbatore,Tamil Nadu,India,2024-07-15,Dormant
CUST003059,Geeta Raghunathan,Female,2006-07-16,9140697358,geeta.raghunathan420@gmail.com,Electrician,Retail,Thiruvananthapuram,Kerala,India,2024-07-13,Active
CUST003060,Ananya Chavan ,Female,1959-10-18,9365458847,ananya.chavan585@yahoo.com,Consultant,Retail,Belagavi,Karnataka,India,2021-02-13,Active
CUST003061,Aditya Patil,Male,1975-03-26,935 704 4142,aditya.patil673@yahoo.com,,Retail,Pune,Maharashtra,India,2017-11-07,Active
CUST003062,Sai Jadhav,Male,1962-02-05,9744916793,SAI.JADHAV81@GMAIL.COM,Chef,Premium,Mysuru,Karnataka,India,2015-04-09,Active
CUST003063,Aadhya Yadav,Female,1951-10-15,97130-70597,aadhya.yadav265@gmail.com,Data Analyst,Student,Vijayawada,Andhra Pradesh,India,2015-10-15,Active
CUST003064,Shalini Patil ,Female,1985-06-25,9457435398,shalini.patil953@rediffmail.com,Lawyer,Retail,Chennai,Tamil Nadu,India,2021-09-14,Active
CUST003065,Aditya Ghosh,Male,2000-01-30,9380136768,aditya.ghosh167@outlook.com,Architect,Student,Panaji,Goa,India,2018-11-01,Inactive
CUST003066,Yash Naidu,Male,1952-09-08,9270286104,yash.naidu906@outlook.com,Architect,Premium,Chandigarh,Chandigarh,India,2013-01-12,Active
CUST003067,Vidya Verma,Female,1986-11-19,9328362030,vidya.verma401@yahoo.com,Police Officer,Senior Citizen,Belagavi,Karnataka,India,2017-03-17,Active
CUST003068,Sushma Chavan,Female,23/01/1950,9247782458,sushma.chavan190@yahoo.com,Data Analyst,Retail,Vadodara,Gujarat,India,10/21/2023,Active
CUST003069,Reyansh Naidu,Male,1999-01-28,9841085007,reyansh.naidu594@rediffmail.com,Doctor,Retail,Udaipur,Rajasthan,India,2020-04-22,Dormant
CUST003070,Yash Kale,Male,11/17/1951,9710139735,YASH.KALE662@YAHOO.COM,Lawyer,Premium,Madurai,Tamil Nadu,India,2024-06-16,Active
CUST003071,Ira Shah,Female,1974-05-23,9897330333,ira.shah350@gmail.com,Chartered Accountant,Retail,Kochi,Kerala,India,2018-11-26,Active
CUST003072,Krishna Krishnan,Male,1955-06-20,9765615908,krishna.krishnan792@yahoo.com,,Senior Citizen,Dehradun,Uttarakhand,India,2018-07-18,Active
CUST003073,Kavya Yadav,Female,1972-12-20,9388499353,kavya.yadav64@outlook.com,Pharmacist,Senior Citizen,Panaji,Goa,India,2025-10-01,Active
CUST003074,Umesh Yadav,Male,1974-01-01,9381749727,umesh.yadav122@outlook.com,Shop Owner,Retail,Kanpur,Uttar Pradesh,India,2018-11-19,Active
CUST003075,Naveen Reddy,Male,1980-09-16,+919214558430,naveen.reddy621@outlook.com,Chartered Accountant,Retail,Panaji,Goa,India,2013-02-06,Active
CUST003076,Sanjay Shetty,Male,1998-03-28,+919749974620,sanjay.shetty577@rediffmail.com,Shop Owner,Retail,Visakhapatnam,Andhra Pradesh,India,2017-03-31,Active
CUST003077,Suresh Sharma,Male,2008-05-15,09742875911,suresh.sharma698@gmail.com,HR Manager,Premium,Belagavi,Karnataka,India,2026-05-15,Active
CUST003078,Meera Pawar,Female,1968-09-19,9523544472,meera.pawar849@outlook.com,Marketing Manager,Premium,Thiruvananthapuram,Kerala,India,2016-05-13,Active
CUST003079,Vihaan Kale,Male,2003-12-08,9399947437,vihaan.kale929@rediffmail.com,Bank Employee,Premium,Bhubaneswar,Odisha,India,2021-12-19,Inactive
CUST003080,Neha Mukherjee,Female,1973-11-25,9494432465,neha.mukherjee506@rediffmail.com,Professor,Retail,Mumbai,Maharashtra,India,2024-07-24,Active
CUST003081,Aditya Joshi,Male,1955-03-02,9343414046,aditya.joshi501@rediffmail.com,Marketing Manager,Student,Kochi,Kerala,India,2017-10-05,Dormant
CUST003082,Meera Patil,Female,1984-05-13,9248907116,meera.patil922@outlook.com,Software Engineer,Retail,Visakhapatnam,Andhra Pradesh,India,2015-09-27,Active
CUST003083,Nisha Subramaniam,Female,1991-10-15,9488255367,nisha.subramaniam959@gmail.com,Sales Executive,Retail,Madurai,Tamil Nadu,India,2012-09-03,Active
CUST003084,Divya Sharma,Female,1966-04-21,9313051129,divya.sharma48@rediffmail.com,Marketing Manager,Retail,Dehradun,Uttarakhand,India,2017-04-05,Active
CUST003085,Anil Deshmukh,Male,22-09-1983,9765182980,anil.deshmukh505@gmail.com,Bank Employee,Retail,Vijayawada,Andhra Pradesh,India,2022-11-29,Inactive
CUST003086,Ira Krishnan,Female,1974.03.16,9915859369,ira.krishnan918@outlook.com,Professor,Retail,Thiruvananthapuram,Kerala,India,08/30/2015,Active
CUST003087,Lakshmi Pillai,Female,1956-10-14,9274228728,lakshmi.pillai51@yahoo.com,Driver,Retail,Thiruvananthapuram,Kerala,India,2018-04-24,Active
CUST003088,Usha Kulkarni,Female,1971-05-28,91054-32144,usha.kulkarni976@outlook.com,Sales Executive,Retail,Kanpur,Uttar Pradesh,India,2021-03-15,Active
CUST003089,Vivaan Naik,Male,1889-06-01,9886836160,vivaan.naik748@rediffmail.com,Civil Engineer,Retail,Surat,Gujarat,India,2025-06-02,Active
CUST003090,Siddharth Jadhav,Male,1968-09-17,9364532905,siddharth.jadhav156@outlook.com,Homemaker,Retail,Jaipur,Rajasthan,India,2023-08-26,Active
CUST003091,Nikhil Sharma,Male,2003-06-11,,NIKHIL.SHARMA640@GMAIL.COM,Driver,Student,Lucknow,Uttar Pradesh,India,2021-06-14,Active
CUST003092,Pallavi Pawar,Female,1971-07-13,9869837245,pallavi.pawar431@rediffmail.com,Tailor,Retail,Udaipur,Rajasthan,India,2013-07-21,Active
CUST003093,Swati Sharma,Female,1985-12-08,9855670329,swati.sharma334@rediffmail.com,Tailor,Retail,Ludhiana,Punjab,India,2021-06-03,Active
CUST003094,Reyansh Desai,Male,1948-09-03,9622565072,reyansh.desai620@gmail.com,Driver,Retail,Bhubaneswar,Odisha,India,2014-12-16,Active
CUST003095,Shreya Mukherjee ,Female,1966-12-25,97350-05150,shreya.mukherjee734@outlook.com,Data Analyst,Retail,Kolkata,West Bengal,India,2017-02-05,Dormant
CUST003096,Deepika Krishnan,Female,2001.09.10,9498995587,deepika.krishnan892@gmail.com,Teacher,Retail,Lucknow,Uttar Pradesh,India,2019-09-07,Active
CUST003097,Anil Ghosh,Male,2002-01-25,9605255429,anil.ghosh417@outlook.com,Electrician,Retail,Chennai,Tamil Nadu,India,2023-01-12,Dormant
CUST003098,Sunil Bhosale,Male,2007-03-18,9582799307,sunil.bhosale160@gmail.com,Electrician,Premium,Delhi,Delhi,India,06/04/2025,Active
CUST003099,Kavya Prabhu,Female,1951-06-12,9695313087,kavya.prabhu863@yahoo.com,Marketing Manager,Retail,Howrah,West Bengal,India,2016-11-30,Active
CUST003100,Preeti Verma,Female,2000-04-02,9976722935,preeti.verma334@yahoo.com,Police Officer,Retail,Nagpur,Maharashtra,India,2018-04-22,Active
CUST003101, Pradeep Reddy,Male,1964-03-19,09131670410,pradeep.reddy758@rediffmail.com,Student,Student,Dehradun,Uttarakhand,India,2011-08-30,Active
CUST003102,Tanvi Salunkhe,Female,1948-05-07,9147302090,tanvi.salunkhe797@rediffmail.com,Driver,Retail,Mysuru,Karnataka,India,2023-01-21,Active
CUST003103,Ananya Yadav,Female,1953-08-08,9234214275,ananya.yadav59@rediffmail.com,Marketing Manager,Retail,Kolkata,West Bengal,India,2020-08-11,Active
CUST003104,Namrata Hegde,Female,1993-06-28,9548874495,namrata.hegde410@outlook.com,Retired,Retail,Madurai,Tamil Nadu,India,2019-06-01,Active
CUST003105,Ananya Bhosale,Female,1983-11-10,9171176321,ananya.bhosale85@yahoo.com,Government Employee,Premium,Chennai,Tamil Nadu,India,2013-10-07,Active
CUST003106,Geeta Pillai,Female,1982-09-20,9272082715,geeta.pillai604@gmail.com,Bank Employee,Retail,Howrah,West Bengal,India,10/30/2011,Active
CUST003107,Kalpana Bhosale,Female,2001-06-07,9567673262,kalpana.bhosale794@outlook.com,Shop Owner,Retail,Patna,Bihar,India,2019-06-18,Active
CUST003108,Ishaan Prabhu,Male,1953-09-14,9909663798,ishaan.prabhu559@yahoo.com,Lawyer,Retail,Panaji,Goa,India,2020-09-17,Active
CUST003109,Sunil Menon,Male,1953-01-04,9822526518,sunil.menon324@yahoo.com,Civil Engineer,Retail,Delhi,Delhi,India,2022-08-14,Active
CUST003110,Mallikarjun Bhosale,Male,2004-07-07,9295062162,mallikarjun.bhosale972@gmail.com,Journalist,Retail,Coimbatore,Tamil Nadu,India,2023-05-11,Active
CUST003111,Swati Shah,Female,1984-09-22,9149342311,swati.shah86@gmail.com,Architect,Retail,Jaipur,Rajasthan,India,2023-06-09,Active
CUST003112,Dhruv Mukherjee,Male,1995-01-10,9765087292,dhruv.mukherjee142@rediffmail.com,Student,Retail,Warangal,Telangana,India,2017-02-10,Active
CUST003113,Priya Gowda ,Female,1979-10-18,09801466013,PRIYA.GOWDA366@YAHOO.COM,,Retail,Guwahati,Assam,India,2011-01-08,Active
CUST003114,Shivraj Roy,Male,1956-10-20,9936130947,shivraj.roy947@rediffmail.com,Chartered Accountant,Student,Chennai,Tamil Nadu,India,2014-10-22,Active
CUST003115,Naveen Reddy,Male,31-08-1979,9489750240,naveen.reddy893@outlook.com,Government Employee,Retail,Surat,Gujarat,India,2023-03-25,Active
CUST003116,Suresh Kale,Male,2006-05-28,9152585939,suresh.kale564@gmail.com,Shop Owner,Retail,Kanpur,Uttar Pradesh,India,2024-05-24,Active
CUST003117,Diya Pawar,Female,1955-02-17,9947285786,DIYA.PAWAR951@GMAIL.COM,Architect,Retail,Ahmedabad,Gujarat,India,2018-11-20,Active
CUST003118,Usha Chavan,Female,1955-08-24,9358632665,usha.chavan903@yahoo.com,HR Manager,Premium,Kochi,Kerala,India,2011-05-16,Active
CUST003119,Girish Gowda,Male,1968-12-31,9444426507,girish.gowda586@gmail.com,Bank Employee,Premium,Guwahati,Assam,India,01/25/2023,Active
CUST003120,Ananya Reddy,Female,1975-07-19,9472795665,ananya.reddy118@rediffmail.com,Government Employee,Retail,Kanpur,Uttar Pradesh,India,2023-09-03,Active
CUST003121,Anita Prabhu,Female,03/02/1986,9986138152,anita.prabhu898@rediffmail.com,HR Manager,Retail,Jaipur,Rajasthan,India,2014-07-12,Inactive
CUST003122,Umesh Chatterjee,Male,1957-08-18,9425063288,UMESH.CHATTERJEE641@OUTLOOK.COM,Consultant,Retail,Raipur,Chhattisgarh,India,2023.07.01,Active
CUST003123,Meera Singh,Female,2004-07-31,09600869390,meera.singh141@yahoo.com,Homemaker,Retail,Shimla,Himachal Pradesh,India,2022-08-17,Active
CUST003124,Kabir Mehta,Male,1957-02-05,9990993858,kabir.mehta839@rediffmail.com,Chartered Accountant,Retail,Shimla,Himachal Pradesh,India,2024-10-18,Active
CUST003125,Umesh Verma,Male,1960-02-14,+919957103926,umesh.verma398@outlook.com,Nurse,Retail,Mumbai,Maharashtra,India,2020-09-25,Active
CUST003126,Namrata Jadhav,Female,2006-08-19,09668697355,namrata.jadhav786@yahoo.com,Bank Employee,Premium,Ludhiana,Punjab,India,2024-09-01,Active
CUST003127,Aarav Pawar,Male,1970-10-26,9195243729,aarav.pawar262@rediffmail.com,Tailor,Retail,Panaji,Goa,India,2021-01-19,Active
CUST003128,Bhavna Hegde,Female,1982-08-29,9411702205,bhavna.hegde10@gmail.com,Accountant,Retail,Amritsar,Punjab,India,2012-09-03,Inactive
CUST003129,Shalini Verma,Female,1974-05-08,9699443864,shalini.verma453@outlook.com,Homemaker,Retail,Ranchi,Jharkhand,India,2015-01-08,Active
CUST003130,Usha Salunkhe,Female,1963-09-14,982 306 7815,usha.salunkhe452@outlook.com,Sales Executive,Retail,Howrah,West Bengal,India,2024-07-23,Active
CUST003131,Nisha Verma,Female,1978-09-13,9776664099,nisha.verma862@rediffmail.com,Business Owner,Retail,Ranchi,Jharkhand,India,2026-01-16,Active
CUST003132,Anjali Chatterjee,Female,1995-01-14,9538264114,anjali.chatterjee116@gmail.com,Chef,Premium,Chandigarh,Chandigarh,India,2018-05-21,Inactive
CUST003133,Vandana Desai,Other,1948-09-10,937 792 7197,vandana.desai912@yahoo.com,Pharmacist,Retail,Ludhiana,Punjab,India,2015-07-11,Active
CUST003134,Reyansh Naik,Male,2001-01-09,9672349174,reyansh.naik153@rediffmail.com,Government Employee,Retail,Howrah,West Bengal,India,2019-01-12,Active
CUST003135,Aditya Kumar,Male,03-03-1959,9530501862,aditya.kumar933@yahoo.com,HR Manager,Retail,Ranchi,Jharkhand,India,2014-10-06,Inactive
CUST003136,Kavya Reddy,Female,2003-08-04,9884721333,kavya.reddy705@rediffmail.com,Chartered Accountant,Student,Guwahati,Assam,India,2021-08-25,Active
CUST003137,Sanjay Sen,Male,2006-04-18,9838040805,sanjay.sen360@rediffmail.com,Shop Owner,Corporate,Ludhiana,Punjab,India,2024-05-07,Active
CUST003138,Raghavendra Salunkhe,Male,2004-07-10,9791077957,raghavendra.salunkhe955@yahoo.com,Chef,Retail,Hubballi,Karnataka,India,2022-08-01,Active
CUST003139,Yash Verma,Male,1987-06-06,9256391934,yash.verma359@yahoo.com,Bank Employee,Premium,Dehradun,Uttarakhand,India,2020-06-24,Active
CUST003140,Namrata Salunkhe,Female,2002-11-11,9266403441,namrata.salunkhe633@yahoo.com,Doctor,Retail, Chennai ,Tamil Nadu,India,2021-01-01,Active
CUST003141,Yash Kulkarni,Male,2000-01-27,985 473 8052,yash.kulkarni17@gmail.com,Pharmacist,Retail,Vijayawada,Andhra Pradesh,India,2021-05-13,Active
CUST003142,Arjun Venkatesh,Male,1986-09-16,9586817266,arjun.venkatesh103@rediffmail.com,Architect,Retail,Pune,Maharashtra,India,07/09/2025,Active
CUST003143,Prakash Ghosh,Male,2002-01-15,9698523463,prakash.ghosh353@gmail.com,Accountant,Premium,Chennai,Tamil Nadu,India,2021.12.09,Inactive
CUST003144,Nikhil Nair,Male,1968-09-30,9248581495,nikhil.nair244@rediffmail.com,Tailor,Senior Citizen,Kochi,Kerala,India,2021-07-01,Active
CUST003145,Meera Nair,Female,1998-07-26,09232454894,meera.nair227@rediffmail.com,Marketing Manager,Premium,Kanpur,Uttar Pradesh,India,2016-08-03,Active
CUST003146,Mahesh Bhosale,Male,2004-01-27,9609505155,MAHESH.BHOSALE379@YAHOO.COM,Police Officer,Premium,Indore,Madhya Pradesh,India,13/02/2022,INACTIVE
CUST003147,Sunita Singh,Female,1986-06-25,9140186355,sunita.singh608@gmail.com,Pharmacist,Retail,Surat,Gujarat,India,2017-10-01,Active
CUST003148,Riya Ghosh,Female,1955-06-03,9708929022,riya.ghosh126@rediffmail.com,Lawyer,Senior Citizen,Mumbai,Maharashtra,India,12/05/2025,Inactive
CUST003149,Dhruv Shetty,Male,1960-12-20,9331808260,dhruv.shetty751@yahoo.com,Pharmacist,Retail,Kochi,Kerala,India,2018-05-15,Active
CUST003150,Sneha Pawar,Female,1958-03-24,+919721892499,sneha.pawar847@gmail.com,Driver,Senior Citizen,Lucknow,Uttar Pradesh,India,2021-09-12,Active
CUST003151,Snehal Raghunathan,Female,1980-04-18,9186714102,snehal.raghunathan835@yahoo.com,Retired,Retail,Lucknow,Uttar Pradesh,India,2019-05-27,Active
CUST003152,Sunita Kulkarni,,1974-04-13,9468501883,sunita.kulkarni195@rediffmail.com,Nurse,Retail,Ahmedabad,Gujarat,India,2011-11-20,Active
CUST003153,Rohan Shetty,Male,1998-02-14,9429102689,ROHAN.SHETTY879@OUTLOOK.COM,Software Engineer,Retail,Panaji,Goa,India,2025-07-15,ACTIVE
CUST003154,Santosh Roy,Male,1965-03-08,9411778017,santosh.roy130@outlook.com,Farmer,Retail,Guwahati,Assam,India,2021-05-30,Active
CUST003155,Rajesh Verma,Other,1958-01-11,9880269516,rajesh.verma107@outlook.com,,Retail,Delhi,Delhi,India,2014-07-31,Active
CUST003156,Deepika Shah,Female,1985-04-20,+919170623612,deepika.shah725@gmail.com,Consultant,Premium,Pune,Maharashtra,India,05-12-2011,Active
CUST003157,Priya Singh,Female,1956-06-02,9537604694,priya.singh759@rediffmail.com,Police Officer,Premium,Delhi,Delhi,India,2025-07-22,Active
CUST003158,Myra Das,Female,2002-11-05,9281096875,MYRA.DAS127@OUTLOOK.COM,Farmer,Retail,Pune,Maharashtra,India,2020-11-19,Active
CUST003159,Sunil Gupta,Male,1952-12-01,9759875193,sunil.gupta415@outlook.com,Data Analyst,Retail,Patna,Bihar,India,2011-04-08,Active
CUST003160,Ritu Shah,Female,1977-09-30,9154795802,ritu.shah410@outlook.com,HR Manager,Retail,Kochi,Kerala,India,2020-07-26,Active
CUST003161,Rajesh Subramaniam,Male,2005-06-23,9168305535,RAJESH.SUBRAMANIAM722@YAHOO.COM,Pharmacist,Retail,Jaipur,Rajasthan,India,2023-07-06,Active
CUST003162,Sunita Agarwal,Female,1981-07-22,+919395918911,sunita.agarwal515@outlook.com,Pharmacist,Retail,Chandigarh,Chandigarh,India,2014-05-08,Active
CUST003163,Vihaan Pillai,Male,1996-12-20,9121487949,vihaan.pillai600@rediffmail.com,Teacher,Premium,Amritsar,Punjab,India,2024-11-18,Active
CUST003164,Ashok Kumar,Male,1973-08-20,9542595390,ashok.kumar81@yahoo.com,Government Employee,Senior Citizen,Ludhiana,Punjab,India,05-08-2011,ACTIVE
CUST003165,Kiran Ghosh,Female,1993-09-24,9119243463,kiran.ghosh975@gmail.com,Chef,Retail, Vadodara ,Gujarat,India,2022-09-08,Active
CUST003166,Divya Bhat,Female,1990-11-13,95808-63693,divya.bhat555@outlook.com,Retired,Premium,Chandigarh,Chandigarh,India,2020-08-07,Active
CUST003167,Manisha Agarwal,Female,1979-02-12,9426124362,manisha.agarwal668@rediffmail.com,Government Employee,Retail,Chandigarh,Chandigarh,India,2015-10-03,Active
CUST003168,Mahesh Sen,Male,1954-02-06,9681066814,mahesh.sen480@rediffmail.com,Tailor,Premium,Vijayawada,Andhra Pradesh,India,2015-06-11,Active
CUST003169,Nikhil Verma,Male,2006-10-28,9152602603,nikhil.verma246@rediffmail.com,Lawyer,Premium,Bhubaneswar,Odisha,India,2024-10-28,Active
CUST003170,Rashmi Agarwal,Female,1950-12-11,9259029623,RASHMI.AGARWAL668@YAHOO.COM,Nurse,Retail,Warangal,Telangana,India,2019-04-13,Active
CUST003171,Abhishek Kotian,Male,1969-08-16,9250370925,abhishek.kotian288@rediffmail.com,Police Officer,Retail,Panaji,Goa,India,10/31/2024,Active
CUST003172,Reyansh Hegde,Male,1986-11-08,9763694277,reyansh.hegde219@gmail.com,Chef,Corporate,Ahmedabad,Gujarat,India,2015-01-22,Active
CUST003173,Meera Raghunathan,Female,1994-08-06,9765098759,meera.raghunathan552@outlook.com,Marketing Manager,Retail,Bhubaneswar,Odisha,India,2020-03-03,Inactive
CUST003174,Anil Venkatesh,Male,05/27/1980,9204664631,anil.venkatesh356@rediffmail.com,Homemaker,Retail,Shimla,Himachal Pradesh,India,2021-08-31,Active
CUST003175,Bhavna Das,Female,22/04/1972,9464259772,bhavna.das893@rediffmail.com,Homemaker,Retail,Amritsar,Punjab,India,2011-03-13,Active
CUST003176,Chetan Reddy,Male,1972-09-05,973 349 4966,chetan.reddy659@outlook.com,Government Employee,Retail,Bengaluru,Karnataka,India,2024-12-01,Active
CUST003177,Payal Menon,Female,2007.02.09,9106208953,payal.menon373@outlook.com,Consultant,Retail,Chennai,Tamil Nadu,India,2026-05-31,Active
CUST003178,Aditi Rao,Female,1968-03-26,9190557950,aditi.rao36@yahoo.com,Teacher,Retail,Guwahati,Assam,India,2012-05-06,Active
CUST003179,Manisha Ghosh,Female,1999-10-10,9679381515,manisha.ghosh341@rediffmail.com,Police Officer,Retail,Bengaluru,Karnataka,India,2017-10-07,Active
CUST003180,Namrata Sharma,Female,20-02-1951,9736399993,namrata.sharma116@rediffmail.com,Pharmacist,Retail,Mumbai,Maharashtra,India,2023-03-21,Active
CUST003181,Mahesh Pillai,Male,1987-12-12,9519965169,mahesh.pillai219@gmail.com,Business Owner,Premium,Madurai,Tamil Nadu,India,2023-07-29,Active
CUST003182,Anita Jadhav,Female,1989-03-25,991 176 7133,anita.jadhav283@gmail.com,Retired,Retail,Udaipur,Rajasthan,India,2013-06-04,Active
CUST003183,Ananya Kumar,Female,1988-12-07,9212949848,ananya.kumar652@rediffmail.com,Doctor,Premium,Mysuru,Karnataka,India,2025-04-03,Active
CUST003184,Ira Subramaniam,Female,1973-07-14,,ira.subramaniam107@rediffmail.com,Doctor,Retail,Hubballi,Karnataka,India,2016-02-13,Active
CUST003185,Kalpana Menon,Female,1989-11-06,9871449162,kalpana.menon162@gmail.com,Retired,Retail,Kolkata,West Bengal,India,2015-07-24,Active
CUST003186,Payal Shetty,Female,1974-12-22,9120612164,payal.shetty40@yahoo.com,Chartered Accountant,Retail,Chandigarh,Chandigarh,India,2016-07-21,Dormant
CUST003187,Ira Gupta,Female,1983-12-19,9737837153,ira.gupta916@outlook.com,Police Officer,Premium,Kanpur,Uttar Pradesh,India,2021-06-08,Active
CUST003188,Nisha Kulkarni,Female,2002-02-16,+919975303787,nisha.kulkarni986@gmail.com,Lawyer,Retail,Guwahati,Assam,India,2020-02-25,Active
CUST003189,Aarav Shah,Male,2027-01-15,9607260510,aarav.shah298@outlook.com,Journalist,Retail,Shimla,Himachal Pradesh,India,2019-06-08,Active
CUST003190,Kabir Kotian,Male,1992-09-06,9847978318,kabir.kotian455@rediffmail.com,Consultant,Student,Pune,Maharashtra,India,2012-03-02,Inactive
CUST003191,Anita Kulkarni,Female,13/09/2006,9335592984,ANITA.KULKARNI301@GMAIL.COM,Sales Executive,Retail,Indore,Madhya Pradesh,India,2024-09-08,Inactive
CUST003192,Aditya More,Male,1961-04-17,9824460645,aditya.more533@rediffmail.com,Architect,Retail,Hubballi,Karnataka,India,12/10/2022,Active
CUST003193,Divya Pillai,Female,1983-08-15,9368662142,divya.pillai551@gmail.com,HR Manager,Premium,Howrah,West Bengal,India,2016-12-17,Active
CUST003194,Snehal Pawar ,Female,1987-10-24,+919867592398,snehal.pawar255@gmail.com,Sales Executive,Retail,Kolkata,West Bengal,India,2023-05-01,Active
CUST003195,Prakash Raghunathan,Male,1990-02-14,9745924961,prakash.raghunathan644@outlook.com,Sales Executive,Premium,Patna,Bihar,India,2022-06-18,Active
CUST003196,Tanvi Raghunathan,Female,1956.01.05,9733230818,TANVI.RAGHUNATHAN8@REDIFFMAIL.COM,,Student,Madurai,Tamil Nadu,India,2026-06-28,Active
CUST003197, Neha Sharma,Female,1994-01-21,9272376919,neha.sharma644@rediffmail.com,Lawyer,Premium,Panaji,Goa,India,2013-02-19,Active
CUST003198,Diya Gowda ,Female,1959-10-04,9683220381,DIYA.GOWDA750@REDIFFMAIL.COM,Sales Executive,Retail,Ahmedabad,Gujarat,India,2025-07-09,Active
CUST003199,Sanjay Dutta,Male,1972-10-12,9911000645,sanjay.dutta53@rediffmail.com,Software Engineer,Retail,Amritsar,Punjab,India,2024-11-10,Active
CUST003200,Anjali More,Female,1991-04-07,9774039329,anjali.more723@rediffmail.com,Professor,Corporate,Raipur,Chhattisgarh,India,2017-10-02,Active
CUST003201,Reyansh Joshi,Male,1963-12-09,952 451 6373,REYANSH.JOSHI737@YAHOO.COM,Bank Employee,Retail,Lucknow,Uttar Pradesh,India,2013-02-06,Active
CUST003202,Shreya More,Female,1955-08-17,9917959846,shreya.more971@gmail.com,Electrician,Retail,Bengaluru,Karnataka,India,2013-01-26,Active
CUST003203,Gaurav Jadhav,Male,1988-11-30,9596005472,gaurav.jadhav805@rediffmail.com,Farmer,Senior Citizen,Patna,Bihar,India,2018-12-08,Active
CUST003204,Usha More,Female,1964-12-22,9522926382,usha.more22@gmail.com,Consultant,Premium,Surat,Gujarat,India,2011-03-02,Inactive
CUST003205,Vandana Yadav,Female,1998-01-22,9962762770,vandana.yadav82@outlook.com,Nurse,Retail,Kolkata,West Bengal,India,2016-01-25,Active
CUST003206,Saanvi Kamath,Female,2002-05-29,9401583804,saanvi.kamath137@rediffmail.com,Farmer,Premium,Jaipur,Rajasthan,India,2020-06-16,Active
CUST003207,Krishna Kale,Male,1969-03-12,928 632 1429,krishna.kale581@gmail.com,Nurse,Retail,Hyderabad,Telangana,India,2019-10-02,Active
CUST003208,Swati Agarwal,Female,1992-09-23,09225070472,swati.agarwal711@rediffmail.com,Journalist,Senior Citizen,Hyderabad,Telangana,India,2024-05-15,Active
CUST003209,Usha Salunkhe,Female,1961-07-30,9664417195,usha.salunkhe657@yahoo.com,Police Officer,Retail,Shimla,Himachal Pradesh,India,02/20/2026,Active
CUST003210,Vikram Naik,Male,2004-04-23,9558994820,vikram.naik330@gmail.com,Chartered Accountant,Retail,Hyderabad,Telangana,India,2022-05-05,Active
CUST003211,Rekha Mukherjee,Female,1962-11-21,9796613458,rekha.mukherjee201@yahoo.com,Government Employee,Retail,Jaipur,Rajasthan,India,2016-02-18,Active
CUST003212,Rashmi Chavan,Female,2001-06-04,9232013818,rashmi.chavan64@yahoo.com,Homemaker,Retail,Patna,Bihar,India,25-06-2019,Active
CUST003213,Manoj Kotian,Other,1995-08-26,9387495704,manoj.kotian374@yahoo.com,Pharmacist,Retail,Chennai,Tamil Nadu,India,2014-06-28,Active
CUST003214,Sneha Bhat,Female,1966-12-08,9208741364,sneha.bhat301@gmail.com,Homemaker,Premium,Kochi,Kerala,India,2017-10-27,Active
CUST003215,Shreya Naik,Female,1997-12-12,9377935121,shreya.naik304@gmail.com,Police Officer,Retail,Panaji,Goa,India,2026-06-06,Active
CUST003216,Ira Gupta,Female,1986-04-24,9964267219,ira.gupta88@yahoo.com,Government Employee,Corporate,Amritsar,Punjab,India,2024-11-18,Active
CUST003217,Myra Desai,Female,1988-07-25,9907137376,myra.desai291@gmail.com,Electrician,Retail,Pune,Maharashtra,India,2025-03-09,Active
CUST003218,Vishal Naik,Male,1970-12-10,9546484434,vishal.naik836@outlook.com,Lawyer,Retail,Surat,Gujarat,India,2018-01-07,Active
CUST003219,Ananya Venkatesh,Female,1962-03-07,9995419790,ANANYA.VENKATESH241@REDIFFMAIL.COM,Data Analyst,Retail,Mumbai,Maharashtra,India,2021.03.19,Active
CUST003220,Snehal Kale,Female,1990-03-26,9241620082,snehal.kale876@gmail.com,Accountant,Premium,Kochi,Kerala,India,2022-03-25,Active
CUST003221,Riya More,Female,1951-03-01,9191026665,riya.more87@gmail.com,Lawyer,Retail,Kolkata,West Bengal,India,2014-10-11,Active
CUST003222,Rashmi Pillai,Female,1969-02-09,,rashmi.pillai636@outlook.com,Data Analyst,Retail,Panaji,Goa,India,2018-03-09,Dormant
CUST003223,Vihaan Naik,Male,1956-07-28,9423616958,vihaan.naik108@gmail.com,Software Engineer,Retail,Delhi,Delhi,India,2019-07-20,Active
CUST003224,Aryan Pillai,Male,1948-01-30,9509492439,aryan.pillai385@outlook.com,Bank Employee,Premium,Dehradun,Uttarakhand,India,2016-10-17,Active
CUST003225,Rahul Patil,Male,1948-06-13,9154546069,rahul.patil952@yahoo.com,Data Analyst,Senior Citizen,Kolkata,West Bengal,India,2018-05-08,Active
CUST003226,Prakash Menon,Male,1953-09-09,9343509347,prakash.menon768@yahoo.com,Bank Employee,Corporate,Visakhapatnam,Andhra Pradesh,India,2017-11-07,Active
CUST003227,Aryan Chavan,Male,2004-12-05,,aryan.chavan513@outlook.com,Retired,Premium,Delhi,Delhi,India,2022-12-01,ACTIVE
CUST003228,Umesh Ghosh,Male,1994-09-16,947 826 5531,umesh.ghosh631@rediffmail.com,Marketing Manager,Premium,Madurai,Tamil Nadu,India,2022-12-09,Active
CUST003229,Shweta Bhat,Female,2007-12-09,9980999726,shweta.bhat660@gmail.com,Electrician,Premium,Howrah,West Bengal,India,2025-12-16,Active
CUST003230, Aarav Raghunathan,Male,1953-02-01,9862167415,aarav.raghunathan791@gmail.com,Architect,Premium,Shimla,Himachal Pradesh,India,2022-09-21,Active
CUST003231,Santosh Salunkhe,Male,2008-06-04,9754322687,santosh.salunkhe592@outlook.com,Professor,Retail,Ranchi,Jharkhand,India,2026-06-17,Active
CUST003232,Anil Pawar,Male,1984-04-25,9881875071,anil.pawar510@gmail.com,Data Analyst,Retail,Amritsar,Punjab,India,16/09/2017,Active
CUST003233,Vivaan Reddy,Male,2027-01-15,9883790260,vivaan.reddy76@yahoo.com,Data Analyst,Corporate,Varanasi,Uttar Pradesh,India,2014-02-09,Active
CUST003234,Sai Kumar,Male,1999-12-19,93891-25957,sai.kumar957@yahoo.com,Chartered Accountant,Corporate,Guwahati,Assam,India,2017-12-28,Dormant
CUST003235, Jyoti Mehta,Female,1963-11-16,9350595242,jyoti.mehta566@yahoo.com,,Premium,Thiruvananthapuram,Kerala,India,2024-04-08,Active
CUST003236,Rashmi Prabhu,Female,1992-11-24,9737685647,rashmi.prabhu290@outlook.com,Accountant,Retail,Bhopal,Madhya Pradesh,India,28/02/2013,Active
CUST003237,Sai Jadhav,Male,1987-03-26,9124426625,sai.jadhav135@gmail.com,Teacher,Premium,Ludhiana,Punjab,India,2019-07-02,Inactive
CUST003238,Anika Kamath,Female,1973-01-17,9731249554,anika.kamath603@yahoo.com,Driver,Retail,Shimla,Himachal Pradesh,India,2011-01-08,Dormant
CUST003239,Karan Yadav,Male,1977-10-18,09491514607,karan.yadav781@gmail.com,Professor,Retail,Chandigarh,Chandigarh,India,2016-01-12,Active
CUST003240,Amit Ghosh,Male,1960-08-20,9217021904,amit.ghosh807@rediffmail.com,Driver,Retail,Vadodara,Gujarat,India,2012-10-04,Active
CUST003241,Anita Reddy,Female,1959-03-21,96177-34572,anita.reddy885@rediffmail.com,Tailor,Retail,Bhopal,Madhya Pradesh,India,2012-10-05,Active
CUST003242,Ritu Patil,Female,2003.11.21,9113228648,RITU.PATIL893@YAHOO.COM,Shop Owner,Retail,Ranchi,Jharkhand,India,2021-12-11,Active
CUST003243,Meera Agarwal,Female,1992-04-28,9690280601,MEERA.AGARWAL622@GMAIL.COM,Homemaker,Retail,Shimla,Himachal Pradesh,India,13-05-2019,Active
CUST003244,Varun Verma,Male,1982-04-25,9464682986,varun.verma945@yahoo.com,Doctor,Premium,Indore,Madhya Pradesh,India,2021-09-20,Active
CUST003245,Rahul Pillai ,Male,1990-01-25,9651067819,rahul.pillai74@rediffmail.com,Chartered Accountant,Retail,Raipur,Chhattisgarh,India,2015-06-24,Active
CUST003246,Naveen Pawar,Male,1972-07-24,9393679109,naveen.pawar395@rediffmail.com,Professor,Retail,Ranchi,Jharkhand,India,2023-09-16,Active
CUST003247,Karan Kumar,Male,1963-02-22,9650367509,karan.kumar483@outlook.com,Shop Owner,Premium,Raipur,Chhattisgarh,India,2017-02-02,Active
CUST003248,Shivraj Kulkarni,Other,2005-01-26,9319061284,shivraj.kulkarni698@rediffmail.com,Journalist,Senior Citizen,Bhubaneswar,Odisha,India,2023-02-19,Active
CUST003249,Dhruv Bose,Male,2007-12-14,9353168720,dhruv.bose299@gmail.com,Bank Employee,Senior Citizen,Panaji,Goa,India,2025-12-10,Active
CUST003250,Preeti Chavan,Female,1961-01-09,9163927783,preeti.chavan290@outlook.com,Driver,Retail,Delhi,Delhi,India,2022-03-28,Active
CUST003251,Suman Dutta,Female,1996-08-01,9188096888,suman.dutta902@rediffmail.com,Journalist,Retail,Shimla,Himachal Pradesh,India,2026-03-17,Active
CUST003252,Sneha Gowda,Female,1974-10-17,9221049762,sneha.gowda649@gmail.com,Retired,Corporate,Kolkata,West Bengal,India,2026-06-13,Active
CUST003253,Dhruv Shetty,Male,1990-11-22,927 041 7330,dhruv.shetty634@yahoo.com,Civil Engineer,Retail,Guwahati,Assam,India,2020-02-15,Active
CUST003254,Riya Gupta,Female,1954-08-01,,riya.gupta184@yahoo.com,Marketing Manager,Premium,Ahmedabad,Gujarat,India,2025-12-15,Active
CUST003255,Amit Menon,Male,1977-01-17,9294584582,amit.menon500@gmail.com,Consultant,Retail,Jaipur,Rajasthan,India,2021-11-24,Active
CUST003256,Saanvi Mehta,Female,1955-07-26,9419803636,saanvi.mehta421@gmail.com,Sales Executive,Premium,Ranchi,Jharkhand,India,2015-03-06,Active
CUST003257,Shivraj Menon,Male,1997-05-05,9256248556,shivraj.menon620@rediffmail.com,Civil Engineer,Retail,Kanpur,Uttar Pradesh,India,2025-07-13,Active
CUST003258,Sneha Bhosale,Female,1972-02-24,9481537205,sneha.bhosale919@outlook.com,Teacher,Retail,Patna,Bihar,India,2013-04-03,Active
CUST003259,Swati Naidu,Female,23-12-1963,932 008 3223,swati.naidu278@gmail.com,Shop Owner,Retail,Belagavi,Karnataka,India,2018.04.11,Active
CUST003260,Manisha Krishnan,Female,1990-05-22,93959-46563,manisha.krishnan810@outlook.com,Journalist,Retail,Ludhiana,Punjab,India,2013-05-19,Active
CUST003261,Rashmi Chatterjee,Female,01-11-2005,9161822511,rashmi.chatterjee633@outlook.com,Teacher,Retail,Surat,Gujarat,India,2023-11-04,Active
CUST003262,Aryan Bhat,Male,13/07/1968,9554361793,aryan.bhat496@yahoo.com,Electrician,Retail,Guwahati,Assam,India,2024-11-30,Active
CUST003263,Rekha Naik,Female,1991-06-27,9686095848,rekha.naik949@yahoo.com,Homemaker,Retail,Hyderabad,Telangana,India,2023-09-21,Active
CUST003264,Dhruv Kulkarni,Male,1989-10-11,9536637795,dhruv.kulkarni147@outlook.com,Doctor,Retail,Chandigarh,Chandigarh,India,2012-08-03,Active
CUST003265, Usha Salunkhe,Female,1977-09-05,9560243100,usha.salunkhe677@rediffmail.com,Software Engineer,Retail,Chandigarh,Chandigarh,India,2015-03-17,Active
CUST003266,Sushma Deshmukh,Female,1996-10-12,9847419635,sushma.deshmukh398@rediffmail.com,Business Owner,Retail,Mysuru,Karnataka,India,2016-04-14,Active
CUST003267,Suman Kale,Female,1955-10-02,9409980573,,Government Employee,Student,Jaipur,Rajasthan,India,2012.10.18,Active
CUST003268,Santosh Mehta,Male,2001-03-02,92269-62595,santosh.mehta139@gmail.com,Professor,Retail,Thiruvananthapuram,Kerala,India,2019-03-29,Active
CUST003269,Ritu Sen,Female,1972-06-25,9748438499,ritu.sen735@gmail.com,Business Owner,Premium,Ludhiana,Punjab,India,07/13/2011,Active
CUST003270,Varun Salunkhe,Male,16-09-1950,9684723972,varun.salunkhe69@gmail.com,Homemaker,Retail,Panaji,Goa,India,2020-07-13,Active
CUST003271,Anjali Joshi ,Female,2007-12-10,9522514409,anjali.joshi349@gmail.com,Architect,Retail,Ahmedabad,Gujarat,India,15/12/2025,Active
CUST003272,Ishaan Shetty,Male,1994-11-16,9126548166,ishaan.shetty905@rediffmail.com,Consultant,Corporate,Thiruvananthapuram,Kerala,India,2020-04-03,Active
CUST003273,Chetan Chowdhury,Male,1997-06-12,9601369766,chetan.chowdhury632@outlook.com,Journalist,Premium,Hubballi,Karnataka,India,2025.03.08,Active
CUST003274,Ishaan Chatterjee,Male,1956-11-29,9592650739,ishaan.chatterjee491@gmail.com,Police Officer,Premium,Panaji,Goa,India,21/03/2023,Dormant
CUST003275,Krishna Kamath,Male,1993-06-22,9564099124,krishna.kamath331@rediffmail.com,Doctor,Retail,Dehradun,Uttarakhand,India,2015-01-13,Active
CUST003276,Ganesh Kotian,Male,1990-04-21,9236571913,ganesh.kotian90@gmail.com,Doctor,Retail,Shimla,Himachal Pradesh,India,2019-11-19,Active
CUST003277,Preeti Chatterjee,Female,2002-09-09,9614065508,preeti.chatterjee111@outlook.com,Architect,Retail,Udaipur,Rajasthan,India,20/06/2023,Active
CUST003278,Gaurav Hegde,Male,1970-07-08,9658005519,gaurav.hegde716@gmail.com,Pharmacist,Retail,Howrah,West Bengal,India,2024-03-22,Active
CUST003279,Sunita Shetty,Female,2004-03-09,9255896211,SUNITA.SHETTY274@OUTLOOK.COM,HR Manager,Senior Citizen,Bhubaneswar,Odisha,India,2022-03-15,Dormant
CUST003280,Ishaan Shah,Male,1990-11-18,9208490295,ishaan.shah75@outlook.com,Retired,Retail,Patna,Bihar,India,2012-04-25,Inactive
CUST003281,Aditi Shah,Female,1963-05-17,9534294870,aditi.shah438@rediffmail.com,Police Officer,Retail,Chennai,Tamil Nadu,India,2017-10-02,Active
CUST003282,Riya Pawar,Female,1960-12-14,9143118033,riya.pawar396@outlook.com,Farmer,Retail,Kanpur,Uttar Pradesh,India,2024-05-06,Active
CUST003283,Pradeep Shah,Male,2002-09-22,9274276181,PRADEEP.SHAH957@YAHOO.COM,HR Manager,Retail,Thiruvananthapuram,Kerala,India,2020-10-14,Active
CUST003284,Myra Dutta,Female,1987-01-28,+919672748624,myra.dutta230@outlook.com,Tailor,Retail,Jaipur,Rajasthan,India,2020-03-02,Active
CUST003285,Shweta Kamath,Female,1955-03-03,9368933868,shweta.kamath268@outlook.com,Chef,Retail,Howrah,West Bengal,India,2019-05-27,Inactive
CUST003286,Kavya Naik,Female,1955-08-09,9514423270,kavya.naik165@yahoo.com,Data Analyst,Student,Coimbatore,Tamil Nadu,India,2014-06-19,Active
CUST003287, Ayaan Desai,Male,1998-02-20,9718448268,,Civil Engineer,Retail,Surat,Gujarat,India,2016-05-06,Active
CUST003288,Vinod Bose,Male,1958-04-14,9259069935,vinod.bose533@outlook.com,Government Employee,Retail,Coimbatore,Tamil Nadu,India,2026-03-11,Active
CUST003289,Preeti Bhat,Female,1961-04-07,09367683513,preeti.bhat223@rediffmail.com,HR Manager,Retail,Warangal,Telangana,India,2020-04-03,Active
CUST003290,Arjun Naik,Male,1985-03-23,94754-23637,ARJUN.NAIK719@GMAIL.COM,Bank Employee,Retail,Delhi,Delhi,India,07-08-2025,Active
CUST003291,Vidya Desai,Female,2000-04-23,9603904720,vidya.desai816@outlook.com,Marketing Manager,Retail,Ahmedabad,Gujarat,India,2018-05-02,Active
CUST003292,Mahesh Bose,Male,1968-05-27,9165824723,mahesh.bose487@rediffmail.com,Accountant,Senior Citizen,Thiruvananthapuram,Kerala,India,2024-02-21,Active
CUST003293,Sunita Singh,Female,1988-04-30,9526446545,sunita.singh239@outlook.com,Lawyer,Retail,Ahmedabad,Gujarat,India,2020-08-18,Active
CUST003294,Varun Shetty ,Male,1990-08-21,9718446021,varun.shetty820@rediffmail.com,Doctor,Retail,Mysuru,Karnataka,India,01/03/2025,Active
CUST003295, Dhruv More,Male,1984-05-15,9866272908,dhruv.more965@yahoo.com,Electrician,Premium,Amritsar,Punjab,India,2016-01-29,Active
CUST003296,Saanvi Kamath,Other,1989-07-05,9585048867,saanvi.kamath916@outlook.com,Doctor,Retail,Vadodara,Gujarat,India,2016-12-08,Active
CUST003297,Payal Menon,Female,1961-10-14,9663273313,payal.menon919@gmail.com,Chartered Accountant,Retail,Chandigarh,Chandigarh,India,2011-08-18,Active
CUST003298,Payal Menon,Female,29-08-1985,9754491944,payal.menon806@yahoo.com,Homemaker,Retail,Lucknow,Uttar Pradesh,India,2014-07-16,Active
CUST003299,Bhavna Naidu,Female,1948-03-19,9581567904,BHAVNA.NAIDU737@GMAIL.COM,Homemaker,Retail,Lucknow,Uttar Pradesh,India,2013-02-25,Inactive
CUST003300,Yash Pillai,Male,1992-04-04,9609629824,,Data Analyst,Retail,Vadodara,Gujarat,India,2013-11-03,Active
CUST003301,Gaurav Kulkarni,Male,1996-01-01,9994792381,gaurav.kulkarni339@rediffmail.com,Chartered Accountant,Senior Citizen,Bhubaneswar,Odisha,India,2015-10-17,Active
CUST003302,Varun Dutta,Male,1996-02-06,9781343074,varun.dutta928@gmail.com,Civil Engineer,Premium,Dehradun,Uttarakhand,India,2024-07-29,Active
CUST003303,Nikhil Das,Male,1949-10-13,9317018689,nikhil.das21@rediffmail.com,Retired,Retail,Visakhapatnam,Andhra Pradesh,India,2016-11-18,Active
CUST003304,Ashok Menon,Male,2003-03-20,9508372086,ASHOK.MENON831@YAHOO.COM,Farmer,Senior Citizen,Vadodara,Gujarat,India,2023-11-05,Active
CUST003305,Anita Chavan,Female,28-04-1974,9767895833,anita.chavan334@outlook.com,Data Analyst,Retail,Kolkata,West Bengal,India,2023-08-29,Active
CUST003306,Naveen Reddy,Male,1952-11-16,9489093988,naveen.reddy293@rediffmail.com,Driver,Corporate,Belagavi,Karnataka,India,2026-03-29,Active
CUST003307,Amit Agarwal,Male,1980-05-18,9647523920,amit.agarwal674@rediffmail.com,Business Owner,Retail,Vadodara,Gujarat,India,2018-11-26,Active
CUST003308,Naveen More,Male,1982-08-17,9438368065,naveen.more174@gmail.com,Driver,Retail,Shimla,Himachal Pradesh,India,06-03-2024,Active
CUST003309,Prasad Nair,Male,1972-05-10,9710372838,PRASAD.NAIR992@GMAIL.COM,Lawyer,Premium,Madurai,Tamil Nadu,India,2017-07-08,Active
CUST003310,Basavaraj Kamath,Male,1993-05-12,9758376391,basavaraj.kamath726@gmail.com,Farmer,Retail,Ludhiana,Punjab,India,2020-10-28,Active
CUST003311,Divya Reddy,Female,1980-12-09,09960001332,divya.reddy20@rediffmail.com,Consultant,Senior Citizen,Bhubaneswar,Odisha,India,2023-08-08,Active
CUST003312,Naveen Gupta,Male,1961-02-21,9740333964,naveen.gupta844@outlook.com,Professor,Retail,Bhopal,Madhya Pradesh,India,2013-03-18,Active
CUST003313,Diya Deshmukh,Female,1985-07-27,9780019172,diya.deshmukh108@gmail.com,Software Engineer,Senior Citizen,Varanasi,Uttar Pradesh,India,2011-11-23,Active
CUST003314,Komal Kulkarni,Female,1963-12-21,9795029461,komal.kulkarni822@outlook.com,Business Owner,Retail,Bhubaneswar,Odisha,India,2013-07-24,Active
CUST003315,Tanvi Verma,Female,1955-03-11,09397110473,tanvi.verma812@outlook.com,Journalist,Retail,Belagavi,Karnataka,India,2022-03-16,Active
CUST003316,Vandana Shah,Female,1964-03-04,9923978091,vandana.shah643@outlook.com,Civil Engineer,Retail,Mysuru,Karnataka,India,2018-05-12,Active
CUST003317,Ashok Salunkhe,Male,2002-11-11,9558902484,ashok.salunkhe600@outlook.com,Bank Employee,Retail,Delhi,Delhi,India,2020-12-02,Active
CUST003318,Basavaraj Deshmukh,Male,09/03/1982,+919880772690,basavaraj.deshmukh829@gmail.com,Sales Executive,Retail,Bhubaneswar,Odisha,India,2022-12-06,Active
CUST003319,Karan Desai,Male,1967-04-01,9295425981,karan.desai849@yahoo.com,Doctor,Premium,Vadodara,Gujarat,India,2011-03-27,Active
CUST003320,Aadhya Ghosh,Female,1970-03-08,9379272512,aadhya.ghosh706@outlook.com,Police Officer,Corporate,Chennai,Tamil Nadu,India,2013-09-10,Active
CUST003321,Preeti Desai,Female,2000-02-04,9658214928,preeti.desai171@rediffmail.com,Homemaker,Retail,Pune,Maharashtra,India,2018-04-20,Active
CUST003322,Naveen Raghunathan,Male,1988-05-09,9620724389,naveen.raghunathan665@gmail.com,Government Employee,Retail,Udaipur,Rajasthan,India,2025-03-23,Active
CUST003323,Ishaan Pillai,Male,16/11/1994,09462328389,ishaan.pillai202@outlook.com,Farmer,Retail,Ahmedabad,Gujarat,India,21-08-2022,Active
CUST003324,Divya Verma,Female,1984-12-20,9298818718,divya.verma47@rediffmail.com,Civil Engineer,Premium,Delhi,Delhi,India,2021-08-16,Active
CUST003325,Nisha Iyer,Female,2008-02-10,9305319777,nisha.iyer152@outlook.com,Consultant,Senior Citizen, Mumbai ,Maharashtra,India,2026-02-08,Active
CUST003326,Manisha Chatterjee,Female,1987-10-23,,manisha.chatterjee460@gmail.com,HR Manager,Retail,Bhubaneswar,Odisha,India,2015-11-08,Active
CUST003327,Riya Joshi,Female,1972-04-01,91189-83433,riya.joshi962@outlook.com,Bank Employee,Retail,Guwahati,Assam,India,16-12-2017,Active
CUST003328,Aadhya Singh,Female,1963-04-15,9207464218,aadhya.singh34@gmail.com,Tailor,Retail,Coimbatore,Tamil Nadu,India,2024-10-05,Active
CUST003329,Aadhya Desai,Female,1950-10-21,9981256106,aadhya.desai75@yahoo.com,Business Owner,Retail,Udaipur,Rajasthan,India,2022-05-03,Active
CUST003330, Vikram Ghosh,Male,1994-06-28,9170938748,VIKRAM.GHOSH93@OUTLOOK.COM,Farmer,Retail,Madurai,Tamil Nadu,India,2020-04-20,Active
CUST003331,Raghavendra Kulkarni,Male,2004-07-07,9228087842,raghavendra.kulkarni191@gmail.com,HR Manager,Retail,Surat,Gujarat,India,2022-07-25,Active
CUST003332,Shweta Rao,Female,1988-03-24,9396378470,shweta.rao540@gmail.com,Consultant,Corporate,Bengaluru,Karnataka,India,2022-05-23,Active
CUST003333,Shweta Roy,Female,1977-07-06,9627355069,shweta.roy820@rediffmail.com,Sales Executive,Retail,Vijayawada,Andhra Pradesh,India,2016-09-06,Active
CUST003334,Karan Kulkarni,Male,1955-12-01,9271408303,karan.kulkarni48@outlook.com,HR Manager,Retail,Patna,Bihar,India,12/27/2016,Active
CUST003335,Sunita Krishnan,Female,1987-01-05,9984062294,sunita.krishnan803@yahoo.com,Student,Retail,Visakhapatnam,Andhra Pradesh,India,2021-06-21,Active
CUST003336,Mallikarjun Jadhav,Male,1960-02-16,9544714547,mallikarjun.jadhav912@gmail.com,Marketing Manager,Retail,Hyderabad,Telangana,India,2017-02-11,Active
CUST003337,Sunita Sen,Female,1985-09-09,9583371621,sunita.sen80@gmail.com,Government Employee,Premium,Dehradun,Uttarakhand,India,2019-11-26,Active
CUST003338,Suresh Shetty,Male,1966-03-26,9275450360,suresh.shetty450@yahoo.com,Data Analyst,Senior Citizen,Lucknow,Uttar Pradesh,India,2011.03.13,Active
CUST003339,Lakshmi Deshmukh,Female,2000-06-16,,lakshmi.deshmukh814@outlook.com,Consultant,Retail,Delhi,Delhi,India,2018-06-14,Active
CUST003340,Anjali Rao,Female,2004-09-15,9762589931,anjali.rao699@gmail.com,Professor,Retail,Kolkata,West Bengal,India,2022-09-20,Active
CUST003341,Rohan Pawar,Male,1962-03-11,9302337525,rohan.pawar185@rediffmail.com,Marketing Manager,Premium,Amritsar,Punjab,India,2025-11-18,Active
CUST003342, Arjun More,Male,10/09/1967,9497353144,arjun.more148@yahoo.com,Bank Employee,Premium,Bhubaneswar,Odisha,India,2022-10-27,Active
CUST003343,Nisha Roy,Female,2003-11-10,9266911001,nisha.roy445@gmail.com,Teacher,Premium,Patna,Bihar,India,2021-11-10,Active
CUST003344,Sunil Nair,Male,1949-03-15,94667-66662,sunil.nair846@gmail.com,,Retail,Coimbatore,Tamil Nadu,India,2026-01-20,Active
CUST003345,Ganesh Singh,Male,1979-04-20,9295196695,ganesh.singh947@rediffmail.com,Data Analyst,Retail,Thiruvananthapuram,Kerala,India,2015-04-12,Active
CUST003346,Anjali Sharma,Female,1956-07-30,9981685210,anjali.sharma478@yahoo.com,Nurse,Retail,Vijayawada,Andhra Pradesh,India,2024-11-11,Active
CUST003347,Prakash Gowda,Male,1974-03-24,9367806980,prakash.gowda529@yahoo.com,Consultant,Retail,Pune,Maharashtra,India,2017-04-08,active
CUST003348,Aditya Nair,Male,1949-12-12,9526421987,aditya.nair558@gmail.com,Government Employee,Senior Citizen,Warangal,Telangana,India,2012-05-08,Active
CUST003349,Dhruv Chowdhury,Male,1956-07-05,9677648246,dhruv.chowdhury490@rediffmail.com,Journalist,Retail,Belagavi,Karnataka,India,2011-01-15,Blocked
CUST003350,Pallavi Naidu,Female,1972-05-28,9136931941,pallavi.naidu648@rediffmail.com,Journalist,Retail,Bengaluru,Karnataka,India,2026-03-27,Active
CUST003351,Aarav Bose,Male,1951-08-21,9288665543,aarav.bose274@gmail.com,Pharmacist,Retail,Shimla,Himachal Pradesh,India,2020-12-23,ACTIVE
CUST003352,Rahul Ghosh,Male,1996-04-17,9990031747,rahul.ghosh539@outlook.com,Data Analyst,Retail,Coimbatore,Tamil Nadu,India,2014-05-08,Dormant
CUST003353,Raghavendra Prabhu,Male,1983-01-07,9727165258,raghavendra.prabhu612@yahoo.com,Student,Senior Citizen,Delhi,Delhi,India,2026-05-31,Active
CUST003354,Ayaan Shetty,Male,1975-04-16,9487153795,ayaan.shetty563@gmail.com,Software Engineer,Retail,Nagpur,Maharashtra,India,2011-08-22,Active
CUST003355,Gaurav Venkatesh,Male,1976-08-13,9871677346,gaurav.venkatesh973@rediffmail.com,Teacher,Retail,Shimla,Himachal Pradesh,India,2016-03-14,Inactive
CUST003356,Aarav Kotian,Male,1998-10-30,+919277307719,aarav.kotian744@gmail.com,Electrician,Corporate,Jaipur,Rajasthan,India,2022-08-21,Active
CUST003357,Deepak Jadhav,Male,1999-03-21,9369014355,DEEPAK.JADHAV733@REDIFFMAIL.COM,HR Manager,Retail,Guwahati,Assam,India,2017-03-16,ACTIVE
CUST003358,Raghavendra Das,Male,1950-11-17,+919698358088,raghavendra.das805@gmail.com,Accountant,Retail,Madurai,Tamil Nadu,India,2025-01-27,Active
CUST003359,Kiran Roy,Female,1989-07-06,9574600433,KIRAN.ROY527@YAHOO.COM,Consultant,Retail,Thiruvananthapuram,Kerala,India,2021-07-14,Active
CUST003360,Vikram Naik,Male,1976-06-16,9550586132,vikram.naik306@gmail.com,Chef,Retail,Panaji,Goa,India,2025-10-04,Active
CUST003361,Ishaan Dutta,Male,1995.06.06,9440765994,ishaan.dutta535@gmail.com,Police Officer,Retail,Bhopal,Madhya Pradesh,India,2024-01-04,Active
CUST003362,Snehal Ghosh,Female,1995.09.07,9395186351,snehal.ghosh921@yahoo.com,Consultant,Retail,Lucknow,Uttar Pradesh,India,2023-10-26,Active
CUST003363,Shweta Shetty,Female,1990-11-29,9819159977,shweta.shetty878@rediffmail.com,Student,Retail,Chennai,Tamil Nadu,India,2014-07-15,Active
CUST003364,Priya Pillai,Female,1988-11-16,9831321629,priya.pillai354@yahoo.com,Teacher,Premium, Coimbatore ,Tamil Nadu,India,2014-03-08,Active
CUST003365,Deepak Dutta,Male,1960-11-02,9806077934,deepak.dutta483@outlook.com,Software Engineer,Senior Citizen,Chandigarh,Chandigarh,India,2014-10-06,Active
CUST003366,Dhruv Roy,Male,1999.09.01,9141248239,dhruv.roy272@rediffmail.com,Lawyer,Retail,Jaipur,Rajasthan,India,2017-09-25,Active
CUST003367,Girish Gupta,Male,1990-06-16,9541152017,girish.gupta13@yahoo.com,Pharmacist,Retail,Pune,Maharashtra,India,2021-04-27,Active
CUST003368,Mallikarjun Jadhav,Male,1964-08-03,9454249567,mallikarjun.jadhav311@rediffmail.com,Software Engineer,Retail,Delhi,Delhi,India,2011-12-01,Active
CUST003369,Varun Chavan,Male,1962-02-05,9941707259,,Chartered Accountant,Retail,Vadodara,Gujarat,India,2017-08-28,Active
CUST003370,Aadhya Kotian,Female,1978-05-05,9473898509,aadhya.kotian358@gmail.com,Bank Employee,Retail,Delhi,Delhi,India,2020-01-16,Active
CUST003371,Siddharth Ghosh,Male,1968-10-08,9322144510,siddharth.ghosh54@yahoo.com,Doctor,Retail,Varanasi,Uttar Pradesh,India,2019-05-17,Active
CUST003372,Vandana Menon,Female,1989-01-02,9325825443,vandana.menon317@gmail.com,Doctor,Retail,Warangal,Telangana,India,2018-07-27,Active
CUST003373,Yash Ghosh,Male,1972-08-16,9275317884,yash.ghosh713@rediffmail.com,Civil Engineer,Retail,Hyderabad,Telangana,India,2014.06.20,Active
CUST003374,Naveen Kale ,Male,1958-03-17,9337734007,naveen.kale843@gmail.com,Teacher,Retail,Bengaluru,Karnataka,India,2012-09-12,active
CUST003375,Anika Nair,Female,1971-12-08,9626462386,anika.nair886@rediffmail.com,Shop Owner,Premium,Lucknow,Uttar Pradesh,India,2026-05-10,Active
CUST003376,Neha Hegde,Female,1997-06-04,9654089251,neha.hegde561@gmail.com,Chef,Retail,Delhi,Delhi,India,2018-03-22,Active
CUST003377,Mahesh Gupta,Male,1998-04-29,9894274460,mahesh.gupta546@gmail.com,Student,Premium,Thiruvananthapuram,Kerala,India,2020-03-30,Active
CUST003378,Vidya Dutta,Female,1966-11-14,9169091982,vidya.dutta966@outlook.com,Architect,Retail,Vijayawada,Andhra Pradesh,India,10/25/2019,Active
CUST003379,Umesh Salunkhe,Male,1996-03-19,9147650022,umesh.salunkhe555@gmail.com,Professor,Retail,Visakhapatnam,Andhra Pradesh,India,2016-09-24,Active
CUST003380,Vikram Chowdhury,Male,1953-08-26,+919514006795,vikram.chowdhury84@gmail.com,Doctor,Premium,Bhopal,Madhya Pradesh,India,2022-03-26,Active
CUST003381,Lakshmi Chavan,Female,2007-08-13,9781851307,lakshmi.chavan935@rediffmail.com,Bank Employee,Retail,Amritsar,Punjab,India,2025-08-31,Inactive
CUST003382,Aarav Desai,Male,1994-05-22,9304152894,aarav.desai613@gmail.com,Farmer,Premium,Visakhapatnam,Andhra Pradesh,India,2017-06-08,active
CUST003383,Gaurav Yadav,Male,1950-06-22,9650198844,gaurav.yadav666@outlook.com,Software Engineer,Retail,Indore,Madhya Pradesh,India,2023-06-26,Active
CUST003384,Abhishek Dutta,Male,1990-09-17,96908-37430,abhishek.dutta96@gmail.com,Chef,Retail, Madurai ,Tamil Nadu,India,2015-12-12,Active
CUST003385,Vishal Singh,Male,1977-12-05,9588738254,vishal.singh469@gmail.com,Government Employee,Retail,Lucknow,Uttar Pradesh,India,2021-11-13,Active
CUST003386,Nikhil Venkatesh,Male,2001-07-15,9631403977,nikhil.venkatesh458@outlook.com,Doctor,Retail,Dehradun,Uttarakhand,India,2021-05-05,Active
CUST003387,Suresh Yadav,Male,1962-07-16,9247666682,suresh.yadav814@yahoo.com,Journalist,Premium,Bhopal,Madhya Pradesh,India,2011-06-23,Active
CUST003388,Nisha Deshmukh,Female,2002-01-16,9518247026,nisha.deshmukh382@gmail.com,Chef,Retail,Howrah,West Bengal,India,2021-08-18,Active
CUST003389,Sushma More,Female,2000-09-29,9587366943,sushma.more343@outlook.com,Government Employee,Retail,Hubballi,Karnataka,India,2023-06-14,Dormant
CUST003390,Deepak Nair,Male,1964-11-15,91710-35690,deepak.nair680@rediffmail.com,Marketing Manager,Retail,Mysuru,Karnataka,India,2015-03-15,Active
CUST003391,Nikhil Singh,Male,1974-03-11,9971819271,nikhil.singh16@outlook.com,Civil Engineer,Retail,Ahmedabad,Gujarat,India,2025-03-17,Active
CUST003392,Ira Shah,Female,1986-11-09,9669902492,ira.shah744@yahoo.com,Marketing Manager,Retail,Amritsar,Punjab,India,2011-04-23,active
CUST003393,Vinod Salunkhe,Male,22-07-1962,+919745979904,vinod.salunkhe8@rediffmail.com,Chartered Accountant,Retail,Varanasi,Uttar Pradesh,India,2013-10-16,Active
CUST003394,Rekha Reddy,Female,12-07-2008,95810-61703,rekha.reddy238@yahoo.com,Bank Employee,Retail,Nagpur,Maharashtra,India,2026-07-09,Dormant
CUST003395,Ananya Chavan,Female,1959-07-27,9937623710,ananya.chavan497@outlook.com,Pharmacist,Corporate,Visakhapatnam,Andhra Pradesh,India,2024-04-17,Active
CUST003396,Suresh Iyer,Male,1962-10-08,9962283332,suresh.iyer194@yahoo.com,Consultant,Retail,Surat,Gujarat,India,2022-09-26,Active
CUST003397,Vinod Salunkhe,Male,1978-05-02,9286171024,VINOD.SALUNKHE36@OUTLOOK.COM,Software Engineer,Premium,Ahmedabad,Gujarat,India,2020-05-20,Active
CUST003398,Suresh Ghosh,Male,1976-08-24,9381552034,suresh.ghosh419@outlook.com,Retired,Senior Citizen,Amritsar,Punjab,India,2014-02-15,Active
CUST003399,Kabir Kumar,Male,1951-01-15,9613210833,kabir.kumar706@yahoo.com,Software Engineer,Retail,Ahmedabad,Gujarat,India,2018-08-08,Active
CUST003400,Vishal Kulkarni ,Male,2003-02-21,9691847524,vishal.kulkarni242@yahoo.com,Police Officer,Premium,Kochi,Kerala,India,2021-03-14,Active
CUST003401,Anita Mehta,Female,1962-07-19,9113633155,anita.mehta274@yahoo.com,,Retail,Visakhapatnam,Andhra Pradesh,India,2012-05-23,Active
CUST003402,Anil Bhosale,Male,1954-03-30,942 295 2617,anil.bhosale676@yahoo.com,Business Owner,Retail,Lucknow,Uttar Pradesh,India,2020-03-30,Active
CUST003403,Neha Prabhu,Female,1979-06-16,+919264778306,neha.prabhu946@gmail.com,Shop Owner,Student,Kochi,Kerala,India,2012-05-21,Active
CUST003404,Payal Jadhav,Female,2004-03-27,9739244474,payal.jadhav517@yahoo.com,Architect,Retail,Howrah,West Bengal,India,25/03/2022,Inactive
CUST003405,Harsh Deshmukh,Male,1948-02-20,9978021094,harsh.deshmukh558@gmail.com,Teacher,Senior Citizen,Panaji,Goa,India,08/22/2013,Active
CUST003406,Manoj Jadhav,Male,1977-07-28,991 294 9463,MANOJ.JADHAV826@YAHOO.COM,Civil Engineer,Corporate,Belagavi,Karnataka,India,12/23/2013,Active
CUST003407,Vikram Kulkarni,Male,2003-03-07,9947039168,vikram.kulkarni66@yahoo.com,Software Engineer,Corporate,Hyderabad,Telangana,India,2021-03-22,Active
CUST003408,Sneha Kulkarni,Female,02/07/2002,9545626769,sneha.kulkarni980@gmail.com,Software Engineer,Retail,Shimla,Himachal Pradesh,India,2025-11-12,Active
CUST003409,Umesh Sen,Male,1958-05-08,93325-93029,umesh.sen475@yahoo.com,Pharmacist,Retail,Udaipur,Rajasthan,India,2023.06.21,active
CUST003410,Priya Pawar,,1985-08-23,9902051896,priya.pawar378@outlook.com,Nurse,Retail,Hubballi,Karnataka,India,2018-11-22,Active
CUST003411,Saanvi Raghunathan,Female,1998-08-24,9523458345,,Journalist,Retail,Surat,Gujarat,India,2016-09-23,Active
CUST003412,Ira Jadhav,Female,1988-09-04,9718601520,ira.jadhav911@outlook.com,Student,Corporate,Madurai,Tamil Nadu,India,2013-12-22,Active
CUST003413,Preeti Mehta,Other,1987-10-25,9649056866,preeti.mehta936@outlook.com,Shop Owner,Retail,Kanpur,Uttar Pradesh,India,2025-09-29,Dormant
CUST003414,Priya Pawar,Female,1994-10-30,9368871449,priya.pawar776@outlook.com,Marketing Manager,Retail,Coimbatore,Tamil Nadu,India,2023-05-24,Inactive
CUST003415,Neha Bhosale,Female,1975-06-17,9850556694,neha.bhosale483@rediffmail.com,Sales Executive,Student,Ahmedabad,Gujarat,India,2022-09-07,Active
CUST003416,Usha Joshi,Female,1952-01-25,9576293156,usha.joshi149@rediffmail.com,Government Employee,Retail,Visakhapatnam,Andhra Pradesh,India,2018-04-24,Active
CUST003417,Ritu Agarwal,Female,1986-09-28,9616542570,ritu.agarwal190@gmail.com,Data Analyst,Corporate,Belagavi,Karnataka,India,2011-06-05,Active
CUST003418,Komal Prabhu,Female,1986-01-12,9162628005,komal.prabhu835@yahoo.com,Retired,Retail,Bhubaneswar,Odisha,India,2020-12-01,Active
CUST003419,Shweta Nair,Female,1999-08-02,9756986076,SHWETA.NAIR125@REDIFFMAIL.COM,Software Engineer,Retail,Belagavi,Karnataka,India,2018-07-29,ACTIVE
CUST003420,Sanjay Reddy,Male,2003-12-22,9918830411,sanjay.reddy481@rediffmail.com,Lawyer,Retail,Jaipur,Rajasthan,India,2022-01-05,Active
CUST003421,Ritu Shah,Female,1968-06-17,9972468482,RITU.SHAH407@OUTLOOK.COM,Professor,Retail,Bhopal,Madhya Pradesh,India,24/11/2015,Inactive
CUST003422,Geeta Deshmukh,Female,2005-12-04,9603982069,,Driver,Premium,Raipur,Chhattisgarh,India,2023-12-09,Active
CUST003423,Meera Rao,Female,1948-08-06,9997758412,meera.rao343@gmail.com,Bank Employee,Retail,Madurai,Tamil Nadu,India,2024-07-17,Active
CUST003424,Vishal Yadav,Male,2006-08-31,9818498866,vishal.yadav702@yahoo.com,Government Employee,Retail,Nagpur,Maharashtra,India,2024-09-05,Active
CUST003425,Manisha Gupta,Female,1956-04-26,9554339585,manisha.gupta508@outlook.com,Farmer,Corporate,Bhubaneswar,Odisha,India,2023-08-20,Active
CUST003426, Shreya Menon,Female,1987-02-15,9820346334,shreya.menon885@outlook.com,Police Officer,Retail,Panaji,Goa,India,2026-02-12,Active
CUST003427,Pallavi Sharma,Female,1989-05-23,9240951266,pallavi.sharma187@outlook.com,Lawyer,Retail,Varanasi,Uttar Pradesh,India,2011-09-18,Active
CUST003428,Suresh Reddy,Male,1986-05-14,9708161115,suresh.reddy760@gmail.com,Nurse,Retail,Nagpur,Maharashtra,India,2020-09-08,Active
CUST003429,Sangeeta Agarwal,Female,2008-01-13,9657603281,sangeeta.agarwal721@rediffmail.com,Teacher,Senior Citizen,Lucknow,Uttar Pradesh,India,2026-01-31,Active
CUST003430,Aditi Shah ,Female,1981-06-20,9543876398,aditi.shah823@gmail.com,Professor,Senior Citizen,Ahmedabad,Gujarat,India,2023-11-30,Active
CUST003431,Sushma Kamath,Female,1955-12-18,9679468147,sushma.kamath490@yahoo.com,Sales Executive,Retail,Jaipur,Rajasthan,India,11/18/2018,Active
CUST003432,Bhavna Sen,Female,1984-10-21,9614930402,bhavna.sen321@outlook.com,Data Analyst,Retail,Nagpur,Maharashtra,India,05/03/2011,Active
CUST003433,Vandana Krishnan,Female,1889-06-01,9441126650,VANDANA.KRISHNAN517@YAHOO.COM,Data Analyst,Student,Warangal,Telangana,India,2023-01-01,Active
CUST003434,Anjali Venkatesh,Female,1985-01-30,94798-43964,anjali.venkatesh972@gmail.com,Architect,Senior Citizen, Shimla ,Himachal Pradesh,India,2022.11.22,Active
CUST003435,Vivaan Kumar,Male,1971-01-22,9611468371,vivaan.kumar195@outlook.com,Driver,Retail,Pune,Maharashtra,India,2025-05-15,Active
CUST003436,Pooja Naidu,Female,1950-07-27,9623404215,pooja.naidu661@gmail.com,Accountant,Premium,Visakhapatnam,Andhra Pradesh,India,2018-07-15,Active
CUST003437,Vivaan Mukherjee,,1986-08-15,9382200108,vivaan.mukherjee224@rediffmail.com,Civil Engineer,Retail,Lucknow,Uttar Pradesh,India,2025-06-30,Active
CUST003438,Kavya Mukherjee,Female,1953-05-20,+919580636272,kavya.mukherjee773@rediffmail.com,Civil Engineer,Retail,Chandigarh,Chandigarh,India,2021-05-03,Active
CUST003439,Swati Chowdhury,Female,1967-11-12,9358804051,swati.chowdhury423@yahoo.com,Government Employee,Premium,Vijayawada,Andhra Pradesh,India,2019-03-04,active
CUST003440,Umesh Gupta,Male,1985-07-11,+919950223365,umesh.gupta858@yahoo.com,Farmer,Premium,Chennai,Tamil Nadu,India,2016-07-25,Active
CUST003441,Anil Subramaniam,Male,2001-05-20,9581124762,anil.subramaniam164@rediffmail.com,Sales Executive,Retail,Shimla,Himachal Pradesh,India,2019-06-09,Active
CUST003442,Nikhil Chowdhury ,Male,1967-01-13,9853840388,nikhil.chowdhury124@gmail.com,Civil Engineer,Corporate,Hyderabad,Telangana,India,2020-08-24,Dormant
CUST003443,Radha Subramaniam,Female,1966-01-30,9441539268,radha.subramaniam949@yahoo.com,Shop Owner,Retail,Kolkata,West Bengal,India,2022-06-28,Active
CUST003444,Sarita Jadhav,Female,1966-04-05,9454320208,sarita.jadhav336@gmail.com,Teacher,Corporate,Vadodara,Gujarat,India,2011-07-22,Active
CUST003445,Basavaraj Subramaniam,Male,1982-11-04,9359629362,basavaraj.subramaniam85@gmail.com,Student,Retail,Kochi,Kerala,India,2017-05-26,Active
CUST003446,Neha Verma,Female,1959-09-20,9613779886,neha.verma835@rediffmail.com,Data Analyst,Student,Warangal,Telangana,India,2011-09-16,Active
CUST003447,Yash Reddy,Male,1979-12-08,9853265983,yash.reddy414@gmail.com,Farmer,Retail,Guwahati,Assam,India,2017.03.01,Active
CUST003448,Nisha Hegde,Female,1996-07-13,9559646364,nisha.hegde921@rediffmail.com,Electrician,Retail,Mumbai,Maharashtra,India,31-05-2023,Active
CUST003449,Abhishek Dutta,Male,1952-11-21,9838937798,abhishek.dutta437@rediffmail.com,Pharmacist,Retail,Bhopal,Madhya Pradesh,India,2021-09-25,Dormant
CUST003450,Gaurav Nair,Male,2006-06-03,915 225 8992,gaurav.nair755@outlook.com,Lawyer,Retail,Bhopal,Madhya Pradesh,India,2024-06-22,Active
CUST003451,Ishaan Sen,Male,1980-03-20,9741335045,ishaan.sen578@outlook.com,Doctor,Retail,Kanpur,Uttar Pradesh,India,2022-02-20,Active
CUST003452,Shalini Pawar,Female,1986.01.12,9445133396,shalini.pawar482@gmail.com,Journalist,Premium,Kochi,Kerala,India,2011-03-21,Active
CUST003453,Arjun Iyer,Male,1985-05-25,9758143547,arjun.iyer486@gmail.com,Doctor,Retail,Ranchi,Jharkhand,India,2011-03-12,ACTIVE
CUST003454,Saanvi Hegde,Female,2005-04-11,9632717775,saanvi.hegde251@yahoo.com,Teacher,Corporate, Visakhapatnam ,Andhra Pradesh,India,03/06/2025,Active
CUST003455,Naveen Verma,Male,1988-04-07,9602056428,naveen.verma736@rediffmail.com,Bank Employee,Retail,Chennai,Tamil Nadu,India,2011-07-05,Active
CUST003456,Vivaan Nair,Male,2001-07-19,9911415668,vivaan.nair524@yahoo.com,HR Manager,Retail,Udaipur,Rajasthan,India,2019-08-05,Active
CUST003457,Harsh Kamath,Male,1965-04-28,9710717022,harsh.kamath2@gmail.com,Homemaker,Retail,Varanasi,Uttar Pradesh,India,2013-01-18,Active
CUST003458,Reyansh Reddy,Male,1961-03-15,998 552 9949,reyansh.reddy397@rediffmail.com,Bank Employee,Retail,Kolkata,West Bengal,India,2020-01-19,Active
CUST003459,Ananya Iyer,Female,12/28/1986,9831621518,ananya.iyer406@outlook.com,Doctor,Retail,Raipur,Chhattisgarh,India,2019-02-11,Active
CUST003460,Dhruv Chatterjee,Male,1957-04-20,9902127815,dhruv.chatterjee884@outlook.com,Chef,Retail,Lucknow,Uttar Pradesh,India,2024-01-13,Active
CUST003461,Ganesh Desai,Other,1954-09-25,9935076755,ganesh.desai427@yahoo.com,Software Engineer,Retail,Chandigarh,Chandigarh,India,2026-05-03,Active
CUST003462,Harsh Shetty,Male,1960-10-25,9585195576,harsh.shetty567@rediffmail.com,Journalist,Retail,Delhi,Delhi,India,2022-08-04,Active
CUST003463,Siddharth Sharma,Male,1964-05-31,9538752410,siddharth.sharma83@outlook.com,Driver,Retail,Surat,Gujarat,India,2018-04-02,Active
CUST003464,Vinod Jadhav,Male,1953-10-29,9625333589,vinod.jadhav392@yahoo.com,Farmer,Retail,Thiruvananthapuram,Kerala,India,2011-09-22,Dormant
CUST003465,Yash Bhat ,Male,1992-02-23,9922817157,yash.bhat284@gmail.com,Architect,Retail,Vadodara,Gujarat,India,2025-05-01,Active
CUST003466,Shweta Ghosh,Female,1983-04-24,9880083546,shweta.ghosh498@rediffmail.com,Lawyer,Retail,Bhubaneswar,Odisha,India,2019-09-19,Active
CUST003467,Radha Mukherjee,Female,1960-02-19,+919941524121,radha.mukherjee897@gmail.com,Business Owner,Senior Citizen,Mysuru,Karnataka,India,2014-05-19,ACTIVE
CUST003468,Aditya Bhat,Male,1965.02.14,96612-10391,ADITYA.BHAT932@YAHOO.COM,Marketing Manager,Retail,Hubballi,Karnataka,India,2019-06-02,Active
CUST003469,Rashmi Nair,Female,2004-04-30,9333132869,rashmi.nair287@rediffmail.com,Homemaker,Senior Citizen,Kolkata,West Bengal,India,2022-04-30,Active
CUST003470,Payal Chowdhury,Female,2003-04-23,9235649012,payal.chowdhury613@yahoo.com,Driver,Retail, Warangal ,Telangana,India,2021-05-16,Active
CUST003471,Deepika Krishnan,Female,18/06/1955,9907896614,deepika.krishnan953@rediffmail.com,Homemaker,Student,Amritsar,Punjab,India,01/16/2018,Inactive
CUST003472,Vandana Pillai,Female,1985-02-28,9237076906,vandana.pillai229@yahoo.com,Tailor,Retail,Dehradun,Uttarakhand,India,2022-09-16,Inactive
CUST003473,Priya Agarwal,Female,29-07-1967,91633-64150,priya.agarwal438@outlook.com,Accountant,Retail,Jaipur,Rajasthan,India,2013-07-18,Active
CUST003474,Shalini Subramaniam,Female,1969-10-14,9525075256,shalini.subramaniam500@outlook.com,HR Manager,Retail,Lucknow,Uttar Pradesh,India,23/12/2025,Active
CUST003475,Sushma Bose,Female,1984-05-03,09768890751,sushma.bose4@yahoo.com,Government Employee,Senior Citizen,Hyderabad,Telangana,India,21-12-2011,Active
CUST003476,Shivraj Rao,Male,2007-08-27,9762022455,shivraj.rao465@rediffmail.com,Software Engineer,Retail,Kanpur,Uttar Pradesh,India,2025-08-30,active
CUST003477,Divya Menon,Female,1983-04-22,9328730784,divya.menon122@yahoo.com,Architect,Premium,Patna,Bihar,India,2021-07-04,Active
CUST003478,Rohan Naik,Male,2005-09-30,9551254787,rohan.naik310@yahoo.com,Sales Executive,Retail,Patna,Bihar,India,2023-09-27,ACTIVE
CUST003479,Usha Kulkarni,Female,1997-09-12,9904974436,usha.kulkarni116@outlook.com,Tailor,Retail,Raipur,Chhattisgarh,India,2023-01-31,Active
CUST003480,Usha Nair,Female,1995-03-04,9819864839,usha.nair735@rediffmail.com,Architect,Premium,Chandigarh,Chandigarh,India,2022-06-01,Active
CUST003481,Reyansh Shah,Male,17-11-1995,992 507 0533,reyansh.shah834@rediffmail.com,Chartered Accountant,Retail,Kolkata,West Bengal,India,2017-09-05,Inactive
CUST003482,Myra Roy,Female,1995-12-18,9182033209,MYRA.ROY268@YAHOO.COM,Chef,Premium, Nagpur ,Maharashtra,India,2018-01-22,Active
CUST003483,Kavya Raghunathan,Female,1963-06-20,9283247309,kavya.raghunathan41@gmail.com,Architect,Premium,Indore,Madhya Pradesh,India,2026-07-15,Active
CUST003484,Chetan Dutta,Male,2007-03-17,9252141080,chetan.dutta492@yahoo.com,Farmer,Retail,Amritsar,Punjab,India,2025-04-02,Active
CUST003485,Deepika Chatterjee,Female,2003-08-20,9735251076,deepika.chatterjee115@yahoo.com,Chef,Retail,Varanasi,Uttar Pradesh,India,2021-08-21,Active
CUST003486,Snehal Mehta,Female,1984-05-17,9922357316,snehal.mehta441@yahoo.com,Electrician,Retail,Visakhapatnam,Andhra Pradesh,India,2013-03-11,Active
CUST003487,Manisha Bhat,Female,1991-01-31,9981841483,manisha.bhat543@yahoo.com,Electrician,Premium,Warangal,Telangana,India,2020-02-29,Active
CUST003488,Ishaan Kamath,Male,2001-04-25,9938257203,ishaan.kamath466@gmail.com,Data Analyst,Retail,Nagpur,Maharashtra,India,2019-05-07,Active
CUST003489,Anil Verma ,Male,1957-03-31,9881656970,anil.verma521@outlook.com,Sales Executive,Premium,Thiruvananthapuram,Kerala,India,2014-11-30,Active
CUST003490,Kiran Deshmukh,Female,1951-12-05,9199685763,kiran.deshmukh566@rediffmail.com,Consultant,Retail,Bengaluru,Karnataka,India,2021-11-04,Blocked
CUST003491,Ramesh Verma,Male,27-04-2008,9262702655,ramesh.verma164@yahoo.com,Chef,Senior Citizen,Belagavi,Karnataka,India,2026-05-19,Active
CUST003492,Ashok Chatterjee,Male,1981-07-26,9622455241,ashok.chatterjee682@gmail.com,Teacher,Retail,Patna,Bihar,India,2026-06-15,Active
CUST003493,Aditya Bose,Male,1991-09-30,09862393548,aditya.bose668@yahoo.com,HR Manager,Retail,Vadodara,Gujarat,India,2025-08-05,Active
CUST003494,Sai More,Male,1978-06-11,9528717011,sai.more143@yahoo.com,Sales Executive,Corporate,Kochi,Kerala,India,2012-06-21,Active
CUST003495,Preeti Venkatesh,Female,1979-05-06,9884232275,preeti.venkatesh433@outlook.com,Consultant,Premium,Ranchi,Jharkhand,India,2024-09-22,Active
CUST003496,Geeta Bhosale,Female,1950-04-14,9490017046,geeta.bhosale288@yahoo.com,Journalist,Retail,Ahmedabad,Gujarat,India,2024-06-06,Active
CUST003497,Priya Yadav,Female,1965.07.14,9601276898,priya.yadav397@yahoo.com,Retired,Retail,Kochi,Kerala,India,2012-08-25,Active
CUST003498,Anika Kamath,Female,1953-04-08,9764262976,anika.kamath772@outlook.com,Marketing Manager,Retail,Kanpur,Uttar Pradesh,India,2016-12-26,Active
CUST003499,Rajesh Hegde,Male,1974-03-10,9974721836,rajesh.hegde596@gmail.com,Tailor,Retail,Chandigarh,Chandigarh,India,2025-09-27,Dormant
CUST003500,Mahesh Singh,Male,1949-04-28,943 683 7204,mahesh.singh906@rediffmail.com,Retired,Retail,Patna,Bihar,India,2011-04-06,Active
CUST003501,Vinod Dutta,Male,1996-08-15,9568871791,vinod.dutta568@yahoo.com,,Retail,Ahmedabad,Gujarat,India,2014-09-05,Active
CUST003502,Yash Chowdhury,Male,1965-10-23,9391978245,yash.chowdhury45@rediffmail.com,Doctor,Retail,Lucknow,Uttar Pradesh,India,2018.12.04,Active
CUST003503,Ayaan Menon,Male,1992-11-25,9136996894,ayaan.menon710@gmail.com,Architect,Retail,Chandigarh,Chandigarh,India,2025-10-22,Active
CUST003504,Umesh Iyer,Male,1951-03-30,9885762836,umesh.iyer74@yahoo.com,Data Analyst,Retail,Mysuru,Karnataka,India,2015-05-02,Active
CUST003505,Ganesh Shah,Male,1950-01-07,9799306209,ganesh.shah342@yahoo.com,Marketing Manager,Retail,Chennai,Tamil Nadu,India,2023-01-03,Active
CUST003506,Umesh Jadhav,Male,1973-08-20,9836821907,umesh.jadhav932@yahoo.com,Farmer,Retail,Belagavi,Karnataka,India,2021-10-10,Active
CUST003507,Tanvi Verma,Female,1995-09-28,9986441636,tanvi.verma988@gmail.com,Tailor,Retail,Delhi,Delhi,India,2013-10-10,Active
CUST003508,Suman Iyer,Female,1997-03-28,9493146032,suman.iyer148@gmail.com,Farmer,Retail,Vadodara,Gujarat,India,2015-06-22,Blocked
CUST003509,Rekha Kale,Female,1980-12-29,9194831719,rekha.kale984@rediffmail.com,Doctor,Corporate,Vijayawada,Andhra Pradesh,India,09/11/2020,Active
CUST003510,Priya Singh,Female,1985-03-09,9536789286,priya.singh978@rediffmail.com,Sales Executive,Retail,Visakhapatnam,Andhra Pradesh,India,2018-06-26,Dormant
CUST003511,Myra Reddy,Female,1989-09-22,9496483476,myra.reddy877@yahoo.com,Accountant,Senior Citizen,Bhubaneswar,Odisha,India,2014-09-08,Active
CUST003512,Vishal Verma,Male,1988-10-26,9286733726,vishal.verma827@gmail.com,Student,Student, Varanasi ,Uttar Pradesh,India,12/02/2014,Active
CUST003513,Riya Naik,Female,1992-11-26,9627984888,riya.naik75@yahoo.com,Electrician,Retail,Chennai,Tamil Nadu,India,2019-08-29,INACTIVE
CUST003514,Aditya Naidu,Male,1949-11-28,9472700732,ADITYA.NAIDU121@REDIFFMAIL.COM,Journalist,Premium,Howrah,West Bengal,India,2023-11-13,Active
CUST003515,Prakash Bose,Male,1973-12-24,9893317234,prakash.bose613@rediffmail.com,Farmer,Retail,Bhubaneswar,Odisha,India,2017-06-01,Active
CUST003516,Suresh Jadhav,Male,1998-11-11,9142934716,suresh.jadhav103@rediffmail.com,Nurse,Premium,Visakhapatnam,Andhra Pradesh,India,2025-05-18,Active
CUST003517,Ramesh Shah,Male,1974-08-23,9744300985,ramesh.shah251@rediffmail.com,Civil Engineer,Retail,Raipur,Chhattisgarh,India,2021-05-14,active
CUST003518,Rahul Kamath,Male,1956-11-08,9641743936,rahul.kamath976@outlook.com,Civil Engineer,Premium,Ahmedabad,Gujarat,India,2017-04-07,Active
CUST003519,Anika Bhat,Female,1988-04-21,9417184842,anika.bhat909@outlook.com,Architect,Retail,Udaipur,Rajasthan,India,12/25/2021,Active
CUST003520,Vandana More,Female,1966-05-03,9873450264,vandana.more255@rediffmail.com,Journalist,Senior Citizen,Lucknow,Uttar Pradesh,India,2017-12-22,Active
CUST003521,Aditi Jadhav,Female,12/24/1978,9427679949,aditi.jadhav538@outlook.com,Police Officer,Retail,Nagpur,Maharashtra,India,2022-10-04,Active
CUST003522, Ira More,Female,1979-04-23,9697818958,ira.more538@yahoo.com,Retired,Premium,Bengaluru,Karnataka,India,2026-04-08,Active
CUST003523,Divya Kulkarni ,Female,1990-03-09,9561278854,divya.kulkarni263@outlook.com,HR Manager,Student,Pune,Maharashtra,India,2023-03-30,Active
CUST003524,Sunil Singh,Male,2004-05-04,9905641223,sunil.singh236@yahoo.com,Consultant,Corporate, Ranchi ,Jharkhand,India,2022-05-23,Active
CUST003525,Jyoti Kamath,Female,1990-01-08,9694514978,jyoti.kamath437@outlook.com,Driver,Retail,Chennai,Tamil Nadu,India,2012-02-11,Active
CUST003526,Anita Patil,Female,2008-06-21,9850936486,ANITA.PATIL600@YAHOO.COM,Consultant,Retail,Patna,Bihar,India,2026-06-17,Active
CUST003527,Ramesh Mehta,Male,1949.02.23,9913239215,ramesh.mehta803@yahoo.com,Police Officer,Premium, Ahmedabad ,Gujarat,India,2024-03-01,Active
CUST003528,Ishaan Jadhav,Male,1995-06-01,9216336233,ishaan.jadhav839@gmail.com,Software Engineer,Retail,Guwahati,Assam,India,2019-10-25,Active
CUST003529,Riya Krishnan ,Female,1973-04-08,9850360753,riya.krishnan21@rediffmail.com,Accountant,Retail,Bengaluru,Karnataka,India,2014-10-22,Active
CUST003530,Radha Kale ,Female,1992-03-08,9964423572,radha.kale656@outlook.com,Driver,Premium,Kolkata,West Bengal,India,2024-09-07,Active
CUST003531,Karan Roy,Male,03/01/1953,9132584328,karan.roy615@gmail.com,Student,Senior Citizen,Chennai,Tamil Nadu,India,2017-12-19,Active
CUST003532,Anita Shetty,Female,1979-12-20,9329373908,anita.shetty47@yahoo.com,Farmer,Retail,Vadodara,Gujarat,India,2015-07-18,Active
CUST003533,Ayaan Mehta,Male,10/24/1949,9984297250,AYAAN.MEHTA833@YAHOO.COM,Retired,Retail,Varanasi,Uttar Pradesh,India,2016-09-09,Active
CUST003534,Mallikarjun Menon,Male,1988-04-29,9416766495,mallikarjun.menon594@rediffmail.com,Software Engineer,Premium,Hubballi,Karnataka,India,2015.08.08,Active
CUST003535,Abhishek More,Male,1961-02-12,9268306424,abhishek.more718@rediffmail.com,Bank Employee,Retail,Bhopal,Madhya Pradesh,India,2015-05-22,Active
CUST003536,Nikhil Reddy,Male,1956-09-30,9186057019,nikhil.reddy660@rediffmail.com,Electrician,Senior Citizen,Raipur,Chhattisgarh,India,2016-01-24,Active
CUST003537,Aditi Das,Female,1952-10-15,9813986240,aditi.das334@yahoo.com,Teacher,Premium,Pune,Maharashtra,India,2021-06-22,Active
CUST003538,Nikhil Reddy,Male,1964-04-22,9152917199,nikhil.reddy201@gmail.com,Homemaker,Retail,Belagavi,Karnataka,India,2011-04-05,Active
CUST003539,Jyoti Sharma,Female,2006-02-22,9374402440,jyoti.sharma378@outlook.com,Consultant,Premium,Raipur,Chhattisgarh,India,2024-03-06,Dormant
CUST003540,Vihaan Jadhav,Male,2007-08-27,9598953459,VIHAAN.JADHAV761@GMAIL.COM,Consultant,Corporate,Thiruvananthapuram,Kerala,India,2025-09-16,Active
CUST003541,Sangeeta More,Female,1952-11-13,9140324772,sangeeta.more636@outlook.com,Shop Owner,Retail,Visakhapatnam,Andhra Pradesh,India,2021-01-26,Active
CUST003542,Nisha Gupta,Female,2007-05-07,+919994636381,nisha.gupta626@yahoo.com,Civil Engineer,Retail,Patna,Bihar,India,2026-06-15,Active
CUST003543,Kavya Verma,Female,08/07/1983,,kavya.verma131@yahoo.com,Homemaker,Premium,Patna,Bihar,India,2023-03-29,Active
CUST003544,Shreya Kale,Female,1967-07-26,9373181787,shreya.kale10@gmail.com,Homemaker,Retail, Hubballi ,Karnataka,India,2014-11-13,Active
CUST003545,Deepika Desai,Female,2005-02-01,9882811445,deepika.desai667@rediffmail.com,Government Employee,Senior Citizen,Lucknow,Uttar Pradesh,India,2023-02-22,Active
CUST003546,Karan Kumar,Male,1962-08-08,9337759327,karan.kumar949@outlook.com,Civil Engineer,Retail,Howrah,West Bengal,India,2011-04-24,Active
CUST003547,Sangeeta Chatterjee,Female,1959-01-03,9874447466,sangeeta.chatterjee358@yahoo.com,Farmer,Retail,Ludhiana,Punjab,India,2017-06-01,Active
CUST003548,Bhavna Naik,Female,1961-11-26,9777620134,bhavna.naik445@outlook.com,Software Engineer,Senior Citizen,Pune,Maharashtra,India,2015-04-30,Blocked
CUST003549,Raghavendra Kotian,Male,1956-10-29,9488818267,raghavendra.kotian956@rediffmail.com,Tailor,Retail,Mumbai,Maharashtra,India,2018-10-18,Dormant
CUST003550,Vivaan Patil,Male,1977-05-17,9982676290,vivaan.patil232@outlook.com,Farmer,Retail,Varanasi,Uttar Pradesh,India,2017-05-06,Active
CUST003551,Ayaan Nair,Male,1956-07-07,9986359322,ayaan.nair521@rediffmail.com,Accountant,Retail,Raipur,Chhattisgarh,India,2021-08-10,Inactive
CUST003552,Mallikarjun Shetty,Male,1961-07-22,9553889786,MALLIKARJUN.SHETTY87@YAHOO.COM,Lawyer,Student,Shimla,Himachal Pradesh,India,2019-07-06,Active
CUST003553,Anil Chavan,Male,1970-07-01,9697280599,anil.chavan264@yahoo.com,Tailor,Student,Chandigarh,Chandigarh,India,2025-08-03,Active
CUST003554,Vivaan Singh,Male,1987-04-15,9160388661,vivaan.singh374@rediffmail.com,Police Officer,Retail,Vadodara,Gujarat,India,2012-01-25,Active
CUST003555,Bhavna Singh,Female,1999-12-25,09485752870,,Data Analyst,Premium,Madurai,Tamil Nadu,India,2025-09-04,Active
CUST003556,Ramesh Bhosale,Male,13-07-1952,9722067515,ramesh.bhosale308@outlook.com,Farmer,Premium,Shimla,Himachal Pradesh,India,2023-04-13,Active
CUST003557,Preeti Mehta,Female,1986-03-18,09441098278,preeti.mehta460@outlook.com,Retired,Retail,Delhi,Delhi,India,2022-01-28,Active
CUST003558,Pradeep Iyer,Male,1954-04-13,9739539543,pradeep.iyer298@rediffmail.com,Pharmacist,Retail,Mysuru,Karnataka,India,2023-10-29,Active
CUST003559,Rashmi Chavan,Female,2008-01-09,9274787412,rashmi.chavan141@outlook.com,Architect,Senior Citizen,Lucknow,Uttar Pradesh,India,2026-01-27,Active
CUST003560,Vikram Reddy,Male,1964-10-11,9231669132,vikram.reddy792@rediffmail.com,Bank Employee,Retail,Ahmedabad,Gujarat,India,2014-04-24,Active
CUST003561, Nikhil Rao,Male,1999-11-29,9274177179,nikhil.rao672@gmail.com,Professor,Retail,Udaipur,Rajasthan,India,2017-11-25,Active
CUST003562,Siddharth Naik,Male,1995-02-06,94322-98842,SIDDHARTH.NAIK645@OUTLOOK.COM,Accountant,Retail,Visakhapatnam,Andhra Pradesh,India,05/29/2023,Active
CUST003563,Manisha Rao,Female,1967-08-26,9567956893,manisha.rao582@yahoo.com,Journalist,Retail,Madurai,Tamil Nadu,India,2016-07-05,Active
CUST003564,Manoj Reddy,Male,1967-08-02,9144929425,manoj.reddy133@gmail.com,Driver,Retail,Panaji,Goa,India,2016-08-13,Active
CUST003565,Usha Dutta,Female,1967-03-18,09478373315,usha.dutta515@yahoo.com,Data Analyst,Retail,Chennai,Tamil Nadu,India,2020-06-27,Active
CUST003566,Prasad Rao,Male,1976-07-10,+919918579345,prasad.rao707@rediffmail.com,Sales Executive,Retail,Warangal,Telangana,India,2017-07-29,Active
CUST003567,Suman Hegde,Female,1974-10-12,9932400858,suman.hegde494@rediffmail.com,Data Analyst,Student, Mumbai ,Maharashtra,India,2020-11-25,Active
CUST003568,Aryan Krishnan,Male,1987-10-12,9370222610,aryan.krishnan723@yahoo.com,Journalist,Retail,Indore,Madhya Pradesh,India,2025-07-20,Active
CUST003569,Snehal Roy,Female,1976-02-17,+919892841695,snehal.roy329@gmail.com,Driver,Retail,Dehradun,Uttarakhand,India,2016-02-28,Active
CUST003570,Dhruv Reddy,Male,1995-10-09,9300756821,dhruv.reddy514@yahoo.com,Government Employee,Retail, Panaji ,Goa,India,2024-11-09,Active
CUST003571,Ayaan Das,Male,1976-04-04,9412190277,AYAAN.DAS380@YAHOO.COM,Doctor,Retail,Hubballi,Karnataka,India,2019-04-10,Active
CUST003572,Abhishek Subramaniam,Male,1966-08-09,9946821562,abhishek.subramaniam994@yahoo.com,Journalist,Premium,Bhubaneswar,Odisha,India,2016-10-29,Active
CUST003573,Anil Sharma,Male,1967-10-17,9191445634,anil.sharma179@rediffmail.com,Tailor,Retail, Mysuru ,Karnataka,India,2025-04-13,Active
CUST003574, Vikram Das,Male,1992-04-13,9444094138,vikram.das283@yahoo.com,Homemaker,Premium,Thiruvananthapuram,Kerala,India,2018-08-02,Dormant
CUST003575,Prakash Joshi,Other,1956-07-07,9824514279,prakash.joshi680@gmail.com,Software Engineer,Retail,Patna,Bihar,India,2012-12-25,Active
CUST003576,Gaurav Kamath,Male,1965-05-01,9946503148,gaurav.kamath59@gmail.com,Professor,Corporate,Hubballi,Karnataka,India,06/15/2015,Active
CUST003577,Sanjay Venkatesh,Male,1966-11-19,9953668788,sanjay.venkatesh512@outlook.com,Driver,Corporate,Bengaluru,Karnataka,India,2024-02-20,Active
CUST003578,Ira Salunkhe ,Female,1987-01-16,9892210928,IRA.SALUNKHE29@GMAIL.COM,Bank Employee,Retail,Nagpur,Maharashtra,India,2019-01-04,Active
CUST003579,Ishaan Roy,Male,1955-10-27,9968007760,ishaan.roy527@gmail.com,Sales Executive,Premium,Patna,Bihar,India,2019-09-14,Active
CUST003580,Anil Gupta,Male,1975-04-26,9523418049,anil.gupta320@rediffmail.com,Chef,Premium,Kochi,Kerala,India,2021-08-05,Dormant
CUST003581,Tanvi Kotian,Female,1988-11-14,09446465495,tanvi.kotian190@gmail.com,Chartered Accountant,Senior Citizen,Bengaluru,Karnataka,India,2014-01-08,Active
CUST003582,Saanvi Prabhu,Female,2004.02.20,9223946157,saanvi.prabhu497@outlook.com,Student,Student,Lucknow,Uttar Pradesh,India,2022-02-16,Active
CUST003583,Sunita Mehta,Female,1974-07-07,9976304156,sunita.mehta331@gmail.com,HR Manager,Premium,Guwahati,Assam,India,2017-11-04,Active
CUST003584,Suresh Nair,Male,2007-07-01,9271554824,suresh.nair79@rediffmail.com,Police Officer,Retail,Coimbatore,Tamil Nadu,India,2025-07-25,Inactive
CUST003585,Sunita Iyer,Female,1984-10-24,9654678771,sunita.iyer532@outlook.com,Retired,Retail,Kochi,Kerala,India,2012-12-22,Active
CUST003586,Rajesh Chowdhury,Male,1994-11-24,9309198863,RAJESH.CHOWDHURY565@REDIFFMAIL.COM,Lawyer,Corporate,Hyderabad,Telangana,India,2022-03-03,Active
CUST003587,Pradeep Bose,Other,1962-09-19,9697637665,pradeep.bose661@outlook.com,Doctor,Senior Citizen,Madurai,Tamil Nadu,India,2026-03-19,Active
CUST003588,Sangeeta Jadhav,Female,2003-06-18,9523318503,sangeeta.jadhav900@yahoo.com,,Retail,Ahmedabad,Gujarat,India,2021-06-21,Active
CUST003589,Myra Dutta,Female,1963-09-13,9194593571,myra.dutta702@rediffmail.com,Bank Employee,Retail,Howrah,West Bengal,India,2013-01-25,Active
CUST003590,Ganesh Bhat,Male,1956-04-08,9434902093,ganesh.bhat796@rediffmail.com,Chartered Accountant,Retail,Udaipur,Rajasthan,India,2024-07-02,Dormant
CUST003591,Prasad Kulkarni ,Male,1952-10-14,9757650009,prasad.kulkarni647@gmail.com,Doctor,Retail,Chennai,Tamil Nadu,India,2012-09-07,Active
CUST003592,Rekha Bhat,Female,1987-08-25,9820345891,rekha.bhat672@outlook.com,Accountant,Retail,Ahmedabad,Gujarat,India,2022-07-22,Active
CUST003593,Anjali Rao,Female,1986-01-24,+919360600698,ANJALI.RAO792@OUTLOOK.COM,Tailor,Retail,Kochi,Kerala,India,2023-05-22,Active
CUST003594,Myra Joshi,Female,1960-01-07,9367008363,myra.joshi661@yahoo.com,Marketing Manager,Premium,Ahmedabad,Gujarat,India,2015-11-12,Active
CUST003595,Neha Reddy,Female,2001-03-26,9756640930,neha.reddy502@yahoo.com,Accountant,Retail,Bhopal,Madhya Pradesh,India,2019-04-08,Active
CUST003596, Sunita Pillai,Female,1964-10-11,9482067729,sunita.pillai729@rediffmail.com,Professor,Retail,Bengaluru,Karnataka,India,2019-02-07,Active
CUST003597,Rohan Bhosale,Male,1984-12-11,9163140484,rohan.bhosale964@gmail.com,Tailor,Retail, Mysuru ,Karnataka,India,2018-11-14,Active
CUST003598,Dhruv Prabhu,Male,1979-09-04,9436319528,dhruv.prabhu494@rediffmail.com,Shop Owner,Premium,Dehradun,Uttarakhand,India,2024-05-13,Active
CUST003599,Deepak Shetty,Male,20/11/1983,9344097976,deepak.shetty226@outlook.com,Accountant,Retail,Jaipur,Rajasthan,India,2020-03-15,active
CUST003600,Aditya Shetty,Male,1992-12-13,9206986613,aditya.shetty401@gmail.com,Retired,Retail,Kochi,Kerala,India,16-01-2026,Active
CUST003601,Ayaan Joshi,Male,07-03-2004,+919513033131,ayaan.joshi15@yahoo.com,Police Officer,Premium,Ranchi,Jharkhand,India,2022-03-27,Active
CUST003602,Payal Kamath,Female,1991-09-17,9736390373,payal.kamath307@rediffmail.com,Chef,Premium,Mysuru,Karnataka,India,2015-05-15,Active
CUST003603,Meera Kotian,Female,2002-12-17,9101789018,meera.kotian886@outlook.com,Student,Retail,Raipur,Chhattisgarh,India,2021-01-02,Active
CUST003604,Ritu Joshi,Female,2000-09-03,9461998329,ritu.joshi100@gmail.com,Chef,Retail,Surat,Gujarat,India,2021-02-08,Active
CUST003605,Deepak Rao,Male,09/29/1969,+919530234725,deepak.rao887@gmail.com,Pharmacist,Student,Panaji,Goa,India,2011-07-10,Inactive
CUST003606,Usha Bhosale,Female,1981-11-18,9971283596,usha.bhosale562@rediffmail.com,Business Owner,Retail,Surat,Gujarat,India,2024-05-13,Active
CUST003607,Shalini Roy,Female,1960-01-01,9512500277,shalini.roy318@gmail.com,Homemaker,Retail,Surat,Gujarat,India,2022-12-29,Active
CUST003608,Komal Desai,Female,2004-02-14,9540393508,komal.desai472@outlook.com,Homemaker,Senior Citizen,Kochi,Kerala,India,2026-05-09,Dormant
CUST003609,Suman Krishnan,Female,2006-08-01,9905698492,suman.krishnan877@rediffmail.com,Chartered Accountant,Corporate,Delhi,Delhi,India,2025-11-22,Active
CUST003610,Usha Joshi,Female,2001-10-16,9458586497,USHA.JOSHI119@GMAIL.COM,Shop Owner,Retail,Kochi,Kerala,India,2019-10-14,Blocked
CUST003611,Riya Pawar,Female,1992-12-26,9455221675,riya.pawar565@gmail.com,Data Analyst,Corporate,Shimla,Himachal Pradesh,India,2022-08-14,Active
CUST003612,Prakash Dutta,Male,1999-06-09,9243785566,prakash.dutta268@rediffmail.com,Student,Retail,Thiruvananthapuram,Kerala,India,2018-10-29,Active
CUST003613,Suman Mehta,Female,09/02/1996,9749903031,suman.mehta541@rediffmail.com,Bank Employee,Corporate,Nagpur,Maharashtra,India,2022-06-05,Active
CUST003614,Varun Hegde,Male,1961-11-26,9117533728,varun.hegde786@outlook.com,Driver,Premium,Indore,Madhya Pradesh,India,2024-07-29,Active
CUST003615,Sai Singh ,Male,1963-12-26,9296676228,sai.singh920@gmail.com,Chef,Retail, Pune ,Maharashtra,India,2020-01-23,ACTIVE
CUST003616,Mallikarjun Kamath,Male,1980-03-12,09476287538,mallikarjun.kamath256@gmail.com,Police Officer,Senior Citizen,Bengaluru,Karnataka,India,2011-01-18,Active
CUST003617,Diya Deshmukh,Female,2027-01-15,9490687405,diya.deshmukh663@rediffmail.com,Homemaker,Corporate,Hyderabad,Telangana,India,2024-06-08,Active
CUST003618,Usha Roy,Female,1992-08-08,09134716648,usha.roy425@rediffmail.com,Lawyer,Retail,Warangal,Telangana,India,2017-10-17,Active
CUST003619,Manisha Kulkarni,Female,1992-08-05,9576398279,manisha.kulkarni502@rediffmail.com,Government Employee,Premium,Mumbai,Maharashtra,India,2018-02-16,Active
CUST003620,Ramesh Naidu,Male,2007-02-19,9974773552,ramesh.naidu161@rediffmail.com,Nurse,Premium,Mumbai,Maharashtra,India,2025-02-19,Active
CUST003621,Ayaan Kale,Male,1995-10-07,919 418 2110,ayaan.kale855@yahoo.com,Lawyer,Retail,Guwahati,Assam,India,2025-03-01,Active
CUST003622,Radha Dutta,Female,01/15/2027,9628676627,radha.dutta170@yahoo.com,Chef,Retail,Jaipur,Rajasthan,India,2019-03-07,Active
CUST003623,Rahul Rao,Male,1968-08-17,9391624781,rahul.rao40@yahoo.com,Shop Owner,Retail,Delhi,Delhi,India,2014-03-24,Active
CUST003624,Manisha Bhosale,Female,1967-10-26,9617198489,manisha.bhosale755@outlook.com,Sales Executive,Student,Vadodara,Gujarat,India,2022-05-21,Active
CUST003625,Kabir Raghunathan,Male,1986-05-20,9406726020,kabir.raghunathan405@gmail.com,Professor,Retail, Indore ,Madhya Pradesh,India,2020-11-01,Active
CUST003626,Kiran Jadhav,Female,1968-09-27,9242877602,kiran.jadhav67@gmail.com,Sales Executive,Retail,Ranchi,Jharkhand,India,2012-01-07,Active
CUST003627,Kiran Yadav,Female,2007-04-13,9856363355,kiran.yadav680@rediffmail.com,Chartered Accountant,Retail,Hyderabad,Telangana,India,2025-04-23,Active
CUST003628,Deepika Rao,Female,1965-06-24,9998784559,DEEPIKA.RAO285@YAHOO.COM,Homemaker,Retail,Hubballi,Karnataka,India,2023-03-16,Active
CUST003629,Ganesh Bose,Male,1974-07-05,9447325219,ganesh.bose975@gmail.com,Lawyer,Retail,Raipur,Chhattisgarh,India,2024-09-26,Active
CUST003630,Rekha Patil,Female,1997-07-09,9183243959,rekha.patil979@outlook.com,Chef,Retail,Thiruvananthapuram,Kerala,India,2015-07-14,Active
CUST003631,Anjali Singh,Female,1970-03-30,9247152317,anjali.singh550@yahoo.com,Civil Engineer,Retail,Shimla,Himachal Pradesh,India,2019-02-13,Active
CUST003632,Anita Yadav,Female,1950-09-24,9905773138,anita.yadav475@gmail.com,Tailor,Senior Citizen,Warangal,Telangana,India,2023-10-22,Active
CUST003633,Vandana Singh,Female,1968-02-17,9892742986,vandana.singh444@yahoo.com,Software Engineer,Retail,Bengaluru,Karnataka,India,2020-01-26,Active
CUST003634,Mahesh Sharma,Male,1969-10-10,9542364081,mahesh.sharma606@yahoo.com,Nurse,Retail, Ahmedabad ,Gujarat,India,2017-07-08,Active
CUST003635,Suresh Bhosale,Male,1985-01-31,9884235864,suresh.bhosale908@outlook.com,Lawyer,Retail,Kolkata,West Bengal,India,2013-11-11,Active
CUST003636,Mahesh Reddy,Male,1991-02-12,9300434464,mahesh.reddy640@rediffmail.com,Civil Engineer,Senior Citizen,Patna,Bihar,India,2011-09-01,Active
CUST003637,Prasad Singh,Male,1981-03-30,+919201518858,prasad.singh100@rediffmail.com,Police Officer,Retail,Patna,Bihar,India,2021-09-21,Active
CUST003638,Neha Deshmukh,Female,1972-08-22,9590351062,neha.deshmukh196@rediffmail.com,Accountant,Retail,Nagpur,Maharashtra,India,2025-12-23,Active
CUST003639,Santosh Sen,Male,1978-06-17,+919729478100,santosh.sen629@yahoo.com,Business Owner,Premium,Chandigarh,Chandigarh,India,2020-05-02,Active
CUST003640,Ramesh Prabhu,Male,1956.09.22,9965429869,ramesh.prabhu369@outlook.com,Civil Engineer,Retail,Kolkata,West Bengal,India,2023-02-16,Active
CUST003641,Umesh Verma,Male,12/19/1958,+919779005372,umesh.verma479@gmail.com,Architect,Retail,Kochi,Kerala,India,2021-07-09,Active
CUST003642,Basavaraj Shah,Male,1985-01-02,9698402534,BASAVARAJ.SHAH400@OUTLOOK.COM,Civil Engineer,Retail,Ahmedabad,Gujarat,India,2016-05-27,Active
CUST003643,Basavaraj Kotian,Male,2000-06-06,9706096613,basavaraj.kotian595@outlook.com,Software Engineer,Corporate,Kanpur,Uttar Pradesh,India,2019-02-15,Active
CUST003644,Snehal Prabhu,Female,1979-08-30,+919666173676,snehal.prabhu231@rediffmail.com,Shop Owner,Retail,Patna,Bihar,India,2015-03-13,Active
CUST003645,Kabir Desai,Male,1951-08-28,9477883784,kabir.desai74@gmail.com,Software Engineer,Corporate,Hyderabad,Telangana,India,20/06/2014,Active
CUST003646,Shreya Dutta,Female,2007-06-26,9550028282,shreya.dutta234@rediffmail.com,Chef,Student,Delhi,Delhi,India,07/15/2025,Inactive
CUST003647,Suresh Venkatesh,Male,1967-08-21,9255316328,suresh.venkatesh667@outlook.com,Business Owner,Premium,Patna,Bihar,India,2021-01-14,ACTIVE
CUST003648,Vikram Kotian,Male,1993-05-07,9118006500,vikram.kotian607@gmail.com,Farmer,Retail, Vijayawada ,Andhra Pradesh,India,2026-05-04,Active
CUST003649,Sneha Kotian,Female,2002-05-21,9810584111,SNEHA.KOTIAN808@REDIFFMAIL.COM,Accountant,Premium,Vadodara,Gujarat,India,2020-05-30,Inactive
CUST003650,Arjun Gowda,Male,30/09/2007,9546450068,arjun.gowda109@yahoo.com,Government Employee,Retail,Shimla,Himachal Pradesh,India,2025-09-25,Active
CUST003651,Vihaan Singh,Male,1955-01-20,9884107422,vihaan.singh142@yahoo.com,Driver,Retail,Delhi,Delhi,India,2013-07-31,Active
CUST003652,Lakshmi Naik,Female,1959-04-16,92096-15227,lakshmi.naik129@gmail.com,Retired,Retail,Amritsar,Punjab,India,2025-09-25,Dormant
CUST003653,Anika Sen,Female,1987-02-06,9452683814,ANIKA.SEN562@GMAIL.COM,Journalist,Retail,Shimla,Himachal Pradesh,India,2023-02-21,Active
CUST003654,Pallavi Rao,Female,1994-02-20,9331629822,pallavi.rao573@gmail.com,Professor,Senior Citizen,Hyderabad,Telangana,India,2016-02-18,Active
CUST003655,Siddharth Sharma,Male,1998-07-29,9857095801,siddharth.sharma159@yahoo.com,Doctor,Premium,Mysuru,Karnataka,India,2026-01-20,Active
CUST003656,Usha Naidu,Female,1981-06-02,9672040210,usha.naidu449@yahoo.com,Marketing Manager,Premium,Bhopal,Madhya Pradesh,India,2021-12-09,Active
CUST003657,Suman Chatterjee,Other,1957-08-09,9175893377,SUMAN.CHATTERJEE52@YAHOO.COM,Professor,Premium,Dehradun,Uttarakhand,India,2018-05-27,ACTIVE
CUST003658,Shweta Dutta,Female,1991-03-02,+919574280485,shweta.dutta611@outlook.com,Business Owner,Retail,Belagavi,Karnataka,India,2016-12-06,Active
CUST003659,Suresh Mehta,Male,1988-06-28,+919497207783,suresh.mehta569@rediffmail.com,Civil Engineer,Corporate,Thiruvananthapuram,Kerala,India,2019-11-05,Active
CUST003660,Shivraj More,Male,1976-04-28,9649544765,shivraj.more27@rediffmail.com,Marketing Manager,Retail,Dehradun,Uttarakhand,India,2012-04-27,Active
CUST003661,Abhishek Roy,Male,1986-08-18,9626771950,abhishek.roy89@yahoo.com,Farmer,Retail,Pune,Maharashtra,India,03-09-2013,active
CUST003662,Arjun Gowda,Male,1960-11-12,9196975828,arjun.gowda704@rediffmail.com,Teacher,Retail,Lucknow,Uttar Pradesh,India,2025-07-18,Active
CUST003663, Divya Kotian,Female,02/14/1997,+919145008737,divya.kotian898@outlook.com,Nurse,Corporate,Belagavi,Karnataka,India,2015-02-25,Active
CUST003664,Shivraj Ghosh,Male,1950-10-09,9212859116,SHIVRAJ.GHOSH849@YAHOO.COM,Software Engineer,Corporate,Delhi,Delhi,India,2013-07-19,Dormant
CUST003665,Ramesh Bhosale,Male,1998-10-30,9295933434,ramesh.bhosale566@gmail.com,Farmer,Student,Udaipur,Rajasthan,India,2024-05-12,Active
CUST003666,Deepak Rao,Male,1998-10-14,9342276020,deepak.rao524@yahoo.com,Consultant,Premium,Kolkata,West Bengal,India,2025.09.05,Active
CUST003667,Umesh Prabhu,Male,1989-08-25,9972952379,umesh.prabhu807@gmail.com,Chartered Accountant,Retail,Belagavi,Karnataka,India,2023-09-17,Active
CUST003668,Varun Das,Male,1997-05-13,9178063714,varun.das840@gmail.com,Shop Owner,Retail,Amritsar,Punjab,India,2015-05-13,Active
CUST003669,Vivaan Das,Male,2003-04-21,9557023726,vivaan.das905@rediffmail.com,Data Analyst,Retail,Chennai,Tamil Nadu,India,2024-01-13,Active
CUST003670,Krishna Kale,Male,1957-11-05,9744227433,krishna.kale399@gmail.com,Doctor,Premium,Dehradun,Uttarakhand,India,2015-02-23,Active
CUST003671,Vandana Mukherjee,Female,1980-12-30,956 265 2440,vandana.mukherjee476@outlook.com,Lawyer,Retail,Delhi,Delhi,India,2011-03-04,Active
CUST003672,Suresh Verma,Male,1987-02-01,9161266019,suresh.verma79@gmail.com,Homemaker,Retail,Lucknow,Uttar Pradesh,India,2025-04-23,Active
CUST003673,Sarita Roy,Female,2027-01-15,9810852013,sarita.roy175@outlook.com,Teacher,Retail,Ranchi,Jharkhand,India,2023-02-23,Active
CUST003674,Vivaan Pawar,Male,1992-09-10,9520628227,,Student,Corporate,Udaipur,Rajasthan,India,2021-03-26,Active
CUST003675,Krishna More,Male,1984-01-04,9878219981,krishna.more808@yahoo.com,Farmer,Retail,Surat,Gujarat,India,2012-02-23,Active
CUST003676,Vinod Reddy,Male,1981-10-13,9691898081,vinod.reddy446@gmail.com,Marketing Manager,Premium,Bhubaneswar,Odisha,India,2013-12-11,Active
CUST003677,Ayaan Jadhav,Male,1956-09-15,9385201823,ayaan.jadhav587@gmail.com,Retired,Retail,Mumbai,Maharashtra,India,2024-09-07,Active
CUST003678,Krishna Chavan,Male,1967-03-21,9239388990,krishna.chavan864@rediffmail.com,Tailor,Retail,Ludhiana,Punjab,India,2020-03-14,Active
CUST003679,Prakash Gowda,Male,1974-03-30,9242487256,prakash.gowda475@gmail.com,Doctor,Premium,Indore,Madhya Pradesh,India,2026-07-08,active
CUST003680,Usha Bose,Female,2001-05-15,9370280673,usha.bose335@yahoo.com,Consultant,Retail,Bhubaneswar,Odisha,India,2019-05-31,Active
CUST003681,Arjun Krishnan,Male,2000-03-18,9756522353,ARJUN.KRISHNAN729@REDIFFMAIL.COM,Consultant,Premium,Surat,Gujarat,India,2024-11-02,Active
CUST003682,Aryan Prabhu ,Male,1986-12-02,9419244426,aryan.prabhu315@outlook.com,Teacher,Premium,Ahmedabad,Gujarat,India,2024-08-02,Active
CUST003683,Snehal Joshi,Female,1954-06-03,9231518363,snehal.joshi388@rediffmail.com,Retired,Retail,Varanasi,Uttar Pradesh,India,2025-05-11,Active
CUST003684,Raghavendra Singh,Male,1991-08-19,9172028156,raghavendra.singh887@rediffmail.com,Doctor,Senior Citizen,Thiruvananthapuram,Kerala,India,2011-10-10,Active
CUST003685,Siddharth Raghunathan,Male,1975-10-21,9288892798,siddharth.raghunathan437@outlook.com,Civil Engineer,Premium,Vijayawada,Andhra Pradesh,India,2012-08-16,Active
CUST003686,Umesh Venkatesh,Male,1987-07-04,9760722539,umesh.venkatesh251@rediffmail.com,Government Employee,Retail,Dehradun,Uttarakhand,India,2019-03-26,Active
CUST003687,Vikram Roy,Male,1974-03-31,9403156391,VIKRAM.ROY833@GMAIL.COM,Accountant,Retail,Nagpur,Maharashtra,India,2012-10-18,Active
CUST003688,Yash Iyer,Male,1991-09-12,9345452494,yash.iyer642@gmail.com,Doctor,Retail,Hubballi,Karnataka,India,2011-12-27,Active
CUST003689,Bhavna Venkatesh,Other,1961-03-06,9498477847,bhavna.venkatesh767@yahoo.com,Electrician,Retail,Vijayawada,Andhra Pradesh,India,2023-08-10,Active
CUST003690,Prasad Raghunathan,Other,1956-10-15,9133895258,prasad.raghunathan326@rediffmail.com,Bank Employee,Retail,Ahmedabad,Gujarat,India,2021-10-19,Active
CUST003691,Shalini Salunkhe,Female,1961-04-27,09200309614,shalini.salunkhe781@outlook.com,Electrician,Premium,Chandigarh,Chandigarh,India,2024-02-11,Active
CUST003692,Kabir Bhat,Male,2003-11-23,9964873087,kabir.bhat950@yahoo.com,Professor,Senior Citizen,Nagpur,Maharashtra,India,2025-07-16,Active
CUST003693,Sanjay Hegde,Male,1952-07-27,9412757278,SANJAY.HEGDE164@GMAIL.COM,Police Officer,Retail,Bengaluru,Karnataka,India,2013-03-20,Active
CUST003694,Krishna Yadav,Male,04/25/1965,9773342065,krishna.yadav190@rediffmail.com,HR Manager,Premium,Surat,Gujarat,India,2023-11-30,Active
CUST003695,Shivraj Verma,Male,1968-09-30,9921189964,shivraj.verma563@rediffmail.com,Driver,Premium,Patna,Bihar,India,2011-09-06,Active
CUST003696,Ishaan Hegde,Male,1998-09-06,920 218 0471,ISHAAN.HEGDE723@GMAIL.COM,Accountant,Premium,Bhubaneswar,Odisha,India,10/10/2016,Active
CUST003697,Rohan Rao,Male,1969.10.06,9717519897,rohan.rao1@yahoo.com,Marketing Manager,Corporate,Panaji,Goa,India,2015-08-16,Active
CUST003698,Mahesh Kulkarni,Male,2002-02-14,09849705011,mahesh.kulkarni549@outlook.com,Software Engineer,Retail,Delhi,Delhi,India,2020-02-22,Active
CUST003699,Suresh Patil,Male,2007-11-10,+919379729952,suresh.patil128@gmail.com,Accountant,Retail,Chennai,Tamil Nadu,India,2025-12-03,Active
CUST003700, Rahul Mehta,Male,1987-06-15,9128673529,rahul.mehta977@outlook.com,Lawyer,Retail,Kanpur,Uttar Pradesh,India,2012-11-17,Active
CUST003701,Komal Patil,Female,1968-10-12,9364438511,komal.patil725@rediffmail.com,Civil Engineer,Retail,Kanpur,Uttar Pradesh,India,2023.07.28,Inactive
CUST003702,Vikram Subramaniam,Male,1984-03-31,9264570391,vikram.subramaniam993@rediffmail.com,Chartered Accountant,Retail,Pune,Maharashtra,India,2024-07-28,Active
CUST003703,Anika Venkatesh,Female,1988-07-17,9905994277,anika.venkatesh218@rediffmail.com,Retired,Retail,Vadodara,Gujarat,India,2021-05-05,Inactive
CUST003704,Karan Reddy,Male,1954-08-10,9313610516,karan.reddy793@rediffmail.com,Bank Employee,Retail,Panaji,Goa,India,2012-04-05,Active
CUST003705,Anjali Mukherjee,Female,1998-06-20,9772377704,anjali.mukherjee382@yahoo.com,Data Analyst,Retail,Hubballi,Karnataka,India,2020-04-08,Active
CUST003706,Prasad Shah,Male,1974-06-05,9146330165,prasad.shah104@yahoo.com,Tailor,Retail,Amritsar,Punjab,India,2020-10-08,Active
CUST003707,Manoj Hegde,Male,1999-03-30,9655743659,manoj.hegde480@yahoo.com,Homemaker,Retail,Vadodara,Gujarat,India,2017-03-30,Active
CUST003708,Prasad More,Male,1985-01-20,,prasad.more469@rediffmail.com,HR Manager,Retail,Lucknow,Uttar Pradesh,India,2016-09-15,Active
CUST003709,Vishal Verma,Male,2000-02-25,9237335318,VISHAL.VERMA500@OUTLOOK.COM,Professor,Retail,Thiruvananthapuram,Kerala,India,2018-04-16,Active
CUST003710,Manisha Subramaniam,Female,1952-12-16,9487956600,MANISHA.SUBRAMANIAM853@YAHOO.COM,Data Analyst,Premium,Patna,Bihar,India,2026-06-22,Active
CUST003711,Varun Yadav,Male,1950-07-27,9935987217,varun.yadav279@outlook.com,Professor,Premium,Thiruvananthapuram,Kerala,India,2011-01-21,ACTIVE
CUST003712,Shivraj Reddy,Male,1954-10-02,9652684166,shivraj.reddy638@gmail.com,Nurse,Senior Citizen,Bengaluru,Karnataka,India,2018-11-27,Active
CUST003713,Nisha Reddy,Female,2000-12-23,9827316231,nisha.reddy199@yahoo.com,Lawyer,Senior Citizen,Hyderabad,Telangana,India,2019-01-13,Active
CUST003714,Sai Yadav,Male,2008-03-09,9315483119,sai.yadav878@gmail.com,Farmer,Corporate,Ludhiana,Punjab,India,2026-03-26,Dormant
CUST003715,Anita Mehta,Female,2008-07-02,95228-72139,anita.mehta458@rediffmail.com,Farmer,Premium,Pune,Maharashtra,India,2026-07-17,Active
CUST003716,Kavya Patil,Female,1968-02-16,9463893300,KAVYA.PATIL798@GMAIL.COM,Consultant,Retail,Patna,Bihar,India,2025-04-06,Dormant
CUST003717, Santosh Naik,Male,1964-01-05,9984618008,santosh.naik269@rediffmail.com,Journalist,Retail,Lucknow,Uttar Pradesh,India,2018-02-06,Active
CUST003718,Ramesh Sen,Male,1969-03-09,9664613805,ramesh.sen313@gmail.com,Government Employee,Senior Citizen, Bengaluru ,Karnataka,India,2026-01-24,Active
CUST003719,Harsh Shetty,Male,1997-07-04,9628755735,harsh.shetty981@gmail.com,Data Analyst,Senior Citizen,Bengaluru,Karnataka,India,2015-07-11,Active
CUST003720,Rashmi Desai,Female,1963-03-28,9434414537,,Doctor,Retail,Shimla,Himachal Pradesh,India,2020-01-26,Active
CUST003721,Aryan Jadhav,Male,28/02/1981,943 732 9351,aryan.jadhav561@gmail.com,Tailor,Retail,Pune,Maharashtra,India,2021-07-24,active
CUST003722,Arjun Naidu,Male,1987-02-20,9860177445,arjun.naidu322@gmail.com,Shop Owner,Retail,Mumbai,Maharashtra,India,2023-05-16,Active
CUST003723,Girish Pillai,Male,1969-11-22,9289023868,girish.pillai390@yahoo.com,Driver,Retail,Mumbai,Maharashtra,India,2011-02-21,Active
CUST003724,Radha Kotian,Female,29-08-1976,9474353502,radha.kotian695@outlook.com,Architect,Retail,Thiruvananthapuram,Kerala,India,2020-11-11,Active
CUST003725,Ananya Deshmukh,Female,1988-04-18,09700290566,ananya.deshmukh781@gmail.com,Chef,Retail,Vijayawada,Andhra Pradesh,India,2013-04-18,Active
CUST003726,Deepika Chatterjee,Female,1995-11-20,9150918300,deepika.chatterjee481@gmail.com,Marketing Manager,Retail,Hubballi,Karnataka,India,2017-08-22,Active
CUST003727,Payal Kumar,Female,1959-06-27,09709799535,payal.kumar637@yahoo.com,Accountant,Premium,Guwahati,Assam,India,2011-10-30,Active
CUST003728,Rashmi Krishnan,Female,1979-01-18,9849458067,rashmi.krishnan44@outlook.com,Consultant,Corporate,Patna,Bihar,India,2011-11-22,Blocked
CUST003729,Ganesh Kamath,Male,1957-05-08,9498146982,ganesh.kamath234@gmail.com,Student,Corporate,Coimbatore,Tamil Nadu,India,2022-11-27,Active
CUST003730,Shweta Reddy,Female,1948-12-07,9624687622,shweta.reddy741@yahoo.com,HR Manager,Retail,Nagpur,Maharashtra,India,2022.02.25,Active
CUST003731,Anjali Subramaniam,Female,1987-02-01,09537987230,anjali.subramaniam665@gmail.com,Driver,Retail,Udaipur,Rajasthan,India,2024-11-28,Dormant
CUST003732,Reyansh Kotian ,Male,1977-03-29,9699329210,reyansh.kotian45@yahoo.com,Nurse,Premium,Belagavi,Karnataka,India,2021-11-17,Blocked
CUST003733,Saanvi Chatterjee,Female,1963-09-19,9655646787,saanvi.chatterjee890@yahoo.com,Software Engineer,Retail,Bengaluru,Karnataka,India,2020-04-04,Active
CUST003734,Jyoti Ghosh,Female,1951-05-06,9510488954,jyoti.ghosh409@outlook.com,Tailor,Student,Jaipur,Rajasthan,India,2012-10-24,Active
CUST003735,Varun Dutta,Male,2005-04-22,9132125372,varun.dutta304@gmail.com,Farmer,Retail,Amritsar,Punjab,India,2023-05-04,Active
CUST003736,Aditya Roy,Male,1998-02-02,9820358427,aditya.roy462@rediffmail.com,Architect,Retail,Shimla,Himachal Pradesh,India,2016-02-07,Active
CUST003737,Ganesh Naidu,Male,2004-08-29,9236585635,ganesh.naidu395@gmail.com,Business Owner,Retail,Thiruvananthapuram,Kerala,India,2022-09-14,Active
CUST003738,Priya Sen,Female,11/20/1954,9632334237,priya.sen503@rediffmail.com,Bank Employee,Retail,Hyderabad,Telangana,India,2022-05-17,Active
CUST003739,Harsh Reddy,Male,1948-11-07,986 521 6103,HARSH.REDDY164@OUTLOOK.COM,Teacher,Retail,Kolkata,West Bengal,India,2020-02-20,Active
CUST003740,Saanvi Raghunathan,Female,1961-02-21,9928629124,saanvi.raghunathan139@yahoo.com,Architect,Retail,Kochi,Kerala,India,2013-04-29,Active
CUST003741,Naveen Shetty,Male,1954-02-01,9665372662,naveen.shetty988@yahoo.com,Chef,Retail,Hubballi,Karnataka,India,2019-07-14,Active
CUST003742,Aditi Chatterjee,Female,1975-11-13,9744862027,ADITI.CHATTERJEE747@REDIFFMAIL.COM,Government Employee,Retail,Lucknow,Uttar Pradesh,India,2021-09-26,Active
CUST003743,Ganesh Rao,Male,1987-02-07,9626329062,ganesh.rao361@rediffmail.com,Chef,Premium,Bhubaneswar,Odisha,India,2018-10-02,Active
CUST003744,Bhavna Ghosh,Female,1959-10-29,9799873342,BHAVNA.GHOSH848@OUTLOOK.COM,Homemaker,Retail,Ludhiana,Punjab,India,2022-02-26,Active
CUST003745,Sanjay Hegde ,Male,1972-01-12,997 831 4394,sanjay.hegde794@gmail.com,Professor,Corporate,Nagpur,Maharashtra,India,2018-11-03,Active
CUST003746,Shivraj Sen,Male,1980-08-31,951 257 4105,,Retired,Premium,Hyderabad,Telangana,India,2016-06-28,Active
CUST003747,Ishaan Shetty,Male,1967-03-23,9471695859,ishaan.shetty720@yahoo.com,Tailor,Retail,Madurai,Tamil Nadu,India,2014-06-21,Active
CUST003748,Vihaan Kamath,Male,1975-11-29,9256104455,vihaan.kamath950@gmail.com,Consultant,Retail,Varanasi,Uttar Pradesh,India,2015-01-05,Active
CUST003749,Ayaan Reddy,Male,1983-10-05,9981398309,ayaan.reddy833@rediffmail.com,Pharmacist,Retail,Delhi,Delhi,India,2023-07-28,Active
CUST003750,Vidya Kumar,Female,2005-09-15,9920966576,vidya.kumar257@gmail.com,Teacher,Retail,Raipur,Chhattisgarh,India,2023-10-02,Active
CUST003751,Sneha Shetty,Female,1966-10-17,9735639450,sneha.shetty726@yahoo.com,Journalist,Premium,Visakhapatnam,Andhra Pradesh,India,16/02/2022,Active
CUST003752,Deepika Iyer,Female,1953-05-09,9693276835,deepika.iyer161@gmail.com,Software Engineer,Senior Citizen,Kolkata,West Bengal,India,2016-07-31,Active
CUST003753,Swati Shah,Female,2000-08-13,9284241986,swati.shah502@yahoo.com,Farmer,Retail,Surat,Gujarat,India,01-03-2019,Active
CUST003754,Basavaraj Deshmukh,Male,1982-12-09,9918527150,basavaraj.deshmukh68@rediffmail.com,HR Manager,Retail,Vadodara,Gujarat,India,2020-06-06,Active
CUST003755,Kavya Menon,Female,1976-08-07,9152192355,kavya.menon170@gmail.com,Bank Employee,Corporate,Pune,Maharashtra,India,04-06-2018,Active
CUST003756,Sangeeta Naik,Female,1991-08-24,9655770208,sangeeta.naik721@gmail.com,Teacher,Retail,Panaji,Goa,India,2022-07-23,Active
CUST003757,Mahesh Agarwal,Male,2007-06-11,9328178313,mahesh.agarwal371@rediffmail.com,Police Officer,Retail,Guwahati,Assam,India,2025-06-12,Active
CUST003758,Shalini Kumar,Female,1955-09-25,9509032845,shalini.kumar162@gmail.com,Shop Owner,Retail,Kolkata,West Bengal,India,2024-05-22,Active
CUST003759,Vivaan Iyer,Male,2000-02-20,9185616590,vivaan.iyer978@gmail.com,Driver,Retail,Kanpur,Uttar Pradesh,India,26/04/2025,Active
CUST003760,Kiran Kumar,Female,1986-07-23,9439252572,kiran.kumar937@outlook.com,Lawyer,Retail,Ahmedabad,Gujarat,India,2011-06-20,Active
CUST003761,Anjali Shetty,Female,1983-06-19,9457934308,anjali.shetty229@yahoo.com,Data Analyst,Student,Coimbatore,Tamil Nadu,India,2022-10-19,Dormant
CUST003762,Shalini Pawar,Female,2000-05-10,9128160032,SHALINI.PAWAR598@REDIFFMAIL.COM,Lawyer,Premium,Warangal,Telangana,India,2022-04-16,Active
CUST003763,Krishna Chatterjee,Male,1966-06-05,+919937687840,krishna.chatterjee294@gmail.com,Consultant,Retail,Bengaluru,Karnataka,India,2017-05-29,Active
CUST003764,Rekha Verma,Female,1995-09-18,9649384958,REKHA.VERMA803@OUTLOOK.COM,Accountant,Senior Citizen,Amritsar,Punjab,India,2015-11-19,Active
CUST003765, Vivaan Sen,Male,1982-07-26,9846376825,vivaan.sen687@rediffmail.com,Lawyer,Retail,Bhopal,Madhya Pradesh,India,2011-10-29,Active
CUST003766,Kiran Dutta,Female,2004-08-27,9931664462,kiran.dutta434@outlook.com,Software Engineer,Retail,Vijayawada,Andhra Pradesh,India,2024-01-12,Active
CUST003767,Basavaraj Chowdhury,Male,1976-05-02,9561827500,basavaraj.chowdhury930@gmail.com,Nurse,Student,Mumbai,Maharashtra,India,2024-01-21,Active
CUST003768,Meera Bose,Female,1991-08-28,9261363495,meera.bose734@gmail.com,Sales Executive,Premium,Thiruvananthapuram,Kerala,India,2012-03-05,Active
CUST003769,Geeta Chavan,Female,1978-02-16,9503191816,GEETA.CHAVAN152@GMAIL.COM,HR Manager,Premium,Varanasi,Uttar Pradesh,India,2020-01-17,Active
CUST003770,Mahesh Singh,Male,1971-11-14,9718043828,mahesh.singh443@rediffmail.com,Pharmacist,Retail,Kochi,Kerala,India,2019-07-25,Active
CUST003771,Vihaan Chowdhury,Male,1970-09-29,9129946039,vihaan.chowdhury829@gmail.com,Shop Owner,Retail,Shimla,Himachal Pradesh,India,2013-09-05,Active
CUST003772,Vandana Sharma,Female,2003-10-06,9951449502,vandana.sharma538@gmail.com,Journalist,Senior Citizen,Ahmedabad,Gujarat,India,10/03/2021,Active
CUST003773,Kabir Agarwal,Male,10/04/1998,9416069568,kabir.agarwal100@yahoo.com,Architect,Retail,Mysuru,Karnataka,India,2023-08-12,Active
CUST003774,Yash Subramaniam,Male,1961-08-26,9693694512,yash.subramaniam773@yahoo.com,Driver,Corporate,Mumbai,Maharashtra,India,2016-01-27,Active
CUST003775,Manoj Prabhu,Male,2000-06-10,9983185991,manoj.prabhu481@gmail.com,Retired,Premium,Udaipur,Rajasthan,India,2022-04-11,ACTIVE
CUST003776,Basavaraj Raghunathan,Male,1983-05-13,9878825460,basavaraj.raghunathan238@yahoo.com,Farmer,Retail,Hubballi,Karnataka,India,2026-01-28,Active
CUST003777,Diya Bhat,Female,1954-04-24,+919766922822,DIYA.BHAT814@REDIFFMAIL.COM,Marketing Manager,Senior Citizen,Mysuru,Karnataka,India,2018-01-24,Active
CUST003778,Anita Nair,Female,1994-05-21,9368895706,anita.nair883@gmail.com,Professor,Senior Citizen,Mysuru,Karnataka,India,2012-08-29,Active
CUST003779,Vivaan Sharma,Male,1957-10-31,9572274148,vivaan.sharma587@rediffmail.com,Driver,Corporate,Hyderabad,Telangana,India,2015-08-15,Active
CUST003780,Vihaan Singh,Male,2000-11-04,9551272468,vihaan.singh715@outlook.com,Journalist,Retail,Bengaluru,Karnataka,India,2018-11-13,Active
CUST003781,Vivaan Patil,Male,1975-07-14,9876069617,vivaan.patil241@yahoo.com,Civil Engineer,Retail, Udaipur ,Rajasthan,India,2016-06-24,Active
CUST003782,Nikhil Mehta,Male,2003-07-12,9135804483,nikhil.mehta746@outlook.com,Farmer,Retail,Bhopal,Madhya Pradesh,India,2021-07-26,Active
CUST003783,Sunita Patil,Female,1977-04-08,9120750249,sunita.patil903@yahoo.com,Electrician,Retail,Hyderabad,Telangana,India,2014-02-24,Inactive
CUST003784,Naveen Joshi,Male,1953-02-23,9206378604,naveen.joshi238@gmail.com,Architect,Senior Citizen,Mysuru,Karnataka,India,2018-12-28,Dormant
CUST003785,Sneha Kumar,Female,1994-06-13,9961861797,sneha.kumar942@gmail.com,Chef,Student,Varanasi,Uttar Pradesh,India,2026-07-05,Active
CUST003786,Anjali Prabhu,Female,2027-01-15,9586478777,anjali.prabhu90@gmail.com,Architect,Retail,Belagavi,Karnataka,India,2015-02-09,Active
CUST003787,Sunita More,Female,1966-04-26,9729701856,sunita.more445@outlook.com,Driver,Premium,Ranchi,Jharkhand,India,2024-09-02,Active
CUST003788,Kiran Patil,Female,1960-05-13,9185061139,kiran.patil73@gmail.com,Civil Engineer,Senior Citizen,Ahmedabad,Gujarat,India,2015-09-23,Active
CUST003789, Abhishek Chowdhury,Male,2000-05-01,9111982732,abhishek.chowdhury447@gmail.com,Chef,Retail,Surat,Gujarat,India,2020-07-16,Active
CUST003790,Rohan Shetty,Male,1995-03-15,9734978626,rohan.shetty646@gmail.com,Consultant,Retail,Coimbatore,Tamil Nadu,India,2013-06-10,Active
CUST003791,Varun Pillai,Male,1966-01-16,9484474062,varun.pillai869@gmail.com,Police Officer,Retail, Hyderabad ,Telangana,India,2015-03-02,Active
CUST003792,Payal Desai,Female,1990-06-13,9174815064,payal.desai150@rediffmail.com,Accountant,Retail,Mysuru,Karnataka,India,25-06-2024,Active
CUST003793,Vandana Subramaniam,Female,1962-08-03,9540680599,vandana.subramaniam886@gmail.com,Professor,Senior Citizen,Varanasi,Uttar Pradesh,India,2020-02-29,Active
CUST003794,Varun Agarwal,Male,1958-12-26,9675637541,varun.agarwal998@outlook.com,Government Employee,Retail,Mysuru,Karnataka,India,2019-11-07,Active
CUST003795,Ishaan Menon,Male,1988-03-22,9292131285,ISHAAN.MENON67@YAHOO.COM,HR Manager,Retail,Indore,Madhya Pradesh,India,2018-12-08,Active
CUST003796,Pradeep Yadav,Male,1998-06-15,9370797075,pradeep.yadav960@gmail.com,Consultant,Premium,Madurai,Tamil Nadu,India,06/10/2016,Active
CUST003797,Sarita Reddy,Female,2003-08-28,97720-37663,sarita.reddy905@yahoo.com,Retired,Corporate,Varanasi,Uttar Pradesh,India,2025-06-09,Active
CUST003798,Sneha Singh,Female,1975-12-23,9290883015,sneha.singh30@gmail.com,Doctor,Senior Citizen,Kanpur,Uttar Pradesh,India,2017-02-10,Active
CUST003799,Payal Mukherjee,Female,1956-09-07,9665273328,PAYAL.MUKHERJEE64@YAHOO.COM,Shop Owner,Corporate,Thiruvananthapuram,Kerala,India,2011-03-07,Active
CUST003800,Ananya Rao,Female,1980-12-12,9120837773,ananya.rao724@rediffmail.com,Doctor,Retail,Bhubaneswar,Odisha,India,2025-02-01,Active
CUST003801,Suresh Pillai,Male,31/03/1989,9490636695,suresh.pillai419@outlook.com,Consultant,Senior Citizen,Varanasi,Uttar Pradesh,India,2011-09-22,Active
CUST003802,Nisha Reddy,Female,2006-11-07,9612607635,NISHA.REDDY261@REDIFFMAIL.COM,Marketing Manager,Retail,Dehradun,Uttarakhand,India,2024-11-07,Active
CUST003803,Kavya Chavan,Female,1954-10-18,9158070716,kavya.chavan404@outlook.com,Government Employee,Retail,Madurai,Tamil Nadu,India,2015-02-18,Active
CUST003804,Aditya Iyer,Male,1987-10-12,9687884440,aditya.iyer341@rediffmail.com,Driver,Retail,Bhubaneswar,Odisha,India,2012-01-28,Active
CUST003805,Sushma Kulkarni,Female,1979-01-14,9840108586,sushma.kulkarni974@gmail.com,Government Employee,Retail,Kolkata,West Bengal,India,2014-06-04,Active
CUST003806,Nikhil Ghosh,Male,1983-08-28,9976167517,nikhil.ghosh240@gmail.com,Doctor,Retail,Thiruvananthapuram,Kerala,India,2021-03-01,Active
CUST003807,Kiran Sharma,Female,1953-08-12,9339510462,KIRAN.SHARMA89@YAHOO.COM,Teacher,Senior Citizen,Udaipur,Rajasthan,India,2019-06-25,Active
CUST003808,Divya Chatterjee,Female,1949-01-05,,divya.chatterjee829@outlook.com,Architect,Retail,Visakhapatnam,Andhra Pradesh,India,2013-05-18,Active
CUST003809,Diya Hegde,Female,1984-09-28,9639360089,diya.hegde839@rediffmail.com,HR Manager,Retail,Madurai,Tamil Nadu,India,31-08-2015,Active
CUST003810,Vidya Mukherjee,Female,26-01-1960,9648424586,VIDYA.MUKHERJEE892@GMAIL.COM,Student,Student,Lucknow,Uttar Pradesh,India,2014-04-11,Active
CUST003811,Ashok Das,,1985-03-12,9150545040,ashok.das970@gmail.com,Accountant,Premium,Hubballi,Karnataka,India,2021-02-24,Active
CUST003812,Meera Gupta,Female,1949-08-10,9997584894,MEERA.GUPTA41@REDIFFMAIL.COM,Electrician,Premium,Thiruvananthapuram,Kerala,India,2024-06-05,Active
CUST003813,Sneha Yadav,Female,1996-07-17,9465720362,sneha.yadav768@outlook.com,Student,Premium,Pune,Maharashtra,India,2014.12.18,Active
CUST003814,Gaurav Kotian,Male,1968-03-11,9284820974,gaurav.kotian270@yahoo.com,Bank Employee,Retail,Surat,Gujarat,India,2024-11-28,Active
CUST003815,Komal Deshmukh ,Female,1975-05-02,9443777743,komal.deshmukh421@gmail.com,Business Owner,Retail,Mumbai,Maharashtra,India,05/04/2017,Active
CUST003816,Dhruv Sen,Male,2027-01-15,9185435503,dhruv.sen448@outlook.com,Bank Employee,Premium,Kolkata,West Bengal,India,2012-04-14,Active
CUST003817,Saanvi Bhosale,Female,1973-05-06,9274414030,saanvi.bhosale984@rediffmail.com,Teacher,Senior Citizen,Udaipur,Rajasthan,India,2016-01-04,Active
CUST003818,Rekha Gowda,Female,1980.02.17,9102735802,rekha.gowda521@gmail.com,Bank Employee,Retail,Kolkata,West Bengal,India,07/30/2024,Active
CUST003819,Pradeep Yadav,Male,1987-02-10,09658897581,pradeep.yadav223@gmail.com,Consultant,Retail,Ahmedabad,Gujarat,India,2023-07-25,Active
CUST003820,Nikhil Chavan,Male,1989-10-15,9370120201,nikhil.chavan88@rediffmail.com,Pharmacist,Retail,Mysuru,Karnataka,India,2022-04-27,Active
CUST003821,Kavya Pawar,Female,2007-12-27,9746046095,kavya.pawar588@rediffmail.com,Professor,Retail,Patna,Bihar,India,2025-12-26,Active
CUST003822,Ira Reddy,Female,1958-11-12,9582697225,ira.reddy829@gmail.com,Civil Engineer,Retail,Guwahati,Assam,India,2023-01-20,Active
CUST003823,Ananya Hegde,Female,2000-10-22,9725029281,ananya.hegde709@outlook.com,Architect,Retail,Jaipur,Rajasthan,India,2022-01-13,Active
CUST003824,Mahesh Kumar,Male,1984-06-13,9136637404,mahesh.kumar933@rediffmail.com,Chef,Retail,Nagpur,Maharashtra,India,2023-04-21,Active
CUST003825,Meera Reddy,Other,1966-10-03,+919717429754,meera.reddy42@gmail.com,Journalist,Retail,Nagpur,Maharashtra,India,2019-09-01,Active
CUST003826,Arjun Subramaniam,Male,2003-07-21,9463518687,arjun.subramaniam403@gmail.com,Architect,Premium,Bhopal,Madhya Pradesh,India,2021-08-03,Active
CUST003827,Aditi Yadav,Female,1990-10-28,9299105585,,Software Engineer,Retail,Vijayawada,Andhra Pradesh,India,2026-01-08,Active
CUST003828,Vishal Gowda,Male,17-03-1959,9499512290,vishal.gowda856@rediffmail.com,Electrician,Retail,Dehradun,Uttarakhand,India,2025-09-17,Active
CUST003829,Shweta More,Female,1958-08-03,9363736292,shweta.more313@rediffmail.com,Electrician,Retail,Surat,Gujarat,India,2019-05-01,Active
CUST003830,Geeta Sharma,Female,1987-12-06,9718621683,geeta.sharma676@gmail.com,Civil Engineer,Premium,Udaipur,Rajasthan,India,2014-02-11,Active
CUST003831,Sangeeta Kale,Female,1992-03-16,99179-87310,sangeeta.kale208@gmail.com,Business Owner,Retail, Hubballi ,Karnataka,India,2017-05-09,Active
CUST003832,Sneha Bhat,Female,1950-10-05,9403535671,sneha.bhat591@outlook.com,Consultant,Senior Citizen,Nagpur,Maharashtra,India,2018-11-05,Dormant
CUST003833,Shivraj Rao,Male,1986-01-20,9955020656,shivraj.rao774@rediffmail.com,Lawyer,Retail,Bhubaneswar,Odisha,India,2021-07-09,Active
CUST003834,Sushma Chatterjee,Female,1980-03-06,9368703932,SUSHMA.CHATTERJEE818@REDIFFMAIL.COM,Driver,Premium,Vadodara,Gujarat,India,2015-12-13,Active
CUST003835,Ishaan Jadhav,Male,2006-09-25,9630612289,ishaan.jadhav451@gmail.com,Software Engineer,Retail,Udaipur,Rajasthan,India,2024-10-04,Active
CUST003836,Deepak Nair,Male,1992-12-03,9158468377,deepak.nair473@yahoo.com,Shop Owner,Premium,Kolkata,West Bengal,India,2023-10-12,Active
CUST003837,Vinod Chavan,Male,2003-01-31,9604735113,vinod.chavan881@gmail.com,Teacher,Premium,Warangal,Telangana,India,2025-09-29,Active
CUST003838,Myra Subramaniam,Female,1950-01-23,9957529201,myra.subramaniam547@gmail.com,Police Officer,Retail,Shimla,Himachal Pradesh,India,2012-04-14,Active
CUST003839,Anika Nair,Female,1994-04-19,9466211251,anika.nair350@outlook.com,Data Analyst,Retail,Amritsar,Punjab,India,2015-12-13,Active
CUST003840,Saanvi Sharma,Female,1968-03-19,9729656278,saanvi.sharma275@yahoo.com,Journalist,Retail,Indore,Madhya Pradesh,India,2017-09-27,active
CUST003841,Prakash Reddy,Male,1981-07-10,9669084663,prakash.reddy711@outlook.com,Homemaker,Retail,Ahmedabad,Gujarat,India,2022-10-25,Active
CUST003842,Ritu Prabhu,Female,2001-03-10,9678514858,ritu.prabhu711@yahoo.com,Tailor,Senior Citizen,Patna,Bihar,India,2023-01-07,Active
CUST003843,Rohan Subramaniam,Male,2000-09-13,9523723542,rohan.subramaniam537@outlook.com,Government Employee,Retail,Kolkata,West Bengal,India,2018-10-01,Active
CUST003844,Umesh Roy,Male,1961-08-29,9111798607,umesh.roy159@outlook.com,Software Engineer,Premium,Lucknow,Uttar Pradesh,India,2015-11-08,Active
CUST003845,Dhruv Verma,Male,1962-07-18,9405153561,DHRUV.VERMA162@GMAIL.COM,Journalist,Retail,Mysuru,Karnataka,India,2017-04-18,Active
CUST003846, Amit Bhat,Male,1991-10-17,9932469155,amit.bhat243@gmail.com,Homemaker,Retail,Patna,Bihar,India,2014-09-26,Active
CUST003847,Sanjay Patil,Male,2001-03-13,9319859990,sanjay.patil12@yahoo.com,Civil Engineer,Premium,Nagpur,Maharashtra,India,2019-03-23,Dormant
CUST003848,Kalpana Naidu,Female,1985-02-02,9493540103,KALPANA.NAIDU479@GMAIL.COM,Nurse,Retail,Patna,Bihar,India,01/29/2015,Dormant
CUST003849,Girish Mukherjee,Male,1951-04-23,9846209425,girish.mukherjee414@gmail.com,Architect,Retail,Kochi,Kerala,India,2011-12-08,Active
CUST003850,Prakash Chavan,Male,1957-12-01,9347892483,prakash.chavan385@yahoo.com,Civil Engineer,Retail,Nagpur,Maharashtra,India,2022-02-01,Active
CUST003851,Harsh Chowdhury,Male,1993-05-27,9812732711,harsh.chowdhury934@yahoo.com,Marketing Manager,Retail,Lucknow,Uttar Pradesh,India,2023-03-26,Active
CUST003852,Radha Reddy,Female,1992-12-07,9385566482,radha.reddy240@yahoo.com,Doctor,Student,Chennai,Tamil Nadu,India,2015.06.16,active
CUST003853, Prasad Reddy,Male,24-04-2002,9961851633,prasad.reddy808@gmail.com,Nurse,Retail,Udaipur,Rajasthan,India,12-05-2020,Dormant
CUST003854,Raghavendra Menon,Male,1980-03-26,9584008702,raghavendra.menon192@gmail.com,Sales Executive,Retail,Mumbai,Maharashtra,India,04/04/2017,Active
CUST003855,Bhavna Chatterjee,Female,1973-11-26,95926-59368,bhavna.chatterjee611@rediffmail.com,Pharmacist,Retail,Patna,Bihar,India,2011-05-06,Active
CUST003856,Mallikarjun Menon,Male,1954-10-14,9140660004,MALLIKARJUN.MENON860@OUTLOOK.COM,Architect,Retail,Lucknow,Uttar Pradesh,India,24/06/2019,Active
CUST003857,Swati Pillai,Female,1995-05-17,9829876156,swati.pillai837@yahoo.com,Driver,Retail,Howrah,West Bengal,India,2018-02-14,Active
CUST003858,Prasad Chavan ,Male,2005-07-07,9477799096,prasad.chavan590@gmail.com,Student,Retail,Panaji,Goa,India,2025.08.13,Dormant
CUST003859, Santosh Prabhu,Male,1950-09-28,9449135451,santosh.prabhu207@yahoo.com,Business Owner,Retail,Thiruvananthapuram,Kerala,India,10/10/2016,Active
CUST003860,Vishal Sen,Male,1977-10-21,9762700729,vishal.sen377@rediffmail.com,Student,Retail, Kochi ,Kerala,India,2023-05-05,Active
CUST003861,Usha Naik,Female,1969-07-10,9353047817,usha.naik424@rediffmail.com,Government Employee,Premium,Mysuru,Karnataka,India,2017-01-25,Dormant
CUST003862,Varun Bose,Male,1993-02-20,9485245030,varun.bose845@rediffmail.com,Professor,Retail,Lucknow,Uttar Pradesh,India,2013-11-17,Active
CUST003863,Sarita Joshi,Female,1994-04-04,9647418989,sarita.joshi377@gmail.com,Nurse,Premium,Patna,Bihar,India,2016-06-01,Active
CUST003864,Reyansh Naidu,Male,03/10/1961,96339-12569,reyansh.naidu824@yahoo.com,Lawyer,Retail,Vijayawada,Andhra Pradesh,India,2024-09-20,Active
CUST003865,Nisha Gowda,Female,2005-09-04,9174017084,nisha.gowda950@gmail.com,Marketing Manager,Retail,Kochi,Kerala,India,17-09-2023,Active
CUST003866,Sai Roy,Male,1956-04-23,9993337755,sai.roy111@rediffmail.com,Architect,Student,Hubballi,Karnataka,India,2024-02-16,Active
CUST003867,Vinod Desai,Male,1995-04-30,964 732 5708,vinod.desai934@gmail.com,Student,Retail,Indore,Madhya Pradesh,India,2021-05-04,Active
CUST003868,Rahul Shah,Male,1992-11-28,9656468936,rahul.shah567@outlook.com,Data Analyst,Retail,Nagpur,Maharashtra,India,31/07/2022,Dormant
CUST003869, Kalpana Sharma,Female,1957-10-31,9894351869,kalpana.sharma600@yahoo.com,Chef,Retail,Warangal,Telangana,India,2022-09-10,Active
CUST003870,Basavaraj Reddy,Male,1988.10.27,9541660216,basavaraj.reddy306@outlook.com,Professor,Retail,Visakhapatnam,Andhra Pradesh,India,01/12/2019,Active
CUST003871,Rekha Jadhav,Female,1964-05-19,9127300658,REKHA.JADHAV334@REDIFFMAIL.COM,Bank Employee,Retail,Amritsar,Punjab,India,2020-05-08,Active
CUST003872,Ananya Deshmukh,Female,1964-08-09,9219761209,ananya.deshmukh540@yahoo.com,Retired,Retail,Visakhapatnam,Andhra Pradesh,India,02/01/2012,Blocked
CUST003873,Preeti Kale,Other,1953-03-29,9175460249,preeti.kale199@gmail.com,Lawyer,Retail,Howrah,West Bengal,India,2021-11-11,Active
CUST003874,Raghavendra Verma ,Male,1993-03-18,9716492632,raghavendra.verma717@outlook.com,Pharmacist,Retail,Indore,Madhya Pradesh,India,2022-01-20,Blocked
CUST003875,Aadhya Yadav,Female,1996-12-03,9694598890,aadhya.yadav666@outlook.com,Software Engineer,Retail,Patna,Bihar,India,2014-12-22,Active
CUST003876,Sarita Joshi,Female,1978-08-05,9248515692,SARITA.JOSHI9@GMAIL.COM,Tailor,Retail,Coimbatore,Tamil Nadu,India,20/01/2019,Active
CUST003877,Rashmi Das,Female,1995-01-03,9808606593,,Sales Executive,Corporate,Vijayawada,Andhra Pradesh,India,2018-11-28,Active
CUST003878,Jyoti Jadhav,Other,1969-02-12,9513709560,jyoti.jadhav513@outlook.com,HR Manager,Premium,Raipur,Chhattisgarh,India,2015-10-24,Active
CUST003879,Usha Chatterjee,Female,1982-03-28,9307486271,usha.chatterjee741@outlook.com,Civil Engineer,Retail,Bengaluru,Karnataka,India,2012-01-11,Active
CUST003880,Rashmi Kale,Female,1995-09-03,9604272101,rashmi.kale292@gmail.com,Sales Executive,Retail,Bhubaneswar,Odisha,India,2013-09-06,Active
CUST003881,Aditi Bose,Female,1974-02-05,9914587765,,Chef,Premium,Vadodara,Gujarat,India,2014-03-29,Active
CUST003882,Varun Hegde ,Male,1985-05-14,9295189575,varun.hegde533@yahoo.com,Nurse,Retail,Bhopal,Madhya Pradesh,India,2014-08-04,Active
CUST003883,Kiran Mehta,Female,1956-10-15,9656932100,kiran.mehta538@gmail.com,HR Manager,Senior Citizen,Varanasi,Uttar Pradesh,India,2014-04-17,Active
CUST003884,Ashok Desai,Male,1978-09-24,9759233288,ashok.desai110@outlook.com,Journalist,Corporate,Chennai,Tamil Nadu,India,2020-05-30,Active
CUST003885,Geeta Gupta,Female,1999-07-20,9662712094,geeta.gupta627@outlook.com,Accountant,Retail,Belagavi,Karnataka,India,2017-08-03,Active
CUST003886,Sangeeta Pawar,Female,1994-11-02,,sangeeta.pawar816@gmail.com,Journalist,Corporate,Lucknow,Uttar Pradesh,India,2012-10-31,ACTIVE
CUST003887,Dhruv Roy,Male,1966-03-08,9753157429,dhruv.roy211@outlook.com,Professor,Retail,Ludhiana,Punjab,India,2012-04-21,Active
CUST003888,Suresh Kale,Male,1981-01-02,+919310372618,suresh.kale543@gmail.com,Sales Executive,Retail,Amritsar,Punjab,India,08/03/2021,Active
CUST003889,Umesh Kotian,Male,1985-07-17,9191482629,umesh.kotian7@outlook.com,Police Officer,Student,Madurai,Tamil Nadu,India,2025-07-09,Active
CUST003890,Basavaraj Reddy,Male,2004-11-09,99907-80732,basavaraj.reddy211@rediffmail.com,Software Engineer,Premium,Dehradun,Uttarakhand,India,2023-09-26,Active
CUST003891,Rohan Verma,Male,1998.03.19,9387646498,rohan.verma71@rediffmail.com,Farmer,Retail,Howrah,West Bengal,India,2022-10-10,Active
CUST003892,Vandana Gowda,Female,1997-07-23,9953801667,vandana.gowda769@yahoo.com,HR Manager,Corporate,Varanasi,Uttar Pradesh,India,2015-12-11,Active
CUST003893,Snehal Menon,Female,1993-08-09,9341576187,snehal.menon994@yahoo.com,Chef,Retail,Warangal,Telangana,India,2021-12-09,Active
CUST003894,Usha More,Female,1969-09-12,9338968998,usha.more38@gmail.com,Accountant,Premium,Lucknow,Uttar Pradesh,India,2012-04-10,Active
CUST003895,Raghavendra Roy,Male,1970-11-03,9122437548,raghavendra.roy701@rediffmail.com,Data Analyst,Senior Citizen,Kanpur,Uttar Pradesh,India,2013-08-30,Active
CUST003896,Kiran Venkatesh,Female,1976-03-01,9497630938,kiran.venkatesh592@yahoo.com,Accountant,Corporate,Indore,Madhya Pradesh,India,2013-03-03,Blocked
CUST003897,Ramesh Kumar,Male,1973-10-22,9950476725,ramesh.kumar701@rediffmail.com,Chartered Accountant,Retail,Jaipur,Rajasthan,India,2013-11-08,Active
CUST003898,Namrata Krishnan,Female,12/30/2005,9905309146,NAMRATA.KRISHNAN501@REDIFFMAIL.COM,Professor,Retail,Kanpur,Uttar Pradesh,India,2024-01-03,Inactive
CUST003899,Mallikarjun Chavan,Male,2001-01-11,9374225923,mallikarjun.chavan990@yahoo.com,Electrician,Senior Citizen,Bhopal,Madhya Pradesh,India,2019-02-02,Active
CUST003900,Anil Gupta,Male,2002-03-27,9465666258,anil.gupta40@outlook.com,Accountant,Retail,Surat,Gujarat,India,2023-08-22,Dormant
CUST003901,Yash Rao,Male,1984-10-21,9643663658,yash.rao149@yahoo.com,Government Employee,Senior Citizen,Lucknow,Uttar Pradesh,India,2022-02-09,Active
CUST003902,Kalpana Dutta,Female,1959-08-01,9280366782,kalpana.dutta250@outlook.com,Shop Owner,Retail,Belagavi,Karnataka,India,2020.11.08,Active
CUST003903,Krishna Chowdhury,Male,1956-09-15,9420575333,krishna.chowdhury781@gmail.com,,Retail,Dehradun,Uttarakhand,India,2013-09-22,Active
CUST003904,Komal Venkatesh,Female,1964-08-13,9751620056,komal.venkatesh77@rediffmail.com,Shop Owner,Retail,Mysuru,Karnataka,India,2024-06-26,Active
CUST003905,Radha Desai,Female,1987-06-10,9121171147,RADHA.DESAI124@GMAIL.COM,Driver,Retail,Dehradun,Uttarakhand,India,2011-02-06,Active
CUST003906,Snehal Das,Female,1970.01.28,9639555459,snehal.das731@outlook.com,Retired,Retail,Bhubaneswar,Odisha,India,2026-06-14,Active
CUST003907,Amit Reddy,Male,1987-09-11,9792255950,AMIT.REDDY418@REDIFFMAIL.COM,Tailor,Retail,Vijayawada,Andhra Pradesh,India,2022-04-17,Active
CUST003908,Naveen Verma,Male,2001-04-21,9411566442,naveen.verma705@rediffmail.com,Chartered Accountant,Senior Citizen,Mumbai,Maharashtra,India,2019-05-14,Active
CUST003909,Mallikarjun Venkatesh,Male,04-04-1968,9746013297,mallikarjun.venkatesh366@rediffmail.com,Business Owner,Retail,Chennai,Tamil Nadu,India,2014-01-21,Active
CUST003910,Arjun Chavan,Male,2004-03-08,9635665689,arjun.chavan90@outlook.com,Farmer,Retail,Nagpur,Maharashtra,India,2022-03-16,Active
CUST003911,Ananya Jadhav,Female,1979-01-05,9121789458,ananya.jadhav596@rediffmail.com,Architect,Retail,Surat,Gujarat,India,2023-07-23,Blocked
CUST003912,Vihaan Yadav,Male,1996-08-10,09765933390,vihaan.yadav109@rediffmail.com,Nurse,Premium,Visakhapatnam,Andhra Pradesh,India,04/01/2018,Active
CUST003913,Gaurav Ghosh,Male,1951-08-16,9335165975,gaurav.ghosh478@yahoo.com,HR Manager,Retail,Bhubaneswar,Odisha,India,2011-12-08,Active
CUST003914,Ganesh Kotian,Male,1964-09-13,9205723365,ganesh.kotian879@outlook.com,Tailor,Corporate,Patna,Bihar,India,2018-09-01,Active
CUST003915,Deepika Patil,Female,2004-05-24,9901547594,DEEPIKA.PATIL183@YAHOO.COM,Student,Retail,Ludhiana,Punjab,India,2022-05-27,Active
CUST003916,Mallikarjun Kamath,Male,2001-09-27,9130564993,mallikarjun.kamath201@yahoo.com,Professor,Retail,Mumbai,Maharashtra,India,2019-09-30,Active
CUST003917,Ira Subramaniam,Female,1982-08-04,9714669936,ira.subramaniam947@rediffmail.com,Marketing Manager,Retail,Guwahati,Assam,India,2025-01-11,Active
CUST003918,Vihaan Reddy,Male,1949-12-28,9417652755,vihaan.reddy304@gmail.com,Civil Engineer,Retail,Warangal,Telangana,India,2016-04-27,ACTIVE
CUST003919,Pallavi Prabhu,Female,1951-08-14,927 583 2879,pallavi.prabhu372@gmail.com,Data Analyst,Retail,Indore,Madhya Pradesh,India,2014-10-14,Active
CUST003920,Suman Menon,Female,1973-08-12,9296447193,suman.menon683@gmail.com,Nurse,Retail,Bhubaneswar,Odisha,India,04-07-2021,Active
CUST003921,Vikram Hegde,Male,28/05/2002,9134664625,vikram.hegde128@gmail.com,HR Manager,Retail,Indore,Madhya Pradesh,India,2020-08-09,Active
CUST003922,Vivaan Venkatesh,Male,1970-11-17,9219580254,vivaan.venkatesh61@outlook.com,Consultant,Premium,Surat,Gujarat,India,2020-08-24,Active
CUST003923,Harsh Bhat,Male,2001-07-23,9452865353,harsh.bhat842@rediffmail.com,Student,Retail,Kochi,Kerala,India,2019-08-10,Active
CUST003924,Mallikarjun Verma,Male,1980.06.04,9241579669,mallikarjun.verma946@rediffmail.com,Bank Employee,Premium,Jaipur,Rajasthan,India,2015-12-13,Active
CUST003925,Ayaan Verma,Male,1956-03-01,9971340245,ayaan.verma986@rediffmail.com,Lawyer,Retail,Thiruvananthapuram,Kerala,India,2015-01-01,Inactive
CUST003926,Nisha Prabhu,Female,1981-12-18,9525083905,nisha.prabhu23@rediffmail.com,Police Officer,Premium,Jaipur,Rajasthan,India,2012-11-03,Active
CUST003927,Shreya Sen,Female,1970-01-26,9185412584,shreya.sen529@yahoo.com,Retired,Senior Citizen,Ahmedabad,Gujarat,India,2013-11-19,Active
CUST003928,Amit Bose,Male,1961-08-27,09987574833,amit.bose848@rediffmail.com,Accountant,Retail,Chennai,Tamil Nadu,India,2019-12-26,Inactive
CUST003929,Diya Sen,Female,1988-11-25,9752369702,diya.sen844@yahoo.com,Consultant,Retail, Ahmedabad ,Gujarat,India,2017-04-23,Active
CUST003930,Mallikarjun Mehta,Male,1960-05-23,9264888888,mallikarjun.mehta361@outlook.com,Retired,Retail,Patna,Bihar,India,2022-06-28,Active
CUST003931,Kalpana Patil,Female,2002-11-09,9657739000,kalpana.patil490@gmail.com,Chartered Accountant,Retail,Dehradun,Uttarakhand,India,2023-07-01,Inactive
CUST003932,Aditya Kamath,Male,1996-09-06,9136568810,aditya.kamath150@rediffmail.com,Police Officer,Retail,Bengaluru,Karnataka,India,2019-09-06,Active
CUST003933,Jyoti Ghosh ,Female,1995-05-19,9652880672,jyoti.ghosh139@rediffmail.com,Homemaker,Retail,Delhi,Delhi,India,2013-05-26,Active
CUST003934,Rekha Menon,Female,1952-08-13,9498018729,rekha.menon377@outlook.com,Software Engineer,Retail,Lucknow,Uttar Pradesh,India,2011-01-21,Active
CUST003935, Santosh Ghosh,Male,2006-03-15,9892409216,santosh.ghosh230@gmail.com,Driver,Corporate,Patna,Bihar,India,2024-03-31,Dormant
CUST003936,Girish Kale,Male,1977-11-19,9443667712,GIRISH.KALE971@YAHOO.COM,Government Employee,Retail,Hubballi,Karnataka,India,2015-05-22,Active
CUST003937,Ayaan Desai,Male,27-05-1992,9503112509,ayaan.desai80@outlook.com,Software Engineer,Retail,Warangal,Telangana,India,2012-02-22,Active
CUST003938,Suman Bhosale,Female,1959-08-11,9984828137,suman.bhosale528@yahoo.com,Journalist,Retail,Pune,Maharashtra,India,2023-02-05,Active
CUST003939,Sushma Kumar,Female,1994-07-13,9732378767,sushma.kumar556@outlook.com,Farmer,Retail,Nagpur,Maharashtra,India,2016-09-14,Active
CUST003940,Sarita Nair ,Female,1967-05-12,9534944517,sarita.nair60@yahoo.com,Bank Employee,Premium,Mysuru,Karnataka,India,2022-07-15,Active
CUST003941,Diya Raghunathan,Female,1990-11-02,9274966613,diya.raghunathan440@rediffmail.com,Architect,Premium,Ranchi,Jharkhand,India,2014-03-31,Dormant
CUST003942,Tanvi Naidu,Female,1964-10-18,9189571648,tanvi.naidu940@gmail.com,,Corporate,Dehradun,Uttarakhand,India,2011-03-01,Active
CUST003943,Reyansh Pawar,Male,26/06/2004,9248776242,reyansh.pawar110@yahoo.com,Retired,Retail,Udaipur,Rajasthan,India,2022-07-02,Active
CUST003944,Gaurav Kotian,Male,1990-12-04,9627242404,GAURAV.KOTIAN144@GMAIL.COM,Lawyer,Retail,Delhi,Delhi,India,2018-04-22,Dormant
CUST003945,Rekha Nair,Female,1975-05-27,9818607462,REKHA.NAIR165@OUTLOOK.COM,Chartered Accountant,Retail,Visakhapatnam,Andhra Pradesh,India,2018-06-15,Active
CUST003946,Aarav Prabhu,Male,1975-08-17,9977562943,aarav.prabhu55@yahoo.com,Business Owner,Retail,Hyderabad,Telangana,India,2017-10-17,Active
CUST003947,Kalpana Naidu,Female,1948-01-06,9628432187,kalpana.naidu884@yahoo.com,Chef,Premium,Hubballi,Karnataka,India,2025-11-27,Active
CUST003948,Prakash Shetty,Male,1966-02-21,9691280573,prakash.shetty46@gmail.com,Police Officer,Premium,Mysuru,Karnataka,India,2021-02-18,Inactive
CUST003949,Vihaan Mehta,Male,1995-10-25,9360432984,vihaan.mehta281@rediffmail.com,Student,Corporate,Howrah,West Bengal,India,2022-05-16,Dormant
CUST003950,Payal Salunkhe,Female,1998-05-14,+919468919495,payal.salunkhe825@gmail.com,Teacher,Retail,Ranchi,Jharkhand,India,2016-05-09,Active
CUST003951,Anil Joshi,Male,07/25/2008,09382833157,anil.joshi994@rediffmail.com,Data Analyst,Student,Ahmedabad,Gujarat,India,2026-07-31,Active
CUST003952,Vikram Iyer,Male,1953-03-13,9198117071,vikram.iyer153@rediffmail.com,Data Analyst,Student,Vadodara,Gujarat,India,2020-08-27,Active
CUST003953,Harsh Kumar,Male,1963-03-11,9433566514,,Retired,Retail,Kolkata,West Bengal,India,2020-02-01,Active
CUST003954,Kiran Iyer,Female,1994-06-06,+919295810401,kiran.iyer179@yahoo.com,Nurse,Retail,Vijayawada,Andhra Pradesh,India,17/09/2025,Active
CUST003955,Snehal Menon,Female,1969-11-21,9631971754,snehal.menon193@outlook.com,Marketing Manager,Premium,Indore,Madhya Pradesh,India,2018-05-23,Active
CUST003956,Girish Kale,Male,1963-01-16,9778311876,girish.kale943@rediffmail.com,Marketing Manager,Retail,Bhopal,Madhya Pradesh,India,2016-10-10,Active
CUST003957,Ramesh Reddy,Male,1965-01-17,9981664101,ramesh.reddy337@gmail.com,Retired,Retail,Vadodara,Gujarat,India,2025-09-03,Active
CUST003958,Varun Bhosale,Male,2003-08-13,938 644 5716,varun.bhosale611@gmail.com,Lawyer,Retail,Kanpur,Uttar Pradesh,India,2021-08-10,Active
CUST003959,Saanvi Mukherjee,Female,1999-12-22,9947681119,saanvi.mukherjee157@gmail.com,Marketing Manager,Retail,Panaji,Goa,India,2019-11-10,Active
CUST003960,Yash Reddy,Male,1948-05-03,9553151829,YASH.REDDY285@REDIFFMAIL.COM,,Corporate,Bhopal,Madhya Pradesh,India,2011-06-10,Dormant
CUST003961,Ritu Kumar,Female,1998-12-04,9284632166,ritu.kumar361@gmail.com,Electrician,Corporate,Amritsar,Punjab,India,2016-12-10,Active
CUST003962,Diya Joshi,Female,1981-09-21,9799816758,DIYA.JOSHI586@REDIFFMAIL.COM,Student,Senior Citizen,Pune,Maharashtra,India,2011-11-22,Active
CUST003963,Vishal Kotian,Male,1999-02-28,9201662305,vishal.kotian899@rediffmail.com,Journalist,Retail,Dehradun,Uttarakhand,India,2017-06-29,Active
CUST003964,Nisha Hegde,Female,1985-09-12,9424980790,nisha.hegde243@rediffmail.com,Chef,Premium,Raipur,Chhattisgarh,India,2025-06-22,Active
CUST003965,Anjali Naidu,Female,1989-09-13,9578902403,anjali.naidu644@outlook.com,Consultant,Retail,Bhopal,Madhya Pradesh,India,2012-02-09,Active
CUST003966,Ananya More,Female,1982-12-22,9978832782,ananya.more494@outlook.com,Bank Employee,Retail,Raipur,Chhattisgarh,India,2026-02-26,Dormant
CUST003967,Kabir Prabhu,Male,1992-07-04,9836192987,kabir.prabhu794@outlook.com,Accountant,Senior Citizen,Varanasi,Uttar Pradesh,India,2024-07-02,Active
CUST003968,Rekha Rao,Female,1997-05-17,9536377414,rekha.rao334@outlook.com,Police Officer,Corporate,Hyderabad,Telangana,India,2015-05-20,Active
CUST003969,Bhavna Iyer,Female,1978.10.16,+919176435161,bhavna.iyer423@rediffmail.com,Shop Owner,Premium,Kochi,Kerala,India,29/03/2011,Active
CUST003970,Kavya Hegde,Female,1954-10-17,9819923553,kavya.hegde622@yahoo.com,Consultant,Retail,Thiruvananthapuram,Kerala,India,2024-12-29,Active
CUST003971,Kiran Patil,Other,21/08/1953,98710-45304,kiran.patil443@rediffmail.com,Chef,Retail,Mysuru,Karnataka,India,2020.02.04,Active
CUST003972,Kabir Jadhav,Male,1973-03-05,9525291698,,Sales Executive,Premium,Chennai,Tamil Nadu,India,2013-09-14,Active
CUST003973,Divya Yadav,Female,1976-09-04,9598642784,divya.yadav14@gmail.com,Accountant,Retail,Hyderabad,Telangana,India,2025-10-26,Active
CUST003974,Aditi Kulkarni,Female,2000-04-29,9865001630,aditi.kulkarni348@rediffmail.com,Civil Engineer,Retail,Kanpur,Uttar Pradesh,India,2019-09-21,Active
CUST003975,Sanjay Deshmukh,Male,1950-01-03,9831466682,sanjay.deshmukh175@outlook.com,Tailor,Corporate,Mysuru,Karnataka,India,2020-11-13,Active
CUST003976,Naveen Naidu,Male,2001-11-03,9561353662,naveen.naidu144@gmail.com,Farmer,Retail,Bhubaneswar,Odisha,India,2021-07-15,Active
CUST003977,Chetan Desai,Male,1951-05-05,9271534559,chetan.desai54@gmail.com,Tailor,Retail,Bengaluru,Karnataka,India,2014-02-18,Active
CUST003978,Ira Kulkarni,Female,1978-03-11,9653869535,IRA.KULKARNI356@GMAIL.COM,Consultant,Retail,Vijayawada,Andhra Pradesh,India,2016-07-30,Active
CUST003979,Dhruv More,Male,1973-08-10,9341495576,DHRUV.MORE218@OUTLOOK.COM,Consultant,Retail,Indore,Madhya Pradesh,India,2012-12-31,Inactive
CUST003980,Neha Chowdhury,Female,1981-10-20,9566328543,neha.chowdhury757@rediffmail.com,Chef,Retail,Kolkata,West Bengal,India,2019-03-22,Active
CUST003981,Sai Chavan,Male,1950-07-29,9572437000,sai.chavan502@yahoo.com,Lawyer,Retail,Howrah,West Bengal,India,2026-05-05,Active
CUST003982,Yash Rao,Male,1994-04-12,9961083013,yash.rao786@gmail.com,HR Manager,Retail,Indore,Madhya Pradesh,India,2020-10-01,Active
CUST003983,Rashmi Krishnan,Female,1956-02-20,9703078921,RASHMI.KRISHNAN884@REDIFFMAIL.COM,Software Engineer,Retail,Belagavi,Karnataka,India,2021-10-02,Active
CUST003984,Manoj Gupta,Male,1995-03-26,9601641856,manoj.gupta784@outlook.com,Civil Engineer,Retail,Patna,Bihar,India,2014-01-05,Blocked
CUST003985,Vidya Bose,Female,1982-05-05,9461754379,VIDYA.BOSE421@OUTLOOK.COM,Software Engineer,Corporate,Varanasi,Uttar Pradesh,India,2019-06-03,Active
CUST003986,Sanjay Verma,Male,2001-10-20,9687040958,sanjay.verma973@gmail.com,Software Engineer,Retail,Chennai,Tamil Nadu,India,2026-06-13,Active
CUST003987,Jyoti Subramaniam,Female,2007-04-19,9893995376,jyoti.subramaniam385@outlook.com,Sales Executive,Premium,Panaji,Goa,India,2025-05-13,Active
CUST003988,Ishaan Patil,Male,1999-02-14,9615205153,ishaan.patil824@yahoo.com,Sales Executive,Premium,Thiruvananthapuram,Kerala,India,2017-02-11,Active
CUST003989,Myra Shetty,Other,1975-05-23,9694031382,myra.shetty173@gmail.com,Chartered Accountant,Retail,Hubballi,Karnataka,India,2022-03-09,Active
CUST003990,Sushma Joshi,Female,1973-02-08,9395184780,sushma.joshi967@yahoo.com,Professor,Retail,Bhopal,Madhya Pradesh,India,2011-02-28,Active
CUST003991,Mallikarjun Kulkarni,Male,1988-03-01,9614680748,,Chef,Senior Citizen,Surat,Gujarat,India,03/18/2014,Active
CUST003992,Mallikarjun Chavan,Male,1987-05-13,9384599250,MALLIKARJUN.CHAVAN626@YAHOO.COM,Retired,Retail,Bhubaneswar,Odisha,India,2025-09-02,Active
CUST003993,Pradeep Reddy,Male,1995-11-17,9413984903,pradeep.reddy354@rediffmail.com,Business Owner,Retail,Udaipur,Rajasthan,India,2013.11.17,Active
CUST003994,Suman Sharma,Female,1977-04-11,9478767689,suman.sharma229@rediffmail.com,Civil Engineer,Retail,Shimla,Himachal Pradesh,India,2017-09-01,Active
CUST003995,Meera Singh,Female,1976-01-11,9362825068,MEERA.SINGH329@OUTLOOK.COM,Driver,Corporate,Vijayawada,Andhra Pradesh,India,2016-02-16,Active
CUST003996,Deepak Bose ,Male,1955-02-23,9276035283,deepak.bose607@rediffmail.com,Shop Owner,Retail,Pune,Maharashtra,India,2017-03-12,Active
CUST003997,Dhruv Dutta,Male,1958-03-27,9550180467,dhruv.dutta112@rediffmail.com,Shop Owner,Retail,Surat,Gujarat,India,2015-01-04,Active
CUST003998,Payal Patil,Female,1997-10-12,9869518728,payal.patil198@gmail.com,Professor,Retail,Chennai,Tamil Nadu,India,2015-10-26,Active
CUST003999,Kavya Shah,Female,2007.12.06,9128563935,kavya.shah919@yahoo.com,Sales Executive,Premium,Jaipur,Rajasthan,India,2025-12-30,Dormant
CUST004000,Jyoti Kumar,Female,1984-06-15,9699032865,jyoti.kumar86@yahoo.com,Chef,Retail,Mysuru,Karnataka,India,2011-05-27,Dormant
CUST004001,Rajesh Das,Male,1968-11-07,9834876396,rajesh.das721@outlook.com,,Senior Citizen,Kanpur,Uttar Pradesh,India,2013-01-05,Blocked
CUST004002,Anika Patil,Female,1951-07-07,9841835560,anika.patil301@rediffmail.com,Civil Engineer,Corporate,Hubballi,Karnataka,India,2015-02-10,Active
CUST004003,Namrata Shetty,Other,1950-08-17,9867401530,namrata.shetty319@rediffmail.com,Journalist,Retail,Kochi,Kerala,India,2023-11-04,Active
CUST004004,Vihaan Chavan,Male,1989-01-02,938 565 1511,vihaan.chavan363@gmail.com,Pharmacist,Retail,Jaipur,Rajasthan,India,2017-02-09,Active
CUST004005,Aryan Shah,Male,1986-11-18,9190772659,aryan.shah382@outlook.com,Electrician,Senior Citizen,Shimla,Himachal Pradesh,India,2011-07-17,Active
CUST004006,Ganesh Bhosale,Male,1965-02-24,9995893577,ganesh.bhosale708@gmail.com,Government Employee,Retail,Panaji,Goa,India,31/01/2019,Dormant
CUST004007,Sushma Patil,Female,1959-06-08,9729987717,sushma.patil803@yahoo.com,Business Owner,Retail,Kochi,Kerala,India,2020-09-30,Active
CUST004008,Suresh Prabhu,Male,1952-03-12,9421489156,suresh.prabhu363@yahoo.com,Architect,Retail,Vadodara,Gujarat,India,2018-02-10,Active
CUST004009,Myra Menon,Female,1989-05-04,9866845550,myra.menon172@outlook.com,Homemaker,Retail,Patna,Bihar,India,2012-05-18,Active
CUST004010,Priya Rao,Female,1984-09-30,9418341724,priya.rao4@rediffmail.com,Chartered Accountant,Retail,Bhopal,Madhya Pradesh,India,2024-08-28,Active
CUST004011,Meera Joshi,Female,1968.03.10,9774390184,MEERA.JOSHI724@REDIFFMAIL.COM,Software Engineer,Premium,Mysuru,Karnataka,India,2024-05-02,Active
CUST004012,Jyoti Raghunathan,Female,1992-05-11,09964571912,jyoti.raghunathan916@yahoo.com,Electrician,Premium,Ahmedabad,Gujarat,India,2025-02-27,Active
CUST004013,Arjun Hegde,Male,1999-03-17,9791110380,arjun.hegde35@outlook.com,Chef,Retail,Shimla,Himachal Pradesh,India,2025-12-23,Active
CUST004014,Diya Bhosale,Female,04/05/1979,92720-52307,diya.bhosale589@gmail.com,Pharmacist,Retail,Warangal,Telangana,India,2015-12-05,Dormant
CUST004015,Santosh Kulkarni,Male,11/24/1963,9940098094,santosh.kulkarni218@gmail.com,Chef,Retail,Mumbai,Maharashtra,India,2017-07-20,Active
CUST004016,Pooja Patil,Female,1948-05-04,948 317 9445,pooja.patil211@rediffmail.com,Chef,Premium,Ludhiana,Punjab,India,2025-11-28,Active
CUST004017,Swati Verma,Female,1996-03-10,9660827696,swati.verma827@rediffmail.com,Doctor,Retail,Vijayawada,Andhra Pradesh,India,2017-12-27,Active
CUST004018,Usha Mehta,Female,1982-12-13,9650698959,usha.mehta252@rediffmail.com,Civil Engineer,Student,Bhopal,Madhya Pradesh,India,06/09/2024,Active
CUST004019,Namrata Das,Female,1969-01-18,9321827324,namrata.das304@yahoo.com,Consultant,Corporate,Thiruvananthapuram,Kerala,India,2021-01-23,Active
CUST004020,Dhruv Salunkhe,Male,1948-05-26,9642819018,dhruv.salunkhe124@outlook.com,Driver,Premium,Howrah,West Bengal,India,05/31/2025,Active
CUST004021,Pallavi Gowda,Female,25/04/1997,9451662856,pallavi.gowda903@gmail.com,Chartered Accountant,Retail,Howrah,West Bengal,India,12/05/2015,Active
CUST004022,Sarita Mukherjee,Female,2004-02-15,9414635429,sarita.mukherjee905@outlook.com,Chef,Retail,Visakhapatnam,Andhra Pradesh,India,2022-02-21,Active
CUST004023,Swati Yadav,Female,1977-02-25,9873021135,swati.yadav912@yahoo.com,Electrician,Retail,Dehradun,Uttarakhand,India,2023-06-11,Active
CUST004024,Prakash Desai,Male,1964-03-11,9749797574,PRAKASH.DESAI230@REDIFFMAIL.COM,Homemaker,Premium,Udaipur,Rajasthan,India,2014-01-30,Active
CUST004025,Mahesh More,Male,1985-07-19,9540515735,mahesh.more188@yahoo.com,Driver,Senior Citizen,Warangal,Telangana,India,2022-06-05,Blocked
CUST004026,Preeti Jadhav,Female,2000-10-07,9117239956,preeti.jadhav939@outlook.com,Homemaker,Student,Delhi,Delhi,India,2018-10-21,Active
CUST004027,Mahesh Kale,Male,1983-07-31,9738081659,mahesh.kale612@outlook.com,Tailor,Retail,Mumbai,Maharashtra,India,2025-01-21,Active
CUST004028,Anika Patil,Female,1948-09-24,9764376753,anika.patil264@rediffmail.com,Pharmacist,Premium,Udaipur,Rajasthan,India,2025-02-12,Inactive
CUST004029,Ira Das,Female,1959-10-27,9781246973,IRA.DAS47@GMAIL.COM,Government Employee,Retail,Varanasi,Uttar Pradesh,India,2011-01-22,Active
CUST004030,Priya Ghosh,Female,1953-11-21,94597-91746,priya.ghosh798@yahoo.com,Professor,Retail,Bhopal,Madhya Pradesh,India,2018.11.17,Active
CUST004031,Mallikarjun Pillai,Male,1972-11-29,9759433598,mallikarjun.pillai801@yahoo.com,Shop Owner,Premium,Amritsar,Punjab,India,2016-12-10,Active
CUST004032, Sneha Shah,Female,1975-05-07,+919855511464,sneha.shah11@gmail.com,Student,Senior Citizen,Howrah,West Bengal,India,2024-11-01,Active
CUST004033,Pradeep Joshi,Male,1980.06.10,9730244504,pradeep.joshi478@rediffmail.com,Accountant,Corporate,Hubballi,Karnataka,India,2015-12-23,Active
CUST004034,Chetan Verma,Male,1993-12-16,99469-09302,chetan.verma483@rediffmail.com,Electrician,Corporate,Ludhiana,Punjab,India,2022-03-13,Active
CUST004035,Rekha Gowda,Female,1954-10-22,9168702974,rekha.gowda464@gmail.com,Lawyer,Retail,Bhubaneswar,Odisha,India,2012-10-24,Inactive
CUST004036,Sanjay Sharma,Male,2005-02-07,9391870597,sanjay.sharma369@outlook.com,Doctor,Premium,Kanpur,Uttar Pradesh,India,14-02-2023,Active
CUST004037,Dhruv Deshmukh,Male,1963-12-20,9153458533,dhruv.deshmukh328@rediffmail.com,Police Officer,Premium,Pune,Maharashtra,India,2026-04-23,Active
CUST004038,Suresh Desai,Male,1979-07-27,9255315536,suresh.desai334@yahoo.com,Accountant,Retail,Jaipur,Rajasthan,India,2016-12-23,Active
CUST004039,Shweta Nair,Female,1960-10-09,09436257753,shweta.nair919@outlook.com,Data Analyst,Retail,Kochi,Kerala,India,2022-11-25,Active
CUST004040,Manisha Venkatesh,Female,1969-07-14,9121078754,manisha.venkatesh991@outlook.com,HR Manager,Retail,Dehradun,Uttarakhand,India,2026-01-14,Active
CUST004041,Deepak Kotian,Male,1998-06-11,9456559030,deepak.kotian112@gmail.com,Retired,Retail,Lucknow,Uttar Pradesh,India,2025-12-30,Active
CUST004042,Amit Reddy,Male,1950-09-12,9214646009,amit.reddy720@rediffmail.com,Police Officer,Premium,Jaipur,Rajasthan,India,2011-04-22,Active
CUST004043,Meera Sen,Female,1977-04-10,9201956102,meera.sen573@rediffmail.com,Accountant,Senior Citizen,Ahmedabad,Gujarat,India,2014-08-13,Active
CUST004044,Mahesh Chowdhury,Male,1983-05-13,,mahesh.chowdhury256@yahoo.com,Software Engineer,Premium,Surat,Gujarat,India,2022.02.07,Active
CUST004045,Priya Naik,Female,1982-07-12,9510115555,priya.naik186@yahoo.com,Police Officer,Retail,Mumbai,Maharashtra,India,2025-05-26,Inactive
CUST004046,Manisha Kamath,Female,1971-01-09,9610604760,manisha.kamath751@rediffmail.com,Farmer,Retail,Bengaluru,Karnataka,India,2026-03-17,Inactive
CUST004047,Pooja Bhosale,Female,1970-11-21,9362459328,pooja.bhosale364@rediffmail.com,Nurse,Retail,Bhubaneswar,Odisha,India,2022-03-11,Active
CUST004048,Namrata Mehta,Female,2003-01-29,9537075428,NAMRATA.MEHTA130@GMAIL.COM,Civil Engineer,Premium,Howrah,West Bengal,India,2021-02-17,Active
CUST004049,Rekha Joshi,Female,1962-08-07,9798094054,rekha.joshi968@yahoo.com,Consultant,Retail,Dehradun,Uttarakhand,India,2022-07-15,Inactive
CUST004050,Nisha Desai,Female,01/30/1977,9569305173,nisha.desai925@outlook.com,Government Employee,Retail, Ahmedabad ,Gujarat,India,2015-03-24,Active
CUST004051,Ayaan Agarwal,Male,25/01/1970,9814101327,ayaan.agarwal418@gmail.com,Bank Employee,Corporate,Shimla,Himachal Pradesh,India,2023-07-25,Active
CUST004052,Manoj Patil,Male,1994-05-16,9536273619,manoj.patil426@rediffmail.com,Police Officer,Retail,Delhi,Delhi,India,2019-07-02,Inactive
CUST004053,Payal Subramaniam,Female,1996-10-27,9425944416,payal.subramaniam420@gmail.com,Shop Owner,Premium,Delhi,Delhi,India,2014-10-27,Active
CUST004054,Harsh Chowdhury,Male,1999-05-22,9905328098,harsh.chowdhury191@rediffmail.com,Journalist,Senior Citizen,Chandigarh,Chandigarh,India,2024-02-10,Active
CUST004055,Shreya Kumar,Female,1953-02-22,9911230878,shreya.kumar106@gmail.com,Consultant,Premium,Amritsar,Punjab,India,2026-05-13,Active
CUST004056,Rekha Bhat,Female,1953-12-14,9305814577,rekha.bhat273@rediffmail.com,Homemaker,Senior Citizen,Mysuru,Karnataka,India,2018-11-14,Active
CUST004057,Vandana Subramaniam,Female,1970-09-29,9516801099,vandana.subramaniam387@gmail.com,Architect,Premium,Lucknow,Uttar Pradesh,India,2023-08-17,Active
CUST004058,Anil Mehta,Male,1974-09-16,97952-48875,ANIL.MEHTA155@OUTLOOK.COM,Software Engineer,Retail,Chennai,Tamil Nadu,India,2011-12-05,Active
CUST004059,Chetan Bhosale,Male,1951-10-26,+919335108062,chetan.bhosale36@yahoo.com,Shop Owner,Retail,Ranchi,Jharkhand,India,20/03/2015,Active
CUST004060,Sneha Hegde,Female,2002-02-22,9909780301,sneha.hegde929@yahoo.com,Data Analyst,Retail,Varanasi,Uttar Pradesh,India,2020-03-15,Blocked
CUST004061,Vishal Chatterjee,Male,2002-05-05,+919312308970,vishal.chatterjee876@gmail.com,Marketing Manager,Retail,Bhopal,Madhya Pradesh,India,2020-05-22,Active
CUST004062,Diya Gowda,Female,1973-09-18,923 765 6329,diya.gowda306@outlook.com,Police Officer,Premium,Madurai,Tamil Nadu,India,2016-11-03,Active
CUST004063,Divya Joshi,Female,1994.08.13,9950268749,divya.joshi614@outlook.com,Civil Engineer,Retail, Hyderabad ,Telangana,India,2017-09-13,Active
CUST004064,Anika Rao,Female,1982-03-28,9872691070,anika.rao143@yahoo.com,Shop Owner,Retail,Thiruvananthapuram,Kerala,India,2016-01-05,Active
CUST004065,Kalpana Bhosale,Female,1987-10-22,9278988001,KALPANA.BHOSALE925@YAHOO.COM,Consultant,Corporate,Howrah,West Bengal,India,2019-06-19,Active
CUST004066,Prasad Naik,Male,11/23/2000,9260952226,prasad.naik812@outlook.com,Government Employee,Retail,Indore,Madhya Pradesh,India,2018-12-07,Active
CUST004067,Arjun Dutta,Male,1953-07-28,9745447359,arjun.dutta176@outlook.com,Professor,Retail,Hubballi,Karnataka,India,2016-05-27,Active
CUST004068,Saanvi Naik,Female,1962-02-02,9450200137,saanvi.naik213@outlook.com,Teacher,Premium,Warangal,Telangana,India,2024-01-20,Active
CUST004069,Girish Verma,Male,1973-12-07,9880917610,girish.verma333@gmail.com,Teacher,Retail,Bengaluru,Karnataka,India,2019-09-26,Active
CUST004070,Amit Subramaniam,Male,2002-03-13,9885925838,amit.subramaniam94@outlook.com,Chartered Accountant,Retail,Belagavi,Karnataka,India,2020-04-01,Active
CUST004071,Ganesh Kumar,Male,1983-11-10,09824737413,ganesh.kumar347@yahoo.com,Software Engineer,Retail,Madurai,Tamil Nadu,India,2016-02-06,Active
CUST004072,Rajesh Sharma,Male,1972-01-20,9853390794,rajesh.sharma668@yahoo.com,Shop Owner,Premium,Udaipur,Rajasthan,India,2023-11-20,Active
CUST004073,Shreya Pawar,Female,1949-09-27,9591307763,shreya.pawar725@yahoo.com,Farmer,Premium,Mysuru,Karnataka,India,2013-10-19,Active
CUST004074,Karan Shah,Male,1983-12-05,9884666033,karan.shah8@yahoo.com,Civil Engineer,Retail,Belagavi,Karnataka,India,2025-04-27,Active
CUST004075,Ritu Kumar,Female,1964-05-02,9923772617,ritu.kumar352@gmail.com,Accountant,Retail,Panaji,Goa,India,2015-08-07,Inactive
CUST004076,Chetan Agarwal,Male,1967-11-15,9352413234,chetan.agarwal831@yahoo.com,Bank Employee,Premium,Lucknow,Uttar Pradesh,India,2020-10-15,active
CUST004077,Rashmi Reddy,Female,2008-05-02,9482702599,rashmi.reddy869@outlook.com,Shop Owner,Retail,Patna,Bihar,India,2026-05-09,Active
CUST004078,Siddharth Subramaniam,Male,08-12-1979,9655856221,siddharth.subramaniam562@gmail.com,Sales Executive,Retail,Ranchi,Jharkhand,India,2020-09-18,Active
CUST004079,Kalpana Hegde,Female,1956-05-28,9450638674,kalpana.hegde734@rediffmail.com,Government Employee,Retail,Bengaluru,Karnataka,India,2023-05-23,Active
CUST004080,Umesh Ghosh,Male,1950-12-26,9334140541,umesh.ghosh247@yahoo.com,Teacher,Retail,Kochi,Kerala,India,2013-04-25,active
CUST004081,Kalpana Agarwal,Female,1971-07-10,9388696962,kalpana.agarwal867@outlook.com,Software Engineer,Retail,Dehradun,Uttarakhand,India,2016-06-21,Active
CUST004082,Santosh Deshmukh,Male,1951-12-15,9568114842,santosh.deshmukh473@gmail.com,Farmer,Retail,Vadodara,Gujarat,India,2019-10-31,Active
CUST004083,Rajesh Reddy,Male,1973-12-21,9329442203,rajesh.reddy691@gmail.com,Nurse,Retail,Dehradun,Uttarakhand,India,2015-01-18,Active
CUST004084,Naveen Kulkarni,Male,1973-02-14,9743547651,naveen.kulkarni262@rediffmail.com,Accountant,Retail, Vijayawada ,Andhra Pradesh,India,2016-10-30,Active
CUST004085,Divya Chowdhury,Female,2001-04-13,9694008933,divya.chowdhury173@rediffmail.com,Shop Owner,Corporate,Kanpur,Uttar Pradesh,India,2024-10-06,Inactive
CUST004086,Snehal Joshi,Female,1968-04-16,09307448116,snehal.joshi532@gmail.com,Professor,Retail,Bengaluru,Karnataka,India,23/07/2014,Dormant
CUST004087,Prakash Roy,Male,1964-09-25,9264348526,prakash.roy522@rediffmail.com,Data Analyst,Premium,Kochi,Kerala,India,2013-12-12,Active
CUST004088,Ramesh Jadhav,Male,1985-04-22,9826743369,ramesh.jadhav571@rediffmail.com,Lawyer,Retail,Panaji,Goa,India,2020-01-24,Active
CUST004089,Neha Hegde,Female,18/09/1986,+919712074303,neha.hegde807@gmail.com,Electrician,Retail,Chandigarh,Chandigarh,India,2012-07-20,Active
CUST004090,Snehal Kulkarni,Female,1950-04-18,9980009810,snehal.kulkarni771@gmail.com,Chartered Accountant,Student,Amritsar,Punjab,India,07-01-2011,Active
CUST004091,Naveen Pawar,Male,1953-01-27,9945053778,naveen.pawar302@gmail.com,Chef,Retail,Kanpur,Uttar Pradesh,India,2024-07-06,active
CUST004092,Jyoti Shetty,Female,1958-02-27,9426590759,jyoti.shetty466@rediffmail.com,Consultant,Corporate,Surat,Gujarat,India,04/18/2015,Active
CUST004093,Tanvi Roy,Female,1995-01-26,9516281987,,Farmer,Premium,Vijayawada,Andhra Pradesh,India,2013-02-10,Active
CUST004094,Payal Krishnan,Female,1960-09-11,9103008697,payal.krishnan786@outlook.com,Professor,Retail,Hubballi,Karnataka,India,2021-03-12,Inactive
CUST004095,Gaurav Bhat,Male,2008-02-21,9877476493,gaurav.bhat136@yahoo.com,Shop Owner,Premium,Vadodara,Gujarat,India,2026-02-22,Active
CUST004096,Prasad Desai,Male,1974-09-08,9250979783,prasad.desai70@rediffmail.com,Software Engineer,Premium,Hubballi,Karnataka,India,2018-01-26,Active
CUST004097,Ashok Desai,Male,2004-07-22,09334469116,ASHOK.DESAI520@REDIFFMAIL.COM,Bank Employee,Corporate,Bhopal,Madhya Pradesh,India,2022-07-26,Blocked
CUST004098, Ananya Naidu,Female,1962.12.14,9533694486,ananya.naidu920@rediffmail.com,Shop Owner,Retail,Visakhapatnam,Andhra Pradesh,India,2013-04-06,Active
CUST004099,Siddharth Sharma,Male,1973-09-02,9734776414,siddharth.sharma376@yahoo.com,Pharmacist,Retail,Shimla,Himachal Pradesh,India,2024-05-04,Active
CUST004100,Divya Verma,Female,1956-05-04,9418491496,divya.verma186@outlook.com,Police Officer,Retail,Coimbatore,Tamil Nadu,India,2011-01-08,Active
CUST004101, Nisha Kotian,Female,1999-04-06,9944575480,nisha.kotian184@outlook.com,Farmer,Retail,Ranchi,Jharkhand,India,2018-07-05,Active
CUST004102,Swati Menon,Female,1984-03-15,9804536802,swati.menon835@gmail.com,Data Analyst,Retail,Dehradun,Uttarakhand,India,2015-03-15,Active
CUST004103,Prasad Kumar,Male,1952-08-01,9765870346,prasad.kumar660@outlook.com,Chef,Retail,Ludhiana,Punjab,India,2020-12-20,Active
CUST004104,Sai Bhosale,Male,1993-01-24,9795285121,sai.bhosale494@outlook.com,Chartered Accountant,Retail,Lucknow,Uttar Pradesh,India,07/13/2019,Active
CUST004105,Ashok Chavan,Male,2001-10-01,9840636927,ashok.chavan926@outlook.com,Data Analyst,Corporate,Hubballi,Karnataka,India,2019-10-02,Active
CUST004106,Pallavi Naidu,Female,1989-07-07,9644067307,pallavi.naidu105@yahoo.com,Chartered Accountant,Student,Jaipur,Rajasthan,India,2019-04-22,Active
CUST004107,Komal Kotian,Female,1996-12-21,9267603272,komal.kotian616@outlook.com,Consultant,Retail,Guwahati,Assam,India,2015-01-01,Active
CUST004108,Nikhil Singh,Male,24/09/1964,09800606274,nikhil.singh360@rediffmail.com,Retired,Retail,Kochi,Kerala,India,2013-01-13,ACTIVE
CUST004109,Pooja Agarwal,,1974-03-08,9195118762,pooja.agarwal233@outlook.com,Shop Owner,Retail,Ahmedabad,Gujarat,India,2025-01-24,Active
CUST004110,Suresh Iyer,Male,1999-10-07,9656322923,SURESH.IYER917@REDIFFMAIL.COM,,Retail,Chennai,Tamil Nadu,India,2020-07-14,Dormant
CUST004111,Vinod Kamath,Male,03/11/1984,9125865859,,Architect,Retail,Bhopal,Madhya Pradesh,India,2021-02-27,Active
CUST004112,Dhruv Nair,Male,1985-01-24,09437250485,dhruv.nair834@yahoo.com,Chartered Accountant,Senior Citizen,Vadodara,Gujarat,India,2026-07-09,Active
CUST004113,Ritu Dutta,Female,1994-06-22,09208152174,ritu.dutta149@outlook.com,Software Engineer,Retail,Jaipur,Rajasthan,India,2025-01-17,Active
CUST004114,Girish Kale,Male,1985-03-28,9821460057,girish.kale721@outlook.com,Marketing Manager,Retail,Vijayawada,Andhra Pradesh,India,2020-02-02,Active
CUST004115,Ramesh Menon,Male,1955-08-29,999 636 4277,ramesh.menon358@rediffmail.com,Journalist,Retail,Mumbai,Maharashtra,India,2023-04-24,Active
CUST004116,Ritu Chavan,Female,1960-11-22,9962179186,RITU.CHAVAN380@YAHOO.COM,Bank Employee,Retail,Coimbatore,Tamil Nadu,India,2019-03-14,Inactive
CUST004117,Payal Pillai,Female,1995-03-01,9376105460,payal.pillai194@gmail.com,Chartered Accountant,Corporate,Visakhapatnam,Andhra Pradesh,India,2014-09-12,Active
CUST004118,Vikram Hegde,Male,1962-09-03,9473483429,VIKRAM.HEGDE588@OUTLOOK.COM,Shop Owner,Corporate,Visakhapatnam,Andhra Pradesh,India,2020-09-03,Active
CUST004119,Amit Shah,Male,1988-04-27,9220341853,AMIT.SHAH856@OUTLOOK.COM,Business Owner,Retail,Warangal,Telangana,India,2025-03-09,Active
CUST004120,Aadhya Hegde,Female,05/10/1976,9839537437,aadhya.hegde232@outlook.com,Accountant,Retail,Shimla,Himachal Pradesh,India,2024-09-01,Active
CUST004121,Suresh Iyer,Male,1985-07-31,9207804190,SURESH.IYER537@OUTLOOK.COM,Accountant,Senior Citizen,Chennai,Tamil Nadu,India,2018-11-06,Active
CUST004122,Santosh Singh,Male,1962-05-29,9131943286,santosh.singh647@outlook.com,Electrician,Premium, Nagpur ,Maharashtra,India,2025-09-12,Active
CUST004123,Divya Deshmukh,Female,1966-10-21,9849932199,divya.deshmukh630@gmail.com,Lawyer,Retail,Warangal,Telangana,India,2014-01-26,Active
CUST004124,Sai Hegde,Male,1989-09-07,9856913256,sai.hegde261@rediffmail.com,Professor,Retail,Kanpur,Uttar Pradesh,India,2011-08-21,Active
CUST004125,Ira Bose,Female,1958-05-27,9868304535,ira.bose29@yahoo.com,HR Manager,Retail,Mumbai,Maharashtra,India,2017-04-07,Active
CUST004126,Prakash Patil,Male,1966-09-10,9873151935,prakash.patil828@gmail.com,Business Owner,Retail,Hubballi,Karnataka,India,2014-03-09,Active
CUST004127, Shivraj Yadav,Male,2008-06-19,9425868245,shivraj.yadav596@rediffmail.com,Shop Owner,Retail,Guwahati,Assam,India,2026-07-02,Active
CUST004128,Mahesh Sen,Male,1957-03-15,9788682418,mahesh.sen704@rediffmail.com,HR Manager,Premium, Kochi ,Kerala,India,2012-10-18,Active
CUST004129,Deepak Naik,Male,1982-12-28,9378506836,deepak.naik531@outlook.com,Homemaker,Retail,Kochi,Kerala,India,2019-04-23,Inactive
CUST004130,Vikram Patil,Male,1957-03-08,9800481293,vikram.patil386@outlook.com,Software Engineer,Premium, Shimla ,Himachal Pradesh,India,2023-01-01,Active
CUST004131,Reyansh Sen,Male,1990-11-04,9918917898,reyansh.sen252@gmail.com,Software Engineer,Premium,Coimbatore,Tamil Nadu,India,2012-09-21,Active
CUST004132,Ira Yadav,Female,1955-09-16,9965136787,ira.yadav659@yahoo.com,Student,Premium,Panaji,Goa,India,2011-09-16,Active
CUST004133,Diya Pawar,Female,1982-10-10,9799934250,diya.pawar830@gmail.com,Journalist,Retail,Howrah,West Bengal,India,2019-08-08,Active
CUST004134,Siddharth Sharma,Male,1974-08-22,9817529770,siddharth.sharma325@yahoo.com,Teacher,Retail,Visakhapatnam,Andhra Pradesh,India,2025-01-09,Active
CUST004135,Sunita Mukherjee,Female,1989-11-26,09638153855,sunita.mukherjee25@yahoo.com,Business Owner,Premium,Guwahati,Assam,India,2011-04-03,Active
CUST004136,Myra Gowda,Female,1948-03-08,917 027 1203,myra.gowda156@gmail.com,Farmer,Corporate,Chennai,Tamil Nadu,India,2011-04-27,Active
CUST004137,Divya Das,Female,1979-04-07,9492710437,divya.das579@outlook.com,Lawyer,Retail,Chennai,Tamil Nadu,India,2025-05-19,Active
CUST004138,Prasad Shah,Male,1980-11-09,99579-99459,PRASAD.SHAH235@OUTLOOK.COM,Professor,Senior Citizen,Kanpur,Uttar Pradesh,India,2020-05-12,ACTIVE
CUST004139,Anil Nair,Male,07/31/1962,9920877955,ANIL.NAIR813@YAHOO.COM,Chef,Senior Citizen,Lucknow,Uttar Pradesh,India,2021-11-24,Active
CUST004140,Suresh Sen,Male,1966-01-26,9314763962,suresh.sen272@rediffmail.com,Lawyer,Premium,Coimbatore,Tamil Nadu,India,2015-04-13,Active
CUST004141,Reyansh Reddy,Male,1990-10-18,97724-99887,reyansh.reddy493@yahoo.com,Data Analyst,Retail,Madurai,Tamil Nadu,India,2015-11-08,Active
CUST004142,Santosh Patil,Male,1981-06-21,09376367635,santosh.patil227@gmail.com,Software Engineer,Premium,Panaji,Goa,India,2018-04-24,Active
CUST004143,Sangeeta Sen,Female,1983-01-26,9475152318,sangeeta.sen454@rediffmail.com,Shop Owner,Retail,Bhubaneswar,Odisha,India,2014-04-29,Active
CUST004144,Ritu Krishnan,Female,2004-09-02,9684091728,ritu.krishnan677@gmail.com,Retired,Retail,Delhi,Delhi,India,2022-09-15,Dormant
CUST004145,Chetan Pillai,Male,1972-07-15,9643911865,chetan.pillai795@gmail.com,Police Officer,Retail,Ranchi,Jharkhand,India,27-10-2025,Active
CUST004146,Prasad Kale,Male,2000-08-25,9188588489,prasad.kale739@yahoo.com,Pharmacist,Premium,Hubballi,Karnataka,India,2022-08-20,ACTIVE
CUST004147,Vikram Menon,Male,2007-01-07,9367015344,vikram.menon507@outlook.com,Teacher,Retail,Vadodara,Gujarat,India,2025-01-13,Active
CUST004148,Siddharth Menon,Male,1982-12-03,9829670498,siddharth.menon457@yahoo.com,Marketing Manager,Retail,Mumbai,Maharashtra,India,2018-09-19,Active
CUST004149,Bhavna Naik,Female,1960-10-31,9657449070,bhavna.naik325@rediffmail.com,Doctor,Retail,Thiruvananthapuram,Kerala,India,2023-03-28,Active
CUST004150,Suresh Kulkarni ,Male,1973-04-30,9857532046,suresh.kulkarni986@yahoo.com,Software Engineer,Retail,Delhi,Delhi,India,2017-07-18,Active
CUST004151,Ananya Pillai,Female,1950-10-27,99688-53101,ananya.pillai732@rediffmail.com,Business Owner,Retail,Coimbatore,Tamil Nadu,India,2020-08-04,Active
CUST004152,Kalpana Pillai,Female,1990.04.23,9420078016,kalpana.pillai890@outlook.com,Journalist,Retail,Delhi,Delhi,India,2022-05-07,Active
CUST004153,Snehal Singh ,Female,1964-07-28,9337923889,snehal.singh739@gmail.com,Bank Employee,Retail,Delhi,Delhi,India,26/10/2023,Active
CUST004154,Ira Krishnan,Female,2003-12-05,9615018979,ira.krishnan87@yahoo.com,,Retail,Belagavi,Karnataka,India,2025-05-20,Active
CUST004155,Payal More,Female,1987-07-25,9327010738,PAYAL.MORE265@GMAIL.COM,Data Analyst,Retail,Varanasi,Uttar Pradesh,India,2012-08-21,Active
CUST004156,Kabir Raghunathan,Male,1977-08-28,9451277582,kabir.raghunathan460@rediffmail.com,Professor,Premium,Dehradun,Uttarakhand,India,2023-05-03,Active
CUST004157,Rohan Kamath,Male,1959-04-22,92561-12846,rohan.kamath315@outlook.com,Shop Owner,Retail,Warangal,Telangana,India,2022-01-10,Active
CUST004158,Lakshmi Shah,Female,1954-01-06,9447099823,lakshmi.shah907@yahoo.com,Tailor,Premium,Guwahati,Assam,India,2022-06-12,Active
CUST004159,Nikhil Chatterjee,Male,1988-09-28,9953006604,nikhil.chatterjee491@outlook.com,Marketing Manager,Retail, Kanpur ,Uttar Pradesh,India,2011-03-25,Active
CUST004160,Namrata Pillai,Female,1994-05-30,9481504647,namrata.pillai220@outlook.com,Chartered Accountant,Retail,Madurai,Tamil Nadu,India,2018-07-30,Active
CUST004161,Sunil Dutta,Male,1964-02-14,9783130137,sunil.dutta597@outlook.com,Chartered Accountant,Retail,Nagpur,Maharashtra,India,2025-12-05,Active
CUST004162,Reyansh Rao,Male,1948-08-19,94873-87380,reyansh.rao378@yahoo.com,Consultant,Retail,Guwahati,Assam,India,2024-12-26,Active
CUST004163,Harsh Bhosale,Male,1967-05-18,09490064950,harsh.bhosale128@yahoo.com,Lawyer,Retail,Mumbai,Maharashtra,India,2014-08-03,Active
CUST004164,Anika Gupta,Female,1994-04-28,9692608281,anika.gupta946@yahoo.com,Business Owner,Premium,Surat,Gujarat,India,2018-07-22,Inactive
CUST004165,Ganesh Dutta,Male,1983-02-24,9199153457,ganesh.dutta944@rediffmail.com,Doctor,Retail,Pune,Maharashtra,India,2024-06-03,Active
CUST004166,Girish Kale,Male,1953-02-22,9419721714,girish.kale775@yahoo.com,Driver,Retail,Guwahati,Assam,India,2025-06-15,Active
CUST004167,Dhruv Yadav,Male,1954-12-14,92254-93379,dhruv.yadav314@yahoo.com,Sales Executive,Retail,Shimla,Himachal Pradesh,India,2016-02-23,Dormant
CUST004168,Manisha Pillai,Female,1954-06-17,9738809574,manisha.pillai831@outlook.com,Government Employee,Retail,Warangal,Telangana,India,2023-06-23,Active
CUST004169,Mahesh Pillai,Other,1993-12-03,9257159963,mahesh.pillai288@outlook.com,HR Manager,Retail,Warangal,Telangana,India,2023-12-21,Active
CUST004170,Aditya Rao,Male,1995-05-11,9282772935,aditya.rao878@rediffmail.com,Business Owner,Retail,Varanasi,Uttar Pradesh,India,15-05-2013,Active
CUST004171,Ira Deshmukh,Female,1972-09-17,9615506660,ira.deshmukh883@gmail.com,Driver,Retail,Lucknow,Uttar Pradesh,India,2011-07-01,Active
CUST004172,Rahul Raghunathan,Male,1989-10-09,9413086568,rahul.raghunathan171@gmail.com,Marketing Manager,Premium,Ahmedabad,Gujarat,India,2011-09-24,Inactive
CUST004173,Shweta Menon,Female,1949-04-07,9210354001,shweta.menon315@yahoo.com,Tailor,Retail,Howrah,West Bengal,India,2013-04-04,Inactive
CUST004174,Umesh Kotian,Male,1982-01-15,,UMESH.KOTIAN698@OUTLOOK.COM,Accountant,Retail,Delhi,Delhi,India,2022-07-06,Active
CUST004175,Amit Pawar,Male,1964-06-26,9930931922,amit.pawar234@rediffmail.com,Police Officer,Premium,Madurai,Tamil Nadu,India,2017-01-19,Active
CUST004176,Pallavi Salunkhe,Female,1997-09-17,9623078112,PALLAVI.SALUNKHE802@OUTLOOK.COM,Civil Engineer,Retail,Chandigarh,Chandigarh,India,2021-08-28,Active
CUST004177,Aadhya Salunkhe,Female,1977-08-09,9572382975,aadhya.salunkhe678@rediffmail.com,Chartered Accountant,Corporate,Ranchi,Jharkhand,India,2012-05-25,Active
CUST004178,Harsh Verma,Male,1999-07-31,9827512547,harsh.verma227@gmail.com,Chartered Accountant,Premium,Bhubaneswar,Odisha,India,2020-05-09,Active
CUST004179,Priya Verma,Female,1982-02-07,9193493204,priya.verma775@outlook.com,Chartered Accountant,Retail,Lucknow,Uttar Pradesh,India,2022-07-30,Active
CUST004180,Anjali Chowdhury,Female,1975-09-19,9397347572,ANJALI.CHOWDHURY44@REDIFFMAIL.COM,Electrician,Retail,Bhubaneswar,Odisha,India,2026-03-03,Active
CUST004181,Mallikarjun Singh,Male,2005-05-15,9374070692,mallikarjun.singh384@outlook.com,Student,Retail,Chandigarh,Chandigarh,India,2023-05-17,Active
CUST004182,Saanvi Pawar,Female,2008-05-11,9906046346,saanvi.pawar178@yahoo.com,Architect,Premium,Howrah,West Bengal,India,2026-05-23,Active
CUST004183,Saanvi Kotian,Female,1975-08-08,9557404674,saanvi.kotian1@rediffmail.com,Journalist,Retail,Howrah,West Bengal,India,2018-07-04,Active
CUST004184,Karan Hegde,Male,1969-08-30,9829416774,karan.hegde740@rediffmail.com,Government Employee,Premium,Lucknow,Uttar Pradesh,India,2016-05-28,Active
CUST004185,Bhavna Sharma,Female,1987-02-26,9751104984,BHAVNA.SHARMA153@YAHOO.COM,Student,Retail,Warangal,Telangana,India,2020-12-09,Active
CUST004186,Varun Sharma,Male,1958-05-23,9628664380,varun.sharma693@outlook.com,Government Employee,Premium,Bhubaneswar,Odisha,India,10/12/2019,Active
CUST004187,Sangeeta More,,1971-05-28,9798731791,sangeeta.more76@rediffmail.com,Sales Executive,Student,Delhi,Delhi,India,12/11/2023,Active
CUST004188,Rohan Venkatesh,Male,1999-04-02,9333719538,rohan.venkatesh890@gmail.com,Chef,Retail,Nagpur,Maharashtra,India,2017-04-11,Dormant
CUST004189,Sanjay Pillai,Male,2002.05.03,9626932496,sanjay.pillai976@gmail.com,Farmer,Retail,Udaipur,Rajasthan,India,2020-05-26,active
CUST004190,Vandana Shetty,Female,1973-03-05,9911465355,vandana.shetty317@outlook.com,Professor,Retail,Nagpur,Maharashtra,India,01-01-2020,Active
CUST004191,Payal Sen,Female,1971-08-24,9145683962,payal.sen486@rediffmail.com,Pharmacist,Retail,Delhi,Delhi,India,2019-12-01,Active
CUST004192,Manisha Krishnan,Female,2000-12-23,9550947656,manisha.krishnan621@gmail.com,Architect,Retail,Ahmedabad,Gujarat,India,2025-01-08,Active
CUST004193,Naveen Shetty,Other,1960-03-31,9566438733,naveen.shetty589@outlook.com,Sales Executive,Retail,Mumbai,Maharashtra,India,2021-06-26,Active
CUST004194,Karan Kale,Male,1951-09-15,9137965060,karan.kale27@outlook.com,Software Engineer,Premium,Chennai,Tamil Nadu,India,2011-01-25,Active
CUST004195,Abhishek Ghosh,Male,1952-05-29,9101779597,abhishek.ghosh978@rediffmail.com,Chartered Accountant,Senior Citizen,Kanpur,Uttar Pradesh,India,2018-08-07,Active
CUST004196,Chetan Gowda,Male,1954-09-23,9675716252,chetan.gowda934@rediffmail.com,Homemaker,Premium,Howrah,West Bengal,India,2024-02-19,Active
CUST004197,Aryan Kumar,Male,2001-04-20,09309004151,aryan.kumar486@gmail.com,Tailor,Retail,Panaji,Goa,India,2024-07-26,Active
CUST004198, Karan Bhosale,Male,1950-06-10,9237023225,karan.bhosale554@outlook.com,Nurse,Retail,Belagavi,Karnataka,India,2023-06-17,Active
CUST004199,Ananya Das,Female,1968-02-20,9238941520,ananya.das170@outlook.com,Sales Executive,Retail,Patna,Bihar,India,2018-06-02,ACTIVE
CUST004200,Suman Sen,Female,1984-06-21,9410961502,suman.sen747@yahoo.com,Civil Engineer,Premium,Chandigarh,Chandigarh,India,2012-08-25,Active
CUST004201,Shivraj Nair,Male,1984-11-27,9746261877,SHIVRAJ.NAIR514@GMAIL.COM,Architect,Premium,Thiruvananthapuram,Kerala,India,2014-04-25,Active
CUST004202,Mahesh Rao,Male,1998-05-25,9872517888,,Lawyer,Corporate,Bhopal,Madhya Pradesh,India,2024-02-27,Dormant
CUST004203,Saanvi Pillai,Female,2007-06-07,9578977959,saanvi.pillai307@outlook.com,Farmer,Retail,Nagpur,Maharashtra,India,2025-06-11,Active
CUST004204,Prakash Kulkarni,Male,1972-05-24,9952677189,prakash.kulkarni82@outlook.com,Tailor,Retail,Guwahati,Assam,India,2022-11-12,Active
CUST004205,Harsh Deshmukh,Male,1962-02-13,9812132547,harsh.deshmukh788@outlook.com,Driver,Retail,Kolkata,West Bengal,India,2011-07-25,Dormant
CUST004206,Reyansh Naik,Male,1953-06-29,+919248552568,reyansh.naik63@outlook.com,Chartered Accountant,Retail,Bhopal,Madhya Pradesh,India,2018-08-18,Active
CUST004207,Chetan Venkatesh,Male,2002-01-02,9761934670,chetan.venkatesh563@rediffmail.com,Homemaker,Retail,Hyderabad,Telangana,India,2025-10-07,Active
CUST004208,Sanjay Hegde,Male,1970-08-17,9307967149,sanjay.hegde814@outlook.com,Student,Retail,Ahmedabad,Gujarat,India,2014-10-23,Active
CUST004209,Shalini Jadhav,Female,2002-06-06,9966978938,shalini.jadhav53@gmail.com,Lawyer,Retail,Patna,Bihar,India,2020-06-23,Active
CUST004210,Varun Deshmukh,Male,1969-01-31,9862189535,varun.deshmukh152@yahoo.com,Lawyer,Retail, Vijayawada ,Andhra Pradesh,India,2015-06-23,Active
CUST004211,Kiran Sharma,Female,1993-10-20,9157903520,kiran.sharma761@gmail.com,Driver,Retail,Panaji,Goa,India,2011-12-24,Active
CUST004212,Riya Naik,Female,1986-12-25,9255408574,riya.naik823@rediffmail.com,Business Owner,Student,Ranchi,Jharkhand,India,2020-07-06,Active
CUST004213,Pooja Verma,Female,1991-03-21,09497269351,pooja.verma82@rediffmail.com,Consultant,Corporate,Kanpur,Uttar Pradesh,India,2013-12-24,Active
CUST004214,Suresh Shetty,Male,1987-07-05,9767184798,,Doctor,Retail,Kanpur,Uttar Pradesh,India,2014-10-29,Active
CUST004215,Pradeep Roy,Male,1966-08-05,9597021608,pradeep.roy606@gmail.com,,Premium,Raipur,Chhattisgarh,India,2020-02-18,Active
CUST004216,Yash Gowda,Male,1954-03-29,9176930612,yash.gowda541@outlook.com,Retired,Retail, Chennai ,Tamil Nadu,India,2016-01-21,Active
CUST004217,Krishna Hegde,Male,1948-08-27,9665625385,krishna.hegde516@gmail.com,Software Engineer,Senior Citizen,Raipur,Chhattisgarh,India,2021.02.08,Active
CUST004218,Ishaan Mukherjee,Male,1973-06-15,9683474589,ishaan.mukherjee262@yahoo.com,Teacher,Retail,Thiruvananthapuram,Kerala,India,2025-06-18,Active
CUST004219,Jyoti Krishnan,Female,2002-01-04,9936761203,JYOTI.KRISHNAN538@YAHOO.COM,Government Employee,Retail,Kochi,Kerala,India,2025-06-21,Dormant
CUST004220,Chetan Subramaniam,Male,1986-12-04,93391-30109,chetan.subramaniam50@yahoo.com,HR Manager,Retail,Chandigarh,Chandigarh,India,2022-05-01,active
CUST004221,Prakash Naidu,Male,05/11/1988,9134398218,prakash.naidu871@yahoo.com,Pharmacist,Student,Amritsar,Punjab,India,19-01-2026,Active
CUST004222,Dhruv Iyer,Male,1963-09-07,9774605110,dhruv.iyer542@yahoo.com,,Senior Citizen,Indore,Madhya Pradesh,India,09-06-2022,Dormant
CUST004223,Komal Deshmukh ,Female,1977-06-13,97324-11909,komal.deshmukh372@gmail.com,Nurse,Retail,Belagavi,Karnataka,India,2012-01-21,Active
CUST004224,Rashmi Jadhav,Female,1972-08-29,956 743 5906,rashmi.jadhav367@rediffmail.com,Teacher,Retail,Guwahati,Assam,India,2025-11-07,Active
CUST004225,Kavya Sen,Female,1956-04-04,09722858628,kavya.sen370@yahoo.com,Software Engineer,Retail,Ranchi,Jharkhand,India,2019-10-22,Active
CUST004226,Payal Venkatesh ,Female,1985-03-06,09261005516,payal.venkatesh435@rediffmail.com,Chef,Premium, Visakhapatnam ,Andhra Pradesh,India,2011-02-02,Active
CUST004227,Vidya Rao,Female,1970-01-07,,vidya.rao193@gmail.com,Marketing Manager,Retail,Vijayawada,Andhra Pradesh,India,2020-08-22,Active
CUST004228,Lakshmi Menon,Female,1972-05-28,+919904720606,lakshmi.menon601@rediffmail.com,Chartered Accountant,Retail,Vijayawada,Andhra Pradesh,India,2014-10-19,Active
CUST004229,Ayaan Roy,Male,02/29/1984,9562917551,AYAAN.ROY184@OUTLOOK.COM,Civil Engineer,Retail,Pune,Maharashtra,India,2019-04-21,Active
CUST004230,Nisha Das,Female,1949-11-13,967 532 9618,nisha.das314@gmail.com,Electrician,Retail,Thiruvananthapuram,Kerala,India,2021-03-23,Active
CUST004231, Namrata Mehta,Female,2004-09-19,9996379090,namrata.mehta870@rediffmail.com,HR Manager,Retail,Vijayawada,Andhra Pradesh,India,2022-09-15,Active
CUST004232,Reyansh Mukherjee ,Male,1961-06-27,9372442721,REYANSH.MUKHERJEE563@OUTLOOK.COM,Bank Employee,Corporate,Raipur,Chhattisgarh,India,2017.10.23,Active
CUST004233,Kiran Desai,Female,1989-02-23,9532326154,kiran.desai902@outlook.com,Marketing Manager,Senior Citizen,Kanpur,Uttar Pradesh,India,2011-11-12,Active
CUST004234,Prasad Pawar,Male,1995-01-07,9717156354,prasad.pawar657@rediffmail.com,Sales Executive,Retail,Visakhapatnam,Andhra Pradesh,India,2013-01-03,Active
CUST004235,Umesh Bose,Male,1957-04-30,9236115712,umesh.bose782@rediffmail.com,Student,Senior Citizen,Panaji,Goa,India,2014-04-14,Active
CUST004236,Nikhil Kumar,Male,1963-01-20,9599705011,nikhil.kumar90@gmail.com,Government Employee,Premium,Mumbai,Maharashtra,India,2023-02-20,Inactive
CUST004237,Ananya Pillai,Female,1972-12-25,9373416122,ananya.pillai504@yahoo.com,HR Manager,Retail,Panaji,Goa,India,2017-06-02,active
CUST004238,Riya Iyer,Female,1997-07-16,9298191309,riya.iyer350@gmail.com,Police Officer,Retail,Thiruvananthapuram,Kerala,India,2015-07-13,Active
CUST004239,Rohan Gowda,Male,1986-07-09,9494078651,rohan.gowda18@gmail.com,,Retail,Varanasi,Uttar Pradesh,India,10/08/2022,Active
CUST004240,Rajesh Venkatesh,Male,1976-04-14,9891609059,rajesh.venkatesh90@gmail.com,Professor,Student,Delhi,Delhi,India,2019-06-14,Active
CUST004241,Reyansh Bhat ,Male,1999-06-18,+919474435907,REYANSH.BHAT190@OUTLOOK.COM,Homemaker,Premium,Visakhapatnam,Andhra Pradesh,India,2017-07-03,Inactive
CUST004242,Sunil Kulkarni,Male,1976-08-25,9850661349,sunil.kulkarni7@outlook.com,Chartered Accountant,Retail,Hyderabad,Telangana,India,2019-09-27,active
CUST004243,Sunita Kale,Other,2001-09-03,9215782408,sunita.kale437@gmail.com,Civil Engineer,Retail,Surat,Gujarat,India,2019-08-30,Active
CUST004244,Siddharth Kamath,Male,1994-09-05,9922615929,siddharth.kamath52@yahoo.com,Chef,Retail, Hyderabad ,Telangana,India,2020-11-18,Dormant
CUST004245,Vishal Shetty,Male,1958-06-07,9629537766,vishal.shetty823@gmail.com,Doctor,Retail,Raipur,Chhattisgarh,India,2025-09-21,Active
CUST004246,Rahul Deshmukh,Male,1971-03-22,9611969116,rahul.deshmukh592@gmail.com,Farmer,Premium,Udaipur,Rajasthan,India,2015-11-27,Active
CUST004247,Aditya Naik,Other,1949-07-10,9726856508,aditya.naik962@gmail.com,Marketing Manager,Corporate,Bengaluru,Karnataka,India,01/08/2022,Dormant
CUST004248, Ishaan Patil,Male,1962-06-13,9326498035,ishaan.patil85@outlook.com,Retired,Retail,Mumbai,Maharashtra,India,2011-05-14,Active
CUST004249,Pallavi Nair,Female,1949-05-13,98152-94518,pallavi.nair80@gmail.com,Professor,Retail,Shimla,Himachal Pradesh,India,2017-04-29,Active
CUST004250,Reyansh Nair,Male,1954-05-13,9663737619,reyansh.nair867@rediffmail.com,Doctor,Retail,Coimbatore,Tamil Nadu,India,2024.10.23,Active
CUST004251,Sanjay Singh,Male,1948-04-04,9516419744,sanjay.singh392@rediffmail.com,Business Owner,Retail,Bhubaneswar,Odisha,India,2012-02-28,Active
CUST004252,Sangeeta Ghosh ,Female,1988-09-15,9657666510,sangeeta.ghosh758@rediffmail.com,Police Officer,Retail,Pune,Maharashtra,India,2025-06-09,Active
CUST004253,Yash Prabhu,Male,1972-10-24,9533870825,yash.prabhu190@rediffmail.com,Lawyer,Retail,Panaji,Goa,India,2012.06.15,Active
CUST004254,Usha More,Female,1976-06-20,9511645104,usha.more9@rediffmail.com,Software Engineer,Premium,Bhopal,Madhya Pradesh,India,2018-06-28,Active
CUST004255,Vihaan Bhosale,Male,1994-04-24,9596161496,vihaan.bhosale497@rediffmail.com,Civil Engineer,Retail,Chennai,Tamil Nadu,India,2013-10-24,Dormant
CUST004256,Pallavi Verma,Female,1997-01-13,9353292646,pallavi.verma573@rediffmail.com,Professor,Corporate,Panaji,Goa,India,2015-01-25,Active
CUST004257,Swati Kulkarni,Female,1980-04-15,09613123703,swati.kulkarni112@gmail.com,Journalist,Senior Citizen,Hyderabad,Telangana,India,2016-06-05,Active
CUST004258,Sunita Gowda,Female,1975.09.23,9722808856,sunita.gowda11@outlook.com,Police Officer,Retail,Shimla,Himachal Pradesh,India,2020-01-10,Active
CUST004259,Pradeep Agarwal,Male,1987-05-17,9658353217,pradeep.agarwal212@yahoo.com,Teacher,Premium,Chandigarh,Chandigarh,India,2022-03-23,Active
CUST004260,Ananya Hegde,Female,1973-02-16,+919507185074,ananya.hegde109@rediffmail.com,Business Owner,Retail,Vadodara,Gujarat,India,2015-11-28,Active
CUST004261,Saanvi Kotian,Other,1974-10-21,9689554812,saanvi.kotian995@gmail.com,Professor,Retail,Nagpur,Maharashtra,India,2018-08-26,Active
CUST004262,Mahesh Reddy,Male,07-02-1966,9379264629,mahesh.reddy987@yahoo.com,Civil Engineer,Retail,Madurai,Tamil Nadu,India,01-11-2013,Active
CUST004263,Vinod Gowda,Male,1959-06-29,9710030644,vinod.gowda16@yahoo.com,Government Employee,Retail, Nagpur ,Maharashtra,India,2022-05-03,Active
CUST004264,Kiran Bhosale,Female,1960-01-30,9696534774,kiran.bhosale457@rediffmail.com,Sales Executive,Premium,Dehradun,Uttarakhand,India,2013-08-16,Active
CUST004265,Mahesh Kumar,Male,1987-09-13,9546417611,mahesh.kumar384@yahoo.com,Police Officer,Premium,Bengaluru,Karnataka,India,2024-05-18,Active
CUST004266,Snehal Bhat,Female,1998-04-23,9919035411,snehal.bhat28@rediffmail.com,,Premium,Bengaluru,Karnataka,India,2016-04-20,ACTIVE
CUST004267,Payal Reddy,Female,1973-09-01,9587531263,payal.reddy666@yahoo.com,Professor,Retail,Bengaluru,Karnataka,India,2021-04-26,Active
CUST004268,Ayaan Kulkarni,Male,1953-10-07,9586738321,ayaan.kulkarni849@outlook.com,Electrician,Premium,Raipur,Chhattisgarh,India,2016-02-21,Active
CUST004269,Bhavna Menon,Female,1984-12-20,9521196176,bhavna.menon611@outlook.com,Chartered Accountant,Premium,Raipur,Chhattisgarh,India,2026-06-26,Active
CUST004270,Preeti Raghunathan,Female,2002-08-27,+919784005299,preeti.raghunathan916@yahoo.com,Teacher,Corporate,Patna,Bihar,India,2020-09-12,Active
CUST004271,Vivaan Iyer,Male,1979-12-17,9943501369,vivaan.iyer637@yahoo.com,Journalist,Premium,Nagpur,Maharashtra,India,2025-09-28,Active
CUST004272,Ananya Bose,Female,1949-08-18,09156080799,ananya.bose548@yahoo.com,Government Employee,Retail,Lucknow,Uttar Pradesh,India,2023-12-30,Active
CUST004273,Sunil Gupta,Male,1952-12-18,9111250645,sunil.gupta946@outlook.com,Chef,Retail,Vijayawada,Andhra Pradesh,India,2018-04-09,Active
CUST004274,Anil Bose,Male,1979-08-22,9108779554,anil.bose705@yahoo.com,Software Engineer,Retail,Belagavi,Karnataka,India,2018-09-11,Active
CUST004275,Shalini Sharma,Female,2000-03-13,945 084 7227,shalini.sharma764@rediffmail.com,Journalist,Retail,Guwahati,Assam,India,2018-03-21,Active
CUST004276,Basavaraj Chatterjee,Male,1951-07-14,9119547370,basavaraj.chatterjee779@gmail.com,Shop Owner,Corporate,Mumbai,Maharashtra,India,2017-08-23,Active
CUST004277,Priya Prabhu,Female,1993-08-27,9681946808,PRIYA.PRABHU32@GMAIL.COM,Shop Owner,Senior Citizen,Amritsar,Punjab,India,2018-03-29,Inactive
CUST004278,Chetan Salunkhe,Male,1995-03-26,986 392 9393,CHETAN.SALUNKHE734@GMAIL.COM,Civil Engineer,Student,Kanpur,Uttar Pradesh,India,2013-04-07,Active
CUST004279,Krishna Naidu,Male,1951.02.15,,krishna.naidu748@rediffmail.com,Electrician,Retail,Panaji,Goa,India,2016-01-07,active
CUST004280,Rahul Naik,Male,1960-10-23,9148988072,rahul.naik494@yahoo.com,Chef,Retail,Surat,Gujarat,India,2024-08-10,Active
CUST004281,Pallavi Chavan,Female,1948-03-29,910 871 3185,pallavi.chavan564@gmail.com,Accountant,Retail,Guwahati,Assam,India,2026-03-18,Active
CUST004282,Shweta Chowdhury,Female,1982-04-14,9796510911,shweta.chowdhury832@gmail.com,Homemaker,Corporate,Ludhiana,Punjab,India,2011-11-08,Active
CUST004283,Ritu Reddy,Female,1958-08-03,99558-43374,ritu.reddy142@rediffmail.com,Government Employee,Premium,Warangal,Telangana,India,2022-05-18,Active
CUST004284,Suman Rao,Other,2003-07-10,9160983793,suman.rao527@rediffmail.com,Teacher,Premium,Thiruvananthapuram,Kerala,India,2021-07-25,Active
CUST004285,Kalpana Deshmukh,Female,1953-07-09,9166701467,kalpana.deshmukh770@yahoo.com,Homemaker,Senior Citizen,Jaipur,Rajasthan,India,2021-02-27,Active
CUST004286,Divya Gowda,Female,1987-05-02,9986983361,divya.gowda259@outlook.com,Civil Engineer,Retail,Vadodara,Gujarat,India,2020-08-27,Active
CUST004287,Rohan Mukherjee,Male,1995-09-02,9353752645,rohan.mukherjee264@yahoo.com,Accountant,Retail,Guwahati,Assam,India,2024-08-27,Active
CUST004288,Vandana Pawar,Female,1958.10.20,9367288822,vandana.pawar5@rediffmail.com,Data Analyst,Premium,Coimbatore,Tamil Nadu,India,2021-11-29,Active
CUST004289,Suman Kumar,Female,1963-04-20,9241106635,suman.kumar312@outlook.com,Chef,Retail,Bengaluru,Karnataka,India,2023.10.19,Active
CUST004290,Sarita Mukherjee,Female,04/06/1996,916 391 8490,sarita.mukherjee358@yahoo.com,Civil Engineer,Retail,Udaipur,Rajasthan,India,2023-06-13,Inactive
CUST004291,Sai Joshi,Male,1953-08-15,92218-27945,sai.joshi951@rediffmail.com,Government Employee,Retail,Amritsar,Punjab,India,2021-01-21,Active
CUST004292,Aarav Verma,Male,1974-09-30,9861985517,aarav.verma83@gmail.com,Doctor,Retail,Hubballi,Karnataka,India,2017-05-17,Active
CUST004293,Lakshmi Kotian,Female,1963.02.24,9124290574,lakshmi.kotian646@rediffmail.com,Doctor,Student,Kolkata,West Bengal,India,2016-03-28,Active
CUST004294,Arjun Reddy,Male,1948-10-18,09905796401,arjun.reddy64@yahoo.com,Retired,Retail, Bhopal ,Madhya Pradesh,India,2016-05-21,Active
CUST004295,Anil Kale,Male,1975-05-11,9298079929,anil.kale798@rediffmail.com,Bank Employee,Retail,Udaipur,Rajasthan,India,07/28/2016,Active
CUST004296,Lakshmi Menon,Female,1977-06-28,+919331657421,LAKSHMI.MENON469@REDIFFMAIL.COM,Sales Executive,Senior Citizen,Kochi,Kerala,India,06/26/2015,Active
CUST004297,Ayaan Sharma,Male,1969-01-11,9901891833,ayaan.sharma425@outlook.com,Teacher,Retail,Kanpur,Uttar Pradesh,India,2015-10-30,Active
CUST004298,Ishaan Jadhav,Male,1997-03-22,9136367934,ishaan.jadhav942@gmail.com,Electrician,Premium,Amritsar,Punjab,India,2019-10-29,Active
CUST004299,Sai Joshi,Male,1953-10-25,9742932246,sai.joshi748@rediffmail.com,Business Owner,Senior Citizen,Panaji,Goa,India,2015-03-14,Active
CUST004300,Naveen Shetty,,1974-01-18,9941104399,naveen.shetty106@outlook.com,Marketing Manager,Retail,Vadodara,Gujarat,India,2016-06-01,Active
CUST004301,Deepika Ghosh,Female,1958-12-10,9496498548,deepika.ghosh266@rediffmail.com,Student,Retail,Vadodara,Gujarat,India,07/01/2022,Active
CUST004302,Ananya Sharma,Female,1993-12-12,9505678148,ananya.sharma274@gmail.com,Chef,Retail,Hyderabad,Telangana,India,2016-02-05,Active
CUST004303,Vikram Pawar,Other,1981-09-23,9890742850,vikram.pawar609@gmail.com,Nurse,Retail,Vadodara,Gujarat,India,2012-08-27,Active
CUST004304,Sangeeta Roy,Female,1990-09-28,9962646997,sangeeta.roy829@yahoo.com,Lawyer,Retail,Ludhiana,Punjab,India,2011-04-06,Active
CUST004305,Anika Das,Female,1954-07-06,9546868292,ANIKA.DAS637@YAHOO.COM,Pharmacist,Retail,Lucknow,Uttar Pradesh,India,2022-11-21,Active
CUST004306,Siddharth Reddy,,1975-09-06,9723050829,siddharth.reddy402@gmail.com,Chef,Retail,Indore,Madhya Pradesh,India,2025-09-25,Active
CUST004307,Sangeeta Krishnan ,Female,1951-01-25,9782228728,sangeeta.krishnan746@gmail.com,Marketing Manager,Premium,Surat,Gujarat,India,2021-08-09,Active
CUST004308,Umesh Bhat,,08/02/1967,9418765517,umesh.bhat758@yahoo.com,Architect,Retail,Patna,Bihar,India,2011-12-10,Active
CUST004309,Sai Mukherjee,Male,2005-04-07,9103516124,sai.mukherjee81@rediffmail.com,Data Analyst,Retail,Patna,Bihar,India,2023-04-16,Active
CUST004310,Ananya Bhosale,Female,1992-01-06,9907161852,ananya.bhosale542@gmail.com,HR Manager,Retail,Kanpur,Uttar Pradesh,India,2015-03-18,Active
CUST004311,Sarita Chavan,Female,1952-09-29,9819072786,sarita.chavan710@gmail.com,Data Analyst,Premium,Vijayawada,Andhra Pradesh,India,2015-12-26,Active
CUST004312,Rohan Agarwal,Male,1970-05-08,9185403285,rohan.agarwal603@rediffmail.com,Homemaker,Retail,Panaji,Goa,India,2025-04-26,Inactive
CUST004313,Lakshmi Joshi ,Female,2000-10-03,9588708263,lakshmi.joshi245@gmail.com,Business Owner,Retail,Hubballi,Karnataka,India,2023-10-23,Active
CUST004314,Ganesh Kotian,Male,1958-04-21,09884764458,ganesh.kotian161@gmail.com,Bank Employee,Senior Citizen,Coimbatore,Tamil Nadu,India,2022-06-05,Active
CUST004315,Varun Kulkarni,Male,1993-11-13,9447778273,varun.kulkarni291@rediffmail.com,Teacher,Premium,Raipur,Chhattisgarh,India,2018-10-13,Active
CUST004316,Reyansh Gupta,Male,1967-06-10,+919529209386,reyansh.gupta352@yahoo.com,Sales Executive,Premium,Surat,Gujarat,India,2019-12-25,active
CUST004317,Rohan Reddy,Male,1976-11-24,9947858453,rohan.reddy920@yahoo.com,Police Officer,Premium,Warangal,Telangana,India,2025-03-25,Active
CUST004318,Rashmi Mehta,Female,13/02/2001,9929355158,rashmi.mehta621@gmail.com,Government Employee,Retail,Guwahati,Assam,India,2021-04-08,Active
CUST004319,Suresh Gupta,Male,1988-09-29,09667235860,suresh.gupta835@yahoo.com,Data Analyst,Retail,Kochi,Kerala,India,2019-12-30,Active
CUST004320,Sunita Das,Female,1965-03-02,9683619819,sunita.das27@rediffmail.com,Marketing Manager,Retail,Mysuru,Karnataka,India,07/04/2012,Active
CUST004321,Aarav Menon,Male,1948.07.13,9762780147,aarav.menon783@rediffmail.com,Farmer,Corporate,Belagavi,Karnataka,India,25-06-2026,Active
CUST004322,Ritu Mehta,Female,1962-03-27,9360007727,ritu.mehta188@outlook.com,Government Employee,Student,Amritsar,Punjab,India,2023-07-26,Active
CUST004323,Saanvi Salunkhe,Female,04/23/1973,9925369344,saanvi.salunkhe565@outlook.com,Civil Engineer,Retail,Bhubaneswar,Odisha,India,2016-08-31,Inactive
CUST004324,Sangeeta Mehta,Female,1889-06-01,9364663802,sangeeta.mehta386@outlook.com,Chartered Accountant,Retail,Howrah,West Bengal,India,2014-11-20,Active
CUST004325,Nikhil Shetty,Male,2001-06-11,9848036237,NIKHIL.SHETTY863@OUTLOOK.COM,Lawyer,Premium,Dehradun,Uttarakhand,India,2026-01-14,Active
CUST004326,Jyoti Singh,Female,1951-05-05,+919838114481,jyoti.singh674@outlook.com,Journalist,Premium,Mysuru,Karnataka,India,2025-11-09,Active
CUST004327,Sushma Iyer,Female,1980-10-02,9359801111,sushma.iyer460@gmail.com,Teacher,Retail,Dehradun,Uttarakhand,India,2017-07-13,Active
CUST004328,Pradeep Ghosh,Male,2007-03-04,9826861033,pradeep.ghosh509@rediffmail.com,Student,Retail,Belagavi,Karnataka,India,2025-03-27,Active
CUST004329,Anil Chavan,Male,1968-04-17,9880511254,anil.chavan706@rediffmail.com,Government Employee,Retail,Thiruvananthapuram,Kerala,India,2023-05-25,Active
CUST004330,Suresh Sharma,Male,1980-07-08,9546940587,suresh.sharma718@gmail.com,Professor,Retail,Ludhiana,Punjab,India,2020-09-18,Active
CUST004331,Ramesh Pawar,Male,1952-06-13,9585737869,ramesh.pawar573@gmail.com,HR Manager,Premium,Kochi,Kerala,India,2024-12-25,Active
CUST004332,Santosh Sharma,Male,1992-03-15,9558442759,santosh.sharma726@rediffmail.com,Teacher,Retail,Guwahati,Assam,India,2019-06-22,Active
CUST004333,Anil Reddy,Male,2007-03-21,9586497121,anil.reddy788@gmail.com,Sales Executive,Premium,Kolkata,West Bengal,India,04/07/2025,Active
CUST004334,Anil Naidu,Male,1994-10-30,9706436149,anil.naidu31@rediffmail.com,HR Manager,Retail,Hyderabad,Telangana,India,2013-03-23,Active
CUST004335,Ira Kale,Female,19/01/1957,9605103054,ira.kale367@rediffmail.com,Consultant,Retail,Madurai,Tamil Nadu,India,15-05-2020,Active
CUST004336,Raghavendra Jadhav,Male,1969-05-06,9551171425,raghavendra.jadhav900@gmail.com,Driver,Premium,Bengaluru,Karnataka,India,2016-08-21,Active
CUST004337,Ayaan Gowda,Male,1991-11-01,9582961410,ayaan.gowda321@rediffmail.com,Business Owner,Retail,Hyderabad,Telangana,India,2014-03-12,Dormant
CUST004338,Aadhya Shah,Female,1996-05-26,9936204469,aadhya.shah823@gmail.com,Student,Corporate,Coimbatore,Tamil Nadu,India,2023-02-20,Active
CUST004339,Arjun Joshi,Male,1972-06-08,9470372804,arjun.joshi549@yahoo.com,Doctor,Premium,Bhubaneswar,Odisha,India,05/16/2016,Active
CUST004340,Ganesh Kamath,Male,2006-04-01,9301912057,ganesh.kamath271@outlook.com,Lawyer,Corporate,Chennai,Tamil Nadu,India,2024-04-02,Active
CUST004341, Rahul Raghunathan,Male,1960-05-01,9883712628,rahul.raghunathan350@outlook.com,Bank Employee,Retail,Hubballi,Karnataka,India,2025-12-04,Active
CUST004342,Rohan Prabhu,Male,1992-12-08,9262192015,rohan.prabhu484@gmail.com,Homemaker,Retail,Ranchi,Jharkhand,India,2025-12-17,Active
CUST004343,Sai More,Male,1978-01-28,+919475374842,sai.more125@gmail.com,Driver,Retail,Kanpur,Uttar Pradesh,India,2018-09-07,Inactive
CUST004344,Chetan Nair,Male,1991-02-13,9780809140,chetan.nair308@yahoo.com,Marketing Manager,Premium,Chennai,Tamil Nadu,India,2015-08-04,Active
CUST004345,Yash Raghunathan,Male,1984-02-09,+919260702266,yash.raghunathan680@outlook.com,Police Officer,Retail,Patna,Bihar,India,2013-07-07,Active
CUST004346,Pallavi Roy,Other,1974-03-09,9310805889,pallavi.roy905@yahoo.com,Sales Executive,Retail,Chennai,Tamil Nadu,India,2020-09-26,Active
CUST004347,Meera Deshmukh,Female,1997-05-25,9671767515,meera.deshmukh949@yahoo.com,HR Manager,Retail,Guwahati,Assam,India,2020-06-28,Active
CUST004348,Gaurav Das,Male,1998-12-20,+919319048704,gaurav.das383@gmail.com,Professor,Premium,Pune,Maharashtra,India,2020-08-13,Active
CUST004349,Sai More,Male,1997-07-06,9587674236,,Business Owner,Retail,Chandigarh,Chandigarh,India,2022-12-06,Active
CUST004350,Vikram Kale,Male,1953-05-19,9733720410,vikram.kale396@outlook.com,HR Manager,Premium,Chandigarh,Chandigarh,India,2018-04-25,Active
CUST004351,Swati Sen,Female,18/08/1973,9299258643,swati.sen806@rediffmail.com,Doctor,Corporate,Howrah,West Bengal,India,2021-08-13,Active
CUST004352,Vidya Iyer,Female,1993-06-02,9498973923,VIDYA.IYER911@YAHOO.COM,Homemaker,Retail,Indore,Madhya Pradesh,India,2021-03-08,Active
CUST004353,Siddharth Hegde,Male,2000-07-05,9352514172,siddharth.hegde445@rediffmail.com,Government Employee,Retail,Ahmedabad,Gujarat,India,05/13/2023,Active
CUST004354,Anil Naik,Male,1969-12-06,9946031466,anil.naik600@outlook.com,Bank Employee,Senior Citizen,Bhopal,Madhya Pradesh,India,2022-07-21,Active
CUST004355,Gaurav Pillai,Male,1992-11-12,9445210855,gaurav.pillai866@outlook.com,Police Officer,Retail,Chennai,Tamil Nadu,India,2011-07-23,Active
CUST004356, Ritu Subramaniam,,1982-04-15,9892167753,ritu.subramaniam138@yahoo.com,Farmer,Retail,Varanasi,Uttar Pradesh,India,2020-08-13,Active
CUST004357,Sunita Reddy,Female,1961-05-13,9250983513,sunita.reddy247@outlook.com,Shop Owner,Premium,Bhubaneswar,Odisha,India,2026-02-26,Active
CUST004358,Abhishek Iyer,Male,2002-02-05,9947175564,abhishek.iyer625@yahoo.com,Chartered Accountant,Retail,Raipur,Chhattisgarh,India,2020-02-22,Active
CUST004359,Sushma Gowda,Female,1974-12-12,9144206219,sushma.gowda179@outlook.com,Pharmacist,Premium,Howrah,West Bengal,India,2019-03-26,Active
CUST004360,Rajesh Gupta,Male,1984-08-26,9448079932,rajesh.gupta793@yahoo.com,Government Employee,Premium,Jaipur,Rajasthan,India,2020-06-04,Active
CUST004361,Diya Kumar,Female,1965-06-22,9243085699,diya.kumar266@rediffmail.com,Sales Executive,Retail,Udaipur,Rajasthan,India,2019-09-13,Active
CUST004362,Radha Bose,,1949-07-20,9141535869,radha.bose338@rediffmail.com,Consultant,Retail,Dehradun,Uttarakhand,India,2017-03-31,Active
CUST004363,Vinod Bhosale,Male,1975-06-08,9596787845,vinod.bhosale810@yahoo.com,Student,Retail,Raipur,Chhattisgarh,India,2026-06-11,Active
CUST004364,Aryan Sharma,Male,1991-10-11,9640808530,aryan.sharma526@yahoo.com,Business Owner,Retail,Thiruvananthapuram,Kerala,India,2012-02-07,Active
CUST004365,Myra Pillai,Female,1967-10-27,9623775523,myra.pillai790@rediffmail.com,Student,Retail,Amritsar,Punjab,India,2023-08-26,Active
CUST004366,Arjun Roy,Male,13/04/2004,09808154818,arjun.roy626@outlook.com,Software Engineer,Student,Belagavi,Karnataka,India,2022-04-29,Inactive
CUST004367,Kalpana Naidu,Female,1993-06-13,9543083767,kalpana.naidu514@gmail.com,Retired,Retail,Bhubaneswar,Odisha,India,2014-03-17,Active
CUST004368,Prasad Deshmukh,Male,1986-11-23,9581517827,prasad.deshmukh510@rediffmail.com,HR Manager,Retail,Amritsar,Punjab,India,2020-06-05,Active
CUST004369,Meera Roy,Female,1996-11-13,9497755381,meera.roy802@outlook.com,Driver,Premium,Patna,Bihar,India,2020-11-29,Active
CUST004370,Vivaan Chavan,Male,2000-03-09,9286507952,vivaan.chavan998@outlook.com,Bank Employee,Retail,Chandigarh,Chandigarh,India,2025-05-28,Active
CUST004371,Karan Kotian,Male,11-09-1991,9689116200,karan.kotian25@rediffmail.com,Bank Employee,Retail,Panaji,Goa,India,2015-07-29,Active
CUST004372,Sai Dutta,Male,1997-12-31,9846109394,SAI.DUTTA506@GMAIL.COM,Civil Engineer,Senior Citizen,Bhopal,Madhya Pradesh,India,2016-01-09,active
CUST004373,Kabir Chavan,Male,1991-03-19,9373996105,kabir.chavan782@rediffmail.com,Marketing Manager,Premium,Ludhiana,Punjab,India,2014-12-18,Active
CUST004374,Nikhil Krishnan,Male,2000-03-06,+919517130095,nikhil.krishnan643@gmail.com,Journalist,Retail,Delhi,Delhi,India,2019-06-15,Active
CUST004375,Lakshmi Hegde,Female,1954-04-14,9285920271,lakshmi.hegde484@rediffmail.com,Tailor,Retail,Bhopal,Madhya Pradesh,India,2016-07-21,Active
CUST004376,Reyansh Reddy,Male,1968-11-05,9342579907,reyansh.reddy793@outlook.com,Electrician,Retail,Vadodara,Gujarat,India,2014-12-01,Active
CUST004377,Mahesh Kale,Male,2001-10-14,9407495277,,Nurse,Retail,Dehradun,Uttarakhand,India,2025-03-15,Active
CUST004378,Raghavendra Das,Male,1976-09-22,9513307938,raghavendra.das137@outlook.com,Pharmacist,Retail,Panaji,Goa,India,2019-09-23,Active
CUST004379,Reyansh Shetty,Male,1948-11-26,9111256227,reyansh.shetty272@yahoo.com,Data Analyst,Retail,Ludhiana,Punjab,India,2021-06-10,Active
CUST004380,Sneha Das,Female,1999-05-18,9422328616,sneha.das44@rediffmail.com,Business Owner,Corporate,Chennai,Tamil Nadu,India,2022-08-25,Active
CUST004381,Lakshmi Desai,Female,1987-09-20,9879298610,lakshmi.desai701@gmail.com,Chef,Retail,Udaipur,Rajasthan,India,2017-05-11,Active
CUST004382,Raghavendra Bose,Male,2003-02-26,9174765698,raghavendra.bose972@outlook.com,Government Employee,Premium,Mumbai,Maharashtra,India,2022-06-05,Active
CUST004383,Tanvi Bhat,Female,1948-12-24,9555841817,tanvi.bhat379@rediffmail.com,Consultant,Retail,Shimla,Himachal Pradesh,India,2025-12-22,Active
CUST004384,Shalini Pillai,Female,1956-11-23,9239802456,shalini.pillai731@gmail.com,Farmer,Retail,Madurai,Tamil Nadu,India,2022-04-06,ACTIVE
CUST004385,Shivraj Jadhav,Other,04/12/1978,+919603380448,SHIVRAJ.JADHAV981@OUTLOOK.COM,Driver,Retail,Kochi,Kerala,India,2015-08-12,Active
CUST004386,Rajesh Naidu,Male,1958-12-30,9742865495,rajesh.naidu393@rediffmail.com,Retired,Retail,Udaipur,Rajasthan,India,2023-02-07,Active
CUST004387,Manoj Bhat,,19-07-1979,9671697421,manoj.bhat881@outlook.com,Accountant,Retail,Visakhapatnam,Andhra Pradesh,India,2014-09-01,Active
CUST004388,Ganesh Singh,Male,04-01-1969,9606092960,ganesh.singh18@outlook.com,Bank Employee,Retail,Amritsar,Punjab,India,2012-02-17,Active
CUST004389,Anjali Desai,Female,1960-09-24,9581155425,ANJALI.DESAI677@GMAIL.COM,HR Manager,Corporate,Guwahati,Assam,India,2017-11-25,Active
CUST004390,Divya Pillai,Female,1994-09-01,9173791993,divya.pillai167@rediffmail.com,Chef,Premium,Thiruvananthapuram,Kerala,India,2018-12-01,Active
CUST004391,Rahul Ghosh,Male,1950-05-10,9119173884,rahul.ghosh780@rediffmail.com,Journalist,Retail,Bengaluru,Karnataka,India,2018-04-20,Active
CUST004392,Sai Mehta,Male,2001-01-03,9247668584,sai.mehta10@rediffmail.com,HR Manager,Retail,Visakhapatnam,Andhra Pradesh,India,2019-01-23,Active
CUST004393,Sarita Verma,Female,1957-04-25,9585872499,sarita.verma832@gmail.com,Tailor,Senior Citizen,Nagpur,Maharashtra,India,2015-03-29,Active
CUST004394,Jyoti Mukherjee,Female,1983-02-25,9456593013,jyoti.mukherjee396@yahoo.com,Business Owner,Retail,Jaipur,Rajasthan,India,2025-04-25,Active
CUST004395,Manoj Prabhu,Male,2008-01-26,09429465898,manoj.prabhu237@rediffmail.com,Government Employee,Retail,Ahmedabad,Gujarat,India,2026-02-14,Active
CUST004396,Aditi Shah,,1954-11-11,9503205117,aditi.shah554@outlook.com,Marketing Manager,Premium,Ahmedabad,Gujarat,India,2023-03-01,Active
CUST004397,Prasad Shah,Male,2004-02-25,9990493551,prasad.shah988@rediffmail.com,Journalist,Retail,Shimla,Himachal Pradesh,India,2022-02-27,active
CUST004398,Anil Naidu,Male,1966-05-27,9438923948,anil.naidu161@outlook.com,Chartered Accountant,Premium,Coimbatore,Tamil Nadu,India,2012-09-02,Active
CUST004399,Usha Pillai,Female,1992-11-22,9499729220,usha.pillai310@outlook.com,Sales Executive,Retail,Chandigarh,Chandigarh,India,2011-12-25,Active
CUST004400,Shweta Bhat,Female,1999.12.03,955 246 9823,shweta.bhat639@yahoo.com,Software Engineer,Premium,Chennai,Tamil Nadu,India,2017-12-02,Active
CUST004401,Komal Verma,Female,1962-01-14,9796799499,komal.verma94@rediffmail.com,Retired,Retail,Visakhapatnam,Andhra Pradesh,India,2024-01-27,Active
CUST004402,Manoj Prabhu,Male,1969-01-20,9760193531,manoj.prabhu953@outlook.com,Lawyer,Retail,Ranchi,Jharkhand,India,2018-01-27,Active
CUST004403,Varun Kulkarni,Male,2000-02-26,9981448881,varun.kulkarni523@rediffmail.com,Government Employee,Corporate,Surat,Gujarat,India,2021-10-19,Active
CUST004404,Nikhil Naik,Male,1954-03-24,96501-56896,nikhil.naik989@gmail.com,Government Employee,Retail,Belagavi,Karnataka,India,2025-12-17,Active
CUST004405,Reyansh Pawar,Male,1954-07-30,9584423909,reyansh.pawar415@yahoo.com,Bank Employee,Retail,Hubballi,Karnataka,India,2011-09-30,Active
CUST004406,Prakash Kulkarni,Male,1966-04-20,9602000934,prakash.kulkarni832@gmail.com,Lawyer,Premium,Coimbatore,Tamil Nadu,India,2012-09-14,Active
CUST004407,Chetan Agarwal,Male,1984-07-16,9532140218,chetan.agarwal331@outlook.com,Retired,Retail,Surat,Gujarat,India,2025-04-18,Active
CUST004408,Rahul Verma,Male,1996-11-14,9280835438,rahul.verma443@outlook.com,Business Owner,Retail,Panaji,Goa,India,2019-10-29,Active
CUST004409,Chetan Naik,Male,1982-01-30,9429707396,chetan.naik347@yahoo.com,Driver,Premium,Bengaluru,Karnataka,India,2020-08-07,Active
CUST004410,Mallikarjun Mukherjee,Male,1977-11-23,+919644172841,mallikarjun.mukherjee547@yahoo.com,Journalist,Student,Chandigarh,Chandigarh,India,2016-04-20,ACTIVE
CUST004411,Nisha Desai,Female,2000-10-06,9645516076,nisha.desai223@outlook.com,Chef,Retail,Kolkata,West Bengal,India,2023-11-06,Inactive
CUST004412,Aryan Singh,Male,1958-05-24,924 261 0473,aryan.singh503@rediffmail.com,Pharmacist,Corporate,Pune,Maharashtra,India,2021-01-15,Dormant
CUST004413,Shreya Naidu,Female,2002-08-18,9823174589,shreya.naidu839@yahoo.com,Bank Employee,Premium,Kochi,Kerala,India,2020-08-27,Active
CUST004414,Swati Desai,Female,1966-12-09,9741623373,swati.desai156@yahoo.com,Business Owner,Retail,Patna,Bihar,India,29-01-2021,Active
CUST004415,Radha Rao,Female,1964-09-19,9572661134,RADHA.RAO792@GMAIL.COM,Professor,Premium,Raipur,Chhattisgarh,India,2011-01-23,Active
CUST004416,Deepak Ghosh,Male,2005-10-08,+919876515130,deepak.ghosh853@rediffmail.com,Marketing Manager,Retail,Lucknow,Uttar Pradesh,India,2023-10-21,Active
CUST004417,Pradeep Chatterjee,Male,1987-02-17,9242421068,pradeep.chatterjee35@rediffmail.com,Electrician,Premium,Kolkata,West Bengal,India,2014-03-03,Active
CUST004418,Geeta Joshi,Female,1974-03-03,9435787562,geeta.joshi675@outlook.com,Marketing Manager,Premium,Dehradun,Uttarakhand,India,2023-03-18,Active
CUST004419,Ramesh Shetty,Male,1968-01-01,9457841136,ramesh.shetty485@rediffmail.com,Business Owner,Retail,Coimbatore,Tamil Nadu,India,2022-06-03,Dormant
CUST004420,Gaurav Mukherjee,Male,1974-10-02,9189786222,gaurav.mukherjee637@rediffmail.com,Data Analyst,Retail,Indore,Madhya Pradesh,India,2012-06-01,Active
CUST004421,Prasad Mehta,Male,1995-12-17,9180168700,prasad.mehta295@rediffmail.com,Bank Employee,Retail,Vijayawada,Andhra Pradesh,India,2025-01-31,Active
CUST004422,Anika Prabhu,Female,1957-04-10,9902257304,ANIKA.PRABHU220@YAHOO.COM,Government Employee,Retail,Mumbai,Maharashtra,India,2023-09-17,Active
CUST004423,Siddharth Reddy,Male,1958-07-25,97969-86231,siddharth.reddy287@gmail.com,HR Manager,Senior Citizen,Vijayawada,Andhra Pradesh,India,2017-10-03,Active
CUST004424,Kalpana Hegde,Female,1966-06-14,9428485408,kalpana.hegde153@rediffmail.com,Data Analyst,Corporate,Chennai,Tamil Nadu,India,2014-04-17,Active
CUST004425,Shivraj Verma,Male,1977-03-19,9339486345,shivraj.verma405@gmail.com,Pharmacist,Corporate,Udaipur,Rajasthan,India,2017-07-13,Active
CUST004426,Basavaraj Patil,Male,1997-05-10,9465871169,basavaraj.patil872@yahoo.com,Data Analyst,Retail,Madurai,Tamil Nadu,India,2020-02-28,Active
CUST004427,Ira Nair,Female,1960-10-07,93664-21123,ira.nair778@outlook.com,Teacher,Retail,Mysuru,Karnataka,India,2020-10-15,Active
CUST004428,Basavaraj Shah,Male,1995-08-19,9478152541,basavaraj.shah180@rediffmail.com,Marketing Manager,Premium,Patna,Bihar,India,2016-05-24,Active
CUST004429,Sangeeta Pillai,Female,2002-12-27,9638848100,sangeeta.pillai558@outlook.com,Marketing Manager,Retail,Udaipur,Rajasthan,India,2020-12-28,Active
CUST004430,Mallikarjun Sen,Male,1974-05-20,9255111112,mallikarjun.sen74@yahoo.com,Lawyer,Retail,Lucknow,Uttar Pradesh,India,2020-06-22,Active
CUST004431,Kabir Chowdhury,Male,2006-03-27,9748144256,KABIR.CHOWDHURY60@REDIFFMAIL.COM,Driver,Retail,Udaipur,Rajasthan,India,2024-03-22,Active
CUST004432,Lakshmi Iyer,Female,2002-02-20,9561952819,lakshmi.iyer625@gmail.com,Driver,Senior Citizen,Ranchi,Jharkhand,India,2020-02-22,Active
CUST004433,Aarav Roy,Male,1996-04-18,9621018713,aarav.roy302@gmail.com,Retired,Premium,Raipur,Chhattisgarh,India,2020-12-08,Inactive
CUST004434,Ayaan Jadhav,Male,1971-01-14,9787462128,ayaan.jadhav703@outlook.com,Chef,Retail,Lucknow,Uttar Pradesh,India,2019-11-03,Active
CUST004435,Anjali Shetty,Female,1966-03-19,,anjali.shetty156@yahoo.com,Homemaker,Senior Citizen,Hubballi,Karnataka,India,2018-10-16,Active
CUST004436,Diya Gowda,Female,2000-05-12,9863012366,diya.gowda120@yahoo.com,Journalist,Premium,Kolkata,West Bengal,India,2018-05-19,Active
CUST004437,Kavya Bhat,Female,1974-10-01,9733962482,KAVYA.BHAT714@YAHOO.COM,Pharmacist,Retail,Udaipur,Rajasthan,India,2015-10-10,Active
CUST004438,Aryan Chatterjee ,Male,1949-11-29,9152333727,aryan.chatterjee207@yahoo.com,HR Manager,Retail,Bengaluru,Karnataka,India,2016-10-26,Active
CUST004439,Gaurav Kamath,Male,1991-06-14,9415300630,gaurav.kamath59@rediffmail.com,Nurse,Retail,Coimbatore,Tamil Nadu,India,2023-12-16,Active
CUST004440,Shweta Prabhu,Female,1969-01-13,9633005955,shweta.prabhu788@yahoo.com,Student,Retail,Chennai,Tamil Nadu,India,2023-11-03,Active
CUST004441,Prakash Bhosale,Male,2004-09-07,9500378708,prakash.bhosale704@outlook.com,Accountant,Premium,Raipur,Chhattisgarh,India,2024-07-29,Active
CUST004442,Mahesh Shah,,1999-10-20,09340835893,mahesh.shah928@gmail.com,Journalist,Retail,Surat,Gujarat,India,2018-03-12,Active
CUST004443,Vandana Sen,Female,1954-04-27,9377303950,vandana.sen598@rediffmail.com,Farmer,Retail,Panaji,Goa,India,2016-01-30,Active
CUST004444,Aarav Bose,Male,2002-08-09,9786174641,AARAV.BOSE476@REDIFFMAIL.COM,Bank Employee,Retail,Varanasi,Uttar Pradesh,India,2020-08-29,Active
CUST004445,Gaurav Reddy,Male,2005-07-14,9440172012,gaurav.reddy670@gmail.com,Chef,Retail,Lucknow,Uttar Pradesh,India,2023-07-17,Active
CUST004446,Sanjay Mukherjee,Male,1993-10-29,09883280249,sanjay.mukherjee791@outlook.com,Accountant,Corporate,Vijayawada,Andhra Pradesh,India,2020-08-28,Active
CUST004447,Ashok Reddy,Male,1964-09-06,9895444488,ashok.reddy628@outlook.com,Consultant,Retail,Indore,Madhya Pradesh,India,2020-05-05,Active
CUST004448,Payal Roy,Female,1988-07-31,9917401715,payal.roy319@gmail.com,Student,Premium,Coimbatore,Tamil Nadu,India,2017-09-30,Active
CUST004449,Shweta Deshmukh,Female,2000-08-02,9548414130,shweta.deshmukh889@rediffmail.com,Government Employee,Student,Hyderabad,Telangana,India,2021-10-27,Active
CUST004450,Sai Kulkarni,Male,1997-05-28,9318330546,sai.kulkarni702@rediffmail.com,Sales Executive,Premium,Bhopal,Madhya Pradesh,India,2024-06-21,Active
CUST004451,Karan Sharma,Male,1974-02-11,9175723765,karan.sharma876@rediffmail.com,Chartered Accountant,Retail,Mumbai,Maharashtra,India,2021-05-18,Active
CUST004452,Diya Gupta,Female,1990-11-12,9214106704,diya.gupta557@outlook.com,Data Analyst,Premium,Hubballi,Karnataka,India,2017-04-07,Active
CUST004453,Aditya Shah,Male,05/18/1971,9317240733,aditya.shah450@outlook.com,Student,Corporate,Nagpur,Maharashtra,India,2024-01-19,Active
CUST004454,Karan Sen,Male,1963-05-27,9319878526,karan.sen842@outlook.com,Consultant,Premium,Patna,Bihar,India,2025-08-23,Active
CUST004455,Meera Shah,Female,1988-10-05,9434964439,meera.shah611@rediffmail.com,Sales Executive,Retail,Vadodara,Gujarat,India,2023-05-18,Active
CUST004456,Preeti Shah,Female,1976-03-30,9398175373,preeti.shah775@outlook.com,Retired,Retail,Mumbai,Maharashtra,India,2024-08-16,Active
CUST004457,Raghavendra Krishnan,Male,1961-08-14,9573904742,,Software Engineer,Retail,Ranchi,Jharkhand,India,2015-02-15,Active
CUST004458,Usha Raghunathan ,Other,1988-01-11,9681343624,usha.raghunathan284@gmail.com,Doctor,Retail,Bhopal,Madhya Pradesh,India,2017-07-17,Active
CUST004459,Ramesh Kulkarni,Male,06/29/1967,9246253155,ramesh.kulkarni193@outlook.com,Chartered Accountant,Premium,Patna,Bihar,India,2014-11-16,Active
CUST004460,Anita Kale,Female,1983-08-11,9202731053,anita.kale150@gmail.com,Farmer,Retail,Hubballi,Karnataka,India,2016-09-06,Active
CUST004461,Suresh Kamath,Male,01/15/2027,+919270071694,suresh.kamath599@yahoo.com,Data Analyst,Premium,Dehradun,Uttarakhand,India,2022-05-25,Active
CUST004462,Dhruv Pawar,Male,2001-08-15,9863615830,dhruv.pawar807@rediffmail.com,Software Engineer,Premium,Delhi,Delhi,India,2021-07-06,Active
CUST004463,Sarita Mukherjee,Female,1999-07-14,9255690827,sarita.mukherjee975@gmail.com,Bank Employee,Retail,Varanasi,Uttar Pradesh,India,2017-08-07,Active
CUST004464,Dhruv Kotian,Male,1976-09-15,9985504746,,Chef,Retail,Varanasi,Uttar Pradesh,India,2022-09-26,Dormant
CUST004465,Abhishek Venkatesh,Male,1991-01-16,+919779443345,abhishek.venkatesh2@yahoo.com,Bank Employee,Retail,Chennai,Tamil Nadu,India,2013-12-26,Active
CUST004466,Vishal Prabhu,Male,1958-10-13,9846124787,vishal.prabhu678@rediffmail.com,Tailor,Retail,Ahmedabad,Gujarat,India,2013-11-20,Active
CUST004467,Rashmi Chowdhury,Female,2008-06-03,9371879062,rashmi.chowdhury270@rediffmail.com,Nurse,Senior Citizen,Nagpur,Maharashtra,India,2026-06-11,Blocked
CUST004468,Suman Iyer,Female,1960-12-31,9240680446,suman.iyer475@gmail.com,Homemaker,Retail,Jaipur,Rajasthan,India,2014-09-29,active
CUST004469,Pradeep Kale,Male,2000-07-09,9250040273,pradeep.kale79@gmail.com,Civil Engineer,Retail,Indore,Madhya Pradesh,India,2025-12-17,Active
CUST004470,Bhavna Roy,Female,1999-04-04,9871968057,bhavna.roy76@rediffmail.com,Homemaker,Retail,Warangal,Telangana,India,2017-04-20,Active
CUST004471,Ritu Kamath,Female,1958-10-17,94882-38148,ritu.kamath528@yahoo.com,Nurse,Retail,Kanpur,Uttar Pradesh,India,2013-05-10,Active
CUST004472,Naveen Dutta,Male,1948-07-11,9468224690,naveen.dutta688@yahoo.com,HR Manager,Premium,Raipur,Chhattisgarh,India,2022-10-26,Active
CUST004473,Mahesh Pillai,Male,1992-08-26,9322764760,MAHESH.PILLAI885@GMAIL.COM,Lawyer,Student,Coimbatore,Tamil Nadu,India,2015-06-15,Active
CUST004474,Arjun Venkatesh,Male,2000-08-27,9420617774,arjun.venkatesh482@outlook.com,Pharmacist,Retail,Hyderabad,Telangana,India,2022-02-06,Active
CUST004475,Naveen Sen,Male,1991-05-26,9432369159,naveen.sen645@gmail.com,Sales Executive,Retail,Bengaluru,Karnataka,India,2021-08-03,Active
CUST004476,Basavaraj Jadhav,Male,1951-05-15,09774474207,BASAVARAJ.JADHAV859@YAHOO.COM,Police Officer,Premium,Kanpur,Uttar Pradesh,India,2013-12-08,Inactive
CUST004477,Prakash Naik,Male,1987.02.07,9841612618,prakash.naik432@yahoo.com,Tailor,Retail,Chennai,Tamil Nadu,India,2020-01-04,Active
CUST004478,Arjun Kamath,Male,1971-09-23,9400506985,arjun.kamath209@rediffmail.com,HR Manager,Retail, Dehradun ,Uttarakhand,India,2019-05-05,Dormant
CUST004479,Harsh Mukherjee,Male,2003-06-22,9506526656,harsh.mukherjee824@yahoo.com,Electrician,Senior Citizen,Hyderabad,Telangana,India,2021-06-21,Active
CUST004480,Snehal Kamath,Female,1996-06-23,930 920 7406,snehal.kamath3@rediffmail.com,Marketing Manager,Retail,Bhopal,Madhya Pradesh,India,2022.11.16,Active
CUST004481,Raghavendra Ghosh,Male,1996-05-26,9130921555,raghavendra.ghosh276@outlook.com,Sales Executive,Retail,Delhi,Delhi,India,2024-04-27,Active
CUST004482,Sneha Sharma,Other,1972-09-10,9314633010,sneha.sharma131@yahoo.com,Architect,Senior Citizen,Warangal,Telangana,India,2025-09-18,ACTIVE
CUST004483,Rashmi Kulkarni,Female,1967-07-06,991 101 6395,rashmi.kulkarni643@gmail.com,Driver,Retail,Hubballi,Karnataka,India,2012-05-13,Active
CUST004484,Kiran Bhat,Female,1997-10-26,9266651422,kiran.bhat270@rediffmail.com,Driver,Retail,Varanasi,Uttar Pradesh,India,2015-10-25,Active
CUST004485,Anika Das,Female,1954-12-23,9232433526,anika.das344@yahoo.com,Data Analyst,Retail,Pune,Maharashtra,India,2023-10-27,Active
CUST004486,Suman Jadhav,Female,1954-01-28,9517024894,suman.jadhav651@outlook.com,Professor,Retail,Belagavi,Karnataka,India,24/09/2015,Blocked
CUST004487,Kabir Naidu,Male,1951-10-07,9604778339,KABIR.NAIDU296@YAHOO.COM,Professor,Retail,Lucknow,Uttar Pradesh,India,2020-09-19,Active
CUST004488,Saanvi Kale,Female,1978-12-28,9328681882,saanvi.kale362@yahoo.com,Retired,Corporate,Kanpur,Uttar Pradesh,India,2016-05-30,Dormant
CUST004489,Ayaan Iyer,Male,1952-07-27,9463319254,AYAAN.IYER499@OUTLOOK.COM,Tailor,Student, Kolkata ,West Bengal,India,2014-05-19,Active
CUST004490,Jyoti Das,Female,1983-04-15,9500751379,jyoti.das119@yahoo.com,Professor,Premium,Vadodara,Gujarat,India,2020-09-16,active
CUST004491,Naveen Bhosale,,1958-02-20,9387852055,NAVEEN.BHOSALE934@REDIFFMAIL.COM,Driver,Senior Citizen,Surat,Gujarat,India,2014-03-12,Active
CUST004492,Amit Agarwal,Male,2001-12-21,9842089048,amit.agarwal980@outlook.com,Marketing Manager,Retail,Bhubaneswar,Odisha,India,01/04/2020,Active
CUST004493,Harsh Naik,Male,1974-03-12,9516600532,harsh.naik712@rediffmail.com,Electrician,Retail,Vadodara,Gujarat,India,2019-03-30,Active
CUST004494,Anita Jadhav,Female,1953-09-02,9769082828,anita.jadhav109@yahoo.com,Software Engineer,Retail,Ludhiana,Punjab,India,2014-01-02,Active
CUST004495,Harsh Das,Male,1990-01-09,9393501238,,Lawyer,Retail,Chennai,Tamil Nadu,India,2013-12-27,Active
CUST004496,Dhruv Yadav,Male,1968-07-06,9786023044,dhruv.yadav355@gmail.com,Sales Executive,Retail,Delhi,Delhi,India,2023-02-15,Active
CUST004497,Aditya Ghosh,Male,1963-11-11,9355436574,aditya.ghosh167@rediffmail.com,Chartered Accountant,Retail,Surat,Gujarat,India,2019-03-20,Active
CUST004498,Sunil Ghosh,Male,1987-12-12,9635710305,sunil.ghosh875@rediffmail.com,Bank Employee,Senior Citizen,Belagavi,Karnataka,India,2019-06-04,Active
CUST004499,Vidya Verma,Female,2005-11-23,9282312624,vidya.verma415@outlook.com,Homemaker,Retail,Bhopal,Madhya Pradesh,India,2023-12-17,Active
CUST004500,Shweta Naik,Female,2007-05-14,9628031354,shweta.naik652@outlook.com,Lawyer,Premium,Ahmedabad,Gujarat,India,2025-05-27,Active
CUST004501,Rajesh Bhat,Male,1974.05.20,+919195741361,rajesh.bhat690@gmail.com,Architect,Retail,Howrah,West Bengal,India,2017-01-26,Active
CUST004502,Mallikarjun Sharma,Male,1999-05-23,9530584088,mallikarjun.sharma320@rediffmail.com,Doctor,Retail,Kanpur,Uttar Pradesh,India,2017-05-26,Active
CUST004503,Vikram Jadhav,Male,1960-09-06,9314421693,vikram.jadhav348@outlook.com,Shop Owner,Premium,Belagavi,Karnataka,India,2018-01-06,Active
CUST004504,Aryan Verma,Male,1999-04-14,9575794599,ARYAN.VERMA969@OUTLOOK.COM,Doctor,Retail,Ahmedabad,Gujarat,India,2017-04-28,Active
CUST004505,Nisha Mukherjee,Female,01/26/2005,9326173204,nisha.mukherjee823@gmail.com,Government Employee,Retail,Raipur,Chhattisgarh,India,2024-12-16,Active
CUST004506,Rashmi Bhosale,Female,1979-05-02,9910499086,rashmi.bhosale501@outlook.com,Shop Owner,Retail,Thiruvananthapuram,Kerala,India,2016-08-20,Active
CUST004507,Chetan Reddy,Male,08-09-1979,9394650583,,Civil Engineer,Retail,Varanasi,Uttar Pradesh,India,2023-09-07,Active
CUST004508,Anita Kumar,Female,1982-03-09,9681046033,anita.kumar9@rediffmail.com,Marketing Manager,Retail,Lucknow,Uttar Pradesh,India,2017-03-21,Inactive
CUST004509,Naveen Reddy,Male,1952-06-03,,naveen.reddy204@gmail.com,Bank Employee,Retail,Jaipur,Rajasthan,India,2018-05-03,Active
CUST004510,Kiran Krishnan,Female,2000-01-06,9253175351,kiran.krishnan7@gmail.com,Professor,Retail,Vijayawada,Andhra Pradesh,India,2018-01-26,active
CUST004511,Myra Mehta,Female,1992-09-07,9189775562,myra.mehta805@rediffmail.com,Architect,Retail,Vijayawada,Andhra Pradesh,India,2021-07-07,Active
CUST004512,Ananya Shah,Female,09/07/2000,9901460782,ananya.shah940@yahoo.com,Lawyer,Senior Citizen,Surat,Gujarat,India,2018-09-04,Active
CUST004513,Yash Kale,Male,1954-12-27,915 938 4201,yash.kale162@yahoo.com,Doctor,Retail,Visakhapatnam,Andhra Pradesh,India,2022-08-15,Active
CUST004514,Usha Sharma,Female,1996-08-08,9542800454,usha.sharma281@outlook.com,Architect,Retail,Belagavi,Karnataka,India,2024-09-12,Active
CUST004515,Santosh Venkatesh,Male,1969-12-23,09297448797,santosh.venkatesh352@yahoo.com,Government Employee,Premium,Warangal,Telangana,India,2016-08-14,Active
CUST004516,Vinod Desai,Male,1997-08-04,9784341365,VINOD.DESAI811@REDIFFMAIL.COM,Architect,Corporate,Warangal,Telangana,India,2024.10.16,Active
CUST004517,Chetan Salunkhe,Male,2008-03-18,922 109 1524,chetan.salunkhe407@rediffmail.com,Farmer,Retail,Indore,Madhya Pradesh,India,2026-03-17,Active
CUST004518,Vinod Prabhu,Male,2001-04-16,96191-65203,vinod.prabhu44@yahoo.com,Farmer,Retail,Kochi,Kerala,India,2019-05-02,Active
CUST004519,Payal Agarwal,Female,2003-06-20,9410148978,payal.agarwal585@gmail.com,HR Manager,Premium,Jaipur,Rajasthan,India,2021-07-04,Active
CUST004520,Diya Ghosh ,Female,1954-11-22,9568814175,diya.ghosh147@rediffmail.com,Driver,Retail,Madurai,Tamil Nadu,India,2020-12-17,Inactive
CUST004521,Swati Gowda,Female,1967-11-29,9267439926,swati.gowda644@outlook.com,Civil Engineer,Retail,Lucknow,Uttar Pradesh,India,2021-11-25,Active
CUST004522,Rajesh Venkatesh,Male,1965-09-23,9205154839,rajesh.venkatesh856@rediffmail.com,Student,Corporate,Madurai,Tamil Nadu,India,2012-06-15,Active
CUST004523,Pallavi Nair,Female,1979-02-14,9260354193,pallavi.nair68@yahoo.com,Consultant,Retail,Udaipur,Rajasthan,India,2021-08-21,Active
CUST004524,Suman Bhat,Female,2007-02-19,9618818956,suman.bhat993@yahoo.com,Electrician,Retail,Kolkata,West Bengal,India,2025-02-15,Active
CUST004525,Vihaan Dutta,Male,1989-07-19,9682783013,vihaan.dutta662@gmail.com,Sales Executive,Retail,Panaji,Goa,India,2012-06-05,Active
CUST004526,Yash Reddy,Male,1981-01-01,991 411 8700,yash.reddy52@yahoo.com,Bank Employee,Retail,Ranchi,Jharkhand,India,31-08-2024,Inactive
CUST004527,Ashok Mehta,Male,1996-10-07,9777336144,ashok.mehta220@outlook.com,Professor,Retail,Delhi,Delhi,India,2019-04-14,Blocked
CUST004528,Vishal Reddy ,Male,1958-09-09,911 123 3510,vishal.reddy168@gmail.com,Marketing Manager,Retail,Vijayawada,Andhra Pradesh,India,2020-07-31,Active
CUST004529,Usha Bose,Female,1988-01-07,9733200373,USHA.BOSE882@OUTLOOK.COM,Professor,Retail,Bhopal,Madhya Pradesh,India,2011-10-14,Active
CUST004530,Jyoti Pawar,Female,1978-06-23,9693277904,jyoti.pawar722@outlook.com,Chartered Accountant,Retail,Howrah,West Bengal,India,2020-07-11,Active
CUST004531,Myra Kale,Female,1960-04-24,9718835590,myra.kale373@rediffmail.com,Retired,Retail,Kanpur,Uttar Pradesh,India,2018-01-23,Active
CUST004532,Gaurav Sen,Male,1987-02-14,9657547268,gaurav.sen529@gmail.com,Police Officer,Retail,Delhi,Delhi,India,2016-10-09,Active
CUST004533,Pooja Nair,Female,1998-12-02,9139091987,pooja.nair348@gmail.com,Homemaker,Premium,Pune,Maharashtra,India,2023-02-15,Active
CUST004534,Rekha Desai,Female,1998-03-05,9557829544,rekha.desai406@yahoo.com,Pharmacist,Premium,Surat,Gujarat,India,2016-03-14,Active
CUST004535,Deepak Chatterjee,Male,1999-01-30,9214995080,deepak.chatterjee637@rediffmail.com,Chartered Accountant,Retail,Guwahati,Assam,India,02/09/2017,Active
CUST004536,Aadhya Ghosh,Female,15/03/1997,9990813911,aadhya.ghosh195@gmail.com,Homemaker,Retail,Howrah,West Bengal,India,2018-10-04,Active
CUST004537,Deepak Shah,Male,1976-05-29,9902377798,deepak.shah759@rediffmail.com,Data Analyst,Retail,Ahmedabad,Gujarat,India,22/07/2022,Active
CUST004538,Sai Rao,Male,1950-12-25,9526196313,sai.rao944@rediffmail.com,Pharmacist,Senior Citizen,Shimla,Himachal Pradesh,India,2013-01-28,Active
CUST004539,Aarav Bose,Male,06/01/1889,09687734543,aarav.bose973@gmail.com,Government Employee,Retail,Shimla,Himachal Pradesh,India,2026-04-19,Active
CUST004540,Aditya Iyer,Male,1975-06-23,92058-83492,aditya.iyer172@yahoo.com,Professor,Retail,Jaipur,Rajasthan,India,2021.06.11,Active
CUST004541,Anjali Kale,Female,1986-05-03,9917828873,anjali.kale411@yahoo.com,Shop Owner,Premium,Pune,Maharashtra,India,2025-07-06,Active
CUST004542,Prasad Kamath,Male,1949-03-31,9676578029,prasad.kamath265@yahoo.com,Accountant,Premium,Indore,Madhya Pradesh,India,2018-04-21,Active
CUST004543,Vinod Shetty,Male,2001-11-02,95386-92000,vinod.shetty634@rediffmail.com,Business Owner,Senior Citizen,Patna,Bihar,India,2019-11-11,Active
CUST004544,Dhruv Chowdhury,Male,2001-10-22,965 332 6405,dhruv.chowdhury324@yahoo.com,HR Manager,Retail,Visakhapatnam,Andhra Pradesh,India,2019-11-16,Active
CUST004545,Suresh Yadav,Male,2004-03-26,9979296626,SURESH.YADAV394@OUTLOOK.COM,Pharmacist,Student,Vijayawada,Andhra Pradesh,India,2022-04-14,Active
CUST004546,Ramesh Mukherjee,Male,1958-07-15,9682639697,ramesh.mukherjee139@gmail.com,Homemaker,Retail,Thiruvananthapuram,Kerala,India,2020-02-21,Inactive
CUST004547,Aryan Naidu,Male,1999-01-26,9690834579,aryan.naidu559@outlook.com,Homemaker,Corporate,Bengaluru,Karnataka,India,2022-05-29,Active
CUST004548,Meera Reddy,Female,1985-11-09,9729291283,meera.reddy536@yahoo.com,Police Officer,Retail,Coimbatore,Tamil Nadu,India,11/05/2023,Active
CUST004549, Suresh Kamath,,1956-11-07,9228650075,suresh.kamath551@rediffmail.com,Tailor,Senior Citizen,Patna,Bihar,India,2022-11-07,Active
CUST004550,Namrata Shah,Female,27/07/1982,97605-26472,namrata.shah341@rediffmail.com,Pharmacist,Corporate,Kochi,Kerala,India,2020-02-24,Active
CUST004551,Vikram Bhosale,Male,1976-11-12,9237125321,vikram.bhosale755@gmail.com,Business Owner,Premium,Vadodara,Gujarat,India,2011-04-13,Active
CUST004552,Shreya Kotian,Female,1985-11-23,9148637421,shreya.kotian607@outlook.com,Pharmacist,Retail,Surat,Gujarat,India,2019-03-25,Active
CUST004553,Namrata Menon,Female,1953-01-25,9795355363,namrata.menon177@yahoo.com,Shop Owner,Retail,Patna,Bihar,India,2023-09-25,Active
CUST004554,Gaurav Shetty,Male,1982-02-18,9961485795,gaurav.shetty368@yahoo.com,Chartered Accountant,Retail,Surat,Gujarat,India,2024-03-03,Active
CUST004555,Pradeep Pawar,Male,16-01-1989,09132159656,pradeep.pawar660@yahoo.com,Data Analyst,Retail,Hubballi,Karnataka,India,2023-12-19,Active
CUST004556,Suman Shah,Female,1991-05-09,9198121577,SUMAN.SHAH117@REDIFFMAIL.COM,Civil Engineer,Premium,Shimla,Himachal Pradesh,India,2011-03-03,Active
CUST004557,Arjun Sharma,Male,1994-08-07,993 949 0560,arjun.sharma352@yahoo.com,Professor,Retail,Kolkata,West Bengal,India,2017-10-06,Active
CUST004558,Jyoti Naik,Female,1985-12-06,+919819797050,jyoti.naik871@gmail.com,Business Owner,Retail,Hyderabad,Telangana,India,2020-08-01,Active
CUST004559,Mahesh Chavan,Male,1990-06-29,9287645483,MAHESH.CHAVAN441@GMAIL.COM,Police Officer,Retail,Nagpur,Maharashtra,India,2014-11-05,Active
CUST004560,Vishal Naik,Male,1953-06-21,9673895056,vishal.naik509@rediffmail.com,Architect,Premium,Jaipur,Rajasthan,India,2017-05-14,Active
CUST004561,Chetan Naidu ,Male,1996-05-03,9845897928,chetan.naidu681@yahoo.com,Government Employee,Retail,Shimla,Himachal Pradesh,India,2014-05-09,Active
CUST004562,Shalini Hegde,Female,1970-03-21,9161879024,shalini.hegde322@gmail.com,Data Analyst,Retail,Hubballi,Karnataka,India,2014-01-03,Active
CUST004563,Vinod Roy,Male,1981-03-05,9355356464,vinod.roy825@yahoo.com,Tailor,Retail,Coimbatore,Tamil Nadu,India,2011-02-02,active
CUST004564,Komal Rao,Female,1981-02-11,9587421874,komal.rao17@rediffmail.com,Doctor,Retail,Delhi,Delhi,India,2026-03-22,Active
CUST004565,Neha Kale,Female,2007-02-18,932 826 5368,neha.kale472@rediffmail.com,Tailor,Retail,Belagavi,Karnataka,India,2025-02-17,Active
CUST004566,Naveen Gupta,Male,1967-09-13,9407744953,naveen.gupta597@rediffmail.com,Architect,Retail,Kochi,Kerala,India,2017-04-10,Active
CUST004567,Aarav Reddy,Male,1971-04-14,9331322483,aarav.reddy239@outlook.com,Tailor,Premium,Hyderabad,Telangana,India,2011-01-25,Active
CUST004568,Umesh Dutta,Male,1994-01-23,9157263711,umesh.dutta781@rediffmail.com,Teacher,Retail,Bhubaneswar,Odisha,India,2016-03-17,Active
CUST004569,Naveen Gupta,Male,1986-06-06,9704892103,naveen.gupta80@rediffmail.com,Retired,Student,Surat,Gujarat,India,2017.09.29,Active
CUST004570,Sunita Kale,Female,1967-04-05,96747-90379,sunita.kale649@gmail.com,Consultant,Retail,Thiruvananthapuram,Kerala,India,2013-08-17,Active
CUST004571,Girish Hegde,Male,1968-11-10,988 852 4535,girish.hegde633@yahoo.com,Pharmacist,Retail,Belagavi,Karnataka,India,2021-04-13,Active
CUST004572,Prasad Reddy,Male,1998-03-16,9618497519,prasad.reddy787@outlook.com,Driver,Senior Citizen,Kolkata,West Bengal,India,2026-07-03,Active
CUST004573,Vandana Shetty,Female,1998-08-21,9713467222,vandana.shetty207@yahoo.com,Doctor,Senior Citizen,Surat,Gujarat,India,2024-02-11,Active
CUST004574,Namrata Bhosale,Female,1956-11-20,+919423290220,namrata.bhosale155@rediffmail.com,Farmer,Retail,Nagpur,Maharashtra,India,2024-04-20,Active
CUST004575,Diya Venkatesh,Female,1972-03-23,9449883761,diya.venkatesh580@rediffmail.com,Bank Employee,Retail,Surat,Gujarat,India,2023-11-29,Active
CUST004576,Rekha Krishnan,Female,1994-08-12,9471159398,rekha.krishnan970@outlook.com,Professor,Retail,Jaipur,Rajasthan,India,2012-08-11,Active
CUST004577,Aryan Prabhu,Male,09/03/1955,997 231 2777,aryan.prabhu784@gmail.com,Doctor,Retail,Surat,Gujarat,India,2019-07-27,Active
CUST004578,Priya Shah,Female,1959-02-11,,priya.shah211@yahoo.com,Police Officer,Retail,Lucknow,Uttar Pradesh,India,2019-10-16,Active
CUST004579,Aarav Shah,Male,1957-08-08,9876324119,aarav.shah408@gmail.com,Shop Owner,Retail,Guwahati,Assam,India,2012-07-26,Active
CUST004580,Varun Bhat,Male,1979-12-27,9388580969,varun.bhat267@yahoo.com,Consultant,Retail,Bhubaneswar,Odisha,India,2013-04-16,Active
CUST004581,Ganesh Kale ,Male,1975-04-27,9716876567,GANESH.KALE779@GMAIL.COM,Chef,Retail,Mumbai,Maharashtra,India,2019-10-13,Active
CUST004582,Priya More,Female,1967-06-02,9346691215,priya.more512@gmail.com,Chartered Accountant,Corporate,Thiruvananthapuram,Kerala,India,2022-02-14,Active
CUST004583,Sushma Gowda,Female,1956-03-28,9457719083,sushma.gowda437@gmail.com,Homemaker,Retail, Visakhapatnam ,Andhra Pradesh,India,2014-04-01,Active
CUST004584,Vivaan Iyer,Male,1986-08-11,9715444696,vivaan.iyer6@yahoo.com,Pharmacist,Student,Dehradun,Uttarakhand,India,2018-07-10,Dormant
CUST004585,Priya Shah,Female,1996-11-27,9537642381,priya.shah633@gmail.com,Electrician,Retail,Warangal,Telangana,India,12/04/2014,Active
CUST004586,Vidya Singh,Female,1960-11-20,9467195601,vidya.singh442@gmail.com,Journalist,Student,Guwahati,Assam,India,2012-09-18,Active
CUST004587,Dhruv Shetty,Male,1988-05-17,09819728343,dhruv.shetty40@yahoo.com,Chartered Accountant,Premium,Amritsar,Punjab,India,2020-01-06,Inactive
CUST004588,Sangeeta Jadhav,Female,1996-03-09,9239668303,sangeeta.jadhav196@outlook.com,Tailor,Retail,Howrah,West Bengal,India,2019-08-28,Active
CUST004589,Vishal Iyer,Male,1981-10-01,9863856374,vishal.iyer725@outlook.com,Consultant,Retail,Dehradun,Uttarakhand,India,2022-08-27,Active
CUST004590,Rahul Raghunathan,Other,1982-10-01,9656951233,rahul.raghunathan748@yahoo.com,Homemaker,Retail,Thiruvananthapuram,Kerala,India,24-02-2025,Active
CUST004591,Sanjay Mukherjee,Male,1958-02-08,9396078515,sanjay.mukherjee493@outlook.com,Electrician,Premium,Bhubaneswar,Odisha,India,2013.12.14,Active
CUST004592,Dhruv More,Male,29/12/2005,9728292055,dhruv.more757@gmail.com,Journalist,Retail,Ranchi,Jharkhand,India,2023-12-26,Active
CUST004593,Varun Kotian,Male,2005-12-12,9991959310,varun.kotian737@outlook.com,Retired,Premium,Guwahati,Assam,India,2024-04-19,Active
CUST004594,Abhishek Verma,Male,1991-02-14,9414373352,abhishek.verma615@gmail.com,Business Owner,Corporate,Raipur,Chhattisgarh,India,2011-10-16,Active
CUST004595,Sushma Raghunathan,Female,09/09/2002,9453852530,sushma.raghunathan209@gmail.com,Shop Owner,Retail,Dehradun,Uttarakhand,India,2023-11-14,Active
CUST004596,Amit Ghosh,Male,1984-10-18,+919936377034,AMIT.GHOSH421@REDIFFMAIL.COM,Accountant,Premium,Surat,Gujarat,India,2025-09-08,Active
CUST004597,Mallikarjun Dutta,,1988-01-22,9409954278,mallikarjun.dutta815@yahoo.com,Homemaker,Senior Citizen,Varanasi,Uttar Pradesh,India,2012-07-21,Active
CUST004598,Manoj Gupta,Male,1998-03-26,9868833604,MANOJ.GUPTA310@OUTLOOK.COM,Civil Engineer,Premium,Thiruvananthapuram,Kerala,India,2016-03-24,Active
CUST004599,Kavya Desai,Female,1950-04-23,9624567287,kavya.desai659@yahoo.com,Pharmacist,Retail,Dehradun,Uttarakhand,India,2021-08-19,Active
CUST004600,Riya Rao ,Female,1961.04.23,9173931675,RIYA.RAO826@OUTLOOK.COM,Business Owner,Retail, Ahmedabad ,Gujarat,India,2018-05-19,Dormant
CUST004601,Krishna Mehta,Male,1960.04.27,9154212184,krishna.mehta533@outlook.com,Electrician,Retail,Warangal,Telangana,India,2026-05-06,Active
CUST004602,Amit Ghosh,Male,1986-05-02,9352845258,amit.ghosh507@rediffmail.com,Architect,Retail,Ranchi,Jharkhand,India,2019-06-19,Active
CUST004603,Mallikarjun Salunkhe,Male,1962-09-07,9115494253,mallikarjun.salunkhe188@gmail.com,Marketing Manager,Retail,Raipur,Chhattisgarh,India,2021-03-06,Active
CUST004604,Sunita Salunkhe,Female,1971-08-26,9786417614,sunita.salunkhe496@outlook.com,Chef,Senior Citizen,Visakhapatnam,Andhra Pradesh,India,2014-09-07,Active
CUST004605,Nisha Yadav,Female,1977-11-30,9675897653,nisha.yadav42@rediffmail.com,Consultant,Retail,Mysuru,Karnataka,India,16-01-2016,Active
CUST004606,Sushma Sen,Female,1993-01-22,9509197883,SUSHMA.SEN114@YAHOO.COM,Electrician,Retail,Visakhapatnam,Andhra Pradesh,India,2013-10-03,Active
CUST004607,Sunita Sen,Female,1979-05-07,9832425291,sunita.sen541@yahoo.com,Journalist,Retail,Guwahati,Assam,India,2013-04-13,Active
CUST004608,Arjun Reddy,Male,1949-06-25,9220154317,arjun.reddy218@outlook.com,Shop Owner,Senior Citizen,Hubballi,Karnataka,India,2012-10-04,Active
CUST004609,Kavya Reddy,Female,08-08-1989,9550317549,kavya.reddy347@outlook.com,Marketing Manager,Retail,Mumbai,Maharashtra,India,2024-11-14,Dormant
CUST004610,Aarav Kale,Male,1973-11-29,9404620365,aarav.kale360@yahoo.com,Consultant,Retail,Chennai,Tamil Nadu,India,2012-02-01,Active
CUST004611,Varun Nair,Male,1954-11-14,9121139135,varun.nair473@rediffmail.com,Police Officer,Retail,Vijayawada,Andhra Pradesh,India,2019-01-09,Active
CUST004612,Ganesh Bose ,Male,1987-06-25,9230345993,ganesh.bose698@outlook.com,,Retail,Bhubaneswar,Odisha,India,2018-11-23,Active
CUST004613,Aryan Salunkhe,Male,1964-05-15,9141249464,aryan.salunkhe446@outlook.com,Retired,Retail,Chandigarh,Chandigarh,India,2011-11-14,Active
CUST004614,Sangeeta Das,Female,1975-11-28,9275265526,sangeeta.das844@gmail.com,Farmer,Retail,Thiruvananthapuram,Kerala,India,2024-01-31,Inactive
CUST004615,Mahesh Shah,,2006-08-12,9664980159,MAHESH.SHAH482@OUTLOOK.COM,Software Engineer,Retail,Surat,Gujarat,India,2024-08-26,Active
CUST004616, Payal Dutta,Female,1962-06-01,9813710950,payal.dutta991@rediffmail.com,Doctor,Retail,Visakhapatnam,Andhra Pradesh,India,2012-12-20,Active
CUST004617,Manisha Bhat,Female,2001-08-18,9537453572,manisha.bhat998@outlook.com,Driver,Retail,Hubballi,Karnataka,India,2019-09-01,Active
CUST004618,Jyoti Raghunathan,Female,18-02-1976,9677034046,jyoti.raghunathan427@outlook.com,Data Analyst,Premium,Warangal,Telangana,India,20-11-2021,Active
CUST004619,Bhavna Bose,Female,2004-06-30,9807976503,bhavna.bose764@outlook.com,Government Employee,Retail,Chennai,Tamil Nadu,India,2022-07-22,Active
CUST004620,Ishaan Pillai,Male,1999-06-25,9551506963,ishaan.pillai453@gmail.com,Chef,Student,Ludhiana,Punjab,India,2017-06-20,Active
CUST004621,Sanjay Pillai,Male,1998-06-03,9485586156,sanjay.pillai874@gmail.com,Business Owner,Retail,Kanpur,Uttar Pradesh,India,2017-04-18,Active
CUST004622,Kabir Naidu,Male,1960-07-12,9382415755,kabir.naidu765@outlook.com,Civil Engineer,Retail,Indore,Madhya Pradesh,India,2011-07-19,Active
CUST004623,Manoj Yadav,Male,1995-11-30,9495203505,manoj.yadav338@gmail.com,Bank Employee,Premium,Visakhapatnam,Andhra Pradesh,India,2013-12-22,Inactive
CUST004624,Rekha Bose,Female,1970-03-30,9933437818,rekha.bose321@gmail.com,Teacher,Retail,Delhi,Delhi,India,2019-04-30,Active
CUST004625,Abhishek Reddy,Male,2003.02.20,9234786158,abhishek.reddy879@rediffmail.com,Data Analyst,Retail,Raipur,Chhattisgarh,India,2021-03-04,Active
CUST004626,Prasad Das,Male,2007-12-31,9620207104,PRASAD.DAS540@YAHOO.COM,Shop Owner,Retail,Mysuru,Karnataka,India,2026-01-05,Active
CUST004627,Vihaan Mehta,Male,1985-01-23,9936447349,vihaan.mehta694@rediffmail.com,Retired,Student,Bhubaneswar,Odisha,India,2016-11-21,Active
CUST004628,Amit Raghunathan,Male,2003-04-20,9409476210,amit.raghunathan676@rediffmail.com,Chef,Retail,Patna,Bihar,India,2021-04-27,Active
CUST004629,Riya Yadav,Female,1980-04-23,92043-19399,RIYA.YADAV166@GMAIL.COM,Consultant,Retail,Ludhiana,Punjab,India,2015-07-22,Active
CUST004630,Dhruv Sharma,Male,1950-01-21,9755115923,dhruv.sharma236@rediffmail.com,Police Officer,Retail,Hubballi,Karnataka,India,2016-06-05,Active
CUST004631,Pallavi Sharma,Female,2000-12-12,9610158439,pallavi.sharma899@yahoo.com,Driver,Retail,Raipur,Chhattisgarh,India,2018-12-09,Active
CUST004632,Geeta Yadav,Female,1980-02-17,9781689445,geeta.yadav280@outlook.com,Architect,Retail,Guwahati,Assam,India,2021-05-10,Active
CUST004633,Vidya Kale,Female,1950-09-01,9405997045,vidya.kale867@gmail.com,Sales Executive,Corporate,Bengaluru,Karnataka,India,2011-11-07,Active
CUST004634,Deepak Dutta,Male,1951-12-18,9959137020,deepak.dutta356@yahoo.com,Architect,Senior Citizen,Varanasi,Uttar Pradesh,India,2025-04-09,Inactive
CUST004635,Sushma Gupta,Female,10/25/1991,9924194136,sushma.gupta845@outlook.com,Professor,Senior Citizen,Amritsar,Punjab,India,2019-08-13,Active
CUST004636,Anil Shetty,Male,2003-12-22,9741487506,anil.shetty577@yahoo.com,Shop Owner,Retail,Udaipur,Rajasthan,India,2021-12-18,Active
CUST004637,Chetan Bose,Male,1990-04-01,9268475426,CHETAN.BOSE100@OUTLOOK.COM,Journalist,Retail,Ahmedabad,Gujarat,India,2022-10-19,Active
CUST004638,Rekha Mehta,Female,1974-10-01,9232379025,rekha.mehta270@gmail.com,Bank Employee,Retail,Hyderabad,Telangana,India,2025-08-08,ACTIVE
CUST004639,Kiran Mehta,Female,1966-08-07,9961305229,kiran.mehta951@gmail.com,HR Manager,Retail,Lucknow,Uttar Pradesh,India,2011-11-27,ACTIVE
CUST004640,Prasad Mukherjee,Male,1973-05-08,9883646546,prasad.mukherjee208@outlook.com,Accountant,Retail,Shimla,Himachal Pradesh,India,2014-03-05,Active
CUST004641,Sunita Sharma,Female,1967-07-23,9892710746,sunita.sharma228@yahoo.com,Nurse,Retail,Kochi,Kerala,India,2013-03-27,Active
CUST004642,Ashok Reddy,Male,1964-07-14,9678062836,ashok.reddy150@outlook.com,,Retail,Patna,Bihar,India,2012-02-06,Active
CUST004643,Snehal Kamath,Female,1955.10.11,09544270903,snehal.kamath609@yahoo.com,,Corporate,Guwahati,Assam,India,2022-06-24,Active
CUST004644,Rekha Rao,Other,1982-06-17,9245928875,rekha.rao808@gmail.com,Nurse,Premium,Guwahati,Assam,India,2013-12-29,Active
CUST004645,Snehal Das,Female,1961-03-25,9330891797,snehal.das935@outlook.com,Pharmacist,Senior Citizen,Surat,Gujarat,India,2016-12-16,Active
CUST004646,Sarita Nair,Female,1956-10-13,9866436543,sarita.nair885@gmail.com,Marketing Manager,Retail,Bhubaneswar,Odisha,India,2023-08-30,Active
CUST004647,Vandana Patil,Female,1964-09-16,9684739546,vandana.patil883@rediffmail.com,Accountant,Corporate,Kolkata,West Bengal,India,2020-07-03,Active
CUST004648,Sangeeta Gupta,Female,1996-05-27,9997733851,sangeeta.gupta903@gmail.com,Architect,Retail,Chandigarh,Chandigarh,India,2021-07-12,Active
CUST004649,Pooja Naidu,Female,1982-09-17,9908637249,POOJA.NAIDU567@REDIFFMAIL.COM,Architect,Retail,Warangal,Telangana,India,2012-07-08,Dormant
CUST004650,Kavya Shah,Female,1889-06-01,9783439216,kavya.shah820@yahoo.com,Shop Owner,Retail,Vijayawada,Andhra Pradesh,India,2026-01-31,Active
CUST004651,Ishaan Rao,Male,1983-11-11,9134628631,ishaan.rao634@rediffmail.com,Lawyer,Retail,Ranchi,Jharkhand,India,2012-04-14,Active
CUST004652,Vidya Mukherjee,Female,1982-04-26,9266574401,vidya.mukherjee138@gmail.com,Civil Engineer,Retail,Chandigarh,Chandigarh,India,2022-01-11,Active
CUST004653,Aditya Bose,Male,1978-02-25,9437635003,aditya.bose25@yahoo.com,Data Analyst,Premium,Jaipur,Rajasthan,India,2020-12-07,Active
CUST004654,Sai Sharma,Other,1998-12-09,9132179934,sai.sharma98@yahoo.com,Business Owner,Retail,Lucknow,Uttar Pradesh,India,2017-05-30,Active
CUST004655,Girish Iyer,Male,1992-03-31,9305245574,girish.iyer346@gmail.com,Shop Owner,Senior Citizen,Guwahati,Assam,India,2024-01-09,Active
CUST004656,Santosh Dutta,Male,1959-03-20,9444618500,santosh.dutta499@yahoo.com,Student,Retail,Madurai,Tamil Nadu,India,2024-11-12,Inactive
CUST004657,Bhavna More,Female,1997-07-04,9707074954,bhavna.more638@gmail.com,Nurse,Premium,Ludhiana,Punjab,India,2015-07-12,Active
CUST004658,Aryan Gupta,Male,1958-08-12,9132283271,aryan.gupta521@yahoo.com,Chartered Accountant,Senior Citizen,Hyderabad,Telangana,India,2025-11-20,Active
CUST004659,Aditya Bose,Male,1952-09-23,9672692828,aditya.bose366@yahoo.com,Government Employee,Retail,Mysuru,Karnataka,India,2014-09-30,Active
CUST004660,Pallavi Desai,Female,1973-06-29,9191299711,pallavi.desai732@gmail.com,Professor,Corporate,Ranchi,Jharkhand,India,2023-04-20,Active
CUST004661,Gaurav Chowdhury,Male,1971-10-19,9912207358,gaurav.chowdhury860@rediffmail.com,Electrician,Premium,Patna,Bihar,India,2023-10-02,Active
CUST004662,Manoj Raghunathan,Male,1995-08-17,9721684030,manoj.raghunathan223@outlook.com,Architect,Retail,Kolkata,West Bengal,India,25/08/2019,Active
CUST004663,Girish Salunkhe,Male,1990-02-13,94021-32291,girish.salunkhe262@rediffmail.com,Homemaker,Premium,Thiruvananthapuram,Kerala,India,2024-05-31,Active
CUST004664,Deepak Iyer,Male,1951-07-19,9730108458,deepak.iyer930@rediffmail.com,Retired,Premium,Ranchi,Jharkhand,India,2023-10-31,Active
CUST004665,Ashok Bhat,Male,1978-03-20,9382639364,ashok.bhat969@yahoo.com,Shop Owner,Retail,Guwahati,Assam,India,2019-02-13,Active
CUST004666,Vinod Bhat,Male,1996-03-04,+919203540534,vinod.bhat310@yahoo.com,Civil Engineer,Retail,Raipur,Chhattisgarh,India,2014-03-24,Active
CUST004667,Aarav Jadhav,Male,06/01/1992,9108669186,aarav.jadhav509@rediffmail.com,Bank Employee,Retail,Dehradun,Uttarakhand,India,2017-10-02,Active
CUST004668,Ayaan Subramaniam,Male,1978-05-03,9297294409,ayaan.subramaniam577@yahoo.com,Pharmacist,Retail,Vadodara,Gujarat,India,2024-12-27,Active
CUST004669,Vinod Das,Male,1985-04-21,9736987375,vinod.das634@gmail.com,Retired,Student,Coimbatore,Tamil Nadu,India,2014-02-24,Active
CUST004670,Lakshmi Shetty,Female,1982-01-12,934 571 1456,lakshmi.shetty863@outlook.com,Government Employee,Senior Citizen,Belagavi,Karnataka,India,2026-07-13,Active
CUST004671,Anjali Chatterjee ,Female,1962-01-05,9717879685,anjali.chatterjee106@rediffmail.com,Tailor,Premium,Varanasi,Uttar Pradesh,India,2013-10-28,Active
CUST004672,Krishna Kulkarni,Male,1982.03.11,9449503195,krishna.kulkarni523@gmail.com,Police Officer,Retail,Bhopal,Madhya Pradesh,India,2021-05-02,Active
CUST004673,Rohan Mukherjee,Male,1988-11-25,9241111220,rohan.mukherjee217@outlook.com,Farmer,Retail,Indore,Madhya Pradesh,India,2020-12-16,Active
CUST004674,Rekha Prabhu,Female,1951-05-27,9711146496,rekha.prabhu753@yahoo.com,Chartered Accountant,Retail,Mumbai,Maharashtra,India,2014-01-16,Active
CUST004675,Diya Yadav,Female,13/02/1990,9697976313,diya.yadav596@yahoo.com,Shop Owner,Retail,Patna,Bihar,India,2018-05-04,Active
CUST004676,Pradeep Bhosale,Male,1963-02-17,9605831677,pradeep.bhosale748@yahoo.com,Chartered Accountant,Premium,Guwahati,Assam,India,2013-03-30,Active
CUST004677,Rohan Bhosale,Male,1948-06-20,9191180795,rohan.bhosale904@gmail.com,Sales Executive,Retail, Patna ,Bihar,India,2016-09-01,Dormant
CUST004678,Ayaan Naidu,Male,1993-10-04,9144733180,ayaan.naidu789@yahoo.com,Bank Employee,Retail,Kanpur,Uttar Pradesh,India,2025-11-27,Active
CUST004679,Vandana Dutta,Female,1971-08-15,9190627556,vandana.dutta853@yahoo.com,Government Employee,Retail,Mumbai,Maharashtra,India,2011-11-05,Active
CUST004680,Sneha Patil,Female,1972-12-22,930 138 0841,sneha.patil810@rediffmail.com,Teacher,Senior Citizen,Udaipur,Rajasthan,India,2024-07-15,Active
CUST004681,Sneha Venkatesh,Female,1985-10-28,9927006162,sneha.venkatesh625@gmail.com,Professor,Retail,Thiruvananthapuram,Kerala,India,2021-07-11,Active
CUST004682,Aarav Sharma,Male,1981-12-16,9804827940,aarav.sharma392@rediffmail.com,Lawyer,Retail,Varanasi,Uttar Pradesh,India,2022-08-19,Active
CUST004683,Mahesh Desai,Male,1985-08-06,9891983396,mahesh.desai336@gmail.com,Chef,Retail,Varanasi,Uttar Pradesh,India,2015-05-21,Active
CUST004684,Siddharth Krishnan,Male,2005-03-30,9390234804,siddharth.krishnan363@yahoo.com,Government Employee,Retail,Lucknow,Uttar Pradesh,India,2025-09-30,Active
CUST004685,Naveen Bhosale,Male,1987-06-13,9462632785,naveen.bhosale607@yahoo.com,Architect,Retail,Varanasi,Uttar Pradesh,India,2014-12-09,Active
CUST004686,Prasad Das,Male,1950-10-20,988 117 9371,prasad.das802@yahoo.com,Professor,Premium,Warangal,Telangana,India,2018-10-27,Dormant
CUST004687,Rashmi Venkatesh ,Female,1961-06-21,9419963510,rashmi.venkatesh367@rediffmail.com,,Retail,Kochi,Kerala,India,28/07/2011,Active
CUST004688,Varun Gupta,Male,1975-03-30,9669296798,varun.gupta579@rediffmail.com,HR Manager,Retail,Hyderabad,Telangana,India,2024-10-16,inactive
CUST004689,Namrata More,Female,1976-08-16,9230161451,namrata.more414@outlook.com,Doctor,Student,Udaipur,Rajasthan,India,2021-12-12,Active
CUST004690,Pradeep Hegde,Male,1969-11-20,9677517655,pradeep.hegde607@outlook.com,Chef,Premium,Surat,Gujarat,India,07/13/2013,Active
CUST004691,Rohan Kulkarni,Male,1959-03-03,9365154248,ROHAN.KULKARNI818@OUTLOOK.COM,Retired,Senior Citizen,Patna,Bihar,India,2021-04-15,Dormant
CUST004692,Priya Sen,Female,1954-06-13,9346613957,priya.sen412@rediffmail.com,HR Manager,Retail,Panaji,Goa,India,03/11/2013,Active
CUST004693,Payal Salunkhe,Female,1956-10-12,9521055487,payal.salunkhe397@rediffmail.com,,Senior Citizen,Thiruvananthapuram,Kerala,India,2017-11-27,Active
CUST004694,Vikram Sharma,Male,2005-08-08,9390594711,vikram.sharma202@rediffmail.com,Chef,Premium,Mysuru,Karnataka,India,2023-08-23,Active
CUST004695,Sarita Nair,Female,1971-12-19,9228052721,sarita.nair498@gmail.com,Driver,Retail,Bhopal,Madhya Pradesh,India,2025-06-21,Active
CUST004696,Rahul Patil,Male,2006-04-01,9497940754,rahul.patil457@yahoo.com,Government Employee,Retail,Warangal,Telangana,India,2024-04-10,Active
CUST004697,Vihaan Kumar,Male,1968-04-15,9577315629,VIHAAN.KUMAR160@YAHOO.COM,Business Owner,Retail,Pune,Maharashtra,India,2011-03-14,Inactive
CUST004698, Umesh Kumar,Male,1966-11-14,92413-96695,umesh.kumar968@gmail.com,Doctor,Corporate,Delhi,Delhi,India,2017-09-20,Active
CUST004699,Aryan Prabhu,Male,1977.08.28,9458468807,aryan.prabhu858@rediffmail.com,Civil Engineer,Retail,Shimla,Himachal Pradesh,India,2025-05-25,Active
CUST004700,Namrata More,Female,2005-05-09,9184266834,namrata.more291@gmail.com,Government Employee,Premium,Vadodara,Gujarat,India,2023-06-01,ACTIVE
CUST004701,Ganesh Sharma,Male,1982-02-12,9681046200,ganesh.sharma943@rediffmail.com,Journalist,Premium,Chennai,Tamil Nadu,India,2011-12-02,Active
CUST004702,Meera Agarwal,Female,1950-02-17,9381604850,MEERA.AGARWAL272@REDIFFMAIL.COM,Government Employee,Premium,Mysuru,Karnataka,India,2011-10-31,Active
CUST004703,Sangeeta Gowda,Female,1964-06-13,9180541788,sangeeta.gowda419@outlook.com,Doctor,Retail,Bhopal,Madhya Pradesh,India,2022-10-05,Active
CUST004704,Vikram Venkatesh,Male,2007-06-05,9561916387,VIKRAM.VENKATESH131@YAHOO.COM,Police Officer,Senior Citizen,Bhubaneswar,Odisha,India,2025-06-11,Active
CUST004705,Aditya Bose,,1957-05-12,9851425983,aditya.bose611@yahoo.com,Chartered Accountant,Retail,Howrah,West Bengal,India,2019-08-29,Active
CUST004706,Prasad Patil,Male,1998-08-23,99704-03041,prasad.patil481@outlook.com,Shop Owner,Corporate,Bengaluru,Karnataka,India,2016-09-12,Active
CUST004707,Manisha Singh,Female,2004-04-04,9256259667,MANISHA.SINGH267@OUTLOOK.COM,Pharmacist,Retail,Howrah,West Bengal,India,2022-04-20,Active
CUST004708,Kalpana Pillai,Female,1960-12-25,+919669505281,kalpana.pillai288@outlook.com,Data Analyst,Retail,Bhopal,Madhya Pradesh,India,2024-03-02,Active
CUST004709,Rashmi Mehta,Female,11/11/1981,9588872199,rashmi.mehta934@outlook.com,Farmer,Retail,Bengaluru,Karnataka,India,2013-03-02,active
CUST004710,Rohan Pillai,Male,1984-04-27,9158189474,rohan.pillai686@rediffmail.com,Marketing Manager,Premium,Madurai,Tamil Nadu,India,2014-02-19,Active
CUST004711,Sai Nair,Male,1996-02-03,9598968356,sai.nair153@rediffmail.com,Journalist,Retail,Mumbai,Maharashtra,India,2018-01-10,Active
CUST004712,Geeta Pillai,Female,1996-05-12,9941893210,geeta.pillai135@rediffmail.com,Civil Engineer,Retail,Jaipur,Rajasthan,India,2022-06-02,Active
CUST004713,Vikram Bose,Male,08/22/1951,9520649620,vikram.bose70@yahoo.com,Retired,Retail,Hubballi,Karnataka,India,2023-11-14,Active
CUST004714,Vandana Bhat,Female,1967-05-06,9820647220,vandana.bhat247@gmail.com,Farmer,Premium,Delhi,Delhi,India,2020-03-12,Active
CUST004715,Ayaan Reddy,Male,2004-12-14,934 349 2652,ayaan.reddy737@yahoo.com,Consultant,Retail,Bengaluru,Karnataka,India,2022-12-12,Active
CUST004716,Vishal Gowda,Male,1969-06-06,9162940544,vishal.gowda62@yahoo.com,Business Owner,Retail,Ranchi,Jharkhand,India,28/12/2016,Active
CUST004717,Ishaan Kumar,Male,1962-11-25,9524440173,ishaan.kumar249@yahoo.com,Civil Engineer,Premium,Udaipur,Rajasthan,India,2011-09-06,Active
CUST004718,Rahul Mukherjee,Male,07-02-1986,9649495790,rahul.mukherjee42@outlook.com,Government Employee,Retail,Vijayawada,Andhra Pradesh,India,2015-02-27,Active
CUST004719,Komal Chowdhury,Female,31-10-1959,09735752349,komal.chowdhury649@rediffmail.com,Nurse,Retail,Ahmedabad,Gujarat,India,2014-05-03,Active
CUST004720,Dhruv Kotian,Male,1956-11-28,9328340318,dhruv.kotian813@rediffmail.com,Student,Retail,Chennai,Tamil Nadu,India,2011-11-23,INACTIVE
CUST004721,Vidya Gupta,Female,1996-05-05,9112833965,vidya.gupta529@outlook.com,Software Engineer,Retail,Chennai,Tamil Nadu,India,2022-07-30,Active
CUST004722,Ananya Singh,Female,1955-02-28,9808257511,ananya.singh905@outlook.com,Civil Engineer,Retail,Raipur,Chhattisgarh,India,2016-06-28,Active
CUST004723,Jyoti Sharma,Female,2001-12-26,9865686812,jyoti.sharma688@yahoo.com,Electrician,Retail,Chandigarh,Chandigarh,India,2020-01-02,Active
CUST004724,Preeti Pawar,Female,1963-02-18,9655971953,preeti.pawar763@outlook.com,Shop Owner,Retail,Kolkata,West Bengal,India,2014-02-12,Active
CUST004725,Radha Pillai,Female,1954-06-21,9433331611,radha.pillai314@yahoo.com,HR Manager,Retail,Bhopal,Madhya Pradesh,India,2020-03-09,Active
CUST004726,Anita Naidu,Female,1992-11-27,95317-81430,anita.naidu864@rediffmail.com,Chartered Accountant,Retail,Varanasi,Uttar Pradesh,India,2013-02-10,Active
CUST004727,Vivaan Hegde,Male,1958.09.11,+919479490604,vivaan.hegde630@rediffmail.com,Journalist,Retail,Bengaluru,Karnataka,India,2021-07-13,Active
CUST004728,Aarav Kamath ,Male,1970-03-18,9301392130,aarav.kamath87@yahoo.com,Farmer,Retail,Patna,Bihar,India,2022-06-22,Active
CUST004729,Swati Sharma,Female,1969-04-10,9434531006,swati.sharma83@outlook.com,Marketing Manager,Premium,Bengaluru,Karnataka,India,2015-11-03,Active
CUST004730,Prakash Iyer,Male,1978-09-26,09503108683,prakash.iyer897@gmail.com,Doctor,Retail,Delhi,Delhi,India,2014-04-21,Active
CUST004731,Kabir Gowda,Male,1976-09-04,9437973847,kabir.gowda275@yahoo.com,Bank Employee,Senior Citizen,Patna,Bihar,India,2023-02-14,Active
CUST004732,Kalpana Dutta,Female,1889-06-01,9575285103,kalpana.dutta466@rediffmail.com,Consultant,Student,Vadodara,Gujarat,India,2014-06-20,ACTIVE
CUST004733,Arjun Krishnan,Male,1962-03-20,9826113480,arjun.krishnan759@outlook.com,Accountant,Retail,Chennai,Tamil Nadu,India,2013-10-08,Active
CUST004734,Kalpana Chowdhury,Female,1959-10-05,+919397834274,kalpana.chowdhury768@outlook.com,Electrician,Premium,Nagpur,Maharashtra,India,2016-04-16,Active
CUST004735,Kiran Agarwal,Female,1951-05-13,9152057858,kiran.agarwal28@gmail.com,Chef,Premium,Chandigarh,Chandigarh,India,2026-01-07,Active
CUST004736,Karan Krishnan,Male,1987-05-29,9267628156,karan.krishnan615@rediffmail.com,Doctor,Retail,Indore,Madhya Pradesh,India,2018-03-10,Active
CUST004737,Lakshmi Venkatesh,Female,1976-07-09,9935530414,lakshmi.venkatesh912@rediffmail.com,Government Employee,Retail,Chennai,Tamil Nadu,India,2015-01-30,Active
CUST004738,Dhruv Venkatesh,Male,1954-07-26,9575769644,DHRUV.VENKATESH350@YAHOO.COM,Nurse,Student,Surat,Gujarat,India,2018-12-25,Active
CUST004739,Kiran Singh,Female,1968-01-27,9570520268,KIRAN.SINGH542@REDIFFMAIL.COM,Journalist,Retail,Kolkata,West Bengal,India,2016-05-31,Active
CUST004740,Diya Singh,Female,1988-06-16,09467941409,DIYA.SINGH265@OUTLOOK.COM,HR Manager,Retail,Panaji,Goa,India,2021-04-29,Active
CUST004741,Suresh Kumar,Male,1965.04.11,9740226513,suresh.kumar720@yahoo.com,Farmer,Retail,Guwahati,Assam,India,2017-10-26,Active
CUST004742,Vishal Hegde,Male,1972-04-10,9687690573,vishal.hegde118@yahoo.com,Data Analyst,Retail,Madurai,Tamil Nadu,India,2020-02-22,Active
CUST004743,Rahul Dutta,Male,1993-01-21,9937485261,rahul.dutta519@outlook.com,Software Engineer,Retail,Lucknow,Uttar Pradesh,India,2017-10-12,Active
CUST004744,Harsh Mukherjee,Male,1988-08-31,9114896280,harsh.mukherjee412@yahoo.com,Chartered Accountant,Senior Citizen,Visakhapatnam,Andhra Pradesh,India,2018-06-26,Active
CUST004745,Ashok Krishnan,Male,1990-06-14,9349905008,ashok.krishnan640@outlook.com,Government Employee,Retail,Kolkata,West Bengal,India,2017-12-12,Active
CUST004746,Ramesh Venkatesh,Other,1971-02-15,9270750284,ramesh.venkatesh494@gmail.com,Data Analyst,Retail,Mysuru,Karnataka,India,2017-02-13,Active
CUST004747,Aditya Ghosh,Male,1977-04-27,9953508662,aditya.ghosh980@yahoo.com,Driver,Retail,Hyderabad,Telangana,India,2025-12-22,Active
CUST004748,Ananya Joshi,Female,1999-04-04,9165349926,ananya.joshi982@outlook.com,HR Manager,Premium,Kochi,Kerala,India,2017-04-11,Active
CUST004749,Prakash Menon,Male,2000-11-04,9209143474,prakash.menon284@rediffmail.com,Architect,Retail,Shimla,Himachal Pradesh,India,2023-07-07,Active
CUST004750,Sushma Kulkarni,Other,1951-05-14,9497892692,sushma.kulkarni38@yahoo.com,Shop Owner,Retail,Warangal,Telangana,India,2022-01-11,Active
CUST004751,Ganesh Prabhu,Male,1998-10-08,9337800048,ganesh.prabhu492@outlook.com,Journalist,Premium,Nagpur,Maharashtra,India,2019-03-16,Active
CUST004752,Prakash Bhosale,Male,2002-02-12,93980-32716,prakash.bhosale589@yahoo.com,Pharmacist,Student,Delhi,Delhi,India,2020-03-06,Active
CUST004753,Myra Kumar,Female,2005-02-05,9643542081,myra.kumar751@rediffmail.com,Consultant,Retail,Surat,Gujarat,India,2023-03-02,Active
CUST004754,Krishna Nair,Male,1964-04-10,9604480646,krishna.nair524@yahoo.com,Journalist,Corporate,Belagavi,Karnataka,India,2024-03-14,Active
CUST004755,Sunita Kamath,Female,1978-05-15,987 785 2012,sunita.kamath586@outlook.com,Accountant,Retail,Pune,Maharashtra,India,2013-10-29,Active
CUST004756, Mahesh Prabhu,Male,1950-07-30,9505961823,mahesh.prabhu23@yahoo.com,Data Analyst,Retail,Bhopal,Madhya Pradesh,India,2020-02-09,Active
CUST004757,Sarita Agarwal,Female,1954-08-25,9943626179,sarita.agarwal762@yahoo.com,Retired,Retail,Amritsar,Punjab,India,2022-11-19,Active
CUST004758,Lakshmi Chatterjee,Female,1982-01-26,9271174516,lakshmi.chatterjee330@outlook.com,Bank Employee,Retail,Coimbatore,Tamil Nadu,India,2020-11-06,Active
CUST004759,Shweta Deshmukh,Female,1960-06-25,09275059066,shweta.deshmukh384@outlook.com,Sales Executive,Senior Citizen,Lucknow,Uttar Pradesh,India,2013-03-29,Active
CUST004760,Reyansh More,Male,1961-08-04,9452062282,REYANSH.MORE423@OUTLOOK.COM,Marketing Manager,Retail,Varanasi,Uttar Pradesh,India,2018-11-27,Active
CUST004761,Santosh Deshmukh,Male,1965-12-25,09205157955,santosh.deshmukh72@rediffmail.com,Civil Engineer,Retail,Bhopal,Madhya Pradesh,India,2013-11-04,Active
CUST004762,Manoj Raghunathan,Male,1975-10-27,9126007151,manoj.raghunathan494@outlook.com,Retired,Retail,Shimla,Himachal Pradesh,India,2025-06-05,Active
CUST004763,Vivaan Mukherjee,Male,1957-04-07,9434144688,vivaan.mukherjee381@rediffmail.com,Chartered Accountant,Retail,Panaji,Goa,India,2016-06-19,Active
CUST004764,Prakash Chavan,Male,1996-08-09,9583646279,PRAKASH.CHAVAN233@YAHOO.COM,Homemaker,Senior Citizen,Warangal,Telangana,India,2017-07-20,Active
CUST004765,Neha Subramaniam,Female,1988-06-21,9349959782,NEHA.SUBRAMANIAM246@OUTLOOK.COM,Tailor,Corporate,Shimla,Himachal Pradesh,India,28-04-2024,Active
CUST004766,Meera Kulkarni,Female,1995-12-15,9343954132,meera.kulkarni35@yahoo.com,Pharmacist,Retail,Pune,Maharashtra,India,20-08-2017,Active
CUST004767,Pooja Bose,Female,2004-02-08,9187502269,pooja.bose886@outlook.com,Student,Retail,Raipur,Chhattisgarh,India,2022-02-26,Active
CUST004768,Raghavendra Patil,Male,1984-05-16,9894920163,raghavendra.patil294@gmail.com,Software Engineer,Retail,Mysuru,Karnataka,India,2024-11-15,Active
CUST004769,Pradeep Naidu,Male,1969-11-29,9159271177,pradeep.naidu873@rediffmail.com,Sales Executive,Student,Bengaluru,Karnataka,India,2021-01-25,Active
CUST004770,Dhruv Patil,Male,2007-03-30,9732347887,,Accountant,Retail,Bengaluru,Karnataka,India,2025-03-28,Active
CUST004771,Girish Kotian,Male,1982-04-10,9743004015,girish.kotian457@outlook.com,Electrician,Retail,Bengaluru,Karnataka,India,03/04/2012,Active
CUST004772,Ishaan Nair,Male,04-02-1976,9282953133,ishaan.nair807@rediffmail.com,Tailor,Premium,Jaipur,Rajasthan,India,2017-12-23,Active
CUST004773,Aryan Bhosale,Male,1973-03-15,9322606465,aryan.bhosale211@yahoo.com,Marketing Manager,Senior Citizen,Thiruvananthapuram,Kerala,India,2018-02-19,Active
CUST004774,Ayaan Pawar,Male,1950-05-21,+919430846020,ayaan.pawar181@yahoo.com,Pharmacist,Retail,Ranchi,Jharkhand,India,2015-01-27,Active
CUST004775,Radha Roy,Other,2005-11-28,9692917277,radha.roy898@outlook.com,Electrician,Premium,Mumbai,Maharashtra,India,2023-12-19,Inactive
CUST004776,Raghavendra Pillai,Male,1997-08-23,9132982170,raghavendra.pillai646@rediffmail.com,Student,Retail,Hyderabad,Telangana,India,2015-09-02,Active
CUST004777,Harsh Pillai,Male,1990-05-18,9833957662,harsh.pillai688@yahoo.com,Software Engineer,Premium,Mysuru,Karnataka,India,2018-04-26,Active
CUST004778,Prakash Menon,Male,1961-05-28,9406809684,PRAKASH.MENON922@GMAIL.COM,Civil Engineer,Retail,Mysuru,Karnataka,India,2023-06-15,Active
CUST004779,Abhishek Kamath,Male,2004-03-26,9549987173,abhishek.kamath14@gmail.com,Bank Employee,Corporate,Ranchi,Jharkhand,India,2022-06-04,Blocked
CUST004780,Divya Kulkarni,Female,1958-09-04,9918889087,DIVYA.KULKARNI172@OUTLOOK.COM,Electrician,Premium,Thiruvananthapuram,Kerala,India,2015-05-05,Active
CUST004781,Aryan Iyer,Male,1962-08-20,9219747388,,Tailor,Senior Citizen,Chennai,Tamil Nadu,India,23-03-2014,Active
CUST004782,Deepika Dutta,Female,1952-03-29,9952856259,deepika.dutta129@outlook.com,Government Employee,Retail,Warangal,Telangana,India,2011-02-02,Active
CUST004783,Vihaan More,Male,1965-06-17,9653093079,vihaan.more448@rediffmail.com,Journalist,Senior Citizen,Visakhapatnam,Andhra Pradesh,India,2016-05-15,Active
CUST004784,Mallikarjun Iyer,Male,1967-11-12,9484157810,mallikarjun.iyer23@outlook.com,Pharmacist,Retail,Chandigarh,Chandigarh,India,2011-04-21,Active
CUST004785,Shreya Chavan,Female,1996-02-27,9164446762,shreya.chavan326@gmail.com,Teacher,Retail,Coimbatore,Tamil Nadu,India,2014-03-15,Active
CUST004786,Umesh Mukherjee,Male,1967-10-05,9835429177,umesh.mukherjee173@outlook.com,Sales Executive,Retail,Vijayawada,Andhra Pradesh,India,03/15/2026,Active
CUST004787,Shreya Joshi,Female,2005-11-25,9785386191,shreya.joshi256@yahoo.com,Tailor,Corporate,Delhi,Delhi,India,2024-04-17,Active
CUST004788,Vivaan Agarwal,Male,1966-05-05,9849955266,vivaan.agarwal813@gmail.com,Electrician,Retail,Hyderabad,Telangana,India,2019-09-13,Active
CUST004789,Kalpana Gowda,Female,1979-10-12,9461875048,kalpana.gowda276@gmail.com,Chartered Accountant,Retail,Indore,Madhya Pradesh,India,2023-01-13,Active
CUST004790,Aditya Sharma,Male,1983-12-09,9384764237,aditya.sharma813@outlook.com,Journalist,Premium,Lucknow,Uttar Pradesh,India,2018.08.07,Active
CUST004791, Sunil Pillai,Male,1998-03-25,934 218 5730,sunil.pillai894@outlook.com,Software Engineer,Premium,Nagpur,Maharashtra,India,2020-05-05,Active
CUST004792,Preeti Sen,Female,1993-07-13,9672979605,preeti.sen540@yahoo.com,Data Analyst,Retail,Amritsar,Punjab,India,2025-04-05,Active
CUST004793,Aditya Desai,Male,2000-07-23,9738599007,aditya.desai538@rediffmail.com,Journalist,Retail,Coimbatore,Tamil Nadu,India,2018-08-06,Active
CUST004794,Naveen Nair,Male,2004-10-23,,naveen.nair333@outlook.com,Student,Retail,Indore,Madhya Pradesh,India,2022-10-31,active
CUST004795,Arjun Yadav,Other,1955-02-12,9610488827,arjun.yadav666@rediffmail.com,Chef,Retail,Kolkata,West Bengal,India,2012-11-06,Active
CUST004796,Priya Bhosale,Female,1953.09.12,9585843770,priya.bhosale806@gmail.com,Civil Engineer,Retail, Bhubaneswar ,Odisha,India,2023-05-09,Active
CUST004797,Anika Roy,Female,03/18/1975,9230582945,anika.roy862@yahoo.com,Retired,Premium,Panaji,Goa,India,2023-10-13,Active
CUST004798,Neha Jadhav,Female,09/02/1957,9965847910,neha.jadhav195@gmail.com,Accountant,Corporate,Bhubaneswar,Odisha,India,2022-03-20,Active
CUST004799,Rashmi Patil,Female,1977-11-25,9400577654,rashmi.patil685@yahoo.com,Chartered Accountant,Retail,Visakhapatnam,Andhra Pradesh,India,2020-06-17,Active
CUST004800,Shweta Reddy,Female,1983-09-26,9314790071,shweta.reddy140@rediffmail.com,Police Officer,Retail,Kanpur,Uttar Pradesh,India,2018-05-31,Active
CUST004801,Kavya Gowda,Female,1964-09-28,9904462742,kavya.gowda490@yahoo.com,Lawyer,Retail,Nagpur,Maharashtra,India,2011-05-14,Active
CUST004802,Santosh Kale,Male,1953-12-11,9927563259,santosh.kale90@yahoo.com,Business Owner,Corporate,Kanpur,Uttar Pradesh,India,2023-01-14,Active
CUST004803,Dhruv Venkatesh,Male,2006-06-09,9846521527,dhruv.venkatesh549@gmail.com,Student,Senior Citizen,Jaipur,Rajasthan,India,2024-11-21,Active
CUST004804,Diya Salunkhe,Female,1970-06-18,9401874811,diya.salunkhe850@yahoo.com,Chef,Retail,Patna,Bihar,India,2026-01-02,Active
CUST004805,Vandana Rao,Female,1998-11-01,9348231861,vandana.rao816@gmail.com,Data Analyst,Senior Citizen,Coimbatore,Tamil Nadu,India,2016-10-29,Active
CUST004806,Karan Yadav,Male,1985-11-02,9662347898,karan.yadav714@gmail.com,Pharmacist,Retail,Indore,Madhya Pradesh,India,2014-02-12,Active
CUST004807,Chetan Hegde,Male,1988-02-12,9329728364,CHETAN.HEGDE577@GMAIL.COM,Consultant,Senior Citizen,Vadodara,Gujarat,India,2021-02-28,Active
CUST004808,Vikram Bhat,Male,1995-04-15,9792463491,vikram.bhat624@outlook.com,Marketing Manager,Senior Citizen,Bhopal,Madhya Pradesh,India,2013-05-05,active
CUST004809,Aryan Jadhav,Male,1964-01-24,9394402370,aryan.jadhav100@outlook.com,Lawyer,Retail,Surat,Gujarat,India,2011-12-08,Active
CUST004810,Sangeeta Naik,Female,1961-03-08,9824034849,,Pharmacist,Senior Citizen,Ahmedabad,Gujarat,India,2023-10-06,Active
CUST004811,Arjun Iyer,Male,2008-05-21,9217588656,arjun.iyer681@gmail.com,Homemaker,Retail,Chennai,Tamil Nadu,India,2026-06-14,Active
CUST004812,Nisha Pawar,Female,1988-06-20,9815415913,nisha.pawar144@rediffmail.com,HR Manager,Retail,Ludhiana,Punjab,India,2017-04-09,Active
CUST004813,Bhavna Verma,Female,1965-09-14,9384445936,bhavna.verma632@outlook.com,Police Officer,Corporate,Nagpur,Maharashtra,India,2018-11-21,Active
CUST004814,Manisha Hegde,Female,1987-02-16,9689745616,manisha.hegde385@outlook.com,Tailor,Retail,Coimbatore,Tamil Nadu,India,2019-06-17,Active
CUST004815,Shivraj Yadav,Male,1971-11-07,9693197148,shivraj.yadav509@rediffmail.com,Police Officer,Retail,Vadodara,Gujarat,India,2013-02-24,Active
CUST004816,Ananya Kulkarni,Female,2000-01-29,9174765446,ananya.kulkarni813@yahoo.com,Electrician,Retail,Hubballi,Karnataka,India,2018-02-10,Active
CUST004817,Sunita Roy,Female,1978-10-16,9130141500,sunita.roy322@outlook.com,Accountant,Premium,Visakhapatnam,Andhra Pradesh,India,2015-08-21,Active
CUST004818,Sushma Menon,Female,1967-01-03,9150310138,sushma.menon915@gmail.com,Consultant,Premium,Kolkata,West Bengal,India,2024-01-30,Dormant
CUST004819,Raghavendra Patil,Male,1989-10-28,9398665788,raghavendra.patil417@yahoo.com,Electrician,Corporate,Coimbatore,Tamil Nadu,India,2017-10-22,Active
CUST004820,Vihaan Pillai,Male,1993-06-11,9259943394,vihaan.pillai513@yahoo.com,Chef,Senior Citizen,Madurai,Tamil Nadu,India,2022-03-16,Active
CUST004821,Sarita Kotian,Female,1970-07-30,9570108592,sarita.kotian29@gmail.com,Teacher,Corporate,Delhi,Delhi,India,2014-01-08,Active
CUST004822,Basavaraj Sharma,Male,1993-07-23,9204067298,basavaraj.sharma122@outlook.com,Police Officer,Premium,Bhopal,Madhya Pradesh,India,2025-10-24,Dormant
CUST004823,Ayaan Bhat,Male,1962-03-09,9601842092,ayaan.bhat282@gmail.com,Retired,Senior Citizen,Udaipur,Rajasthan,India,2024-09-22,Inactive
CUST004824,Aditi Kumar,Female,1962-06-28,9353620789,aditi.kumar977@rediffmail.com,Doctor,Retail,Coimbatore,Tamil Nadu,India,2018-05-21,Inactive
CUST004825,Aditi Raghunathan,Female,1998-01-27,9578605193,aditi.raghunathan260@gmail.com,Bank Employee,Premium,Dehradun,Uttarakhand,India,2016-02-16,Active
CUST004826,Reyansh Sharma,Male,1985-08-18,9812164472,reyansh.sharma395@gmail.com,Teacher,Retail,Bhopal,Madhya Pradesh,India,2026-03-05,Dormant
CUST004827,Nikhil Sharma,Male,1950-02-16,09590505114,nikhil.sharma853@yahoo.com,Journalist,Retail,Surat,Gujarat,India,2023-07-23,Active
CUST004828,Suresh Pawar ,Male,1988-11-25,9731385238,suresh.pawar319@yahoo.com,Homemaker,Retail,Lucknow,Uttar Pradesh,India,2018-12-09,Active
CUST004829,Kalpana Shah,Female,1966-07-13,9472394261,kalpana.shah812@outlook.com,Retired,Retail,Bhopal,Madhya Pradesh,India,2015-02-27,Active
CUST004830,Rekha Naik,Female,1964-08-16,921 586 2705,rekha.naik120@outlook.com,Shop Owner,Student,Hubballi,Karnataka,India,2020-08-27,Active
CUST004831,Mallikarjun Chatterjee,Male,1973-09-09,+919967980931,mallikarjun.chatterjee133@outlook.com,Marketing Manager,Retail,Amritsar,Punjab,India,2016-10-02,Active
CUST004832,Gaurav Pawar,Male,16/05/1975,9816686557,gaurav.pawar13@outlook.com,Farmer,Senior Citizen,Madurai,Tamil Nadu,India,2021-06-22,Active
CUST004833,Ayaan Verma,,2002-01-11,9144337613,ayaan.verma125@rediffmail.com,Data Analyst,Retail,Pune,Maharashtra,India,2023-12-08,Active
CUST004834,Manoj Bhosale,Male,1974-05-26,9348365504,,Accountant,Premium,Lucknow,Uttar Pradesh,India,2018-08-11,Active
CUST004835,Rashmi Hegde,Female,1965-12-21,9473435239,rashmi.hegde91@gmail.com,Government Employee,Retail,Panaji,Goa,India,2011-10-01,Active
CUST004836,Chetan Sharma,Male,1994-11-11,9173387564,chetan.sharma612@yahoo.com,Tailor,Senior Citizen,Ranchi,Jharkhand,India,2019-09-29,Active
CUST004837,Abhishek Chatterjee,Male,1980-11-16,9871737987,abhishek.chatterjee598@outlook.com,Doctor,Retail,Warangal,Telangana,India,2024-05-04,Active
CUST004838,Kabir Patil,Male,1948-01-16,9255424733,kabir.patil234@yahoo.com,Chef,Premium,Ahmedabad,Gujarat,India,2014-06-21,Active
CUST004839,Reyansh Patil,Male,1986-04-20,09285642797,reyansh.patil38@rediffmail.com,Doctor,Senior Citizen,Chandigarh,Chandigarh,India,2025-11-27,Active
CUST004840,Kiran Bhosale,Female,1978-05-09,9385060928,kiran.bhosale162@yahoo.com,Driver,Premium,Coimbatore,Tamil Nadu,India,2016-08-18,Active
CUST004841,Swati Yadav,Female,1982-10-23,9941497729,swati.yadav143@yahoo.com,Student,Corporate,Amritsar,Punjab,India,2021-08-18,Inactive
CUST004842,Kalpana Reddy,Female,2027-01-15,9303310764,KALPANA.REDDY527@YAHOO.COM,Accountant,Retail,Hyderabad,Telangana,India,2021-11-27,Active
CUST004843,Ganesh Menon,Male,1976-12-24,9482941737,ganesh.menon930@outlook.com,Professor,Retail,Chennai,Tamil Nadu,India,2013-10-30,Active
CUST004844,Saanvi Naik,Female,1987-03-10,9714117015,saanvi.naik435@outlook.com,Chef,Retail,Belagavi,Karnataka,India,2011-08-10,Active
CUST004845,Mahesh Chavan,Male,1989-01-04,9240939076,mahesh.chavan633@yahoo.com,Government Employee,Retail, Indore ,Madhya Pradesh,India,2025-09-28,Active
CUST004846,Sunita More,Female,1989-03-21,9180119076,sunita.more304@gmail.com,Government Employee,Retail,Pune,Maharashtra,India,2021-11-18,Active
CUST004847,Kiran Krishnan,Female,2008-06-08,918 378 9628,kiran.krishnan92@gmail.com,HR Manager,Premium,Amritsar,Punjab,India,2026-06-09,Active
CUST004848,Vikram Naik,Male,1978-05-11,09265297731,vikram.naik218@yahoo.com,Sales Executive,Senior Citizen,Raipur,Chhattisgarh,India,2015-09-20,Inactive
CUST004849,Sushma Kotian,Female,1974.01.16,9394362623,SUSHMA.KOTIAN479@REDIFFMAIL.COM,Teacher,Premium,Bengaluru,Karnataka,India,2012-09-05,Active
CUST004850,Sai Prabhu,Male,1980-11-02,99466-40234,sai.prabhu858@rediffmail.com,HR Manager,Corporate,Belagavi,Karnataka,India,2015-03-23,Dormant
CUST004851,Usha Mehta,Female,1967-12-05,9612291731,usha.mehta249@outlook.com,Architect,Retail,Vijayawada,Andhra Pradesh,India,2019-07-06,Active
CUST004852,Sai Prabhu,Male,1967-02-01,9945186049,sai.prabhu982@outlook.com,Marketing Manager,Retail,Bengaluru,Karnataka,India,2021-10-10,Active
CUST004853,Anil Subramaniam,Male,1989-10-24,9126006041,anil.subramaniam638@outlook.com,Homemaker,Premium,Surat,Gujarat,India,2015-12-16,Active
CUST004854,Santosh Prabhu,Male,1966-12-25,9606938032,santosh.prabhu355@gmail.com,Student,Retail,Dehradun,Uttarakhand,India,2014-05-04,Active
CUST004855,Manoj Chavan,Male,1993-05-17,9499749286,manoj.chavan622@yahoo.com,Pharmacist,Retail,Mysuru,Karnataka,India,2014-11-17,Active
CUST004856,Suresh Reddy,Male,1993-02-20,9597808116,suresh.reddy697@rediffmail.com,Chartered Accountant,Senior Citizen,Bhopal,Madhya Pradesh,India,2025-12-10,Active
CUST004857,Raghavendra Yadav,Male,2005-10-04,9510933221,raghavendra.yadav685@outlook.com,,Retail,Ahmedabad,Gujarat,India,2023-10-04,Active
CUST004858,Sunita Reddy,Female,2027-01-15,9787131361,sunita.reddy864@gmail.com,Journalist,Retail,Vadodara,Gujarat,India,2026-05-24,Active
CUST004859,Gaurav Iyer,Male,1970-01-03,9475983722,gaurav.iyer661@gmail.com,Retired,Retail, Vijayawada ,Andhra Pradesh,India,2011-02-05,Active
CUST004860,Harsh Naidu,Male,1994-09-27,9486223410,harsh.naidu27@rediffmail.com,Consultant,Premium,Thiruvananthapuram,Kerala,India,2018-02-12,Active
CUST004861,Pradeep Agarwal,Other,1973-12-31,9307961170,pradeep.agarwal377@rediffmail.com,Electrician,Retail,Warangal,Telangana,India,2018-02-08,Active
CUST004862,Sneha Kamath,Female,1987-09-07,95252-31303,sneha.kamath907@gmail.com,Homemaker,Premium,Vijayawada,Andhra Pradesh,India,2017-03-28,Active
CUST004863,Deepak Chowdhury,Male,1992-07-18,+919609724222,deepak.chowdhury207@yahoo.com,Teacher,Retail,Chandigarh,Chandigarh,India,2017-01-31,active
CUST004864,Ashok Salunkhe,Male,2001-08-01,9443416426,ashok.salunkhe499@rediffmail.com,Marketing Manager,Premium,Belagavi,Karnataka,India,2019-08-21,Active
CUST004865,Neha Yadav,Female,1961-09-12,9346315015,,Nurse,Senior Citizen,Ahmedabad,Gujarat,India,2011-07-02,Blocked
CUST004866,Priya Das,Female,1963-10-05,9434669601,priya.das556@gmail.com,Consultant,Retail,Coimbatore,Tamil Nadu,India,2023-02-03,Active
CUST004867,Prakash Naik,Male,1976-07-11,09902709089,prakash.naik868@yahoo.com,,Premium,Thiruvananthapuram,Kerala,India,2017-11-04,Active
CUST004868,Sneha Chatterjee,Female,1978-08-31,9867162706,sneha.chatterjee539@yahoo.com,Driver,Retail,Dehradun,Uttarakhand,India,2013-07-12,Active
CUST004869,Siddharth Venkatesh,Male,2002-10-31,9454803807,siddharth.venkatesh1@yahoo.com,Student,Retail, Pune ,Maharashtra,India,2020-11-01,Active
CUST004870,Yash Gowda,Male,1950-05-12,+919454257930,yash.gowda243@rediffmail.com,Marketing Manager,Retail,Guwahati,Assam,India,2025-07-01,Active
CUST004871,Sushma Bhosale,Female,1962-11-10,9111820380,sushma.bhosale630@rediffmail.com,Architect,Retail,Visakhapatnam,Andhra Pradesh,India,2018-04-08,Active
CUST004872,Diya Menon,Female,2003-04-13,9118016819,diya.menon781@outlook.com,Civil Engineer,Student,Shimla,Himachal Pradesh,India,2026-05-23,Active
CUST004873,Ananya Jadhav,Female,1985-03-28,09975116387,ananya.jadhav646@gmail.com,Bank Employee,Corporate,Bhopal,Madhya Pradesh,India,2013-07-05,Active
CUST004874,Pradeep Krishnan,Male,1988-12-01,9718763920,pradeep.krishnan731@yahoo.com,Professor,Senior Citizen,Warangal,Telangana,India,2012-11-25,Active
CUST004875,Girish Reddy,Male,1963-02-16,9519010429,girish.reddy241@gmail.com,Accountant,Retail,Mysuru,Karnataka,India,2019-10-05,Active
CUST004876,Karan Shah,Male,1985-09-25,9694707190,karan.shah96@gmail.com,Government Employee,Premium,Vijayawada,Andhra Pradesh,India,2021-08-12,Active
CUST004877,Gaurav Hegde,Male,1970-05-28,9994310934,gaurav.hegde947@yahoo.com,HR Manager,Retail,Surat,Gujarat,India,2026-03-31,Active
CUST004878,Vivaan Pillai,Male,1992-05-21,09244317145,VIVAAN.PILLAI562@GMAIL.COM,Doctor,Retail,Kolkata,West Bengal,India,2018-03-29,Active
CUST004879,Anil Naik,Male,1953-06-26,9771370520,anil.naik737@outlook.com,Marketing Manager,Premium,Ranchi,Jharkhand,India,2014-02-09,Active
CUST004880,Vandana Kumar,Female,1965-03-23,09879602550,vandana.kumar956@yahoo.com,Sales Executive,Corporate,Patna,Bihar,India,2019-05-30,Active
CUST004881,Neha Roy,Female,1987-01-20,9627779366,neha.roy183@outlook.com,Chef,Senior Citizen,Amritsar,Punjab,India,2015-10-09,Blocked
CUST004882, Girish Bose,Male,1984-08-01,9696360463,girish.bose870@outlook.com,Business Owner,Senior Citizen,Panaji,Goa,India,2013-10-16,Active
CUST004883,Varun Naidu,Male,1998-11-29,9555415932,varun.naidu366@rediffmail.com,Electrician,Retail,Panaji,Goa,India,2016-12-15,Active
CUST004884,Preeti Sharma,Female,09-07-1996,9238649516,PREETI.SHARMA625@YAHOO.COM,Electrician,Senior Citizen,Hubballi,Karnataka,India,2022-03-29,Dormant
CUST004885,Dhruv Menon,Male,1948-11-15,9982890495,dhruv.menon386@gmail.com,Pharmacist,Senior Citizen,Hubballi,Karnataka,India,2020-12-26,Inactive
CUST004886,Radha Rao,Female,1953-06-21,9358851622,radha.rao199@rediffmail.com,Consultant,Premium,Chennai,Tamil Nadu,India,2013.08.03,active
CUST004887,Yash Salunkhe,Male,06/18/1969,9447047222,yash.salunkhe878@yahoo.com,Accountant,Retail, Thiruvananthapuram ,Kerala,India,2019.09.07,ACTIVE
CUST004888,Sushma Das,Female,2006-02-01,9976296549,SUSHMA.DAS347@REDIFFMAIL.COM,Professor,Retail,Chandigarh,Chandigarh,India,2024-10-03,Active
CUST004889,Geeta Kulkarni,Female,1976-11-27,9150978737,geeta.kulkarni25@rediffmail.com,Business Owner,Retail,Dehradun,Uttarakhand,India,2023-09-17,Active
CUST004890,Sunita Mukherjee,Female,2002-01-12,9466971777,sunita.mukherjee151@rediffmail.com,Civil Engineer,Retail,Ludhiana,Punjab,India,2020-01-29,Active
CUST004891,Sunita Pawar,Female,1951-08-03,9600310764,sunita.pawar960@outlook.com,Nurse,Senior Citizen,Amritsar,Punjab,India,2011-11-22,Dormant
CUST004892,Aditi Gowda,Female,2006-05-05,9313094917,aditi.gowda821@outlook.com,Accountant,Student,Belagavi,Karnataka,India,2024-05-01,Active
CUST004893,Vikram Ghosh,Male,1951-09-14,9703072421,vikram.ghosh664@yahoo.com,Farmer,Senior Citizen,Indore,Madhya Pradesh,India,2019-01-08,active
CUST004894,Rashmi Patil,Female,1996-12-21,9571717323,rashmi.patil778@yahoo.com,Chef,Retail,Dehradun,Uttarakhand,India,2025-04-28,Active
CUST004895,Tanvi Subramaniam,Female,2001-02-15,9335885278,tanvi.subramaniam648@rediffmail.com,Tailor,Premium,Shimla,Himachal Pradesh,India,2019-08-07,Active
CUST004896,Pooja Desai,Female,1965-10-30,9284996559,pooja.desai909@outlook.com,Retired,Retail,Kolkata,West Bengal,India,2022-06-19,Active
CUST004897,Suresh Reddy,Male,1966-03-23,9357990521,suresh.reddy100@gmail.com,Pharmacist,Retail,Guwahati,Assam,India,2019-03-18,Active
CUST004898,Kabir Verma,Male,1983-03-26,9812545207,kabir.verma64@yahoo.com,Journalist,Retail,Surat,Gujarat,India,2019-05-28,Active
CUST004899,Diya Jadhav,Female,1991-09-29,95688-26600,diya.jadhav694@rediffmail.com,Architect,Senior Citizen,Hubballi,Karnataka,India,12/07/2015,Active
CUST004900,Rashmi Sen,Female,12-04-1955,,rashmi.sen963@gmail.com,HR Manager,Premium,Kolkata,West Bengal,India,2017-04-04,Active
CUST004901,Siddharth Verma,Male,1962-05-09,9820758865,SIDDHARTH.VERMA581@YAHOO.COM,Shop Owner,Corporate,Madurai,Tamil Nadu,India,2015-08-07,Active
CUST004902,Ishaan Gowda,Male,1993-09-09,09869564574,ISHAAN.GOWDA965@REDIFFMAIL.COM,Farmer,Retail,Visakhapatnam,Andhra Pradesh,India,2018-03-07,Active
CUST004903,Ganesh Iyer,Male,1996-12-02,+919655542435,ganesh.iyer401@yahoo.com,Shop Owner,Retail,Delhi,Delhi,India,2025-10-13,Active
CUST004904,Raghavendra Roy,Male,1957-04-22,9424260616,,Teacher,Retail,Mysuru,Karnataka,India,22/04/2016,Active
CUST004905,Pradeep Kotian,Male,2001-11-23,9724640402,pradeep.kotian509@rediffmail.com,Retired,Premium,Chandigarh,Chandigarh,India,2019-11-23,Active
CUST004906,Rajesh Chowdhury,Male,2000-07-07,9950024122,rajesh.chowdhury880@yahoo.com,Bank Employee,Senior Citizen,Varanasi,Uttar Pradesh,India,2025-09-13,Active
CUST004907,Umesh Venkatesh,Male,2000-07-31,9389262997,umesh.venkatesh646@rediffmail.com,Accountant,Retail, Varanasi ,Uttar Pradesh,India,2018-08-04,Active
CUST004908,Meera Mukherjee,Female,1962-07-29,9538858925,meera.mukherjee438@yahoo.com,Data Analyst,Retail,Mysuru,Karnataka,India,12/05/2014,Dormant
CUST004909,Aarav Kumar,Male,1988-07-16,9890999146,aarav.kumar245@yahoo.com,Architect,Senior Citizen,Udaipur,Rajasthan,India,2018-08-30,Active
CUST004910, Santosh Bhosale,Male,1957-09-19,9637579529,santosh.bhosale313@gmail.com,Electrician,Retail,Vijayawada,Andhra Pradesh,India,2017-05-12,Active
CUST004911,Vikram Shah,Male,1959-11-25,+919415482847,VIKRAM.SHAH75@YAHOO.COM,Doctor,Retail,Belagavi,Karnataka,India,2016-04-19,Active
CUST004912,Shivraj Mukherjee,Male,1952-04-17,932 903 8421,shivraj.mukherjee155@outlook.com,Doctor,Senior Citizen,Guwahati,Assam,India,2023-02-03,Active
CUST004913,Vidya Nair,Female,1977-11-15,9529702815,vidya.nair508@gmail.com,Journalist,Premium,Mysuru,Karnataka,India,2018-10-02,ACTIVE
CUST004914,Komal Venkatesh ,Female,05/02/1991,9993418263,komal.venkatesh32@yahoo.com,Student,Premium,Coimbatore,Tamil Nadu,India,2016-08-29,Active
CUST004915,Santosh Menon,Male,1960-01-16,9855408849,santosh.menon471@outlook.com,Marketing Manager,Retail,Panaji,Goa,India,2018-06-11,Inactive
CUST004916,Yash Kumar,Male,1959-04-13,9964357041,yash.kumar42@rediffmail.com,Homemaker,Premium,Hyderabad,Telangana,India,2024-10-10,Active
CUST004917,Yash Mehta,Male,1964-10-11,976 735 2027,yash.mehta162@outlook.com,Data Analyst,Retail,Lucknow,Uttar Pradesh,India,2026-04-15,Active
CUST004918,Pradeep Naidu,Male,1959-12-22,9693875534,pradeep.naidu691@outlook.com,Accountant,Retail,Ahmedabad,Gujarat,India,2014-10-11,Active
CUST004919,Kabir Salunkhe,Male,1998-06-17,9549196960,kabir.salunkhe29@outlook.com,Journalist,Retail,Kochi,Kerala,India,2016-06-23,Active
CUST004920, Krishna Chowdhury,Male,1958-04-13,913 690 6565,krishna.chowdhury336@yahoo.com,Homemaker,Retail,Surat,Gujarat,India,2011-06-27,Active
CUST004921,Vikram Pawar,Male,1964-11-14,9205138340,vikram.pawar191@yahoo.com,Lawyer,Retail,Vadodara,Gujarat,India,2017-12-02,Active
CUST004922,Shweta Krishnan,Female,1966-07-11,9599343275,shweta.krishnan54@outlook.com,Nurse,Retail,Amritsar,Punjab,India,2020-10-08,Active
CUST004923,Mahesh Iyer,Male,1960-04-12,9693684999,MAHESH.IYER208@GMAIL.COM,Doctor,Retail,Varanasi,Uttar Pradesh,India,2011-10-19,Active
CUST004924,Pradeep Ghosh,Male,2005-01-08,9127929211,pradeep.ghosh112@rediffmail.com,Bank Employee,Retail,Varanasi,Uttar Pradesh,India,2023-01-07,Active
CUST004925,Aryan Iyer,Male,1960-09-12,9162814499,aryan.iyer81@yahoo.com,Architect,Senior Citizen,Amritsar,Punjab,India,2017-03-17,Active
CUST004926,Deepak Reddy,Male,24/06/1977,9382911812,deepak.reddy664@rediffmail.com,Government Employee,Retail,Vadodara,Gujarat,India,2025-07-01,Active
CUST004927,Aarav Verma,Male,1982-04-19,9875013315,aarav.verma125@gmail.com,Civil Engineer,Retail,Amritsar,Punjab,India,2020-05-18,Active
CUST004928,Vivaan Menon,Male,1963-10-21,9476551495,vivaan.menon937@yahoo.com,Bank Employee,Premium,Patna,Bihar,India,2017-07-29,inactive
CUST004929,Umesh Krishnan,,1976-07-19,9976052308,umesh.krishnan486@yahoo.com,Driver,Premium,Panaji,Goa,India,2020-02-12,active
CUST004930,Mallikarjun Mukherjee,Male,1958-04-28,9904586728,mallikarjun.mukherjee408@yahoo.com,Consultant,Retail,Jaipur,Rajasthan,India,08/02/2013,Active
CUST004931,Meera Gowda,Female,1977-04-01,,MEERA.GOWDA875@OUTLOOK.COM,Doctor,Retail,Varanasi,Uttar Pradesh,India,2018-05-19,Active
CUST004932,Payal Yadav,Female,1949-02-22,9971607395,payal.yadav777@outlook.com,Farmer,Retail,Mysuru,Karnataka,India,2016-02-15,Active
CUST004933,Chetan Iyer,Male,1974-08-06,9317900458,chetan.iyer420@rediffmail.com,Doctor,Retail,Bengaluru,Karnataka,India,2013-10-24,Dormant
CUST004934,Amit Agarwal,Male,1970-02-10,9976598241,amit.agarwal972@rediffmail.com,Civil Engineer,Retail,Bengaluru,Karnataka,India,2017-02-09,Active
CUST004935,Anika Rao,Female,1969-03-28,99314-78130,anika.rao530@gmail.com,Civil Engineer,Retail, Thiruvananthapuram ,Kerala,India,2020-12-05,Active
CUST004936,Kiran Bose,Female,1954-09-01,9818953304,,Accountant,Retail,Kolkata,West Bengal,India,2020-01-23,Active
CUST004937,Prakash Hegde,Male,2008-07-04,9687096632,prakash.hegde968@yahoo.com,HR Manager,Retail,Hyderabad,Telangana,India,2026-07-02,Active
CUST004938,Abhishek Gowda,Male,1949-08-20,91408-15662,ABHISHEK.GOWDA722@YAHOO.COM,Pharmacist,Premium,Kochi,Kerala,India,2015-04-07,Active
CUST004939,Aryan Deshmukh,Male,1956-11-06,9839478003,aryan.deshmukh590@gmail.com,Accountant,Retail,Ahmedabad,Gujarat,India,2021-11-14,Active
CUST004940,Sneha Rao ,Female,1954-03-28,9119496437,sneha.rao615@outlook.com,Accountant,Senior Citizen,Mysuru,Karnataka,India,2019-07-21,active
CUST004941,Pradeep Naik,Male,2007-03-26,9367656640,pradeep.naik653@rediffmail.com,Chartered Accountant,Retail,Varanasi,Uttar Pradesh,India,2025-04-03,Active
CUST004942,Gaurav Bhosale ,Male,1967-04-19,9455580463,gaurav.bhosale976@yahoo.com,Lawyer,Retail,Varanasi,Uttar Pradesh,India,2025-02-09,Dormant
CUST004943,Rajesh Rao,Male,1974-02-09,9689671046,rajesh.rao700@rediffmail.com,Architect,Retail,Mysuru,Karnataka,India,2021-12-29,ACTIVE
CUST004944,Suresh Subramaniam,Male,1993-06-28,9642039830,suresh.subramaniam300@gmail.com,Student,Retail,Madurai,Tamil Nadu,India,2017-08-01,Active
CUST004945,Rahul Subramaniam,Male,1951-01-21,9433952520,rahul.subramaniam22@rediffmail.com,Doctor,Retail,Coimbatore,Tamil Nadu,India,2019-04-16,Active
CUST004946,Bhavna Chavan,Female,1952-01-22,96574-55879,bhavna.chavan782@yahoo.com,Electrician,Senior Citizen, Indore ,Madhya Pradesh,India,02/14/2021,Active
CUST004947,Basavaraj Bose,Male,1959-01-21,9901680360,BASAVARAJ.BOSE488@YAHOO.COM,Architect,Retail,Coimbatore,Tamil Nadu,India,2023-07-10,Active
CUST004948,Vishal Pillai,Male,1989-02-11,9415135264,vishal.pillai415@gmail.com,Pharmacist,Retail,Pune,Maharashtra,India,2014-07-22,Active
CUST004949,Vishal Yadav,Male,2007-04-13,9436629706,vishal.yadav934@rediffmail.com,Data Analyst,Premium,Madurai,Tamil Nadu,India,2025-04-17,Active
CUST004950,Pallavi Joshi,Female,1985-08-05,9191471250,pallavi.joshi156@outlook.com,Nurse,Retail,Jaipur,Rajasthan,India,2023-06-14,Active
CUST004951,Ashok Mukherjee,Male,02-11-2000,9440196556,ashok.mukherjee38@rediffmail.com,Homemaker,Retail,Bhubaneswar,Odisha,India,2018-11-02,Active
CUST004952,Vikram Gupta,Male,2001-06-07,9355608392,vikram.gupta738@yahoo.com,Marketing Manager,Senior Citizen,Nagpur,Maharashtra,India,2019-06-06,Active
CUST004953,Vinod Singh,Male,1964-09-28,97832-06842,vinod.singh923@gmail.com,Driver,Retail,Panaji,Goa,India,2014-08-31,Active
CUST004954,Kiran Kotian,Female,1959-02-23,9201761804,KIRAN.KOTIAN828@OUTLOOK.COM,HR Manager,Retail,Kolkata,West Bengal,India,2020-01-04,Active
CUST004955,Riya Gupta,Female,1957-09-13,9631024216,riya.gupta870@gmail.com,Nurse,Senior Citizen,Kolkata,West Bengal,India,2014-03-29,Active
CUST004956,Vidya Agarwal,Female,1996-02-13,9329759587,vidya.agarwal862@outlook.com,Student,Retail,Mumbai,Maharashtra,India,2015-08-31,Inactive
CUST004957,Manisha Yadav,Female,1988-07-22,9709020605,manisha.yadav685@gmail.com,Marketing Manager,Premium,Hyderabad,Telangana,India,2013-12-09,Active
CUST004958,Aryan Patil,Male,2000-05-24,9629526391,aryan.patil921@gmail.com,Homemaker,Retail,Jaipur,Rajasthan,India,2018-05-23,Active
CUST004959,Girish Krishnan,Male,22-09-1978,9891698353,girish.krishnan341@outlook.com,Sales Executive,Retail,Thiruvananthapuram,Kerala,India,2018-02-19,Active
CUST004960,Dhruv Roy,Male,2007-02-27,9277980447,dhruv.roy744@outlook.com,Chef,Retail,Bhubaneswar,Odisha,India,2025-03-19,Active
CUST004961,Komal Jadhav,Female,2002-03-02,09520537454,komal.jadhav92@gmail.com,Sales Executive,Corporate,Lucknow,Uttar Pradesh,India,2020-02-26,ACTIVE
CUST004962,Sunita More,Female,1996-12-25,9605877678,sunita.more527@gmail.com,Accountant,Retail,Bengaluru,Karnataka,India,2014-12-22,Active
CUST004963,Rajesh Rao,Male,1996-08-28,9926833662,rajesh.rao291@rediffmail.com,Driver,Retail,Ahmedabad,Gujarat,India,2015-06-14,Active
CUST004964,Riya Subramaniam,Female,1955-07-01,9656802410,riya.subramaniam937@gmail.com,Bank Employee,Retail,Ranchi,Jharkhand,India,2024-11-13,Active
CUST004965,Arjun Gowda,Male,1993-02-13,9866681973,arjun.gowda436@gmail.com,Electrician,Retail,Thiruvananthapuram,Kerala,India,07/05/2023,Active
CUST004966,Arjun Yadav,Male,2005-05-19,9473155504,arjun.yadav210@rediffmail.com,Journalist,Retail,Chandigarh,Chandigarh,India,2023-06-04,Active
CUST004967,Nikhil Naik,Male,1965-09-12,,nikhil.naik569@outlook.com,Accountant,Senior Citizen,Lucknow,Uttar Pradesh,India,2013-07-07,Active
CUST004968,Swati Dutta,Female,05/17/1997,9812261000,swati.dutta78@gmail.com,Teacher,Premium,Lucknow,Uttar Pradesh,India,2026-02-20,Active
CUST004969,Snehal Chavan,Female,1969-03-15,9583228272,snehal.chavan127@rediffmail.com,Nurse,Retail,Shimla,Himachal Pradesh,India,2021-07-30,Active
CUST004970,Sunil Joshi,Male,1960-11-11,9600072243,SUNIL.JOSHI431@YAHOO.COM,Electrician,Retail,Chandigarh,Chandigarh,India,2018-08-26,Active
CUST004971,Pooja Das,Female,1992-04-04,9238784507,pooja.das630@outlook.com,,Retail,Chandigarh,Chandigarh,India,2021-11-13,Active
CUST004972,Aadhya Joshi,Female,1958-01-03,9378868829,AADHYA.JOSHI582@OUTLOOK.COM,Civil Engineer,Retail,Kolkata,West Bengal,India,2014-06-08,Active
CUST004973,Preeti Das,Female,1977-02-26,+919865453694,preeti.das56@yahoo.com,Retired,Retail,Udaipur,Rajasthan,India,2017-08-26,Active
CUST004974,Vandana Venkatesh,Female,2004-09-23,09854466283,vandana.venkatesh679@yahoo.com,Data Analyst,Senior Citizen,Patna,Bihar,India,2022-10-14,Active
CUST004975,Aarav Joshi,Male,1957-07-03,9314344902,aarav.joshi58@outlook.com,Marketing Manager,Retail,Dehradun,Uttarakhand,India,2022-03-14,Active
CUST004976,Meera Venkatesh,Female,1957-06-07,9333474069,meera.venkatesh814@yahoo.com,Journalist,Retail,Guwahati,Assam,India,2013-11-06,Active
CUST004977,Nisha Bose,Female,2005-02-14,9461950969,nisha.bose40@gmail.com,Civil Engineer,Premium,Bhopal,Madhya Pradesh,India,2023-03-11,Active
CUST004978,Usha Bhat,Female,1995-01-29,9989309753,USHA.BHAT27@OUTLOOK.COM,Journalist,Retail,Guwahati,Assam,India,2023-12-15,Active
CUST004979,Mallikarjun Kamath,Male,1975-12-19,9805951348,mallikarjun.kamath517@outlook.com,Doctor,Premium,Pune,Maharashtra,India,2014-01-19,active
CUST004980,Saanvi Gupta,Female,1972-07-20,9958618957,saanvi.gupta801@outlook.com,Civil Engineer,Premium,Madurai,Tamil Nadu,India,2012-11-11,Active
CUST004981,Geeta Joshi,Female,2006-05-27,9339590258,geeta.joshi764@outlook.com,Architect,Retail,Coimbatore,Tamil Nadu,India,2024-06-01,Active
CUST004982,Sai Mukherjee,Male,1991-11-07,9645166381,sai.mukherjee599@outlook.com,Farmer,Corporate,Bhopal,Madhya Pradesh,India,2024-07-28,Active
CUST004983,Ishaan Patil,Other,2003-01-09,9579705990,ishaan.patil179@rediffmail.com,Farmer,Retail,Bhubaneswar,Odisha,India,2021-01-12,Active
CUST004984, Vishal Kotian,Male,1953-07-25,9236565252,vishal.kotian952@rediffmail.com,Farmer,Retail,Mysuru,Karnataka,India,2011-09-18,Active
CUST004985,Dhruv Shetty,Male,20/02/1980,9952330264,dhruv.shetty21@rediffmail.com,Doctor,Premium,Delhi,Delhi,India,2019-05-27,Active
CUST004986,Sanjay Subramaniam,Male,1991-12-05,9207407694,SANJAY.SUBRAMANIAM348@GMAIL.COM,Electrician,Premium,Udaipur,Rajasthan,India,2015-08-28,Active
CUST004987,Pooja Raghunathan,Female,2027-01-15,09869383468,pooja.raghunathan753@gmail.com,Chartered Accountant,Retail,Raipur,Chhattisgarh,India,2020-02-16,Active
CUST004988,Myra Pillai,Female,1979-01-05,9340138928,myra.pillai616@yahoo.com,Electrician,Retail,Mumbai,Maharashtra,India,2013-03-04,Active
CUST004989,Ayaan Reddy,Male,1951-05-16,9299430881,ayaan.reddy789@outlook.com,Accountant,Senior Citizen,Panaji,Goa,India,2023-07-06,Active
CUST004990,Ananya Reddy,Female,2002-07-19,9641181671,,Data Analyst,Premium,Delhi,Delhi,India,24-08-2021,Active
CUST004991,Shivraj Yadav,Male,1989-04-03,9520661196,shivraj.yadav938@gmail.com,Farmer,Retail,Madurai,Tamil Nadu,India,2021-01-09,Active
CUST004992,Naveen More,Male,1959-05-31,09447603019,naveen.more516@gmail.com,Professor,Retail,Thiruvananthapuram,Kerala,India,2018-12-17,Active
CUST004993,Geeta Agarwal,Female,1979-08-04,9912954269,GEETA.AGARWAL820@OUTLOOK.COM,Sales Executive,Retail,Ranchi,Jharkhand,India,2014-06-03,Active
CUST004994,Nisha Prabhu,Female,1954-08-16,9729118839,nisha.prabhu156@rediffmail.com,Software Engineer,Premium,Dehradun,Uttarakhand,India,2025.08.05,Active
CUST004995,Sarita Subramaniam,Female,12/09/1996,9809000550,sarita.subramaniam174@yahoo.com,Nurse,Retail,Mumbai,Maharashtra,India,2015-02-17,Active
CUST004996,Vidya Yadav,Female,11/20/1959,9822901203,VIDYA.YADAV50@OUTLOOK.COM,Pharmacist,Retail,Pune,Maharashtra,India,2016-09-09,Active
CUST004997,Sunil Chatterjee,Other,1984-10-15,9262379474,SUNIL.CHATTERJEE205@GMAIL.COM,Journalist,Retail,Udaipur,Rajasthan,India,2025-05-23,Active
CUST004998,Vihaan Deshmukh,Male,1952-10-04,9497233283,vihaan.deshmukh112@gmail.com,Marketing Manager,Premium,Varanasi,Uttar Pradesh,India,2011-08-20,Active
CUST004999,Sai Raghunathan,Male,1957-07-26,9914764697,SAI.RAGHUNATHAN823@OUTLOOK.COM,Tailor,Premium,Madurai,Tamil Nadu,India,2012-12-10,Active
CUST005000,Yash Roy,Male,2007-05-19,9832960767,yash.roy494@yahoo.com,Government Employee,Retail,Thiruvananthapuram,Kerala,India,2025-05-18,Inactive
CUST003526,Anita Patil,Female,2008-06-21,9850936486,ANITA.PATIL600@YAHOO.COM,Consultant,Retail,Patna,Bihar,India,2026-06-17,Active
CUST004291,Sai Joshi,Male,1953-08-15,92218-27945,sai.joshi951@rediffmail.com,Government Employee,Retail,Amritsar,Punjab,India,2021-01-21,Active
CUST003157,Priya Singh,Female,1956-06-02,9537604694,priya.singh759@rediffmail.com,Police Officer,Premium,Delhi,Delhi,India,2025-07-22,Active
CUST003278,Gaurav Hegde,Male,1970-07-08,9658005519,gaurav.hegde716@gmail.com,Pharmacist,Retail,Howrah,West Bengal,India,2024-03-22,Active
CUST004407,Chetan Agarwal,Male,1984-07-16,9532140218,chetan.agarwal331@outlook.com,Retired,Retail,Surat,Gujarat,India,2025-04-18,Active
CUST004804,Diya Salunkhe,Female,1970-06-18,9401874811,diya.salunkhe850@yahoo.com,Chef,Retail,Patna,Bihar,India,2026-01-02,Active
CUST004724,Preeti Pawar,Female,1963-02-18,9655971953,preeti.pawar763@outlook.com,Shop Owner,Retail,Kolkata,West Bengal,India,2014-02-12,Active
CUST001509,Shivraj Rao,Male,1998-11-09,9563717283,shivraj.rao19@yahoo.com,Business Owner,Retail,Surat,Gujarat,India,2020-03-28,Active
CUST000372,Usha Kulkarni,Female,1989-12-19,+919218023793,usha.kulkarni895@rediffmail.com,Journalist,Student,Thiruvananthapuram,Kerala,India,2023-11-01,Active
CUST001745,Sneha Chavan,Other,1982-11-16,9277785250,sneha.chavan142@rediffmail.com,Chef,Retail,Visakhapatnam,Andhra Pradesh,India,2019-11-24,Active
CUST003930,Mallikarjun Mehta,Male,1960-05-23,9264888888,mallikarjun.mehta361@outlook.com,Retired,Retail,Patna,Bihar,India,2022-06-28,Active
CUST002007,Aadhya Ghosh,Female,1949-07-29,9645829843,aadhya.ghosh839@outlook.com,Retired,Premium,Amritsar,Punjab,India,2012-03-02,Active
CUST004786,Umesh Mukherjee,Male,1967-10-05,9835429177,umesh.mukherjee173@outlook.com,Sales Executive,Retail,Vijayawada,Andhra Pradesh,India,03/15/2026,Active
CUST003178,Aditi Rao,Female,1968-03-26,9190557950,aditi.rao36@yahoo.com,Teacher,Retail,Guwahati,Assam,India,2012-05-06,Active
CUST002610,Sangeeta Prabhu,Female,2000-04-13,9340769830,sangeeta.prabhu760@yahoo.com,Bank Employee,Retail,Delhi,Delhi,India,2020-09-19,Active
CUST003431,Sushma Kamath,Female,1955-12-18,9679468147,sushma.kamath490@yahoo.com,Sales Executive,Retail,Jaipur,Rajasthan,India,11/18/2018,Active
CUST001458,Nisha Kotian,Female,1984-09-13,9666685557,nisha.kotian622@rediffmail.com,Sales Executive,Retail,Udaipur,Rajasthan,India,2020-09-21,Active
CUST001714,Prasad Joshi,Male,2005-10-16,9906602579,prasad.joshi714@yahoo.com,Police Officer,Retail,Visakhapatnam,Andhra Pradesh,India,2023-11-05,Active
CUST002257,Harsh Krishnan,Male,1959-08-01,9361509881,harsh.krishnan701@yahoo.com,Consultant,Corporate,Madurai,Tamil Nadu,India,2014-05-16,Active
CUST002536,Vandana Deshmukh,Female,1993-10-30,9951498390,vandana.deshmukh202@outlook.com,Civil Engineer,Retail, Ranchi ,Jharkhand,India,2018-12-28,Active
CUST003301,Gaurav Kulkarni,Male,1996-01-01,9994792381,gaurav.kulkarni339@rediffmail.com,Chartered Accountant,Senior Citizen,Bhubaneswar,Odisha,India,2015-10-17,Active
CUST004756, Mahesh Prabhu,Male,1950-07-30,9505961823,mahesh.prabhu23@yahoo.com,Data Analyst,Retail,Bhopal,Madhya Pradesh,India,2020-02-09,Active
CUST004044,Mahesh Chowdhury,Male,1983-05-13,,mahesh.chowdhury256@yahoo.com,Software Engineer,Premium,Surat,Gujarat,India,2022.02.07,Active
CUST003263,Rekha Naik,Female,1991-06-27,9686095848,rekha.naik949@yahoo.com,Homemaker,Retail,Hyderabad,Telangana,India,2023-09-21,Active
CUST001733,Gaurav Yadav,Male,1994-03-19,9367313445,gaurav.yadav9@outlook.com,Professor,Corporate,Ludhiana,Punjab,India,2016-10-22,Active
CUST003836,Deepak Nair,Male,1992-12-03,9158468377,deepak.nair473@yahoo.com,Shop Owner,Premium,Kolkata,West Bengal,India,2023-10-12,Active
CUST004588,Sangeeta Jadhav,Female,1996-03-09,9239668303,sangeeta.jadhav196@outlook.com,Tailor,Retail,Howrah,West Bengal,India,2019-08-28,Active
CUST002520,Sneha Krishnan,Female,1954-05-31,9583283710,sneha.krishnan917@outlook.com,Lawyer,Retail,Chandigarh,Chandigarh,India,2011-03-23,Active
CUST004292,Aarav Verma,Male,1974-09-30,9861985517,aarav.verma83@gmail.com,Doctor,Retail,Hubballi,Karnataka,India,2017-05-17,Active
CUST000573,Ira Venkatesh,Female,1975-02-06,9533362554,ira.venkatesh3@yahoo.com,Electrician,Retail,Mysuru,Karnataka,India,2019-12-26,Active
CUST003046,Bhavna Gupta,Female,2000-04-19,987 125 3549,bhavna.gupta695@gmail.com,Bank Employee,Premium,Guwahati,Assam,India,2021-09-03,Active
CUST004979,Mallikarjun Kamath,Male,1975-12-19,9805951348,mallikarjun.kamath517@outlook.com,Doctor,Premium,Pune,Maharashtra,India,2014-01-19,active
CUST004601,Krishna Mehta,Male,1960.04.27,9154212184,krishna.mehta533@outlook.com,Electrician,Retail,Warangal,Telangana,India,2026-05-06,Active
CUST003237,Sai Jadhav,Male,1987-03-26,9124426625,sai.jadhav135@gmail.com,Teacher,Premium,Ludhiana,Punjab,India,2019-07-02,Inactive
CUST000022,Vishal Gupta,Male,1991-06-08,9387401120,VISHAL.GUPTA882@GMAIL.COM,Business Owner,Senior Citizen,Pune,Maharashtra,India,2020-04-16,Active
CUST001968,Vihaan Menon,Male,1948-08-21,9803717625,vihaan.menon994@gmail.com,Doctor,Corporate,Belagavi,Karnataka,India,2018-04-26,Active
CUST004909,Aarav Kumar,Male,1988-07-16,9890999146,aarav.kumar245@yahoo.com,Architect,Senior Citizen,Udaipur,Rajasthan,India,2018-08-30,Active
CUST002140,Suman Kale,Female,2003-02-19,9657492874,suman.kale583@rediffmail.com,Sales Executive,Student,Amritsar,Punjab,India,2021-02-17,Active
CUST000915,Mahesh Chavan,Male,1975-06-22,,mahesh.chavan344@yahoo.com,Pharmacist,Retail,Patna,Bihar,India,2018-11-28,Active
CUST004640,Prasad Mukherjee,Male,1973-05-08,9883646546,prasad.mukherjee208@outlook.com,Accountant,Retail,Shimla,Himachal Pradesh,India,2014-03-05,Active
CUST000241,Rashmi Pawar,Other,2006-06-22,9589938632,rashmi.pawar865@outlook.com,Farmer,Retail,Raipur,Chhattisgarh,India,2026-04-30,Active
CUST003156,Deepika Shah,Female,1985-04-20,+919170623612,deepika.shah725@gmail.com,Consultant,Premium,Pune,Maharashtra,India,05-12-2011,Active
CUST002405,Kavya Verma,Female,1966-11-11,9362009726,kavya.verma907@gmail.com,HR Manager,Retail,Shimla,Himachal Pradesh,India,2026-05-20,Active
CUST003049,Vandana Ghosh,Female,2006-10-05,,vandana.ghosh955@rediffmail.com,Retired,Retail,Nagpur,Maharashtra,India,2025-05-30,Active
CUST004025,Mahesh More,Male,1985-07-19,9540515735,mahesh.more188@yahoo.com,Driver,Senior Citizen,Warangal,Telangana,India,2022-06-05,Blocked
CUST001813,Yash Deshmukh,Male,1970-06-02,9249204728,yash.deshmukh711@gmail.com,Electrician,Corporate,Mumbai,Maharashtra,India,2019-05-06,Active
CUST001646,Shreya Joshi,Female,1995-08-10,9527658321,shreya.joshi277@outlook.com,Government Employee,Retail,Indore,Madhya Pradesh,India,2013-08-05,Active
CUST004990,Ananya Reddy,Female,2002-07-19,9641181671,,Data Analyst,Premium,Delhi,Delhi,India,24-08-2021,Active
CUST002415,Geeta Raghunathan,Female,1987-06-22,,geeta.raghunathan456@outlook.com,Shop Owner,Retail,Udaipur,Rajasthan,India,2024-03-20,Active
CUST004811,Arjun Iyer,Male,2008-05-21,9217588656,arjun.iyer681@gmail.com,Homemaker,Retail,Chennai,Tamil Nadu,India,2026-06-14,Active
CUST090000,VIHAAN SINGH,Male,1955-01-20,9884107422,vihaan.singh142@yahoo.com,Driver,Retail,Delhi,Delhi,India,2013-07-31,Active
CUST090001,VIDYA MENON,Female,1977-01-07,9747454631,vidya.menon430@gmail.com,Shop Owner,Retail,Vadodara,Gujarat,India,2026-04-03,Active
CUST090002,VINOD VERMA,Male,1969-11-02,9800605286,vinod.verma321@outlook.com,Software Engineer,Corporate,Ranchi,Jharkhand,India,2013-03-19,Active
CUST090003,PRAKASH DESAI,Male,1964-03-11,9749797574,PRAKASH.DESAI230@REDIFFMAIL.COM,Homemaker,Premium,Udaipur,Rajasthan,India,2014-01-30,Active
CUST090004,ANIL NAIDU,Male,1966-05-27,9438923948,anil.naidu161@outlook.com,Chartered Accountant,Premium,Coimbatore,Tamil Nadu,India,2012-09-02,Active
CUST090005,MANISHA GUPTA,Female,1956-04-26,9554339585,manisha.gupta508@outlook.com,Farmer,Corporate,Bhubaneswar,Odisha,India,2023-08-20,Active
CUST090006,SAI JADHAV,Male,1962-02-05,9744916793,SAI.JADHAV81@GMAIL.COM,Chef,Premium,Mysuru,Karnataka,India,2015-04-09,Active
CUST090007,MALLIKARJUN SHETTY,Male,1961-07-22,9553889786,MALLIKARJUN.SHETTY87@YAHOO.COM,Lawyer,Student,Shimla,Himachal Pradesh,India,2019-07-06,Active
CUST090008,VIKRAM HEGDE,Male,28/05/2002,9134664625,vikram.hegde128@gmail.com,HR Manager,Retail,Indore,Madhya Pradesh,India,2020-08-09,Active
CUST090009,SAI BOSE,Male,24/07/1951,+919713620100,sai.bose812@outlook.com,Pharmacist,Retail,Raipur,Chhattisgarh,India,2020-08-18,Active
CUST090010,VIDYA VERMA,Female,2005-11-23,9282312624,vidya.verma415@outlook.com,Homemaker,Retail,Bhopal,Madhya Pradesh,India,2023-12-17,Active
CUST090011,AARAV GUPTA,Male,1981-01-30,9182077425,aarav.gupta684@gmail.com,Electrician,Retail,Kolkata,West Bengal,India,2024-06-01,Active
CUST090012,GANESH CHAVAN,Male,2008-04-28,9248827071,,Tailor,Retail,Amritsar,Punjab,India,2026-05-12,Active
CUST090013,KIRAN JADHAV,Female,1979-05-24,9359020454,kiran.jadhav402@yahoo.com,Architect,Retail,Chandigarh,Chandigarh,India,2015-07-03,Active
CUST090014,PRIYA GOWDA ,Female,1979-10-18,09801466013,PRIYA.GOWDA366@YAHOO.COM,,Retail,Guwahati,Assam,India,2011-01-08,Active
